,OTU_1,OTU_2,OTU_3,OTU_4,OTU_5,OTU_6,OTU_7,OTU_8,OTU_9,OTU_10,OTU_11,OTU_12,OTU_13,OTU_14,OTU_15,OTU_16,OTU_17,OTU_18,OTU_19,OTU_20,OTU_21,OTU_22,OTU_23,OTU_24,OTU_25,OTU_26,OTU_27,OTU_28,OTU_29,OTU_30,OTU_31,OTU_32,OTU_33,OTU_34,OTU_35,OTU_36,OTU_37,OTU_38,OTU_39,OTU_40,OTU_41,OTU_42,OTU_43,OTU_44,OTU_45,OTU_46,OTU_47,OTU_48,OTU_49,OTU_50,OTU_51,OTU_52,OTU_53,OTU_54,OTU_55,OTU_56,OTU_57,OTU_58,OTU_59,OTU_60,OTU_61,OTU_62,OTU_63,OTU_64,OTU_65,OTU_66,OTU_67,OTU_68,OTU_69,OTU_70,OTU_71,OTU_72,OTU_73,OTU_74,OTU_75,OTU_76,OTU_77,OTU_78,OTU_79,OTU_80,OTU_81,OTU_82,OTU_83,OTU_84,OTU_85,OTU_86,OTU_87,OTU_88,OTU_89,OTU_90,OTU_91,OTU_93,OTU_94,OTU_95,OTU_96,OTU_97,OTU_98,OTU_99,OTU_101,OTU_102,OTU_103,OTU_104,OTU_105,OTU_106,OTU_107,OTU_108,OTU_110,OTU_111,OTU_112,OTU_113,OTU_114,OTU_115,OTU_116,OTU_117,OTU_118,OTU_119,OTU_121,OTU_122,OTU_123,OTU_124,OTU_125,OTU_127,OTU_128,OTU_129,OTU_130,OTU_131,OTU_132,OTU_134,OTU_135,OTU_137,OTU_138,OTU_139,OTU_141,OTU_142,OTU_143,OTU_144,OTU_145,OTU_146,OTU_147,OTU_149,OTU_150,OTU_151,OTU_152,OTU_153,OTU_156,OTU_157,OTU_158,OTU_159,OTU_160,OTU_161,OTU_162,OTU_163,OTU_164,OTU_165,OTU_166,OTU_167,OTU_168,OTU_169,OTU_170,OTU_172,OTU_173,OTU_174,OTU_175,OTU_177,OTU_178,OTU_180,OTU_182,OTU_183,OTU_185,OTU_187,OTU_189,OTU_190,OTU_191,OTU_193,OTU_197,OTU_200,OTU_201,OTU_203,OTU_204,OTU_208,OTU_209,OTU_210,OTU_211,OTU_212,OTU_213,OTU_214,OTU_219,OTU_220,OTU_222,OTU_223,OTU_224,OTU_225,OTU_227,OTU_228,OTU_233,OTU_234,OTU_238,OTU_242,OTU_246,OTU_249,OTU_251,OTU_255,OTU_256,OTU_257,OTU_261,OTU_267,OTU_269,OTU_271,OTU_272,OTU_276,OTU_278,OTU_280,OTU_281,OTU_282,OTU_287,OTU_296,OTU_300,OTU_303,OTU_317,OTU_321,OTU_328,OTU_331,OTU_339,OTU_370,OTU_461
OTU_1,NA,-0.344773519163763,0.283623693379791,-0.0447735191637631,-0.708536585365854,0.266376306620209,-0.193554006968641,-0.298954703832753,-0.00261324041811847,-0.107142857142857,-0.32404181184669,0.336759581881533,-0.448432055749129,0.496689895470383,-0.0614982578397213,-0.268815331010453,0.145296167247387,-0.0519163763066202,0.297560975609756,0.108362369337979,0.154006968641115,0.0520905923344948,0.357839721254355,0.15,-0.565505226480836,-0.258188153310105,0.340766550522648,0.272996515679443,0.0451219512195122,0.0395470383275261,-0.170034843205575,-0.150522648083624,-0.173693379790941,0.570383275261324,-0.00226480836236934,0.0522648083623693,0.00696864111498258,0.0263066202090592,0.221428571428571,0.45191637630662,0.104355400696864,0.544773519163763,-0.0750871080139373,-0.255574912891986,0.0679442508710802,0.387979094076655,-0.0289198606271777,0.587456445993031,-0.210801393728223,-0.0313588850174216,-0.0308362369337979,0.30191637630662,0.0513937282229965,-0.0308362369337979,0.040418118466899,0.0865853658536586,0.275783972125436,-0.116724738675958,0.347909407665505,0.0780487804878049,0.047212543554007,0.385714285714286,0.235714285714286,-0.358885017421603,-0.305052264808362,-0.126306620209059,-0.000696864111498258,-0.0700348432055749,0.0914634146341464,-0.12212543554007,0.18397212543554,-0.359581881533101,-0.140940766550523,-0.121602787456446,0.336236933797909,0.737456445993032,0.116550522648084,0.139721254355401,-0.014808362369338,0.422996515679443,0.471951219512195,-0.063588850174216,0.165331010452962,0.229268292682927,-0.252961672473868,0.312717770034843,-0.210104529616725,-0.0797909407665505,0.329442508710801,-0.572299651567944,0.072822299651568,0.445818815331011,0.0827526132404181,0.33588850174216,0.00696864111498258,-0.35418118466899,0.188675958188153,0.245644599303136,0.127351916376307,-0.247909407665505,0.301045296167247,0.0855400696864112,-0.157665505226481,-0.0634146341463415,-0.116898954703833,0.198257839721254,-0.337630662020906,0.184320557491289,0.276306620209059,0.18205574912892,0.0954703832752613,0.0529616724738676,0.245993031358885,0.270034843205575,-0.00191637630662021,0.193379790940767,0.0430313588850174,0.086411149825784,0.146689895470383,0.00156794425087108,0.0764808362369338,-0.382229965156795,0.533623693379791,0.017595818815331,-0.378745644599303,-0.32404181184669,0.05801393728223,0.201219512195122,-0.16602787456446,0.102787456445993,-0.279442508710801,-0.0186411149825784,0.215331010452962,0.0815331010452962,0.134146341463415,-0.381358885017422,0.0947735191637631,-0.144599303135889,0.151393728222997,0.277700348432056,0.290418118466899,-0.201567944250871,-0.0825783972125436,0.136062717770035,0.083623693379791,-0.345644599303136,-0.0111498257839721,0.151393728222997,-0.318815331010453,0.124390243902439,-0.0383275261324042,0.289547038327526,0.525087108013937,-0.110975609756098,-0.136062717770035,-0.203135888501742,-0.0083623693379791,-0.365156794425087,-0.078397212543554,-0.00958188153310105,0.0749128919860627,0.0193379790940767,0.318815331010453,0.275609756097561,0.00644599303135889,-0.117247386759582,0.11794425087108,-0.113588850174216,0.159581881533101,0.0242160278745645,0.331358885017422,0.138327526132404,-0.166550522648084,-0.111672473867596,-0.054006968641115,-0.0189895470383275,0.367247386759582,0.289721254355401,0.0604529616724739,0.399651567944251,0.0806620209059234,0.0277003484320558,-0.340766550522648,-0.0217770034843206,0.115853658536585,-0.097212543554007,-0.0890243902439025,-0.435714285714286,0.168815331010453,0.0977351916376307,-0.225435540069686,0.308188153310105,-0.116202090592335,0.384494773519164,-0.147560975609756,0.237108013937282,0.010801393728223,0.537979094076655,-0.0573170731707317,-0.09198606271777,-0.294599303135889,-0.14390243902439,-0.068815331010453,-0.400696864111498,-0.221254355400697,0.231010452961672,0.0259581881533101,-0.117770034843206,0.00749128919860627,-0.367770034843206,-0.0367595818815331,-0.0817073170731707,-0.0921602787456446,0.217247386759582,0.0952961672473868,-0.407839721254355,-0.378397212543554,0.318641114982578,0.176306620209059,-0.0195121951219512,0.0560975609756098,-0.00487804878048781,0.223344947735192,0.00418118466898955,0.201045296167247
OTU_2,-0.344773519163763,NA,-0.696515679442509,0.689895470383275,0.0430313588850174,0.446515679442509,0.424564459930314,0.884494773519164,0.344076655052265,0.714459930313589,0.235540069686411,-0.769163763066202,0.269512195121951,-0.340940766550523,0.475435540069686,0.489547038327526,-0.696689895470383,-0.0501742160278746,0.206445993031359,0.528048780487805,-0.289024390243903,0.3198606271777,-0.428571428571429,0.668292682926829,-0.0834494773519164,0.470557491289199,0.254006968641115,-0.147212543554007,-0.194250871080139,0.493031358885018,0.606794425087108,0.714459930313589,0.417247386759582,-0.104878048780488,0.220034843205575,0.650696864111498,0.352961672473868,0.498606271777004,-0.0167247386759582,-0.040418118466899,-0.4801393728223,-0.110627177700348,-0.508710801393728,0.583275261324042,0.367770034843206,0.170383275261324,-0.357665505226481,-0.166724738675958,0.75226480836237,0.581010452961673,0.373170731707317,0.23815331010453,-0.374390243902439,0.390766550522648,0.363763066202091,-0.444599303135889,-0.433449477351916,-0.562020905923345,-0.219686411149826,-0.247212543554007,0.475261324041812,0.367421602787457,0.375087108013937,0.174390243902439,0.00609756097560976,0.662717770034843,0.22787456445993,0.631533101045296,0.0106271777003484,0.290418118466899,-0.697038327526133,0.762891986062718,0.0386759581881533,0.277177700348432,0.475609756097561,-0.137456445993031,0.184843205574913,0.34581881533101,-0.366202090592335,-0.170383275261324,0.0461672473867596,0.510801393728223,0.420905923344948,0.206271777003484,-0.250174216027875,-0.395644599303136,0.679790940766551,-0.483101045296167,0.299477351916376,0.789721254355401,0.294773519163763,0.20418118466899,0.651567944250871,-0.363240418118467,-0.496341463414634,-0.221602787456446,-0.439895470383275,-0.398257839721254,0.143031358885017,0.293205574912892,0.243728222996516,0.237456445993031,0.623170731707317,0.11184668989547,-0.375435540069686,-0.391811846689896,0.0893728222996516,-0.149477351916376,-0.57404181184669,-0.141811846689896,0.384494773519164,-0.48397212543554,0.202613240418119,-0.20993031358885,-0.412020905923345,-0.139721254355401,-0.103310104529617,0.498954703832753,-0.426306620209059,-0.405923344947735,-0.0651567944250871,-0.116202090592335,-0.163763066202091,0.200696864111498,0.367073170731707,0.323693379790941,0.325087108013937,-0.4198606271777,0.637108013937282,-0.39616724738676,0.0923344947735192,-0.429965156794425,-0.410627177700349,-0.461498257839721,0.00714285714285714,-0.222473867595819,-0.655226480836237,-0.0740418118466899,-0.514285714285714,0.0987804878048781,-0.339198606271777,0.661149825783972,0.657665505226481,-0.556445993031359,0.625435540069686,-0.12595818815331,-0.508885017421603,-0.50801393728223,-0.162020905923345,0.132752613240418,0.251742160278746,-0.448432055749129,-0.233275261324042,-0.531184668989547,0.351393728222997,0.564459930313589,-0.456794425087108,0.658188153310105,0.526132404181185,0.317421602787457,-0.442334494773519,-0.386411149825784,-0.46411149825784,0.242682926829268,-0.297560975609756,-0.395121951219512,-0.375087108013937,0.209407665505227,-0.05,-0.426306620209059,-0.400348432055749,-0.508710801393728,0.126132404181185,-0.0534843205574913,-0.385714285714286,-0.345644599303136,-0.379442508710801,-0.0921602787456446,-0.468815331010453,0.0970383275261324,-0.525435540069687,-0.514459930313589,0.492160278745645,-0.625087108013937,-0.250871080139373,-0.466724738675958,-0.399651567944251,0.210627177700348,-0.420731707317073,-0.541289198606272,0.136411149825784,-0.340592334494774,-0.381010452961673,-0.566376306620209,-0.0630662020905924,-0.413763066202091,0.431533101045296,-0.355400696864112,-0.461149825783972,-0.424564459930314,-0.200871080139373,-0.371428571428571,0.425087108013937,0.389372822299652,-0.153310104529617,-0.467770034843206,-0.434320557491289,-0.235365853658537,-0.435017421602788,0.152090592334495,0.0587108013937282,-0.310627177700349,-0.43397212543554,-0.493031358885018,-0.467247386759582,-0.145644599303136,-0.108536585365854,-0.301219512195122,-0.435017421602788,-0.284494773519164,-0.252787456445993,-0.217770034843206,-0.472299651567944,0.0637630662020906,-0.220557491289199
OTU_3,0.283623693379791,-0.696515679442509,NA,-0.50609756097561,-0.136585365853659,-0.41411149825784,-0.307142857142857,-0.689721254355401,-0.633275261324042,-0.591114982578397,-0.00365853658536585,0.502264808362369,-0.0980836236933798,0.063588850174216,-0.267595818815331,-0.185017421602788,0.82020905923345,0.49198606271777,-0.201393728222997,-0.293728222996516,-0.108536585365854,-0.411672473867596,0.0555749128919861,-0.60609756097561,-0.210452961672474,-0.656968641114983,-0.0207317073170732,-0.20191637630662,0.0466898954703833,-0.539372822299652,-0.326132404181185,-0.743205574912892,0.00278745644599303,-0.0315331010452962,-0.415505226480836,-0.520731707317073,-0.653658536585366,-0.557839721254355,-0.0679442508710802,-0.302090592334495,0.32787456445993,0.418292682926829,0.39006968641115,-0.199128919860627,-0.148954703832753,-0.308536585365854,0.15801393728223,0.368989547038328,-0.593205574912892,-0.497038327526133,-0.16219512195122,0.014808362369338,0.12212543554007,-0.180313588850174,-0.517421602787457,0.185714285714286,0.0963414634146342,0.407317073170732,-0.0249128919860627,-0.0162020905923345,-0.625261324041812,-0.309756097560976,-0.0662020905923345,-0.0965156794425087,-0.437630662020906,-0.363588850174216,-0.172299651567944,-0.650871080139373,-0.0252613240418119,-0.520034843205575,0.425435540069686,-0.453310104529617,0.3801393728223,-0.0111498257839721,-0.341463414634146,0.133275261324042,-0.148780487804878,-0.466376306620209,0.173693379790941,-0.0186411149825784,-0.281533101045296,-0.578919860627178,-0.439198606271777,-0.305749128919861,0.079616724738676,0.0850174216027875,-0.313588850174216,0.324216027874564,-0.268641114982578,-0.447560975609756,-0.0592334494773519,-0.137979094076655,-0.473519163763066,-0.00400696864111498,0.476655052264808,0.272996515679443,0.134494773519164,0.0660278745644599,-0.127526132404181,-0.0722996515679443,-0.23397212543554,-0.0313588850174216,-0.249825783972125,-0.231358885017422,0.569337979094077,0.1,0.228745644599303,0.122299651567944,0.19006968641115,0.0381533101045296,-0.227526132404181,0.0604529616724739,-0.199477351916376,-0.0621951219512195,0.504878048780488,0.355749128919861,0.451219512195122,-0.539547038327526,0.0616724738675958,0.215679442508711,0.245993031358885,0.15801393728223,0.345993031358885,-0.24616724738676,-0.176132404181185,-0.218466898954704,-0.240592334494774,0.109756097560976,-0.419163763066202,0.16219512195122,-0.086411149825784,0.106620209059233,0.0951219512195122,0.152439024390244,0.0529616724738676,0.30993031358885,0.676132404181185,0.265156794425087,0.199651567944251,0.251742160278746,0.128048780487805,-0.363937282229965,-0.436411149825784,0.112891986062718,-0.62020905923345,0.142160278745645,0.179790940766551,0.188850174216028,-0.192682926829268,-0.15418118466899,-0.00470383275261324,0.0547038327526133,-0.0118466898954704,0.324912891986063,-0.134668989547038,-0.546515679442509,0.0757839721254356,-0.438327526132404,-0.261498257839721,-0.131010452961672,0.0318815331010453,0.0790940766550523,0.216550522648084,-0.152613240418118,0.273519163763066,0.172299651567944,-0.0367595818815331,-0.161149825783972,0.240766550522648,0.0745644599303136,0.0961672473867596,0.175435540069686,0.201045296167247,0.103658536585366,0.105226480836237,0.0498257839721254,0.0885017421602788,-0.157317073170732,0.12787456445993,-0.0897212543554007,0.166898954703833,0.102613240418118,-0.154529616724739,0.263240418118467,-0.0928571428571429,0.153310104529617,0.21602787456446,-0.220034843205575,0.0686411149825784,0.24390243902439,-0.0127177700348432,0.0411149825783972,0.0703832752613241,0.222473867595819,-0.190243902439024,0.0421602787456446,-0.379442508710801,0.422822299651568,0.0576655052264808,0.134843205574913,-0.0693379790940767,0.0979094076655053,-0.359407665505227,-0.189721254355401,-0.135365853658537,0.334320557491289,-0.00383275261324042,0.172299651567944,0.310104529616725,-0.368466898954704,-0.0662020905923345,0.0590592334494774,0.0853658536585366,0.161672473867596,0.0984320557491289,-0.20383275261324,-0.209756097560976,0.0454703832752613,0.0174216027874564,-0.00418118466898955,-0.0285714285714286,-0.0602787456445993,0.300174216027875,0.271602787456446,0.178397212543554
OTU_4,-0.0447735191637631,0.689895470383275,-0.50609756097561,NA,-0.284668989547038,0.371254355400697,0.659233449477352,0.712369337979094,0.424564459930314,0.859581881533101,0.0104529616724739,-0.822473867595819,-0.206271777003484,-0.145121951219512,0.755052264808363,0.587456445993031,-0.663588850174216,0.124738675958188,0.0308362369337979,0.785017421602788,-0.121951219512195,0.463066202090592,-0.601742160278746,0.594947735191638,-0.21411149825784,0.422648083623693,0.506620209059234,-0.219512195121951,-0.402090592334495,0.705052264808362,0.493205574912892,0.492160278745645,-0.0217770034843206,-0.126306620209059,-0.20191637630662,0.680313588850174,0.30801393728223,0.492682926829268,0.145121951219512,-0.117247386759582,-0.297909407665505,0.278222996515679,-0.485191637630662,0.727351916376307,0.729442508710802,0.220905923344948,-0.597735191637631,-0.0102787456445993,0.609233449477352,0.405749128919861,0.274738675958188,0.718292682926829,-0.637630662020906,0.790766550522648,0.311149825783972,-0.569337979094077,-0.642160278745645,-0.805749128919861,-0.353484320557491,-0.51602787456446,0.367247386759582,0.429268292682927,0.770905923344948,0.0557491289198606,-0.289024390243903,0.726655052264809,0.644425087108014,0.533797909407666,-0.237630662020906,0.0452961672473868,-0.638501742160279,0.5,-0.0341463414634146,-0.144076655052265,0.73397212543554,-0.141637630662021,0.486062717770035,0.433101045296167,-0.331358885017422,-0.248606271777004,0.0398954703832753,0.403658536585366,0.217770034843206,-0.085191637630662,-0.621951219512195,-0.635365853658537,0.762891986062718,-0.83588850174216,0.349477351916376,0.556968641114983,0.568641114982579,0.341289198606272,0.700871080139373,-0.581010452961673,-0.402787456445993,-0.040418118466899,-0.680662020905923,-0.655923344947735,0.450871080139373,-0.196341463414634,0.412717770034843,0.687108013937282,0.37404181184669,-0.320731707317073,-0.367770034843206,-0.645470383275261,-0.34198606271777,0.0083623693379791,-0.654878048780488,-0.395470383275261,0.0163763066202091,-0.730662020905923,-0.0768292682926829,-0.212891986062718,-0.261324041811847,0.100696864111498,0.163588850174216,0.603658536585366,-0.605226480836237,-0.676132404181185,0.33205574912892,-0.458710801393728,0.106968641114983,0.57404181184669,0.16219512195122,0.44198606271777,0.505052264808362,-0.667421602787457,0.718641114982579,-0.645296167247387,-0.292160278745645,-0.697386759581882,-0.600871080139373,-0.718989547038328,-0.312543554006969,-0.126655052264808,-0.736062717770035,-0.26602787456446,-0.690940766550523,0.485191637630662,-0.62404181184669,0.624216027874565,0.73623693379791,-0.721254355400697,0.670905923344948,-0.152787456445993,-0.659233449477352,-0.694599303135889,-0.463240418118467,0.289547038327526,0.640418118466899,-0.67595818815331,-0.377700348432056,-0.789547038327526,0.708188153310105,0.517247386759582,-0.711149825783972,0.423170731707317,0.59616724738676,0.603484320557491,-0.711846689895471,-0.667595818815331,-0.7,-0.000696864111498258,-0.0155052264808362,-0.644773519163763,-0.635365853658537,0.477700348432056,0.289895470383275,-0.6801393728223,-0.609581881533101,-0.712717770034843,0.400348432055749,-0.217073170731707,-0.596341463414634,-0.664982578397213,-0.447038327526133,-0.345121951219512,-0.744599303135889,0.00522648083623694,-0.726132404181185,-0.668641114982578,0.71411149825784,-0.712020905923345,-0.328397212543554,-0.725783972125436,-0.59425087108014,0.125261324041812,-0.67787456445993,-0.402090592334495,-0.238675958188153,-0.568815331010453,-0.615331010452962,-0.631881533101045,-0.282404181184669,-0.666724738675958,0.373867595818815,-0.428571428571429,-0.65801393728223,-0.626655052264808,-0.537282229965157,-0.40609756097561,0.486062717770035,0.140940766550523,-0.413066202090592,-0.741463414634147,-0.369686411149826,-0.506445993031359,-0.663066202090593,-0.0491289198606272,0.000871080139372823,-0.157665505226481,-0.547386759581882,-0.463240418118467,-0.598432055749129,-0.285540069686411,-0.357317073170732,-0.184320557491289,-0.451045296167247,-0.482229965156795,-0.460801393728223,-0.426132404181185,-0.364285714285714,0.305052264808362,0.159756097560976
OTU_5,-0.708536585365854,0.0430313588850174,-0.136585365853659,-0.284668989547038,NA,-0.361324041811847,0.182752613240418,0.0437282229965157,-0.373693379790941,-0.193554006968641,0.504529616724739,-0.071602787456446,0.265331010452962,-0.153484320557491,-0.0940766550522648,0.205052264808362,0.130836236933798,0.0662020905923345,-0.110801393728223,-0.281184668989547,0.0301393728222997,-0.322996515679443,-0.177526132404181,-0.268641114982578,0.52787456445993,-0.0698606271777004,-0.653658536585366,-0.374912891986063,-0.0797909407665505,-0.502090592334495,0.170731707317073,0.127526132404181,0.010801393728223,-0.507491289198606,0.359233449477352,-0.226306620209059,-0.308536585365854,-0.401742160278746,-0.162020905923345,-0.301567944250871,-0.127177700348432,-0.573170731707317,0.23815331010453,0.0181184668989547,-0.213066202090592,-0.45801393728223,0.0466898954703833,-0.6,0.0142857142857143,-0.0506968641114983,0.0942508710801394,-0.38205574912892,0.0137630662020906,-0.200174216027875,-0.0451219512195122,-0.072822299651568,-0.064808362369338,0.313763066202091,-0.238675958188153,-0.00278745644599303,-0.0817073170731707,-0.603135888501742,-0.569337979094077,0.330836236933798,0.357491289198606,-0.269337979094077,-0.240243902439024,-0.372299651567944,-0.111324041811847,-0.0266550522648084,0.0601045296167248,0.0937282229965157,0.284494773519164,0.349303135888502,-0.508362369337979,-0.645296167247387,-0.249303135888502,-0.416898954703833,0.0484320557491289,-0.356445993031359,-0.452264808362369,-0.184668989547038,-0.086411149825784,-0.344076655052265,0.292160278745645,-0.0235191637630662,0.0130662020905923,0.320905923344948,-0.365505226480836,0.218641114982578,-0.15801393728223,-0.306271777003484,-0.446864111498258,-0.123344947735192,0.298954703832753,0.220905923344948,-0.00365853658536585,-0.013588850174216,-0.254355400696864,0.532926829268293,-0.158362369337979,-0.350696864111498,-0.0801393728222997,0.142334494773519,0.237804878048781,-0.0571428571428571,0.328571428571429,0.171602787456446,-0.00871080139372822,0.025609756097561,-0.0440766550522648,0.140418118466899,0.0538327526132404,-0.0454703832752613,-0.151742160278746,0.103484320557491,-0.267595818815331,-0.440766550522648,0.0770034843205575,0.0970383275261324,-0.00662020905923345,0.569163763066202,-0.390766550522648,-0.213937282229965,0.0270034843205575,0.0193379790940767,-0.365156794425087,0.0114982578397213,-0.345470383275261,-0.0677700348432056,0.2,0.150348432055749,-0.0611498257839721,0.11219512195122,0.153135888501742,0.294947735191638,0.214808362369338,-0.0318815331010453,-0.00696864111498258,-0.386411149825784,-0.0660278745644599,-0.205574912891986,-0.31602787456446,0.228571428571429,-0.134843205574913,0.112020905923345,0.18205574912892,0.040418118466899,0.4,-0.0503484320557491,-0.224390243902439,0.117421602787456,-0.455052264808362,0.342508710801394,-0.153310104529617,-0.225783972125436,0.159756097560976,0.00609756097560976,-0.123170731707317,-0.0168989547038328,0.124738675958188,0.227700348432056,-0.0630662020905924,-0.0745644599303136,0.0853658536585366,0.323867595818815,0.109059233449477,0.0602787456445993,-0.18815331010453,0.236933797909408,-0.113588850174216,0.0496515679442509,-0.00400696864111498,0.248780487804878,0.267073170731707,0.274390243902439,-0.262020905923345,-0.0334494773519164,0.170034843205575,-0.363066202090592,0.14808362369338,0.264285714285714,0.00156794425087108,0.199303135888502,-0.104006968641115,0.213240418118467,0.0179442508710801,0.14616724738676,0.0925087108013938,-0.0270034843205575,0.232229965156795,-0.071602787456446,0.293379790940767,-0.0630662020905924,0.0886759581881533,0.136062717770035,-0.24198606271777,-0.104878048780488,0.244250871080139,0.37595818815331,0.384146341463415,0.0686411149825784,-0.118466898954704,0.360278745644599,0.3198606271777,0.252439024390244,0.12020905923345,0.197212543554007,0.175783972125436,0.161149825783972,-0.0226480836236934,0.0104529616724739,0.228571428571429,-0.0193379790940767,-0.0118466898954704,0.407317073170732,0.437804878048781,-0.332926829268293,0.0383275261324042,0.0907665505226481,0.0642857142857143,0.129790940766551,-0.0310104529616725,-0.219337979094077,-0.0912891986062718
OTU_6,0.266376306620209,0.446515679442509,-0.41411149825784,0.371254355400697,-0.361324041811847,NA,0.243728222996516,0.480662020905923,0.225261324041812,0.48623693379791,0.0912891986062718,-0.280662020905923,-0.201045296167247,0.312020905923345,0.322822299651568,-0.0184668989547038,-0.331707317073171,-0.202787456445993,0.629442508710802,0.391114982578397,0.245644599303136,0.420034843205575,0.158536585365854,0.631707317073171,-0.316376306620209,0.377526132404181,0.313937282229965,0.234668989547038,-0.379094076655052,0.197735191637631,0.363414634146342,0.567595818815331,0.063588850174216,0.537804878048781,0.405226480836237,0.672822299651568,0.326480836236934,0.433101045296167,0.0306620209059234,0.542682926829268,-0.646689895470383,0.272648083623693,-0.402787456445993,0.210801393728223,0.225087108013937,0.467073170731707,-0.352787456445993,0.329616724738676,0.375783972125436,0.355923344947735,0.458188153310105,0.163066202090592,-0.302090592334495,0.153484320557491,0.0146341463414634,-0.145470383275261,-0.0118466898954704,-0.464982578397213,0.236933797909408,-0.0524390243902439,0.459059233449477,0.513763066202091,0.324216027874564,0.0376306620209059,-0.0454703832752613,0.30801393728223,-0.0726480836236934,0.412543554006969,0.242334494773519,0.249303135888502,-0.472299651567944,0.228222996515679,0.082404181184669,0.225783972125436,0.527351916376307,0.483797909407666,0.257142857142857,0.235191637630662,-0.349825783972126,0.333797909407666,0.330487804878049,0.223693379790941,0.784843205574913,0.527700348432056,-0.389895470383275,0.14390243902439,0.312717770034843,-0.304703832752613,0.324390243902439,-0.0106271777003484,0.139198606271777,0.516724738675958,0.543031358885018,0.146515679442509,-0.540418118466899,-0.521777003484321,-0.11184668989547,-0.0437282229965157,0.100174216027875,0.142160278745645,0.288327526132404,0.040418118466899,0.254006968641115,0.103135888501742,-0.589372822299652,-0.0682926829268293,-0.113066202090592,0.201742160278746,-0.236933797909408,0.154006968641115,0.607142857142857,-0.162369337979094,0.566376306620209,0.354355400696864,-0.637108013937282,0.00923344947735192,-0.412891986062718,0.430487804878049,-0.0980836236933798,-0.384843205574913,-0.115679442508711,-0.266724738675958,0.333623693379791,-0.114634146341463,-0.331184668989547,-0.0205574912891986,0.0649825783972126,-0.0787456445993032,0.177526132404181,-0.09198606271777,-0.434668989547038,-0.278048780487805,-0.0372822299651568,-0.193379790940767,0.373519163763066,-0.453135888501742,-0.286759581881533,-0.241463414634146,-0.263937282229965,0.0501742160278746,0.198257839721254,0.155574912891986,0.383623693379791,-0.273867595818815,0.504355400696864,-0.291811846689896,-0.37020905923345,-0.136062717770035,-0.246341463414634,0.277177700348432,-0.0609756097560976,-0.0465156794425087,0.423170731707317,-0.443728222996516,0.164634146341463,0.283449477351916,-0.183797909407666,0.15993031358885,0.323519163763066,0.0742160278745645,-0.182404181184669,-0.255923344947735,-0.0897212543554007,0.619686411149826,-0.494947735191638,-0.407491289198606,-0.0614982578397213,0.195818815331011,-0.210801393728223,-0.274912891986063,0.0930313588850174,-0.17787456445993,-0.0627177700348432,-0.154878048780488,-0.306794425087108,-0.312543554006969,0.0229965156794425,0.412891986062718,-0.172473867595819,0.547735191637631,-0.252961672473868,-0.28397212543554,0.118989547038328,-0.34198606271777,-0.21794425087108,-0.335365853658537,-0.378745644599303,-0.274390243902439,-0.00627177700348432,-0.423170731707317,-0.173344947735192,0.257317073170732,-0.363066202090592,-0.0106271777003484,-0.0238675958188153,0.0437282229965157,0.166202090592335,0.154529616724739,-0.230487804878049,-0.521428571428572,-0.528048780487805,-0.507839721254356,0.113588850174216,-0.0317073170731707,-0.463588850174216,-0.0588850174216028,-0.3301393728223,-0.141637630662021,-0.251567944250871,0.0153310104529617,0.00627177700348432,-0.287108013937282,-0.381707317073171,-0.185714285714286,-0.22212543554007,-0.322299651567944,-0.118118466898955,0.0263066202090592,-0.163240418118467,-0.298432055749129,-0.05801393728223,-0.243379790940767,-0.0900696864111498,-0.0277003484320558,-0.216202090592335
OTU_7,-0.193554006968641,0.424564459930314,-0.307142857142857,0.659233449477352,0.182752613240418,0.243728222996516,NA,0.531881533101045,-0.052787456445993,0.676132404181185,0.522822299651568,-0.816898954703833,-0.265156794425087,0.0984320557491289,0.832926829268293,0.833623693379791,-0.295296167247387,0.480487804878049,0.140418118466899,0.643554006968641,0.0963414634146342,0.17595818815331,-0.715679442508711,0.351045296167247,-0.0848432055749129,0.150174216027875,0.269686411149826,-0.534843205574913,-0.790940766550523,0.214808362369338,0.753832752613241,0.490940766550523,-0.116376306620209,-0.257317073170732,-0.00818815331010453,0.64425087108014,-0.102787456445993,-0.0566202090592335,0.275087108013937,-0.150174216027875,-0.581184668989547,0.282752613240418,-0.14616724738676,0.744076655052265,0.819337979094077,-0.032404181184669,-0.868118466898955,-0.0782229965156795,0.35609756097561,0.248954703832753,0.605226480836237,0.677700348432056,-0.896515679442509,0.756271777003484,0.00209059233449477,-0.742682926829269,-0.750174216027875,-0.715679442508711,-0.469686411149826,-0.731881533101046,0.0700348432055749,-0.000696864111498258,0.547386759581882,0.335191637630662,-0.303310104529617,0.378745644599303,0.525783972125436,0.0569686411149826,-0.362891986062718,-0.251219512195122,-0.511672473867596,0.251742160278746,0.392334494773519,0.144947735191638,0.550174216027875,-0.34581881533101,0.402613240418119,-0.113937282229965,-0.295993031358885,-0.386585365853659,-0.31411149825784,-0.00452961672473868,0.313588850174216,-0.329790940766551,-0.767073170731707,-0.643031358885018,0.76794425087108,-0.644599303135889,0.165505226480836,0.415853658536585,0.69390243902439,0.440592334494774,0.219686411149826,-0.688501742160279,-0.0191637630662021,0.0397212543554007,-0.771951219512195,-0.822648083623694,0.470557491289199,0.168815331010453,0.487456445993031,0.602264808362369,0.13205574912892,-0.485540069686411,-0.0736933797909408,-0.770034843205575,-0.197038327526132,0.320905923344948,-0.738501742160279,-0.333101045296167,-0.0165505226480836,-0.762891986062718,0.078397212543554,-0.151219512195122,-0.553310104529617,0.589721254355401,0.000522648083623693,0.0632404181184669,-0.700696864111498,-0.855052264808363,0.438675958188153,-0.276655052264808,0.269686411149826,0.455749128919861,-0.179790940766551,0.245644599303136,0.17595818815331,-0.816202090592335,0.274912891986063,-0.85,-0.325435540069687,-0.772648083623694,-0.767073170731707,-0.761672473867596,-0.0024390243902439,0.0398954703832753,-0.379442508710801,-0.289198606271777,-0.872299651567944,0.563937282229965,-0.627351916376307,0.201742160278746,0.358885017421603,-0.655749128919861,0.42212543554007,-0.123867595818815,-0.757142857142857,-0.738850174216028,-0.342857142857143,0.466376306620209,0.568815331010453,-0.601393728222997,-0.63815331010453,-0.69006968641115,0.685714285714286,0.211324041811847,-0.757317073170732,0.111498257839721,0.45418118466899,0.647038327526132,-0.774390243902439,-0.725609756097561,-0.804878048780488,0.0874564459930314,-0.0130662020905923,-0.628571428571429,-0.689721254355401,0.606620209059234,0.353484320557491,-0.725087108013937,-0.748606271777004,-0.76794425087108,0.618466898954704,-0.274738675958188,-0.523170731707317,-0.697909407665505,-0.694425087108014,-0.355052264808362,-0.691637630662021,-0.176829268292683,-0.744947735191638,-0.631010452961673,0.622996515679443,-0.691289198606272,-0.692682926829268,-0.78623693379791,-0.805052264808363,-0.152613240418118,-0.71411149825784,-0.598432055749129,-0.253310104529617,-0.477351916376307,-0.641811846689896,-0.648606271777004,-0.545818815331011,-0.628397212543554,-0.0604529616724739,-0.265331010452962,-0.590766550522648,-0.50418118466899,-0.481707317073171,-0.634494773519164,0.247909407665505,0.223344947735192,-0.396689895470383,-0.405400696864112,-0.397735191637631,-0.247735191637631,-0.423519163763066,-0.217595818815331,-0.0186411149825784,-0.370905923344948,-0.617073170731707,-0.589547038327526,-0.718641114982579,-0.350174216027875,-0.404355400696864,-0.522648083623694,-0.531358885017422,-0.639895470383275,-0.550348432055749,-0.620557491289199,-0.292508710801394,0.179442508710801,0.228397212543554
OTU_8,-0.298954703832753,0.884494773519164,-0.689721254355401,0.712369337979094,0.0437282229965157,0.480662020905923,0.531881533101045,NA,0.412369337979094,0.838327526132404,0.17404181184669,-0.787804878048781,0.198780487804878,-0.33815331010453,0.616202090592335,0.53815331010453,-0.722299651567944,-0.0991289198606272,0.129965156794425,0.651219512195122,-0.190766550522648,0.463240418118467,-0.499303135888502,0.631010452961673,-0.164459930313589,0.426655052264808,0.306968641114983,-0.239895470383275,-0.274390243902439,0.487804878048781,0.620557491289199,0.740940766550523,0.268466898954704,-0.0426829268292683,0.285191637630662,0.73205574912892,0.421602787456446,0.555052264808363,0.121951219512195,-0.062020905923345,-0.466724738675958,-0.0121951219512195,-0.559407665505227,0.620557491289199,0.42595818815331,0.148954703832753,-0.472299651567944,-0.0524390243902439,0.813414634146342,0.67212543554007,0.300522648083624,0.308188153310105,-0.444773519163763,0.501393728222997,0.39198606271777,-0.451393728222997,-0.429442508710801,-0.636236933797909,-0.234843205574913,-0.267247386759582,0.406445993031359,0.33588850174216,0.449651567944251,0.11602787456446,-0.144599303135889,0.671602787456446,0.389721254355401,0.664808362369338,-0.0160278745644599,0.321428571428572,-0.593554006968641,0.757491289198606,0.0573170731707317,0.141637630662021,0.527351916376307,-0.148257839721254,0.231184668989547,0.398257839721254,-0.348780487804878,-0.110801393728223,-0.0172473867595819,0.49006968641115,0.473519163763066,0.128745644599303,-0.329790940766551,-0.449477351916376,0.664982578397213,-0.597212543554007,0.281881533101045,0.717770034843206,0.268292682926829,0.237456445993031,0.722996515679443,-0.439895470383275,-0.489198606271777,-0.198780487804878,-0.501219512195122,-0.419512195121951,0.160278745644599,0.22404181184669,0.184668989547038,0.352961672473868,0.598606271777004,0.0299651567944251,-0.547560975609756,-0.440592334494774,-0.072822299651568,-0.00209059233449477,-0.659407665505227,-0.214634146341463,0.381184668989547,-0.488850174216028,0.236585365853659,-0.303658536585366,-0.458188153310105,-0.0916376306620209,-0.056794425087108,0.523519163763066,-0.443205574912892,-0.533275261324042,-0.0151567944250871,-0.17404181184669,-0.145470383275261,0.298432055749129,0.244599303135889,0.356794425087108,0.277700348432056,-0.478048780487805,0.621254355400697,-0.449651567944251,-0.0668989547038328,-0.509059233449477,-0.45418118466899,-0.514634146341463,-0.00331010452961673,-0.246341463414634,-0.609581881533101,-0.220905923344948,-0.584320557491289,0.109233449477352,-0.431707317073171,0.577700348432056,0.693379790940767,-0.609059233449478,0.679442508710801,-0.138850174216028,-0.537282229965157,-0.587804878048781,-0.296689895470383,0.208885017421603,0.333275261324042,-0.485017421602787,-0.233797909407666,-0.607317073170732,0.414634146341464,0.57595818815331,-0.50609756097561,0.563414634146342,0.591811846689896,0.316724738675958,-0.511149825783972,-0.414982578397213,-0.50801393728223,0.208710801393728,-0.238501742160279,-0.5,-0.453310104529617,0.378919860627178,-0.0397212543554007,-0.440243902439024,-0.431010452961673,-0.595818815331011,0.176132404181185,-0.171428571428571,-0.454006968641115,-0.436062717770035,-0.448954703832753,-0.0644599303135889,-0.50993031358885,0.137630662020906,-0.579268292682927,-0.537979094076655,0.460278745644599,-0.636759581881533,-0.206794425087108,-0.539372822299652,-0.506794425087108,0.206968641114983,-0.470383275261324,-0.489198606271777,-0.0292682926829268,-0.27595818815331,-0.447386759581882,-0.606445993031359,-0.159059233449477,-0.426829268292683,0.343728222996516,-0.36184668989547,-0.534843205574913,-0.439198606271777,-0.313763066202091,-0.379442508710801,0.42787456445993,0.379442508710801,-0.269163763066202,-0.449825783972126,-0.385365853658537,-0.398606271777004,-0.626480836236934,0.163066202090592,0.0229965156794425,-0.289721254355401,-0.482578397212544,-0.483275261324042,-0.450871080139373,-0.201045296167247,-0.147386759581882,-0.204703832752613,-0.386236933797909,-0.42787456445993,-0.300348432055749,-0.306968641114983,-0.419163763066202,0.1301393728223,-0.1698606271777
OTU_9,-0.00261324041811847,0.344076655052265,-0.633275261324042,0.424564459930314,-0.373693379790941,0.225261324041812,-0.052787456445993,0.412369337979094,NA,0.432229965156795,-0.528919860627178,-0.195644599303136,0.0613240418118467,-0.18588850174216,0.150871080139373,-0.148780487804878,-0.678919860627178,-0.598954703832753,-0.115853658536585,0.238675958188153,0.0210801393728223,0.490592334494774,0.0893728222996516,0.400174216027875,0.00940766550522648,0.543728222996516,0.284146341463415,0.431707317073171,0.246341463414634,0.734320557491289,-0.150348432055749,0.292160278745645,-0.108188153310105,0.224738675958188,-0.0101045296167247,0.271428571428572,0.909581881533101,0.739198606271777,0.164634146341463,0.240418118466899,0.146689895470383,-0.163414634146341,-0.358885017421603,0.018815331010453,0.0574912891986063,0.366898954703833,0.0947735191637631,-0.0562717770034843,0.307839721254355,0.381358885017422,-0.268815331010453,0.00749128919860627,0.144773519163763,0.171428571428571,0.497038327526133,0.149477351916376,0.132752613240418,-0.258188153310105,0.224912891986063,0.214459930313589,0.371254355400697,0.425435540069686,0.215331010452962,-0.177700348432056,0.229965156794425,0.319686411149826,0.384494773519164,0.794425087108014,0.166550522648084,0.55801393728223,-0.136236933797909,0.258536585365854,-0.692334494773519,-0.468292682926829,0.293031358885017,0.118989547038328,0.136585365853659,0.678571428571429,0.0926829268292683,0.19616724738676,0.359756097560976,0.691114982578397,0.0865853658536586,0.287804878048781,0.0393728222996516,-0.0627177700348432,0.0423344947735192,-0.308885017421603,0.197560975609756,0.20993031358885,-0.0714285714285714,-0.00801393728222997,0.558188153310105,0.0954703832752613,-0.43815331010453,-0.0142857142857143,0.00888501742160279,0.089198606271777,0.182752613240418,-0.480662020905923,-0.0616724738675958,0.215853658536585,0.13815331010453,0.0858885017421603,-0.529965156794425,0.127003484320558,-0.39808362369338,-0.287979094076655,-0.00226480836236934,-0.0768292682926829,0.040418118466899,0.118989547038328,-0.157491289198606,-0.0745644599303136,-0.0320557491289199,-0.603658536585366,-0.114459930313589,0.652613240418119,0.0702090592334495,-0.0625435540069686,-0.358710801393728,-0.338850174216028,-0.28815331010453,0.365679442508711,0.28588850174216,0.360104529616725,0.439547038327526,0.0444250871080139,0.586585365853659,0.132752613240418,0.0799651567944251,0.0202090592334495,0.144947735191638,0.00871080139372822,-0.377177700348432,-0.137282229965157,-0.542508710801394,-0.10383275261324,0.0257839721254355,-0.144773519163763,-0.123867595818815,0.382404181184669,0.477526132404181,-0.047212543554007,0.356445993031359,0.125783972125436,0.0231707317073171,0.0114982578397213,0.0634146341463415,0.0209059233449477,0.143205574912892,-0.126480836236934,0.232229965156795,-0.204006968641115,0.134668989547038,0.703832752613241,0.0289198606271777,0.390766550522648,0.148606271777004,0.0437282229965157,0.0548780487804878,0.0221254355400697,0.00696864111498258,-0.200871080139373,0.00958188153310105,-0.133797909407666,0.0346689895470383,0.0334494773519164,-0.183623693379791,-0.0104529616724739,0.0318815331010453,-0.0388501742160279,-0.278745644599303,-0.178919860627178,-0.0240418118466899,-0.0747386759581882,0.170731707317073,0.109407665505227,0.00383275261324042,0.186759581881533,-0.062020905923345,-0.000696864111498258,0.0236933797909408,-0.136759581881533,0.421602787456446,0.0127177700348432,0.0883275261324042,0.381707317073171,0.0174216027874564,0.112020905923345,-0.0994773519163763,-0.0130662020905923,-0.116202090592335,-0.124216027874564,0.289895470383275,-0.0228222996515679,0.463414634146342,-0.513937282229965,-0.075609756097561,-0.0951219512195122,0.0533101045296167,0.178571428571429,0.227177700348432,0.094425087108014,0.062020905923345,-0.430313588850174,0.139372822299652,-0.187282229965157,-0.277003484320558,0.437456445993031,0.0837979094076655,0.3301393728223,0.0118466898954704,0.0750871080139373,0.123519163763066,0.135540069686411,0.0689895470383275,0.233449477351916,0.0860627177700349,0.150522648083624,0.160104529616725,0.118118466898955,-0.174216027874564,-0.0766550522648084,0.000522648083623693
OTU_10,-0.107142857142857,0.714459930313589,-0.591114982578397,0.859581881533101,-0.193554006968641,0.48623693379791,0.676132404181185,0.838327526132404,0.432229965156795,NA,0.0233449477351916,-0.834146341463415,-0.173693379790941,-0.20418118466899,0.83205574912892,0.609059233449478,-0.75801393728223,0.000696864111498258,0.0656794425087108,0.802090592334495,-0.0257839721254355,0.551219512195122,-0.57822299651568,0.613937282229965,-0.266202090592335,0.360627177700349,0.399128919860627,-0.299303135888502,-0.470034843205575,0.626655052264808,0.573344947735192,0.553310104529617,-0.0515679442508711,-0.0566202090592335,0.0724738675958188,0.812369337979094,0.392160278745645,0.497212543554007,0.184843205574913,0.00418118466898955,-0.38588850174216,0.212717770034843,-0.611498257839721,0.66184668989547,0.639547038327526,0.211672473867596,-0.718641114982579,-0.0242160278745645,0.733623693379791,0.481358885017422,0.28397212543554,0.586411149825784,-0.682926829268293,0.790940766550523,0.395644599303136,-0.582578397212544,-0.604006968641115,-0.882229965156795,-0.331533101045296,-0.481358885017422,0.30191637630662,0.443379790940767,0.686411149825784,0.0707317073170732,-0.279790940766551,0.677003484320558,0.68205574912892,0.619163763066202,-0.203658536585366,0.191463414634146,-0.475087108013937,0.578048780487805,0.035191637630662,-0.125783972125436,0.678397212543554,-0.176306620209059,0.419686411149826,0.318118466898955,-0.312543554006969,-0.210975609756098,-0.0543554006968641,0.386062717770035,0.373693379790941,0.0775261324041812,-0.597386759581882,-0.602961672473868,0.74425087108014,-0.859407665505227,0.394947735191638,0.544599303135889,0.48623693379791,0.355574912891986,0.638327526132404,-0.54390243902439,-0.337804878048781,-0.194773519163763,-0.730836236933798,-0.618118466898955,0.353310104529617,-0.09198606271777,0.265505226480836,0.612369337979094,0.397386759581882,-0.321951219512195,-0.567247386759582,-0.674390243902439,-0.389547038327526,0.109059233449477,-0.762369337979094,-0.273519163763066,0.170557491289199,-0.654006968641115,0.089198606271777,-0.311498257839721,-0.444076655052265,0.0353658536585366,0.0574912891986063,0.504529616724739,-0.65,-0.769686411149826,0.139198606271777,-0.483449477351916,-0.0024390243902439,0.609581881533101,0.0383275261324042,0.357142857142857,0.288501742160279,-0.695644599303136,0.614459930313589,-0.623170731707317,-0.35418118466899,-0.724564459930314,-0.599128919860627,-0.714808362369338,-0.206445993031359,-0.286411149825784,-0.602090592334495,-0.479094076655052,-0.723170731707317,0.331358885017422,-0.579268292682927,0.443379790940767,0.683449477351917,-0.736759581881533,0.711672473867596,-0.255226480836237,-0.706968641114983,-0.731010452961673,-0.497212543554007,0.164634146341463,0.588327526132404,-0.659233449477352,-0.325609756097561,-0.861846689895471,0.660801393728223,0.563066202090592,-0.681881533101045,0.288675958188153,0.691289198606272,0.497386759581882,-0.672473867595819,-0.675783972125436,-0.69006968641115,0.104006968641115,-0.177351916376307,-0.687804878048781,-0.671080139372822,0.49006968641115,0.142160278745645,-0.642334494773519,-0.573519163763066,-0.746689895470383,0.315156794425087,-0.417421602787456,-0.725087108013937,-0.699128919860627,-0.509756097560976,-0.26219512195122,-0.699303135888502,-0.0214285714285714,-0.739895470383275,-0.652961672473868,0.552264808362369,-0.779965156794425,-0.278048780487805,-0.738501742160279,-0.707317073170732,0.145993031358885,-0.652439024390244,-0.405400696864112,-0.422822299651568,-0.452961672473868,-0.631358885017422,-0.662020905923345,-0.264808362369338,-0.604006968641115,0.289895470383275,-0.411149825783972,-0.701219512195122,-0.568989547038328,-0.561498257839721,-0.539895470383275,0.349477351916376,0.17595818815331,-0.529616724738676,-0.577526132404181,-0.405226480836237,-0.621951219512195,-0.770034843205575,0.0334494773519164,-0.0407665505226481,-0.325435540069687,-0.642857142857143,-0.562717770034843,-0.566898954703833,-0.304355400696864,-0.306968641114983,-0.0968641114982579,-0.452439024390244,-0.589198606271777,-0.476306620209059,-0.429616724738676,-0.4301393728223,0.176132404181185,0.12404181184669
OTU_11,-0.32404181184669,0.235540069686411,-0.00365853658536585,0.0104529616724739,0.504529616724739,0.0912891986062718,0.522822299651568,0.17404181184669,-0.528919860627178,0.0233449477351916,NA,-0.405052264808362,0.183797909407666,0.147560975609756,0.185714285714286,0.5,0.250348432055749,0.633275261324042,0.457665505226481,0.0799651567944251,-0.15191637630662,-0.101742160278746,-0.333101045296167,0.151393728222997,-0.0054006968641115,-0.25993031358885,-0.147038327526132,-0.537804878048781,-0.566550522648084,-0.404703832752613,0.73588850174216,0.360452961672474,0.408188153310105,-0.265505226480836,0.222648083623693,0.266550522648084,-0.424564459930314,-0.30609756097561,-0.0714285714285714,-0.112369337979094,-0.702787456445993,-0.0799651567944251,0.0519163763066202,0.35383275261324,0.302961672473868,-0.178397212543554,-0.437108013937282,-0.144599303135889,0.172822299651568,-0.00365853658536585,0.689372822299652,0.140418118466899,-0.499825783972126,0.0456445993031359,-0.372996515679443,-0.617595818815331,-0.463588850174216,-0.159756097560976,-0.42020905923345,-0.566202090592335,-0.107142857142857,-0.188327526132404,-0.0552264808362369,0.336062717770035,-0.083623693379791,-0.0259581881533101,-0.182229965156794,-0.286759581881533,-0.178222996515679,-0.511672473867596,-0.386759581881533,0.231184668989547,0.648780487804878,0.779094076655052,0.0834494773519164,-0.335540069686411,0.00261324041811847,-0.405574912891986,-0.34581881533101,-0.389895470383275,-0.415679442508711,-0.254006968641115,0.290766550522648,-0.254878048780488,-0.271602787456446,-0.178397212543554,0.443379790940767,0.0400696864111498,-0.0695121951219512,0.3198606271777,0.242334494773519,0.265853658536585,-0.0993031358885018,-0.341463414634146,0.120383275261324,-0.115331010452962,-0.363763066202091,-0.438675958188153,-0.000348432055749129,0.779442508710802,0.337630662020906,-0.039198606271777,0.236236933797909,-0.163414634146341,0.278571428571429,-0.436933797909408,0.343205574912892,0.19808362369338,-0.40801393728223,0.0912891986062718,0.204355400696864,-0.436759581881533,0.440418118466899,0.100696864111498,-0.480836236933798,0.608710801393728,-0.205923344947735,-0.288850174216028,-0.398954703832753,-0.366550522648084,0.298606271777004,0.235365853658537,0.219686411149826,-0.153135888501742,-0.0778745644599303,-0.154006968641115,-0.244947735191638,-0.409756097560976,-0.254878048780488,-0.441463414634146,0.105749128919861,-0.360104529616725,-0.521602787456446,-0.382578397212544,0.46602787456446,0.122473867595819,0.0876306620209059,0.108536585365854,-0.461149825783972,0.200871080139373,-0.110104529616725,-0.0383275261324042,-0.163588850174216,-0.308362369337979,0.0611498257839721,-0.117770034843206,-0.41184668989547,-0.353135888501742,0.0515679442508711,0.229616724738676,0.0531358885017422,-0.20383275261324,-0.469163763066202,-0.108536585365854,0.0186411149825784,-0.142857142857143,-0.376829268292683,-0.0456445993031359,0.112717770034843,0.0498257839721254,-0.385017421602788,-0.331358885017422,-0.429442508710801,0.387804878048781,-0.178048780487805,-0.134320557491289,-0.301045296167247,0.208710801393728,0.0665505226480836,-0.353310104529617,-0.394250871080139,-0.413588850174216,0.311324041811847,0.1801393728223,-0.151219512195122,-0.23815331010453,-0.571777003484321,-0.0782229965156795,-0.317770034843206,-0.135191637630662,-0.345470383275261,-0.291637630662021,0.24808362369338,-0.323344947735192,-0.746689895470383,-0.324912891986063,-0.39006968641115,-0.359233449477352,-0.316898954703833,-0.640418118466899,0.301742160278746,-0.0735191637630662,-0.28397212543554,-0.267421602787457,-0.476655052264808,-0.273693379790941,-0.221080139372822,0.180487804878049,-0.20418118466899,-0.10383275261324,-0.105226480836237,-0.374912891986063,0.22212543554007,0.183797909407666,-0.109059233449477,0.167247386759582,-0.415679442508711,0.321951219512195,0.0912891986062718,-0.336411149825784,-0.000174216027874565,-0.421602787456446,-0.274564459930314,-0.511672473867596,-0.455923344947735,-0.222822299651568,-0.268815331010453,-0.624216027874565,-0.452613240418119,-0.306968641114983,-0.415331010452962,-0.387804878048781,-0.211324041811847,-0.0167247386759582,-0.169163763066202
OTU_12,0.336759581881533,-0.769163763066202,0.502264808362369,-0.822473867595819,-0.071602787456446,-0.280662020905923,-0.816898954703833,-0.787804878048781,-0.195644599303136,-0.834146341463415,-0.405052264808362,NA,-0.0470383275261324,0.264982578397213,-0.801742160278746,-0.835017421602788,0.561324041811847,-0.355574912891986,-0.0590592334494774,-0.720557491289199,0.183449477351916,-0.324912891986063,0.78815331010453,-0.515331010452962,0.11794425087108,-0.286411149825784,-0.361324041811847,0.49198606271777,0.608710801393728,-0.460452961672474,-0.771777003484321,-0.608885017421603,-0.191811846689896,0.344947735191638,0.074390243902439,-0.7198606271777,-0.123519163763066,-0.281184668989547,-0.208885017421603,0.26184668989547,0.534320557491289,-0.166376306620209,0.36184668989547,-0.809581881533101,-0.730836236933798,0.0402439024390244,0.756968641114983,0.171951219512195,-0.643379790940767,-0.376655052264808,-0.517247386759582,-0.614982578397213,0.789721254355401,-0.758885017421603,-0.155400696864112,0.736933797909408,0.824738675958188,0.779094076655052,0.541114982578397,0.687630662020906,-0.186759581881533,-0.242334494773519,-0.597560975609756,-0.292160278745645,0.242857142857143,-0.652787456445993,-0.564285714285714,-0.425261324041812,0.286933797909408,0.0874564459930314,0.677700348432056,-0.596689895470383,-0.248954703832753,-0.163763066202091,-0.602787456445993,0.396864111498258,-0.282404181184669,-0.152787456445993,0.39808362369338,0.457317073170732,0.260801393728223,-0.320557491289199,-0.293031358885017,0.124564459930314,0.639372822299652,0.767770034843206,-0.853135888501742,0.706271777003484,-0.304703832752613,-0.743728222996516,-0.57404181184669,-0.291811846689896,-0.514459930313589,0.758188153310105,0.269686411149826,0.00696864111498258,0.809407665505227,0.831881533101046,-0.371777003484321,-0.167247386759582,-0.356271777003484,-0.610278745644599,-0.426480836236934,0.36794425087108,0.162543554006969,0.772822299651568,0.0817073170731707,-0.0149825783972125,0.831533101045296,0.33588850174216,-0.0801393728222997,0.816898954703833,-0.0376306620209059,0.376306620209059,0.440940766550523,-0.257491289198606,-0.104006968641115,-0.317770034843206,0.772822299651568,0.774738675958188,-0.275261324041812,0.29616724738676,-0.0440766550522648,-0.510627177700349,-0.200522648083624,-0.406794425087108,-0.278919860627178,0.845818815331011,-0.580836236933798,0.810278745644599,0.0970383275261324,0.758885017421603,0.797212543554007,0.820905923344948,0.145993031358885,0.00679442508710802,0.623867595818815,0.211672473867596,0.88815331010453,-0.464634146341463,0.689547038327526,-0.538327526132404,-0.616550522648084,0.789547038327526,-0.581010452961673,0.0979094076655053,0.775609756097561,0.851219512195122,0.325609756097561,-0.305400696864112,-0.62595818815331,0.756271777003484,0.62787456445993,0.731010452961673,-0.6801393728223,-0.484843205574913,0.80383275261324,-0.39581881533101,-0.611846689895471,-0.593205574912892,0.801742160278746,0.751393728222997,0.847735191637631,-0.0385017421602788,0.0573170731707317,0.634320557491289,0.734843205574913,-0.55191637630662,-0.25418118466899,0.773867595818815,0.790418118466899,0.818815331010453,-0.478745644599303,0.17212543554007,0.608362369337979,0.706271777003484,0.711672473867596,0.390940766550523,0.769512195121951,0.164285714285714,0.839721254355401,0.767421602787457,-0.717770034843206,0.821080139372823,0.569512195121951,0.807839721254356,0.736933797909408,-0.102439024390244,0.768989547038328,0.625087108013937,0.0808362369337979,0.61794425087108,0.69006968641115,0.813414634146342,0.457839721254356,0.706968641114983,-0.268118466898955,0.411672473867596,0.70609756097561,0.532926829268293,0.435191637630662,0.573867595818815,-0.441637630662021,-0.321254355400697,0.359233449477352,0.631010452961673,0.512020905923345,0.359581881533101,0.56602787456446,0.0926829268292683,-0.0263066202090592,0.375087108013937,0.638675958188153,0.721777003484321,0.732752613240418,0.304703832752613,0.401045296167247,0.43623693379791,0.676655052264808,0.605226480836237,0.605749128919861,0.621428571428572,0.444250871080139,-0.229094076655052,-0.0858885017421603
OTU_13,-0.448432055749129,0.269512195121951,-0.0980836236933798,-0.206271777003484,0.265331010452962,-0.201045296167247,-0.265156794425087,0.198780487804878,0.0613240418118467,-0.173693379790941,0.183797909407666,-0.0470383275261324,NA,-0.592857142857143,-0.256620209059233,-0.0463414634146342,-0.064808362369338,-0.0526132404181185,-0.0982578397212544,-0.0658536585365854,-0.625435540069686,-0.135714285714286,-0.0458188153310105,0.00313588850174216,-0.0290940766550523,0.0315331010452962,-0.0320557491289199,0.0102787456445993,0.404355400696864,0.0416376306620209,0.0628919860627178,0.237456445993031,0.763240418118467,-0.0257839721254355,0.113414634146341,-0.0566202090592335,0.0961672473867596,0.172996515679443,0.0494773519163763,-0.237108013937282,0.0290940766550523,-0.356968641114983,-0.0958188153310105,0.133623693379791,-0.288850174216028,-0.16794425087108,0.375261324041812,-0.0482578397212544,0.203484320557491,0.381533101045296,-0.195993031358885,-0.39006968641115,0.325261324041812,-0.377003484320558,-0.0160278745644599,0.145296167247387,0.129442508710801,0.292857142857143,0.00853658536585366,0.142857142857143,-0.194773519163763,-0.0825783972125436,-0.215679442508711,0.0519163763066202,0.104006968641115,0.23205574912892,-0.287108013937282,0.205052264808362,0.359407665505227,0.198954703832753,-0.174564459930314,0.43205574912892,-0.0303135888501742,0.333797909407666,-0.225087108013937,-0.173170731707317,-0.359407665505227,0.0837979094076655,-0.0383275261324042,0.0609756097560976,-0.212369337979094,0.196864111498258,-0.0198606271777004,0.124738675958188,0.50191637630662,-0.0155052264808362,0.0390243902439024,0.381358885017422,-0.135017421602787,0.498257839721254,-0.300522648083624,-0.304529616724739,0.113588850174216,-0.0275261324041812,-0.209407665505227,0.0466898954703833,0.215156794425087,0.122473867595819,-0.322996515679443,0.405226480836237,-0.249303135888502,-0.263937282229965,0.565331010452962,0.185714285714286,0.0576655052264808,0.134146341463415,0.532404181184669,-0.398954703832753,-0.0367595818815331,-0.0407665505226481,0.306968641114983,0.164808362369338,0.0951219512195122,-0.320034843205575,0.240592334494774,-0.359407665505227,0.112369337979094,0.0158536585365854,0.0252613240418119,0.403135888501742,-0.433101045296167,0.463414634146342,-0.435017421602788,-0.286411149825784,0.731533101045296,0.0668989547038328,0.158885017421603,0.0961672473867596,0.133623693379791,0.277003484320558,0.720557491289199,0.253135888501742,0.0162020905923345,0.0947735191637631,0.206271777003484,0.148606271777004,-0.0519163763066202,0.515853658536585,0.139198606271777,-0.218118466898955,-0.0290940766550523,0.415331010452962,0.157665505226481,0.0318815331010453,-0.224216027874564,0.14808362369338,0.142160278745645,-0.0285714285714286,0.366202090592335,-0.227351916376307,-0.145296167247387,0.0189895470383275,-0.0242160278745645,0.312891986062718,-0.310278745644599,0.130836236933798,0.156271777003484,0.456794425087108,0.0123693379790941,-0.46602787456446,0.132752613240418,0.151393728222997,0.0618466898954704,0.00923344947735192,-0.131358885017422,0.220383275261324,0.151567944250871,-0.337456445993031,-0.266550522648084,0.110452961672474,-0.0263066202090592,0.0655052264808362,-0.0890243902439025,0.322648083623693,0.242160278745645,0.169686411149826,-0.108362369337979,0.137630662020906,0.054006968641115,0.0825783972125436,0.0630662020905924,-0.0566202090592335,-0.141289198606272,0.0306620209059234,0.168641114982578,0.220731707317073,0.329616724738676,0.417421602787456,0.0113240418118467,-0.165679442508711,0.60993031358885,0.0557491289198606,0.0890243902439025,-0.140592334494774,0.0773519163763066,0.0677700348432056,0.1301393728223,-0.109407665505227,0.0679442508710802,0.153135888501742,0.463763066202091,0.337804878048781,0.162369337979094,0.290592334494774,0.347560975609756,0.00383275261324042,-0.107317073170732,0.283623693379791,0.150696864111498,0.16602787456446,-0.0397212543554007,-0.0440766550522648,0.122822299651568,-0.193379790940767,-0.0134146341463415,0.156445993031359,0.0477351916376307,-0.172822299651568,-0.113588850174216,0.153310104529617,0.0477351916376307,-0.0534843205574913,-0.250871080139373,0.00714285714285714,-0.511149825783972
OTU_14,0.496689895470383,-0.340940766550523,0.063588850174216,-0.145121951219512,-0.153484320557491,0.312020905923345,0.0984320557491289,-0.33815331010453,-0.18588850174216,-0.20418118466899,0.147560975609756,0.264982578397213,-0.592857142857143,NA,-0.188501742160279,-0.162543554006969,0.320731707317073,0.100174216027875,0.620383275261324,-0.263937282229965,0.583101045296167,-0.00452961672473868,0.44006968641115,0.195818815331011,0.0310104529616725,-0.0134146341463415,0.0238675958188153,0.254355400696864,-0.255052264808362,-0.242857142857143,0.0662020905923345,-0.0355400696864112,-0.328745644599303,0.235365853658537,0.108536585365854,0.0301393728222997,-0.0954703832752613,-0.128397212543554,-0.130313588850174,0.593205574912892,-0.332752613240418,0.136236933797909,0.218815331010453,-0.371777003484321,0.177526132404181,0.47404181184669,-0.0987804878048781,0.188850174216028,-0.233797909407666,-0.324564459930314,0.414285714285714,0.152090592334495,-0.063588850174216,-0.0834494773519164,-0.104006968641115,-0.064808362369338,0.197212543554007,-0.00871080139372822,0.105923344947735,-0.0613240418118467,0.337804878048781,0.0780487804878049,-0.0637630662020906,-0.119686411149826,0.209581881533101,-0.351219512195122,-0.22020905923345,-0.26184668989547,-0.25609756097561,-0.300174216027875,0.052787456445993,-0.504355400696864,-0.0684668989547038,0.178745644599303,0.136759581881533,0.461498257839721,0.268118466898955,-0.0552264808362369,0.116202090592335,0.176655052264808,0.431533101045296,-0.14581881533101,0.267247386759582,0.101567944250871,-0.228571428571429,0.472822299651568,-0.207839721254355,0.0651567944250871,0.101393728222997,-0.563414634146342,0.25993031358885,0.581533101045296,-0.189547038327526,0.299303135888502,0.128919860627178,-0.347038327526132,0.120731707317073,0.161672473867596,0.365679442508711,0.0939024390243903,0.492160278745645,-0.156445993031359,-0.452264808362369,-0.0240418118466899,0.0348432055749129,0.199825783972125,-0.382926829268293,0.191811846689896,0.333623693379791,0.323867595818815,-0.164285714285714,0.0810104529616725,0.316550522648084,0.770557491289199,-0.383101045296167,0.422473867595819,-0.408188153310105,-0.0566202090592335,0.194599303135889,-0.0980836236933798,0.266898954703833,-0.226655052264808,0.460452961672474,-0.0745644599303136,-0.717421602787457,-0.495993031358885,-0.210627177700348,0.22787456445993,-0.378745644599303,-0.0270034843205575,-0.270905923344948,0.0552264808362369,0.180487804878049,0.157665505226481,0.40418118466899,-0.22595818815331,0.192682926829268,-0.136585365853659,0.0911149825783972,0.0731707317073171,0.356271777003484,-0.454878048780488,-0.332926829268293,0.269337979094077,0.152787456445993,-0.288675958188153,0.0198606271777004,0.319163763066202,0.0466898954703833,0.339372822299652,-0.260452961672474,0.395470383275261,0.320905923344948,0.00592334494773519,-0.161324041811847,-0.311324041811847,0.0479094076655052,-0.39808362369338,-0.25191637630662,0.0182926829268293,0.185017421602788,0.180487804878049,0.203658536585366,0.400871080139373,-0.13815331010453,-0.00731707317073171,0.25609756097561,0.0841463414634146,0.0876306620209059,0.152787456445993,0.361149825783972,0.172473867595819,-0.0517421602787457,-0.00644599303135889,0.0907665505226481,0.186411149825784,0.305052264808362,0.270905923344948,0.255052264808362,0.0792682926829268,0.223519163763066,0.252787456445993,-0.150871080139373,0.156445993031359,-0.192160278745645,0.0489547038327526,-0.124564459930314,-0.711846689895471,0.341289198606272,-0.0722996515679443,-0.177003484320558,0.404878048780488,0.124738675958188,0.495993031358885,-0.0222996515679443,0.308188153310105,-0.141114982578397,0.453832752613241,0.30801393728223,0.00418118466898955,-0.16411149825784,-0.18397212543554,0.0137630662020906,-0.260278745644599,-0.0475609756097561,0.340940766550523,0.246341463414634,0.229094076655052,0.240418118466899,-0.208188153310105,0.0451219512195122,0.064808362369338,0.0757839721254356,0.213066202090592,0.165331010452962,-0.0498257839721254,-0.0433797909407666,-0.028397212543554,0.213588850174216,0.146864111498258,0.0430313588850174,0.0668989547038328,0.21794425087108,-0.158536585365854,0.222473867595819
OTU_15,-0.0614982578397213,0.475435540069686,-0.267595818815331,0.755052264808363,-0.0940766550522648,0.322822299651568,0.832926829268293,0.616202090592335,0.150871080139373,0.83205574912892,0.185714285714286,-0.801742160278746,-0.256620209059233,-0.188501742160279,NA,0.747560975609756,-0.477351916376307,0.290592334494774,-0.0621951219512195,0.863937282229965,-0.00871080139372822,0.294947735191638,-0.742334494773519,0.323867595818815,-0.324390243902439,0.143031358885017,0.43588850174216,-0.481010452961673,-0.68397212543554,0.401219512195122,0.582926829268293,0.45,-0.128222996515679,-0.0581881533101045,-0.0160278745644599,0.704355400696864,0.0721254355400697,0.104878048780488,0.443031358885018,-0.204529616724739,-0.390940766550523,0.460801393728223,-0.35383275261324,0.819512195121951,0.72787456445993,-0.10191637630662,-0.85801393728223,0.121602787456446,0.410278745644599,0.405226480836237,0.37822299651568,0.711672473867596,-0.849651567944251,0.823693379790941,0.122822299651568,-0.573170731707317,-0.702961672473868,-0.812717770034843,-0.297735191637631,-0.574216027874565,-0.0637630662020906,0.166202090592335,0.700696864111498,0.298257839721254,-0.494076655052265,0.542160278745645,0.727177700348432,0.255400696864112,-0.112717770034843,0.00714285714285714,-0.440592334494774,0.372822299651568,0.342508710801394,-0.136062717770035,0.60993031358885,-0.227700348432056,0.356794425087108,-0.0139372822299652,-0.310452961672474,-0.26219512195122,-0.321080139372822,0.051219512195122,0.300522648083624,-0.199477351916376,-0.75609756097561,-0.716202090592335,0.781533101045296,-0.768641114982578,0.214634146341463,0.4198606271777,0.555923344947735,0.324390243902439,0.392508710801394,-0.660452961672474,-0.0876306620209059,0.0468641114982578,-0.774216027874565,-0.77404181184669,0.369337979094077,-0.104529616724739,0.282404181184669,0.760452961672474,0.223170731707317,-0.492160278745645,-0.272648083623693,-0.762020905923345,-0.21794425087108,0.377526132404181,-0.814982578397213,-0.37595818815331,0.15,-0.723693379790941,0.00435540069686411,-0.442682926829268,-0.39616724738676,0.351219512195122,0.202439024390244,0.187804878048781,-0.731881533101046,-0.86794425087108,0.267247386759582,-0.395644599303136,0.243554006968641,0.584320557491289,-0.0597560975609756,0.393205574912892,0.315156794425087,-0.813066202090592,0.444250871080139,-0.737804878048781,-0.467595818815331,-0.83205574912892,-0.703832752613241,-0.800174216027875,-0.209233449477352,-0.0329268292682927,-0.405923344947735,-0.382926829268293,-0.84616724738676,0.61794425087108,-0.653484320557492,0.301219512195122,0.557665505226481,-0.74390243902439,0.424738675958188,-0.120034843205575,-0.806620209059234,-0.813937282229965,-0.51794425087108,0.308536585365854,0.759407665505227,-0.712543554006969,-0.496864111498258,-0.788675958188153,0.77404181184669,0.381010452961673,-0.773344947735192,0.158188153310105,0.654355400696864,0.682229965156795,-0.824912891986063,-0.82595818815331,-0.739547038327526,-0.0479094076655052,-0.0604529616724739,-0.745818815331011,-0.8,0.473693379790941,0.265505226480836,-0.788675958188153,-0.761672473867596,-0.798257839721255,0.516724738675958,-0.437282229965157,-0.646341463414634,-0.851045296167248,-0.646515679442509,-0.327177700348432,-0.741114982578397,-0.00226480836236934,-0.82595818815331,-0.726829268292683,0.627351916376307,-0.791463414634146,-0.457839721254356,-0.834494773519164,-0.80191637630662,0.108710801393728,-0.780836236933798,-0.462369337979094,-0.416550522648084,-0.560975609756098,-0.764285714285714,-0.698606271777004,-0.480836236933798,-0.652787456445993,-0.033623693379791,-0.385365853658537,-0.761672473867596,-0.618118466898955,-0.59616724738676,-0.670383275261324,0.14198606271777,0.150696864111498,-0.582926829268293,-0.482578397212544,-0.458710801393728,-0.528919860627178,-0.629442508710802,-0.079616724738676,-0.13397212543554,-0.390592334494774,-0.721602787456446,-0.623344947735192,-0.729790940766551,-0.460801393728223,-0.45418118466899,-0.314285714285714,-0.545121951219512,-0.766202090592335,-0.537804878048781,-0.617595818815331,-0.204878048780488,0.26411149825784,0.197038327526132
OTU_16,-0.268815331010453,0.489547038327526,-0.185017421602788,0.587456445993031,0.205052264808362,-0.0184668989547038,0.833623693379791,0.53815331010453,-0.148780487804878,0.609059233449478,0.5,-0.835017421602788,-0.0463414634146342,-0.162543554006969,0.747560975609756,NA,-0.290243902439024,0.599128919860627,-0.0559233449477352,0.616550522648084,-0.205574912891986,0.0477351916376307,-0.89616724738676,0.231358885017422,-0.132578397212544,-0.0101045296167247,0.362891986062718,-0.678919860627178,-0.613937282229965,0.186585365853659,0.799651567944251,0.413240418118467,0.131533101045296,-0.453310104529617,-0.142857142857143,0.525783972125436,-0.234146341463415,-0.0768292682926829,0.298257839721254,-0.441463414634146,-0.422299651567944,0.276829268292683,-0.113937282229965,0.744425087108014,0.74808362369338,-0.237979094076655,-0.793031358885018,-0.0409407665505227,0.447038327526133,0.26184668989547,0.569686411149826,0.650696864111498,-0.819337979094077,0.72212543554007,0.104878048780488,-0.759407665505227,-0.843379790940767,-0.684668989547038,-0.63815331010453,-0.754703832752613,-0.064808362369338,-0.0249128919860627,0.547038327526132,0.288501742160279,-0.433623693379791,0.477177700348432,0.572473867595819,0.0536585365853659,-0.456794425087108,-0.318466898954704,-0.447909407665505,0.403135888501742,0.417247386759582,0.202613240418119,0.458362369337979,-0.41602787456446,0.284843205574913,-0.0736933797909408,-0.305923344947735,-0.525783972125436,-0.35993031358885,0.0261324041811847,0.172996515679443,-0.40609756097561,-0.675435540069687,-0.78397212543554,0.742160278745645,-0.652090592334495,0.164808362369338,0.597038327526133,0.612543554006969,0.297909407665505,0.201393728222997,-0.840592334494774,0.0818815331010453,0.0797909407665505,-0.781707317073171,-0.883449477351917,0.419686411149826,0.21184668989547,0.393205574912892,0.637108013937282,0.242334494773519,-0.386411149825784,0.086411149825784,-0.790592334494774,-0.0482578397212544,0.181358885017422,-0.786933797909408,-0.41411149825784,-0.0817073170731707,-0.832404181184669,-0.0153310104529617,-0.477177700348432,-0.360801393728223,0.556271777003484,0.341637630662021,0.0137630662020906,-0.780836236933798,-0.740592334494774,0.436411149825784,-0.29006968641115,0.163414634146341,0.514285714285714,0.0855400696864112,0.240418118466899,0.215505226480836,-0.84425087108014,0.418641114982578,-0.877003484320558,-0.052787456445993,-0.779442508710802,-0.855052264808363,-0.789547038327526,-0.0508710801393728,0.0817073170731707,-0.410104529616725,-0.115331010452962,-0.885540069686411,0.605052264808362,-0.697560975609756,0.318118466898955,0.402961672473868,-0.714634146341463,0.37787456445993,-0.102090592334495,-0.774216027874565,-0.826480836236934,-0.381358885017422,0.34198606271777,0.672473867595819,-0.689895470383275,-0.730836236933798,-0.635540069686411,0.614285714285714,0.185540069686411,-0.826829268292683,0.202090592334495,0.521602787456446,0.589895470383275,-0.800522648083624,-0.716550522648084,-0.798780487804878,-0.0780487804878049,0.0489547038327526,-0.583623693379791,-0.765505226480836,0.520905923344948,0.417770034843206,-0.704529616724739,-0.787630662020906,-0.811846689895471,0.686062717770035,-0.232752613240418,-0.533449477351917,-0.65191637630662,-0.765679442508711,-0.513414634146342,-0.687804878048781,-0.301567944250871,-0.75,-0.709233449477352,0.674390243902439,-0.7301393728223,-0.662717770034843,-0.784146341463415,-0.74808362369338,-0.0421602787456446,-0.786933797909408,-0.622648083623694,-0.103484320557491,-0.622648083623694,-0.610452961672474,-0.692508710801394,-0.64616724738676,-0.68815331010453,-0.0163763066202091,-0.229790940766551,-0.624216027874565,-0.407839721254355,-0.343031358885018,-0.581010452961673,0.272648083623693,0.215331010452962,-0.286236933797909,-0.431358885017422,-0.45993031358885,-0.268641114982578,-0.430313588850174,-0.222996515679443,-0.00452961672473868,-0.439721254355401,-0.568118466898955,-0.673170731707317,-0.665505226480836,-0.335017421602788,-0.47787456445993,-0.541463414634146,-0.615331010452962,-0.585714285714286,-0.629268292682927,-0.58623693379791,-0.273693379790941,0.227351916376307,0.227177700348432
OTU_17,0.145296167247387,-0.696689895470383,0.82020905923345,-0.663588850174216,0.130836236933798,-0.331707317073171,-0.295296167247387,-0.722299651567944,-0.678919860627178,-0.75801393728223,0.250348432055749,0.561324041811847,-0.064808362369338,0.320731707317073,-0.477351916376307,-0.290243902439024,NA,0.439547038327526,0.0594076655052265,-0.584320557491289,0.149651567944251,-0.494250871080139,0.27787456445993,-0.590243902439025,0.125435540069686,-0.529965156794425,-0.262020905923345,-0.0686411149825784,-0.0402439024390244,-0.740940766550523,-0.287282229965157,-0.598257839721254,0.0137630662020906,-0.0738675958188153,-0.219686411149826,-0.608885017421603,-0.636933797909408,-0.611324041811847,-0.134320557491289,-0.113066202090592,0.0790940766550523,0.171777003484321,0.622822299651568,-0.374390243902439,-0.25993031358885,-0.264459930313589,0.265505226480836,0.181010452961673,-0.678919860627178,-0.617421602787457,0.0566202090592335,-0.204529616724739,0.212543554006969,-0.440766550522648,-0.678745644599303,0.240766550522648,0.215505226480836,0.628745644599303,0.0334494773519164,0.0996515679442509,-0.445121951219512,-0.458362369337979,-0.416550522648084,0.112369337979094,-0.0405923344947735,-0.583797909407666,-0.459581881533101,-0.727003484320558,-0.00261324041811847,-0.531881533101045,0.361672473867596,-0.613414634146342,0.400522648083624,0.220905923344948,-0.438501742160279,0.10993031358885,-0.251567944250871,-0.561149825783972,0.159756097560976,-0.0515679442508711,-0.198606271777004,-0.594773519163763,-0.289721254355401,-0.161324041811847,0.170557491289199,0.340940766550523,-0.472299651567944,0.595470383275261,-0.394599303135889,-0.535017421602788,-0.128048780487805,-0.103484320557491,-0.615679442508711,0.177003484320558,0.429442508710801,0.252613240418119,0.307142857142857,0.2,-0.236585365853659,0.166550522648084,-0.181707317073171,-0.333449477351916,-0.397560975609756,-0.0506968641114983,0.645993031358885,0.310278745644599,0.371254355400697,0.083623693379791,0.396341463414634,0.234843205574913,-0.197560975609756,0.238501742160279,-0.0425087108013937,0.278745644599303,0.264459930313589,0.359059233449477,0.0327526132404181,-0.632926829268293,0.305749128919861,0.314459930313589,0.228048780487805,0.35609756097561,0.397909407665505,-0.478919860627178,-0.338501742160279,-0.32595818815331,-0.443554006968641,0.283797909407666,-0.653658536585366,0.24198606271777,0.00452961672473868,0.33205574912892,0.223693379790941,0.356794425087108,0.253484320557491,0.409756097560976,0.722648083623694,0.336411149825784,0.311498257839721,0.014808362369338,0.37212543554007,-0.507491289198606,-0.671777003484321,0.324912891986063,-0.612369337979094,0.213588850174216,0.354529616724739,0.4,0.156445993031359,-0.0639372822299652,-0.34808362369338,0.330313588850174,0.0651567944250871,0.565679442508711,-0.31411149825784,-0.612369337979094,0.283797909407666,-0.434320557491289,-0.473344947735192,-0.240766550522648,0.244773519163763,0.29006968641115,0.302090592334495,-0.00627177700348432,0.179094076655052,0.348432055749129,0.267595818815331,-0.10801393728223,0.115331010452962,0.284146341463415,0.255749128919861,0.378571428571429,0.0451219512195122,0.277526132404181,0.370034843205575,0.316202090592335,0.172996515679443,0.137282229965157,0.380662020905923,-0.0662020905923345,0.327700348432056,0.310278745644599,-0.292334494773519,0.482578397212544,-0.14198606271777,0.337979094076655,0.288675958188153,-0.333797909407666,0.293031358885017,0.152439024390244,0.19006968641115,0.31219512195122,0.247560975609756,0.353658536585366,-0.0538327526132404,0.26184668989547,-0.513414634146342,0.473344947735192,0.375783972125436,0.257665505226481,0.100522648083624,0.158536585365854,-0.382404181184669,-0.0782229965156795,0.0916376306620209,0.496515679442509,0.104878048780488,0.496341463414634,0.560627177700349,-0.290592334494774,0.0759581881533101,0.165156794425087,0.309233449477352,0.254703832752613,0.213066202090592,-0.0139372822299652,-0.00174216027874565,-0.097212543554007,0.123170731707317,0.205749128919861,0.118989547038328,0.0778745644599303,0.371602787456446,0.140243902439024,0.0973867595818815
OTU_18,-0.0519163763066202,-0.0501742160278746,0.49198606271777,0.124738675958188,0.0662020905923345,-0.202787456445993,0.480487804878049,-0.0991289198606272,-0.598954703832753,0.000696864111498258,0.633275261324042,-0.355574912891986,-0.0526132404181185,0.100174216027875,0.290592334494774,0.599128919860627,0.439547038327526,NA,0.0733449477351917,0.150871080139373,-0.20801393728223,-0.222299651567944,-0.543554006968641,-0.116898954703833,-0.158885017421603,-0.395644599303136,0.251045296167247,-0.622996515679443,-0.54198606271777,-0.237282229965157,0.502264808362369,-0.160452961672474,0.254006968641115,-0.433449477351916,-0.44808362369338,0.0705574912891986,-0.65191637630662,-0.387630662020906,0.0205574912891986,-0.414634146341464,-0.304006968641115,0.409407665505227,0.220731707317073,0.41794425087108,0.552264808362369,-0.268118466898955,-0.496689895470383,0.104355400696864,-0.0621951219512195,-0.3,0.501045296167248,0.558188153310105,-0.594599303135889,0.363414634146342,-0.476132404181185,-0.594599303135889,-0.639895470383275,-0.237282229965157,-0.60418118466899,-0.716724738675958,-0.368815331010453,-0.179616724738676,0.340243902439024,0.206271777003484,-0.431358885017422,0.0709059233449478,0.181358885017422,-0.391289198606272,-0.430313588850174,-0.807665505226481,-0.212717770034843,-0.0236933797909408,0.599651567944251,0.383101045296167,0.197735191637631,-0.247212543554007,0.116376306620209,-0.396341463414634,-0.167247386759582,-0.503658536585366,-0.460104529616725,-0.338850174216028,-0.165331010452962,-0.45801393728223,-0.479965156794425,-0.473519163763066,0.425435540069686,-0.170731707317073,-0.000871080139372823,0.179616724738676,0.533623693379791,0.307839721254355,-0.139372822299652,-0.579616724738676,0.345644599303136,0.151393728222997,-0.557317073170732,-0.682926829268293,0.318118466898955,0.265853658536585,0.304878048780488,0.383101045296167,0.0465156794425087,-0.533275261324042,0.579094076655052,-0.551219512195122,0.121777003484321,0.0637630662020906,-0.466898954703833,-0.13205574912892,-0.285191637630662,-0.675261324041812,-0.0627177700348432,-0.187456445993031,-0.00557491289198606,0.782229965156795,0.407491289198606,-0.325261324041812,-0.603832752613241,-0.441114982578397,0.594947735191638,-0.0886759581881533,0.437108013937282,0.143379790940767,-0.0487804878048781,-0.0519163763066202,-0.0343205574912892,-0.607491289198606,-0.0285714285714286,-0.584494773519164,-0.0350174216027875,-0.487108013937282,-0.649825783972126,-0.533449477351917,0.0963414634146342,0.284843205574913,0.136062717770035,0.181533101045296,-0.576480836236934,0.669337979094077,-0.378571428571429,0.0433797909407666,-0.0642857142857143,-0.526132404181185,-0.0871080139372822,-0.0449477351916376,-0.503310104529617,-0.508188153310105,-0.2801393728223,0.20191637630662,0.44390243902439,-0.491637630662021,-0.604878048780488,-0.249128919860627,0.344250871080139,-0.251567944250871,-0.629616724738676,-0.14390243902439,0.0945993031358885,0.312717770034843,-0.588327526132404,-0.525435540069687,-0.544076655052265,-0.0407665505226481,0.139895470383275,-0.277003484320558,-0.576480836236934,0.317595818815331,0.560975609756098,-0.550696864111498,-0.563066202090592,-0.517247386759582,0.636236933797909,0.090418118466899,-0.315853658536585,-0.476132404181185,-0.595993031358885,-0.484843205574913,-0.523519163763066,-0.351219512195122,-0.48815331010453,-0.48623693379791,0.45801393728223,-0.417073170731707,-0.746341463414634,-0.510278745644599,-0.424564459930314,-0.32822299651568,-0.533797909407666,-0.444947735191638,0.0466898954703833,-0.403135888501742,-0.452961672473868,-0.409581881533101,-0.636933797909408,-0.555400696864112,-0.208536585365854,0.153135888501742,-0.374564459930314,-0.251567944250871,-0.298954703832753,-0.387804878048781,0.164459930313589,0.0162020905923345,-0.29198606271777,-0.113414634146341,-0.415331010452962,0.126829268292683,0.00853658536585366,-0.525783972125436,-0.028397212543554,-0.355400696864112,-0.396689895470383,-0.472648083623693,-0.484320557491289,-0.359756097560976,-0.529616724738676,-0.526655052264808,-0.552961672473868,-0.428571428571429,-0.594773519163763,-0.549825783972126,-0.119512195121951,0.375783972125436,0.203310104529617
OTU_19,0.297560975609756,0.206445993031359,-0.201393728222997,0.0308362369337979,-0.110801393728223,0.629442508710802,0.140418118466899,0.129965156794425,-0.115853658536585,0.0656794425087108,0.457665505226481,-0.0590592334494774,-0.0982578397212544,0.620383275261324,-0.0621951219512195,-0.0559233449477352,0.0594076655052265,0.0733449477351917,NA,0.00452961672473868,0.102090592334495,0.288327526132404,0.349128919860627,0.649303135888502,-0.263763066202091,-0.0292682926829268,0.0534843205574913,0.148432055749129,-0.25,-0.11411149825784,0.445993031358885,0.41184668989547,0.296515679442509,0.354878048780488,0.465156794425087,0.417073170731707,0.0935540069686411,0.188675958188153,-0.249651567944251,0.655749128919861,-0.682229965156795,-0.0308362369337979,-0.322822299651568,-0.101567944250871,0.224912891986063,0.652264808362369,-0.188501742160279,0.163066202090592,0.291114982578397,0.0846689895470383,0.539198606271777,0.114459930313589,-0.157491289198606,-0.127526132404181,0.0358885017421603,-0.329094076655052,0.0660278745644599,-0.19198606271777,0.0628919860627178,-0.203484320557491,0.374390243902439,0.426480836236934,-0.0177700348432056,-0.139024390243902,0.142508710801394,0.0127177700348432,-0.289024390243903,0.104878048780488,-0.013588850174216,-0.221254355400697,-0.266550522648084,0.145644599303136,0.0818815331010453,0.604703832752613,0.374390243902439,0.401393728222997,0.310278745644599,0.0285714285714286,-0.146864111498258,0.169163763066202,0.344773519163763,0.0566202090592335,0.590940766550523,0.359407665505227,-0.118989547038328,0.404355400696864,0.145993031358885,0.00209059233449477,0.343554006968641,-0.097212543554007,0.16602787456446,0.649825783972126,0.173867595818815,0.24808362369338,-0.194599303135889,-0.667421602787457,-0.0282229965156794,0.0986062717770035,0.14808362369338,0.532229965156795,0.534146341463415,-0.229094076655052,0.247038327526132,0.0456445993031359,-0.275609756097561,-0.0318815331010453,-0.105052264808362,0.149825783972125,-0.0252613240418119,0.508362369337979,0.437979094076655,-0.0724738675958188,0.785191637630662,0.679094076655052,-0.649477351916376,0.218466898954704,-0.555923344947735,0.114982578397213,-0.0538327526132404,-0.16184668989547,0.0574912891986063,-0.15191637630662,0.31411149825784,-0.172473867595819,-0.313414634146342,-0.535191637630662,-0.251393728222997,0.0639372822299652,-0.228397212543554,0.0151567944250871,-0.0777003484320558,-0.0939024390243903,-0.00139372822299652,-0.0850174216027875,0.667421602787457,-0.504006968641115,0.0491289198606272,-0.145470383275261,-0.0745644599303136,-0.0357142857142857,0.371951219512195,-0.0571428571428571,-0.15,-0.0179442508710801,0.375261324041812,-0.494947735191638,-0.168292682926829,0.0616724738675958,-0.0229965156794425,0.110975609756098,-0.244773519163763,0.219512195121951,0.302439024390244,-0.171428571428571,-0.244773519163763,-0.0430313588850174,-0.0857142857142857,-0.179442508710801,0.14390243902439,-0.197560975609756,0.00993031358885018,-0.00383275261324042,0.0479094076655052,0.820731707317073,-0.509581881533101,-0.093205574912892,0.101567944250871,-0.00104529616724739,-0.179790940766551,-0.0294425087108014,0.244250871080139,-0.0717770034843206,-0.125435540069686,0.0867595818815331,-0.129268292682927,0.0303135888501742,0.0477351916376307,0.430487804878049,0.00766550522648084,0.309059233449477,-0.0308362369337979,-0.0621951219512195,-0.138327526132404,-0.203310104529617,-0.276132404181185,-0.0963414634146342,-0.244425087108014,-0.648432055749129,0.156794425087108,-0.485017421602787,0.0587108013937282,0.421428571428572,-0.0923344947735192,0.25993031358885,-0.0777003484320558,0.14616724738676,0.0236933797909408,0.414285714285714,-0.0200348432055749,-0.103135888501742,-0.20993031358885,-0.371080139372822,0.210627177700348,-0.142682926829268,-0.229965156794425,0.345296167247387,-0.149825783972125,0.213066202090592,0.0376306620209059,-0.270731707317073,-0.115679442508711,-0.223867595818815,-0.212891986062718,-0.230662020905923,-0.138327526132404,-0.283449477351916,-0.216376306620209,-0.120905923344948,-0.161672473867596,-0.0573170731707317,-0.238675958188153,-0.14581881533101,-0.209407665505227,-0.197560975609756,-0.107491289198606
OTU_20,0.108362369337979,0.528048780487805,-0.293728222996516,0.785017421602788,-0.281184668989547,0.391114982578397,0.643554006968641,0.651219512195122,0.238675958188153,0.802090592334495,0.0799651567944251,-0.720557491289199,-0.0658536585365854,-0.263937282229965,0.863937282229965,0.616550522648084,-0.584320557491289,0.150871080139373,0.00452961672473868,NA,-0.275783972125436,0.381358885017422,-0.642857142857143,0.460627177700349,-0.593205574912892,0.097212543554007,0.523170731707317,-0.373867595818815,-0.43205574912892,0.560278745644599,0.569512195121951,0.545644599303136,0.086411149825784,0.188327526132404,0.0121951219512195,0.754006968641115,0.150522648083624,0.336759581881533,0.438327526132404,-0.0937282229965157,-0.320731707317073,0.501219512195122,-0.570034843205575,0.839895470383275,0.630487804878049,0.0763066202090592,-0.706968641114983,0.323867595818815,0.531010452961673,0.642857142857143,0.231358885017422,0.671428571428571,-0.692160278745645,0.686933797909408,0.232752613240418,-0.556968641114983,-0.556968641114983,-0.836933797909408,-0.173519163763066,-0.545296167247387,-0.033623693379791,0.38205574912892,0.793031358885018,0.0486062717770035,-0.634146341463415,0.728397212543554,0.58205574912892,0.366376306620209,0.0273519163763066,0.082404181184669,-0.552090592334495,0.511324041811847,0.201393728222997,-0.0590592334494774,0.670905923344948,-0.0379790940766551,0.336411149825784,0.216898954703833,-0.398432055749129,-0.039198606271777,-0.168815331010453,0.181358885017422,0.386062717770035,-0.122473867595819,-0.637456445993031,-0.620034843205575,0.792682926829268,-0.776132404181185,0.299128919860627,0.454878048780488,0.456445993031359,0.360975609756098,0.576306620209059,-0.574390243902439,-0.268466898954704,-0.120557491289199,-0.631358885017422,-0.626829268292683,0.284668989547038,-0.0599303135888502,0.337282229965157,0.718989547038328,0.481707317073171,-0.431707317073171,-0.416898954703833,-0.721777003484321,-0.213588850174216,0.307839721254355,-0.759756097560976,-0.432578397212544,0.339372822299652,-0.692160278745645,0.183101045296167,-0.424738675958188,-0.289547038327526,0.204878048780488,0.315853658536585,0.414982578397213,-0.69616724738676,-0.695296167247387,0.12787456445993,-0.363066202090592,0.208536585365854,0.461498257839721,0.137979094076655,0.383275261324042,0.480662020905923,-0.717247386759582,0.541289198606272,-0.586585365853659,-0.304006968641115,-0.814808362369338,-0.621777003484321,-0.794947735191638,-0.0970383275261324,-0.164808362369338,-0.549303135888502,-0.228571428571429,-0.715331010452962,0.564634146341464,-0.552439024390244,0.46602787456446,0.721428571428572,-0.708710801393728,0.453832752613241,-0.200348432055749,-0.757317073170732,-0.780836236933798,-0.543554006968641,0.285191637630662,0.696515679442509,-0.637282229965157,-0.296864111498258,-0.813240418118467,0.639721254355401,0.399825783972126,-0.741637630662021,0.254006968641115,0.744599303135889,0.447386759581882,-0.778745644599303,-0.75226480836237,-0.64616724738676,0.116724738675958,-0.0494773519163763,-0.747212543554007,-0.747386759581882,0.311672473867596,0.168118466898955,-0.774912891986063,-0.635540069686411,-0.779790940766551,0.453658536585366,-0.355052264808362,-0.636411149825784,-0.822822299651568,-0.509407665505227,-0.226306620209059,-0.778397212543554,0.241637630662021,-0.781358885017422,-0.75993031358885,0.513588850174216,-0.806271777003485,-0.35993031358885,-0.783797909407666,-0.655400696864112,0.105400696864112,-0.739198606271777,-0.525261324041812,-0.299128919860627,-0.485191637630662,-0.777700348432056,-0.579094076655052,-0.521777003484321,-0.578048780487805,0.145644599303136,-0.216550522648084,-0.800696864111498,-0.65418118466899,-0.61794425087108,-0.499303135888502,0.329790940766551,0.0738675958188153,-0.576829268292683,-0.466898954703833,-0.540766550522648,-0.551219512195122,-0.622299651567944,-0.149477351916376,-0.172473867595819,-0.385714285714286,-0.689198606271777,-0.585017421602788,-0.681010452961673,-0.466202090592335,-0.52020905923345,-0.209581881533101,-0.493728222996516,-0.686062717770035,-0.493379790940767,-0.578048780487805,-0.259059233449477,0.303658536585366,0.071602787456446
OTU_21,0.154006968641115,-0.289024390243903,-0.108536585365854,-0.121951219512195,0.0301393728222997,0.245644599303136,0.0963414634146342,-0.190766550522648,0.0210801393728223,-0.0257839721254355,-0.15191637630662,0.183449477351916,-0.625435540069686,0.583101045296167,-0.00871080139372822,-0.205574912891986,0.149651567944251,-0.20801393728223,0.102090592334495,-0.275783972125436,NA,-0.0637630662020906,0.353135888501742,-0.173693379790941,0.466376306620209,0.328571428571429,-0.199128919860627,0.27787456445993,-0.337108013937282,-0.188327526132404,-0.260278745644599,-0.129268292682927,-0.70609756097561,0.114459930313589,0.0846689895470383,-0.0763066202090592,0.0508710801393728,-0.15,0.094425087108014,0.365679442508711,-0.150522648083624,0.102090592334495,0.443379790940767,-0.303658536585366,-0.0674216027874565,0.0252613240418119,-0.106968641114983,-0.0712543554006969,-0.364634146341464,-0.379442508710801,0.186236933797909,-0.0839721254355401,-0.043205574912892,-0.0266550522648084,-0.226829268292683,0.243031358885017,0.179442508710801,0.104878048780488,0.267421602787457,0.245121951219512,0.309581881533101,-0.128048780487805,-0.199303135888502,0.313763066202091,0.384320557491289,-0.465679442508711,-0.0466898954703833,-0.113066202090592,-0.0616724738675958,0.138327526132404,0.134668989547038,-0.632752613240418,-0.0383275261324042,-0.291811846689896,-0.0726480836236934,0.186411149825784,-0.0343205574912892,-0.16602787456446,0.102439024390244,0.10418118466899,0.144947735191638,-0.149128919860627,0.167595818815331,0.237282229965157,-0.208710801393728,0.340243902439024,-0.309581881533101,0.0982578397212544,-0.171080139372822,-0.569337979094077,0.0452961672473868,0.094425087108014,-0.294947735191638,0.27595818815331,0.0754355400696864,0.0350174216027875,0.164285714285714,0.194250871080139,0.0989547038327526,-0.243728222996516,0.0231707317073171,-0.155923344947735,-0.716376306620209,0.0506968641114983,-0.0132404181184669,0.30801393728223,-0.241463414634146,0.155574912891986,0.310975609756098,0.226655052264808,-0.234320557491289,0.230313588850174,-0.0766550522648084,0.414285714285714,-0.300348432055749,0.117421602787456,-0.511498257839721,-0.0844947735191638,0.296515679442509,-0.146341463414634,0.0963414634146342,0.00557491289198606,0.290766550522648,-0.0576655052264808,-0.776132404181185,0.0121951219512195,-0.32020905923345,0.172648083623693,-0.307665505226481,0.0113240418118467,-0.540592334494774,0.190766550522648,0.25191637630662,0.236933797909408,-0.0235191637630662,0.0848432055749129,0.0937282229965157,-0.332926829268293,0.110975609756098,-0.136062717770035,0.251567944250871,-0.581184668989547,-0.237456445993031,0.295470383275261,0.0146341463414634,0.156620209059233,0.132578397212544,0.255400696864112,0.127177700348432,0.302613240418118,-0.259233449477352,0.290592334494774,0.233449477351916,0.0651567944250871,0.128222996515679,-0.0524390243902439,0.248257839721254,-0.260104529616725,-0.254529616724739,0.177526132404181,0.243554006968641,0.166376306620209,0.163414634146341,0.0196864111498258,-0.0182926829268293,-0.0334494773519164,0.298954703832753,0.296341463414634,-0.0151567944250871,0.198780487804878,0.241114982578397,0.305923344947735,-0.20993031358885,-0.132752613240418,0.200348432055749,0.142682926829268,0.336933797909408,0.271777003484321,0.344425087108014,0.0149825783972125,0.230662020905923,0.321951219512195,-0.097212543554007,0.344076655052265,0.0196864111498258,0.144250871080139,-0.086411149825784,-0.225783972125436,0.287804878048781,0.230487804878049,-0.352787456445993,0.308188153310105,0.212020905923345,0.286236933797909,0.177177700348432,0.315331010452962,-0.172822299651568,0.0735191637630662,0.370731707317073,0.0195121951219512,-0.116376306620209,-0.148432055749129,-0.243554006968641,0.0172473867595819,0.0526132404181185,0.0989547038327526,0.365156794425087,-0.00139372822299652,0.12404181184669,0.135365853658537,0.264634146341463,0.219337979094077,0.0844947735191638,0.342508710801394,0.238501742160279,0.146341463414634,0.332578397212544,0.0797909407665505,0.330836236933798,0.100174216027875,0.266724738675958,0.223693379790941,0.474564459930314,-0.071602787456446,0.183623693379791
OTU_22,0.0520905923344948,0.3198606271777,-0.411672473867596,0.463066202090592,-0.322996515679443,0.420034843205575,0.17595818815331,0.463240418118467,0.490592334494774,0.551219512195122,-0.101742160278746,-0.324912891986063,-0.135714285714286,-0.00452961672473868,0.294947735191638,0.0477351916376307,-0.494250871080139,-0.222299651567944,0.288327526132404,0.381358885017422,-0.0637630662020906,NA,-0.0344947735191638,0.577351916376307,-0.230836236933798,0.148954703832753,0.153310104529617,0.014808362369338,-0.078397212543554,0.45191637630662,0.231707317073171,0.279268292682927,0.024390243902439,0.113066202090592,0.0625435540069686,0.515331010452962,0.514459930313589,0.683101045296167,-0.1698606271777,0.295993031358885,-0.195644599303136,-0.0231707317073171,-0.608536585365854,0.0984320557491289,0.299477351916376,0.497386759581882,-0.234668989547038,-0.0386759581881533,0.591463414634146,0.174738675958188,-0.0278745644599303,0.214285714285714,-0.162020905923345,0.399128919860627,0.332229965156794,-0.28588850174216,-0.206794425087108,-0.461498257839721,-0.136062717770035,-0.188501742160279,0.202264808362369,0.604878048780488,0.294947735191638,-0.352787456445993,-0.116550522648084,0.357839721254355,0.365331010452962,0.65993031358885,-0.156620209059233,0.0506968641114983,-0.155923344947735,0.451045296167247,-0.27212543554007,-0.160104529616725,0.453832752613241,-0.0222996515679443,0.36411149825784,0.560627177700349,-0.176306620209059,0.0149825783972125,0.144599303135889,0.389372822299652,0.211672473867596,0.264634146341463,-0.0984320557491289,-0.143031358885017,0.281184668989547,-0.461672473867596,0.406445993031359,0.136585365853659,-0.0353658536585366,0.181533101045296,0.585540069686411,-0.0874564459930314,-0.382578397212544,-0.267770034843206,-0.327700348432056,-0.118989547038328,0.203658536585366,-0.109059233449477,0.125609756097561,0.247560975609756,0.362891986062718,-0.0862369337979094,-0.663414634146342,-0.295644599303136,-0.497386759581882,-0.00679442508710802,-0.340592334494774,0.0844947735191638,0.155226480836237,-0.188850174216028,0.256968641114983,0.0282229965156794,-0.340766550522648,-0.222473867595819,-0.111498257839721,0.632404181184669,-0.236759581881533,-0.294947735191638,0.0433797909407666,-0.544425087108014,-0.122996515679443,0.450696864111498,0.0663763066202091,0.0759581881533101,-0.0398954703832753,-0.2,0.271428571428572,-0.14198606271777,-0.237282229965157,-0.222822299651568,-0.182229965156794,-0.327351916376307,-0.119686411149826,-0.378745644599303,-0.29808362369338,-0.436585365853659,-0.222473867595819,-0.0576655052264808,-0.146864111498258,0.208885017421603,0.270557491289199,-0.285714285714286,0.477700348432056,-0.236933797909408,-0.204703832752613,-0.257665505226481,-0.241463414634146,-0.00853658536585366,0.278048780487805,-0.267595818815331,0.0139372822299652,-0.484668989547038,0.020383275261324,0.492682926829268,-0.265505226480836,-0.106620209059233,0.409581881533101,-0.0308362369337979,-0.246689895470383,-0.183797909407666,-0.212369337979094,0.213240418118467,-0.0846689895470383,-0.181533101045296,-0.257317073170732,0.178919860627178,-0.0745644599303136,-0.215679442508711,-0.0808362369337979,-0.315505226480836,-0.0898954703832753,-0.0280487804878049,-0.415679442508711,-0.288850174216028,-0.105749128919861,0.0149825783972125,-0.308536585365854,0.0736933797909408,-0.269512195121951,-0.185191637630662,0.172822299651568,-0.395296167247387,0.0700348432055749,-0.238327526132404,-0.17595818815331,-0.154703832752613,-0.195644599303136,-0.207665505226481,-0.297212543554007,-0.0498257839721254,-0.230313588850174,-0.154703832752613,-0.0358885017421603,-0.218466898954704,0.417073170731707,-0.21602787456446,-0.30383275261324,-0.0494773519163763,-0.368292682926829,-0.165331010452962,0.370557491289199,-0.206968641114983,-0.338327526132404,-0.175261324041812,-0.0993031358885018,-0.39616724738676,-0.453832752613241,0.107491289198606,-0.100871080139373,0.0114982578397213,-0.25418118466899,-0.292682926829268,-0.109233449477352,-0.202090592334495,-0.115853658536585,0.201567944250871,-0.100522648083624,-0.202613240418119,-0.339895470383275,-0.184320557491289,-0.365331010452962,-0.0801393728222997,-0.0385017421602788
OTU_23,0.357839721254355,-0.428571428571429,0.0555749128919861,-0.601742160278746,-0.177526132404181,0.158536585365854,-0.715679442508711,-0.499303135888502,0.0893728222996516,-0.57822299651568,-0.333101045296167,0.78815331010453,-0.0458188153310105,0.44006968641115,-0.742334494773519,-0.89616724738676,0.27787456445993,-0.543554006968641,0.349128919860627,-0.642857142857143,0.353135888501742,-0.0344947735191638,NA,-0.0745644599303136,0.15418118466899,0.0573170731707317,-0.293205574912892,0.755400696864112,0.485017421602787,-0.224216027874564,-0.583449477351916,-0.227177700348432,-0.117073170731707,0.539198606271777,0.312369337979094,-0.36184668989547,0.233275261324042,0.0447735191637631,-0.235540069686411,0.689024390243903,0.154878048780488,-0.286585365853659,0.146864111498258,-0.793728222996516,-0.640243902439025,0.397560975609756,0.661149825783972,0.0923344947735192,-0.399651567944251,-0.229442508710801,-0.29198606271777,-0.606445993031359,0.713937282229965,-0.759581881533101,-0.043205574912892,0.637282229965157,0.85609756097561,0.585540069686411,0.672473867595819,0.685714285714286,0.240766550522648,0.0653310104529617,-0.577526132404181,-0.206271777003484,0.529965156794425,-0.519686411149826,-0.621428571428572,-0.0691637630662021,0.402613240418119,0.267421602787457,0.372648083623693,-0.455923344947735,-0.416376306620209,-0.0247386759581882,-0.347735191637631,0.562020905923345,-0.238501742160279,0.0231707317073171,0.241289198606272,0.575261324041812,0.531533101045296,-0.0439024390243902,0.0770034843205575,0.484320557491289,0.562717770034843,0.933449477351917,-0.723693379790941,0.615505226480836,-0.0583623693379791,-0.647560975609756,-0.496689895470383,-0.0425087108013937,-0.254703832752613,0.925435540069687,-0.0674216027874565,-0.328048780487805,0.783623693379791,0.884494773519164,-0.27404181184669,-0.0515679442508711,-0.134146341463415,-0.699477351916376,-0.327700348432056,0.410278745644599,-0.0954703832752613,0.795644599303136,-0.0212543554006969,-0.115156794425087,0.792682926829268,0.566550522648084,0.14581881533101,0.808885017421603,0.257317073170732,0.65609756097561,0.0595818815331011,-0.398432055749129,-0.528222996515679,-0.0505226480836237,0.755052264808363,0.645818815331011,-0.427351916376307,0.196864111498258,-0.0398954703832753,-0.481881533101045,-0.255923344947735,-0.455400696864112,-0.291463414634146,0.825087108013937,-0.483623693379791,0.799825783972126,0.0458188153310105,0.739547038327526,0.840766550522648,0.735191637630662,0.242857142857143,-0.253310104529617,0.362369337979094,0.0663763066202091,0.811149825783972,-0.549477351916376,0.819163763066202,-0.417770034843206,-0.473693379790941,0.738501742160279,-0.244773519163763,-0.0487804878048781,0.684146341463415,0.80993031358885,0.4301393728223,-0.214285714285714,-0.728048780487805,0.794076655052265,0.813240418118467,0.53205574912892,-0.669163763066202,-0.240592334494774,0.780662020905924,-0.266376306620209,-0.51602787456446,-0.581010452961673,0.814982578397213,0.726306620209059,0.820905923344948,0.280313588850174,-0.186933797909408,0.471777003484321,0.815679442508711,-0.513414634146342,-0.438675958188153,0.742160278745645,0.855923344947735,0.776480836236934,-0.679442508710801,0.162543554006969,0.535017421602788,0.681358885017422,0.785365853658537,0.643205574912892,0.715331010452962,0.339895470383275,0.759407665505227,0.70993031358885,-0.708885017421603,0.663937282229965,0.542857142857143,0.739372822299652,0.588501742160279,-0.204878048780488,0.832404181184669,0.436411149825784,0.129094076655052,0.735017421602788,0.62020905923345,0.802961672473868,0.58588850174216,0.740940766550523,-0.0231707317073171,0.313763066202091,0.702090592334495,0.394076655052265,0.340418118466899,0.405923344947735,-0.266550522648084,-0.276829268292683,0.309581881533101,0.558885017421603,0.471080139372822,0.36219512195122,0.49616724738676,0.141114982578397,0.031184668989547,0.310452961672474,0.50993031358885,0.60609756097561,0.639024390243903,0.29390243902439,0.448954703832753,0.414808362369338,0.544599303135889,0.572996515679443,0.576655052264809,0.554355400696864,0.332229965156794,-0.341114982578397,-0.19616724738676
OTU_24,0.15,0.668292682926829,-0.60609756097561,0.594947735191638,-0.268641114982578,0.631707317073171,0.351045296167247,0.631010452961673,0.400174216027875,0.613937282229965,0.151393728222997,-0.515331010452962,0.00313588850174216,0.195818815331011,0.323867595818815,0.231358885017422,-0.590243902439025,-0.116898954703833,0.649303135888502,0.460627177700349,-0.173693379790941,0.577351916376307,-0.0745644599303136,NA,-0.38815331010453,0.24581881533101,0.355052264808362,0.0522648083623693,-0.137979094076655,0.469686411149826,0.55801393728223,0.64006968641115,0.312891986062718,0.176829268292683,0.30993031358885,0.715853658536585,0.497212543554007,0.613937282229965,-0.148780487804878,0.439024390243903,-0.486062717770035,-0.0703832752613241,-0.720557491289199,0.254355400696864,0.515156794425087,0.705226480836237,-0.340243902439024,0.0212543554006969,0.741114982578397,0.472996515679443,0.344425087108014,0.392508710801394,-0.302613240418118,0.368641114982578,0.507317073170732,-0.505226480836237,-0.19616724738676,-0.610801393728223,-0.163937282229965,-0.340766550522648,0.583275261324042,0.712891986062718,0.402090592334495,-0.315505226480836,-0.000871080139372823,0.513763066202091,0.20993031358885,0.615679442508711,-0.118815331010453,0.0792682926829268,-0.492682926829268,0.597909407665505,-0.224564459930314,0.332404181184669,0.680836236933798,0.199651567944251,0.47020905923345,0.497560975609756,-0.115505226480836,0.0524390243902439,0.386585365853659,0.555923344947735,0.489547038327526,0.280487804878049,-0.269337979094077,-0.0860627177700349,0.492508710801394,-0.521080139372822,0.602787456445993,0.380487804878049,0.375087108013937,0.640940766550523,0.681533101045296,-0.147386759581882,-0.447212543554007,-0.601219512195122,-0.383449477351916,-0.196864111498258,0.361324041811847,0.247909407665505,0.579965156794425,0.187804878048781,0.567247386759582,-0.0519163763066202,-0.567595818815331,-0.315331010452962,-0.347909407665505,-0.0508710801393728,-0.38588850174216,0.173693379790941,0.35801393728223,-0.35,0.500348432055749,0.25383275261324,-0.528222996515679,-0.0447735191637631,-0.262369337979094,0.584843205574913,-0.350522648083624,-0.389547038327526,-0.029616724738676,-0.462020905923345,-0.0130662020905923,0.288675958188153,0.097212543554007,-0.137630662020906,0.183449477351916,-0.233797909407666,0.37595818815331,-0.269512195121951,0.00313588850174216,-0.391811846689896,-0.226655052264808,-0.392682926829268,0.220731707317073,-0.566202090592335,-0.462369337979094,-0.292160278745645,-0.365156794425087,0.085191637630662,-0.159407665505227,0.457665505226481,0.412369337979094,-0.371080139372822,0.754703832752613,-0.489895470383275,-0.431533101045296,-0.288501742160279,-0.229442508710801,0.0815331010452962,0.149825783972125,-0.222299651567944,0.0644599303135889,-0.556968641114983,0.0832752613240418,0.445993031358885,-0.390592334494774,0.227177700348432,0.476306620209059,0.136933797909408,-0.314634146341463,-0.299303135888502,-0.263066202090592,0.571080139372822,-0.36219512195122,-0.325435540069687,-0.232229965156795,0.100696864111498,-0.0834494773519164,-0.313937282229965,-0.118292682926829,-0.421602787456446,-0.0024390243902439,-0.0862369337979094,-0.463763066202091,-0.246515679442509,-0.18205574912892,0.0818815331010453,-0.351393728222997,0.202613240418119,-0.337282229965157,-0.330313588850174,0.174564459930314,-0.59425087108014,-0.156620209059233,-0.409756097560976,-0.404006968641115,-0.255400696864112,-0.185540069686411,-0.46602787456446,-0.0829268292682927,-0.0101045296167247,-0.330836236933798,-0.198780487804878,-0.0292682926829268,-0.194250871080139,0.445296167247387,-0.0165505226480836,-0.395121951219512,-0.336759581881533,-0.313066202090592,-0.407839721254355,0.486062717770035,-0.000174216027874565,-0.3,-0.201393728222997,-0.242857142857143,-0.223519163763066,-0.44616724738676,-0.0378048780487805,-0.150696864111498,-0.277351916376307,-0.395644599303136,-0.441811846689896,-0.378571428571429,-0.282229965156794,-0.324216027874564,-0.0452961672473868,-0.307142857142857,-0.169337979094077,-0.359756097560976,-0.288327526132404,-0.53205574912892,-0.157665505226481,-0.0782229965156795
OTU_25,-0.565505226480836,-0.0834494773519164,-0.210452961672474,-0.21411149825784,0.52787456445993,-0.316376306620209,-0.0848432055749129,-0.164459930313589,0.00940766550522648,-0.266202090592335,-0.0054006968641115,0.11794425087108,-0.0290940766550523,0.0310104529616725,-0.324390243902439,-0.132578397212544,0.125435540069686,-0.158885017421603,-0.263763066202091,-0.593205574912892,0.466376306620209,-0.230836236933798,0.15418118466899,-0.38815331010453,NA,0.453832752613241,-0.454529616724739,0.21184668989547,0.0926829268292683,-0.185191637630662,-0.314808362369338,-0.190940766550523,-0.329442508710801,-0.485017421602787,-0.134668989547038,-0.467421602787457,-0.0430313588850174,-0.195818815331011,-0.231184668989547,-0.160627177700348,0.121602787456446,-0.509059233449477,0.592508710801394,-0.285191637630662,-0.275783972125436,-0.276132404181185,0.329790940766551,-0.614808362369338,-0.281358885017422,-0.451742160278746,-0.0634146341463415,-0.404529616724739,0.287108013937282,-0.228048780487805,-0.142334494773519,0.336585365853659,0.0745644599303136,0.477526132404181,-0.0613240418118467,0.332578397212544,0.203135888501742,-0.471951219512195,-0.529442508710801,0.401045296167247,0.686411149825784,-0.318292682926829,-0.195993031358885,-0.135017421602787,-0.174738675958188,0.0977351916376307,0.127351916376307,-0.321428571428572,-0.137456445993031,-0.185017421602788,-0.424912891986063,-0.400174216027875,-0.188327526132404,-0.0742160278745645,0.14616724738676,-0.254529616724739,-0.0541811846689896,-0.000522648083623693,-0.295993031358885,-0.0489547038327526,0.300348432055749,0.1198606271777,-0.349303135888502,0.372473867595819,-0.363763066202091,-0.0529616724738676,-0.153310104529617,-0.463240418118467,-0.386759581881533,0.151742160278746,0.141637630662021,0.388850174216028,0.237282229965157,0.154529616724739,-0.0831010452961673,-0.0989547038327526,-0.226829268292683,-0.316898954703833,-0.485714285714286,0.304703832752613,0.295993031358885,0.343379790940767,0.184320557491289,-0.318989547038328,0.322996515679443,0.0613240418118467,-0.460278745644599,0.341114982578397,-0.461672473867596,0.142508710801394,0.0632404181184669,-0.209233449477352,-0.310104529616725,-0.172473867595819,0.372996515679443,0.295470383275261,0.0780487804878049,0.308362369337979,-0.268989547038328,-0.155400696864112,-0.0641114982578397,0.159756097560976,-0.213414634146342,0.23588850174216,-0.105749128919861,0.134320557491289,0.0871080139372822,0.497735191637631,0.210975609756098,0.391289198606272,-0.25801393728223,0.413066202090592,-0.0153310104529617,0.100871080139373,0.24198606271777,-0.40418118466899,0.0439024390243902,-0.225261324041812,-0.294425087108014,0.331533101045296,-0.162717770034843,0.451045296167247,0.406968641114983,0.347212543554007,0.507839721254356,0.0114982578397213,-0.355052264808362,0.222648083623693,-0.145644599303136,0.440592334494774,-0.0444250871080139,-0.0787456445993032,0.427003484320558,0.139895470383275,-0.439372822299652,0.0445993031358885,0.39581881533101,0.382404181184669,0.107665505226481,-0.379094076655052,0.121602787456446,0.402090592334495,0.428048780487805,0.115679442508711,-0.0358885017421603,0.407491289198606,0.134146341463415,0.405923344947735,-0.176132404181185,0.271602787456446,0.481358885017422,0.440243902439024,0.168466898954704,0.00627177700348432,0.369337979094077,-0.396515679442509,0.366376306620209,0.464634146341463,0.0538327526132404,0.533623693379791,0.133101045296167,0.444425087108014,0.337804878048781,0.178222996515679,0.269512195121951,0.299477351916376,0.174390243902439,0.0493031358885018,0.511324041811847,0.0613240418118467,0.381881533101045,0.219686411149826,-0.0412891986062718,-0.364808362369338,0.595470383275261,0.352787456445993,0.461498257839721,0.342857142857143,-0.123693379790941,0.226132404181185,0.590243902439025,-0.0696864111498258,0.406620209059234,0.280487804878049,0.340592334494774,0.333275261324042,0.288850174216028,0.385540069686411,0.503658536585366,0.360801393728223,0.369686411149826,0.615505226480836,0.667421602787457,-0.0421602787456446,0.274216027874565,0.424216027874565,0.339895470383275,0.393205574912892,0.173170731707317,-0.0947735191637631,0.00470383275261324
OTU_26,-0.258188153310105,0.470557491289199,-0.656968641114983,0.422648083623693,-0.0698606271777004,0.377526132404181,0.150174216027875,0.426655052264808,0.543728222996516,0.360627177700349,-0.25993031358885,-0.286411149825784,0.0315331010452962,-0.0134146341463415,0.143031358885017,-0.0101045296167247,-0.529965156794425,-0.395644599303136,-0.0292682926829268,0.097212543554007,0.328571428571429,0.148954703832753,0.0573170731707317,0.24581881533101,0.453832752613241,NA,0.236062717770035,0.485191637630662,0.0153310104529617,0.521602787456446,-0.0423344947735192,0.395470383275261,-0.174216027874564,0.0900696864111498,-0.00679442508710802,0.264982578397213,0.473344947735192,0.435714285714286,0.0925087108013938,0.145993031358885,-0.15801393728223,-0.115679442508711,0.0564459930313589,0.193205574912892,0.0815331010452962,0.200174216027875,0.0482578397212544,-0.106620209059233,0.176306620209059,0.253135888501742,0.0447735191637631,-0.0144599303135889,0.0233449477351916,0.105226480836237,0.183623693379791,0.231707317073171,0.0231707317073171,-0.153484320557491,0.203484320557491,0.25801393728223,0.589024390243903,0.0785714285714286,0.186062717770035,0.287979094076655,0.428048780487805,0.349477351916376,0.0787456445993032,0.510278745644599,0.0923344947735192,0.521428571428572,-0.397386759581882,0.072822299651568,-0.372822299651568,-0.30418118466899,0.264634146341463,0.0951219512195122,0.140418118466899,0.452264808362369,-0.122822299651568,0.21602787456446,0.311672473867596,0.47787456445993,0.275783972125436,0.325783972125436,-0.0625435540069686,-0.0348432055749129,0.137979094076655,-0.144773519163763,0.0236933797909408,0.234146341463415,0.151393728222997,-0.0101045296167247,0.391811846689896,0.079616724738676,-0.515331010452962,0.0179442508710801,0.0911149825783972,0.0078397212543554,0.266202090592335,-0.243728222996516,0.0524390243902439,0.0749128919860627,-0.00331010452961673,0.284843205574913,-0.33588850174216,0.187979094076655,-0.0939024390243903,-0.380487804878049,0.0121951219512195,-0.22787456445993,-0.0167247386759582,0.0411149825783972,-0.222473867595819,0.107839721254355,-0.187630662020906,-0.349303135888502,-0.265156794425087,0.500348432055749,0.111149825783972,-0.0327526132404181,-0.0930313588850174,-0.040418118466899,-0.151219512195122,0.0520905923344948,0.0895470383275262,0.380487804878049,0.456271777003484,0.0113240418118467,0.523867595818815,0.00888501742160279,-0.0749128919860627,0.105574912891986,0.0613240418118467,0.0639372822299652,-0.136933797909408,-0.040418118466899,-0.595121951219512,0.082404181184669,-0.0714285714285714,-0.0747386759581882,-0.12595818815331,0.335714285714286,0.506271777003484,-0.068815331010453,0.30191637630662,0.189547038327526,-0.0280487804878049,-0.0222996515679443,0.187282229965157,0.336062717770035,-0.0421602787456446,-0.0386759581881533,0.150871080139373,-0.159407665505227,0.301567944250871,0.418641114982578,0.0703832752613241,0.619860627177701,0.00139372822299652,0.194250871080139,0.0738675958188153,0.0547038327526133,-0.0721254355400697,-0.0813588850174216,-0.216898954703833,-0.174564459930314,0.207142857142857,0.213763066202091,-0.0533101045296167,-0.0054006968641115,0.0609756097560976,0.0831010452961673,-0.0655052264808362,-0.0165505226480836,0.167073170731707,-0.00905923344947735,0.201567944250871,0.144599303135889,-0.0231707317073171,0.124216027874564,-0.0193379790940767,-0.0681184668989547,0.31219512195122,0.0128919860627178,0.128397212543554,0.00627177700348432,0.0299651567944251,0.294425087108014,0.0229965156794425,-0.0557491289198606,0.0508710801393728,-0.00383275261324042,0.0287456445993031,-0.125435540069686,0.310278745644599,0.0327526132404181,0.364459930313589,-0.497212543554007,0.137108013937282,-0.254878048780488,0.0989547038327526,0.0355400696864112,0.184668989547038,0.276132404181185,0.238850174216028,-0.554006968641115,0.10609756097561,-0.0566202090592335,-0.0954703832752613,0.407317073170732,0.17595818815331,0.178919860627178,-0.0109756097560976,0.12212543554007,0.0768292682926829,0.318118466898955,0.350871080139373,0.0486062717770035,0.0738675958188153,0.097212543554007,0.25609756097561,0.109756097560976,-0.0614982578397213,0.109581881533101,-0.147212543554007
OTU_27,0.340766550522648,0.254006968641115,-0.0207317073170732,0.506620209059234,-0.653658536585366,0.313937282229965,0.269686411149826,0.306968641114983,0.284146341463415,0.399128919860627,-0.147038327526132,-0.361324041811847,-0.0320557491289199,0.0238675958188153,0.43588850174216,0.362891986062718,-0.262020905923345,0.251045296167247,0.0534843205574913,0.523170731707317,-0.199128919860627,0.153310104529617,-0.293205574912892,0.355052264808362,-0.454529616724739,0.236062717770035,NA,0.143554006968641,-0.143031358885017,0.52212543554007,0.297735191637631,0.282229965156794,0.221602787456446,0.2698606271777,-0.322996515679443,0.471777003484321,0.163240418118467,0.331707317073171,0.460278745644599,0,-0.139721254355401,0.584843205574913,-0.145121951219512,0.42595818815331,0.569512195121951,0.240940766550523,-0.330313588850174,0.647386759581882,0.179965156794425,0.389721254355401,0.24808362369338,0.605226480836237,-0.333275261324042,0.415679442508711,0.117595818815331,-0.17020905923345,-0.231533101045296,-0.527700348432056,-0.013588850174216,-0.29390243902439,0.113414634146341,0.368989547038328,0.740418118466899,-0.0621951219512195,-0.471254355400697,0.563588850174216,0.441114982578397,0.366550522648084,0.000522648083623693,-0.0240418118466899,-0.382752613240418,0.139547038327526,-0.124564459930314,-0.10801393728223,0.671428571428571,0.462369337979094,0.259756097560976,0.373867595818815,-0.109756097560976,0.226655052264808,0.307839721254355,0.29198606271777,0.252787456445993,0.0277003484320558,-0.531184668989547,-0.315156794425087,0.340418118466899,-0.522822299651568,0.364982578397213,0.187630662020906,0.484146341463415,0.488501742160279,0.569686411149826,-0.310278745644599,-0.276132404181185,-0.134494773519164,-0.254529616724739,-0.384146341463415,0.535540069686411,-0.282752613240418,0.410452961672474,0.576306620209059,0.231881533101045,-0.231010452961672,-0.114982578397213,-0.199128919860627,-0.182404181184669,-0.16794425087108,-0.347735191637631,-0.268815331010453,0.0599303135888502,-0.443728222996516,-0.0388501742160279,-0.230313588850174,-0.0655052264808362,0.205749128919861,0.426829268292683,0.384494773519164,-0.40993031358885,-0.357491289198606,0.0930313588850174,-0.553135888501742,0.349128919860627,0.382229965156795,0.154529616724739,0.0879790940766551,0.629965156794425,-0.341811846689896,0.6301393728223,-0.30609756097561,-0.0224738675958188,-0.468118466898955,-0.278571428571429,-0.452961672473868,-0.0559233449477352,-0.13780487804878,-0.462717770034843,0.237804878048781,-0.426132404181185,0.69808362369338,-0.292508710801394,0.491289198606272,0.567421602787457,-0.519163763066202,0.291637630662021,-0.0501742160278746,-0.528397212543554,-0.425609756097561,-0.430313588850174,0.340592334494774,0.521080139372822,-0.400348432055749,0.0926829268292683,-0.537282229965157,0.396341463414634,0.284668989547038,-0.486062717770035,0.343205574912892,0.30801393728223,0.323519163763066,-0.473519163763066,-0.460452961672474,-0.23205574912892,-0.0278745644599303,-0.108188153310105,-0.621080139372822,-0.36794425087108,0.151742160278746,0.332578397212544,-0.478048780487805,-0.239372822299652,-0.376306620209059,0.415679442508711,-0.300522648083624,-0.313066202090592,-0.469512195121951,-0.118466898954704,-0.128571428571429,-0.41184668989547,0.31411149825784,-0.397212543554007,-0.571951219512195,0.367770034843206,-0.490766550522648,-0.213937282229965,-0.47404181184669,-0.3198606271777,-0.0815331010452962,-0.390940766550523,-0.330487804878049,-0.0170731707317073,-0.191811846689896,-0.503310104529617,-0.225783972125436,-0.338850174216028,-0.35801393728223,0.200348432055749,-0.10993031358885,-0.395121951219512,-0.592857142857143,-0.310627177700349,-0.30801393728223,0.230662020905923,-0.139721254355401,-0.229094076655052,-0.476655052264808,-0.28397212543554,-0.167073170731707,-0.31794425087108,-0.117595818815331,-0.0416376306620209,-0.24808362369338,-0.413763066202091,-0.278571428571429,-0.29390243902439,-0.411324041811847,-0.562543554006969,-0.0609756097560976,-0.401567944250871,-0.343379790940767,-0.273867595818815,-0.490766550522648,-0.0228222996515679,0.294076655052265,0.0229965156794425
OTU_28,0.272996515679443,-0.147212543554007,-0.20191637630662,-0.219512195121951,-0.374912891986063,0.234668989547038,-0.534843205574913,-0.239895470383275,0.431707317073171,-0.299303135888502,-0.537804878048781,0.49198606271777,0.0102787456445993,0.254355400696864,-0.481010452961673,-0.678919860627178,-0.0686411149825784,-0.622996515679443,0.148432055749129,-0.373867595818815,0.27787456445993,0.014808362369338,0.755400696864112,0.0522648083623693,0.21184668989547,0.485191637630662,0.143554006968641,NA,0.490940766550523,0.229094076655052,-0.517770034843206,0.0121951219512195,-0.104703832752613,0.553310104529617,0.0909407665505227,-0.135191637630662,0.442682926829268,0.237630662020906,0.0674216027874565,0.537979094076655,0.201742160278746,-0.159407665505227,0.154355400696864,-0.507491289198606,-0.372473867595819,0.420905923344948,0.598432055749129,0.203310104529617,-0.315331010452962,0.0454703832752613,-0.280836236933798,-0.410452961672474,0.622473867595819,-0.505226480836237,0.145470383275261,0.678745644599303,0.713588850174216,0.357491289198606,0.710104529616725,0.663414634146342,0.394599303135889,0.190243902439024,-0.254006968641115,-0.129268292682927,0.468815331010453,-0.139024390243902,-0.319163763066202,0.237456445993031,0.432578397212544,0.483101045296167,0.122822299651568,-0.355923344947735,-0.64198606271777,-0.282229965156794,-0.0456445993031359,0.628571428571429,-0.148780487804878,0.31794425087108,0.205226480836237,0.696515679442509,0.739024390243903,0.244947735191638,0.157142857142857,0.502961672473868,0.355052264808362,0.633449477351917,-0.538501742160279,0.342682926829268,0.0306620209059234,-0.374564459930314,-0.275609756097561,-0.0425087108013937,0.0350174216027875,0.71411149825784,-0.274390243902439,-0.164982578397213,0.717770034843206,0.661149825783972,-0.0465156794425087,-0.360104529616725,-0.0358885017421603,-0.373170731707317,-0.237804878048781,0.441114982578397,-0.182752613240418,0.725261324041812,-0.040418118466899,-0.331010452961673,0.682229965156795,0.259059233449477,0.0993031358885018,0.628571428571429,-0.0292682926829268,0.423519163763066,0.0808362369337979,-0.551393728222997,-0.345296167247387,0.213066202090592,0.630313588850174,0.543554006968641,-0.490418118466899,-0.00644599303135889,-0.0655052264808362,-0.224564459930314,0.00313588850174216,-0.170731707317073,0.209059233449477,0.664459930313589,0.0524390243902439,0.648606271777004,0.141637630662021,0.584146341463415,0.710975609756098,0.551219512195122,0.0250871080139373,-0.183449477351916,-0.126655052264808,0.210975609756098,0.637630662020906,-0.321777003484321,0.543554006968641,-0.0242160278745645,-0.0254355400696864,0.552613240418119,-0.094425087108014,0.0952961672473868,0.497212543554007,0.608188153310105,0.358362369337979,-0.00731707317073171,-0.45609756097561,0.551567944250871,0.781881533101045,0.309233449477352,-0.328397212543554,0.0698606271777004,0.626480836236934,0.156620209059233,-0.413240418118467,-0.28397212543554,0.595296167247387,0.535191637630662,0.641463414634146,0.0358885017421603,-0.232926829268293,0.188850174216028,0.709059233449478,-0.368466898954704,-0.285017421602787,0.531707317073171,0.659756097560976,0.684146341463415,-0.47787456445993,0.00923344947735192,0.422996515679443,0.537630662020906,0.774738675958188,0.512717770034843,0.545296167247387,0.448606271777004,0.544773519163763,0.433275261324042,-0.434494773519164,0.490766550522648,0.555226480836237,0.564634146341464,0.499303135888502,0.062020905923345,0.605226480836237,0.338675958188153,0.226829268292683,0.513937282229965,0.424564459930314,0.580487804878049,0.550348432055749,0.542682926829268,0.18588850174216,-0.0506968641114983,0.569512195121951,0.0578397212543554,0.308885017421603,0.385191637630662,-0.151742160278746,-0.189372822299652,0.44006968641115,0.0601045296167248,0.420557491289199,0.278048780487805,0.33205574912892,0.297735191637631,0.11411149825784,0.340592334494774,0.477351916376307,0.548954703832753,0.507839721254356,0.324216027874564,0.383275261324042,0.373519163763066,0.4,0.471777003484321,0.635540069686411,0.39390243902439,0.295818815331011,-0.252439024390244,-0.149651567944251
OTU_29,0.0451219512195122,-0.194250871080139,0.0466898954703833,-0.402090592334495,-0.0797909407665505,-0.379094076655052,-0.790940766550523,-0.274390243902439,0.246341463414634,-0.470034843205575,-0.566550522648084,0.608710801393728,0.404355400696864,-0.255052264808362,-0.68397212543554,-0.613937282229965,-0.0402439024390244,-0.54198606271777,-0.25,-0.43205574912892,-0.337108013937282,-0.078397212543554,0.485017421602787,-0.137979094076655,0.0926829268292683,0.0153310104529617,-0.143031358885017,0.490940766550523,NA,0.125261324041812,-0.61794425087108,-0.295818815331011,0.179790940766551,0.149825783972125,-0.00139372822299652,-0.520557491289199,0.26602787456446,0.213588850174216,-0.273170731707317,0.0719512195121951,0.717770034843206,-0.456794425087108,-0.0602787456445993,-0.520905923344948,-0.587630662020906,0.206271777003484,0.860278745644599,-0.0374564459930314,-0.10993031358885,0.0733449477351917,-0.761498257839721,-0.509407665505227,0.879268292682927,-0.542857142857143,0.379094076655052,0.589198606271777,0.656620209059234,0.551742160278746,0.349477351916376,0.609233449477352,0.0193379790940767,0.0578397212543554,-0.375261324041812,-0.520905923344948,0.268118466898955,-0.0614982578397213,-0.30191637630662,0.129790940766551,0.196515679442509,0.303658536585366,0.399128919860627,-0.00940766550522648,-0.632752613240418,-0.187282229965157,-0.367770034843206,0.1801393728223,-0.183101045296167,0.383623693379791,0.371080139372822,0.369686411149826,0.352090592334495,0.237979094076655,-0.393205574912892,0.135365853658537,0.818118466898955,0.405923344947735,-0.546515679442509,0.422822299651568,-0.00557491289198606,-0.122996515679443,-0.481881533101045,-0.354006968641115,-0.0268292682926829,0.497038327526133,-0.0327526132404181,-0.0479094076655052,0.624216027874565,0.701393728222997,-0.273519163763066,-0.192508710801394,-0.309581881533101,-0.416898954703833,0.133275261324042,0.446341463414634,-0.0878048780487805,0.593379790940767,0.0254355400696864,-0.458536585365854,0.561498257839721,0.129268292682927,-0.0902439024390244,0.639895470383275,-0.194947735191638,0.0233449477351916,0.581707317073171,-0.664634146341464,0.13397212543554,0.15993031358885,0.542334494773519,0.844425087108014,-0.420905923344948,0.145470383275261,-0.531707317073171,-0.233275261324042,0.493379790940767,-0.184843205574913,0.146515679442509,0.697386759581882,0.0273519163763066,0.75,0.527351916376307,0.682926829268293,0.61794425087108,0.625087108013937,-0.108188153310105,-0.114285714285714,0.0885017421602788,0.313937282229965,0.762891986062718,-0.524216027874565,0.296515679442509,0.0777003484320558,-0.161149825783972,0.554355400696864,-0.241463414634146,0.0649825783972126,0.660278745644599,0.600696864111498,0.335191637630662,-0.437804878048781,-0.405400696864112,0.473344947735192,0.435540069686411,0.512543554006969,-0.580662020905923,-0.0806620209059234,0.633275261324042,0.113937282229965,-0.32822299651568,-0.536236933797909,0.655574912891986,0.682404181184669,0.643031358885018,-0.185365853658537,0.0554006968641115,0.597038327526133,0.585017421602788,-0.596515679442509,-0.245993031358885,0.638501742160279,0.568292682926829,0.590592334494774,-0.448432055749129,0.25801393728223,0.464808362369338,0.644425087108014,0.552961672473868,0.153658536585366,0.485714285714286,0.0928571428571429,0.688327526132404,0.574564459930314,-0.508362369337979,0.513937282229965,0.741811846689896,0.709407665505227,0.803658536585366,0.269686411149826,0.538850174216028,0.508710801393728,0.23397212543554,0.276132404181185,0.625435540069686,0.463763066202091,0.525087108013937,0.48205574912892,0.241289198606272,0.00226480836236934,0.48815331010453,0.517595818815331,0.615331010452962,0.746864111498258,0.00418118466898955,-0.14390243902439,0.55993031358885,0.199303135888502,0.43588850174216,0.157142857142857,0.26602787456446,0.332926829268293,-0.125783972125436,0.34198606271777,0.568815331010453,0.509059233449477,0.650522648083624,0.469686411149826,0.411672473867596,0.474390243902439,0.517421602787457,0.648606271777004,0.473693379790941,0.601045296167248,-0.00714285714285714,-0.220034843205575,-0.222648083623693
OTU_30,0.0395470383275261,0.493031358885018,-0.539372822299652,0.705052264808362,-0.502090592334495,0.197735191637631,0.214808362369338,0.487804878048781,0.734320557491289,0.626655052264808,-0.404703832752613,-0.460452961672474,0.0416376306620209,-0.242857142857143,0.401219512195122,0.186585365853659,-0.740940766550523,-0.237282229965157,-0.11411149825784,0.560278745644599,-0.188327526132404,0.45191637630662,-0.224216027874564,0.469686411149826,-0.185191637630662,0.521602787456446,0.52212543554007,0.229094076655052,0.125261324041812,NA,0.10191637630662,0.338327526132404,0.0250871080139373,0.160452961672474,-0.25383275261324,0.466724738675958,0.638850174216028,0.644947735191638,0.210627177700348,0.118641114982578,0.0804878048780488,0.0890243902439025,-0.467421602787457,0.401567944250871,0.404703832752613,0.43588850174216,-0.150522648083624,0.0621951219512195,0.407142857142857,0.468118466898955,-0.157839721254355,0.411672473867596,-0.154878048780488,0.454703832752613,0.475261324041812,-0.171777003484321,-0.220383275261324,-0.562369337979094,0.0181184668989547,-0.16411149825784,0.261498257839721,0.541289198606272,0.623519163763066,-0.182578397212544,-0.0703832752613241,0.712543554006969,0.542508710801394,0.718989547038328,-0.0398954703832753,0.307317073170732,-0.385714285714286,0.334320557491289,-0.535540069686411,-0.394773519163763,0.585017421602788,0.060801393728223,0.344250871080139,0.617770034843206,-0.0585365853658537,0.113763066202091,0.283623693379791,0.547212543554007,0.0656794425087108,0.179094076655052,-0.19808362369338,-0.392682926829268,0.391463414634146,-0.56411149825784,0.395993031358885,0.414808362369338,0.333797909407666,0.188327526132404,0.590243902439025,-0.20993031358885,-0.445993031358885,-0.0803135888501742,-0.287630662020906,-0.260975609756098,0.374216027874565,-0.470383275261324,0.178919860627178,0.531010452961673,0.354355400696864,-0.192334494773519,-0.439198606271777,-0.283449477351916,-0.426132404181185,-0.359581881533101,-0.31219512195122,-0.312020905923345,-0.0562717770034843,-0.321254355400697,-0.213414634146342,-0.207665505226481,0.0341463414634146,-0.374390243902439,0.194250871080139,0.67595818815331,-0.330836236933798,-0.222648083623693,-0.0797909407665505,-0.505052264808362,-0.143031358885017,0.535714285714286,0.439372822299652,0.315331010452962,0.668118466898955,-0.307665505226481,0.763066202090593,-0.163414634146341,0.090418118466899,-0.278048780487805,-0.221951219512195,-0.368641114982578,-0.401045296167247,-0.223693379790941,-0.736062717770035,-0.0196864111498258,-0.245470383275261,0.231533101045296,-0.377351916376307,0.598606271777004,0.675087108013937,-0.376829268292683,0.402264808362369,-0.0388501742160279,-0.32020905923345,-0.352787456445993,-0.14006968641115,0.0951219512195122,0.464808362369338,-0.384494773519164,-0.0142857142857143,-0.56184668989547,0.461672473867596,0.586933797909408,-0.336585365853659,0.42020905923345,0.373519163763066,0.215156794425087,-0.281707317073171,-0.331010452961673,-0.357665505226481,-0.158188153310105,-0.0721254355400697,-0.400522648083624,-0.290592334494774,0.123867595818815,0.104355400696864,-0.394599303135889,-0.295121951219512,-0.342857142857143,0.14616724738676,-0.297212543554007,-0.322648083623693,-0.385365853658537,-0.0606271777003484,-0.241811846689896,-0.435191637630662,0.120383275261324,-0.375087108013937,-0.406620209059234,0.323867595818815,-0.445993031358885,0.115156794425087,-0.323170731707317,-0.135017421602787,0.30609756097561,-0.379268292682927,-0.185540069686411,-0.176655052264808,-0.362717770034843,-0.34581881533101,-0.360801393728223,-0.0221254355400697,-0.395644599303136,0.449128919860627,-0.527700348432056,-0.373344947735192,-0.382926829268293,-0.162543554006969,0.0489547038327526,0.459581881533101,-0.047212543554007,-0.0735191637630662,-0.672822299651568,-0.111324041811847,-0.336062717770035,-0.392682926829268,0.240766550522648,-0.0550522648083624,0.040418118466899,-0.314808362369338,-0.229442508710801,-0.176132404181185,-0.0184668989547038,-0.161324041811847,0.111324041811847,-0.170731707317073,-0.144947735191638,-0.181010452961673,-0.142682926829268,-0.331707317073171,0.15993031358885,0.0918118466898955
OTU_31,-0.170034843205575,0.606794425087108,-0.326132404181185,0.493205574912892,0.170731707317073,0.363414634146342,0.753832752613241,0.620557491289199,-0.150348432055749,0.573344947735192,0.73588850174216,-0.771777003484321,0.0628919860627178,0.0662020905923345,0.582926829268293,0.799651567944251,-0.287282229965157,0.502264808362369,0.445993031358885,0.569512195121951,-0.260278745644599,0.231707317073171,-0.583449477351916,0.55801393728223,-0.314808362369338,-0.0423344947735192,0.297735191637631,-0.517770034843206,-0.61794425087108,0.10191637630662,NA,0.671951219512195,0.370034843205575,-0.144773519163763,0.219337979094077,0.741637630662021,-0.0982578397212544,0.0806620209059234,0.1198606271777,-0.0266550522648084,-0.76794425087108,0.136933797909408,-0.347560975609756,0.620034843205575,0.656968641114983,0.0905923344947735,-0.75,0.0425087108013937,0.595470383275261,0.388675958188153,0.750174216027875,0.490940766550523,-0.755749128919861,0.484146341463415,0.094425087108014,-0.837804878048781,-0.650696864111498,-0.707142857142857,-0.480662020905923,-0.740418118466899,0.12404181184669,0.19006968641115,0.429790940766551,0.151219512195122,-0.324738675958188,0.45191637630662,0.246689895470383,0.139547038327526,-0.282752613240418,-0.304878048780488,-0.579965156794425,0.54006968641115,0.424738675958188,0.596341463414634,0.517421602787457,-0.180487804878049,0.276655052264808,-0.0341463414634146,-0.433449477351916,-0.303484320557491,-0.149825783972125,0.0888501742160279,0.53205574912892,-0.177526132404181,-0.578397212543554,-0.461672473867596,0.755923344947735,-0.539547038327526,0.301219512195122,0.564459930313589,0.507839721254356,0.546515679442509,0.336236933797909,-0.568466898954704,-0.110452961672474,-0.331184668989547,-0.659059233449477,-0.686411149825784,0.331010452961673,0.564285714285714,0.529790940766551,0.368118466898955,0.445121951219512,-0.254006968641115,-0.116550522648084,-0.70418118466899,-0.0207317073170732,0.224564459930314,-0.725261324041812,-0.126655052264808,0.290243902439024,-0.729790940766551,0.476306620209059,-0.108536585365854,-0.649303135888502,0.521254355400697,0.00470383275261324,0.110278745644599,-0.695296167247387,-0.695470383275261,0.243728222996516,-0.239198606271777,0.195644599303136,0.2698606271777,0.0127177700348432,-0.0378048780487805,0.0865853658536586,-0.688501742160279,0.260104529616725,-0.711846689895471,0.00522648083623694,-0.738675958188153,-0.725435540069686,-0.714808362369338,0.335191637630662,-0.210452961672474,-0.34198606271777,-0.113763066202091,-0.788501742160279,0.414459930313589,-0.379790940766551,0.290766550522648,0.336236933797909,-0.636062717770035,0.502613240418119,-0.336933797909408,-0.760452961672474,-0.687282229965157,-0.280836236933798,0.339372822299652,0.411498257839721,-0.500174216027875,-0.44198606271777,-0.635365853658537,0.332926829268293,0.185540069686411,-0.741289198606272,0.151045296167247,0.508536585365854,0.308710801393728,-0.693031358885018,-0.602264808362369,-0.656445993031359,0.393205574912892,-0.227351916376307,-0.554006968641115,-0.619686411149826,0.365679442508711,0.145993031358885,-0.624738675958188,-0.565505226480836,-0.76602787456446,0.486759581881533,-0.154878048780488,-0.551393728222997,-0.555226480836237,-0.675261324041812,-0.221254355400697,-0.620557491289199,-0.0447735191637631,-0.673344947735192,-0.632578397212544,0.471602787456446,-0.765853658536586,-0.727526132404181,-0.709756097560976,-0.73815331010453,-0.296341463414634,-0.574912891986063,-0.817421602787457,0.0355400696864112,-0.314285714285714,-0.611672473867596,-0.50383275261324,-0.575087108013937,-0.518292682926829,0.0576655052264808,-0.00766550522648084,-0.565679442508711,-0.429965156794425,-0.405923344947735,-0.648606271777004,0.379965156794425,0.160278745644599,-0.372822299651568,-0.166898954703833,-0.566898954703833,-0.0865853658536586,-0.327177700348432,-0.27787456445993,-0.0709059233449478,-0.576306620209059,-0.573170731707317,-0.714285714285714,-0.646689895470383,-0.372822299651568,-0.473170731707317,-0.535017421602788,-0.646689895470383,-0.537630662020906,-0.577177700348432,-0.578919860627178,-0.378397212543554,0.04198606271777,0.0142857142857143
OTU_32,-0.150522648083624,0.714459930313589,-0.743205574912892,0.492160278745645,0.127526132404181,0.567595818815331,0.490940766550523,0.740940766550523,0.292160278745645,0.553310104529617,0.360452961672474,-0.608885017421603,0.237456445993031,-0.0355400696864112,0.45,0.413240418118467,-0.598257839721254,-0.160452961672474,0.41184668989547,0.545644599303136,-0.129268292682927,0.279268292682927,-0.227177700348432,0.64006968641115,-0.190940766550523,0.395470383275261,0.282229965156794,0.0121951219512195,-0.295818815331011,0.338327526132404,0.671951219512195,NA,0.306271777003484,0.252090592334495,0.538675958188153,0.744076655052265,0.353310104529617,0.358536585365854,0.345470383275261,0.244599303135889,-0.649477351916376,-0.0766550522648084,-0.39006968641115,0.488675958188153,0.308536585365854,0.206445993031359,-0.392334494773519,0.0547038327526133,0.566376306620209,0.739024390243903,0.485191637630662,0.150348432055749,-0.368118466898955,0.172299651567944,0.296864111498258,-0.350696864111498,-0.205749128919861,-0.510627177700349,0.0850174216027875,-0.220905923344948,0.389372822299652,0.24006968641115,0.215331010452962,0.232404181184669,0.0287456445993031,0.487979094076655,0.060801393728223,0.418641114982578,0.211672473867596,0.330487804878049,-0.662369337979094,0.522299651567944,0.0249128919860627,0.376655052264808,0.466724738675958,0.0548780487804878,0.0871080139372822,0.233275261324042,-0.429442508710801,0.135365853658537,0.172473867595819,0.342160278745645,0.762369337979094,0.191114982578397,-0.30609756097561,-0.136759581881533,0.521080139372822,-0.338675958188153,0.299303135888502,0.49808362369338,0.171777003484321,0.347212543554007,0.515853658536585,-0.161498257839721,-0.521951219512195,-0.349477351916376,-0.199651567944251,-0.238850174216028,0.125435540069686,0.405574912891986,0.40609756097561,0.119337979094077,0.450174216027875,0.110452961672474,-0.442508710801394,-0.270731707317073,0.0641114982578397,0.14198606271777,-0.382926829268293,-0.111324041811847,0.596341463414634,-0.272299651567944,0.531707317073171,0.0280487804878049,-0.677351916376307,0.0170731707317073,-0.336933797909408,0.368989547038328,-0.267073170731707,-0.36794425087108,-0.205923344947735,-0.0693379790940767,-0.0378048780487805,0.106445993031359,0.156620209059233,0.0991289198606272,0.283797909407666,-0.271254355400697,0.330836236933798,-0.330662020905923,0.0912891986062718,-0.403135888501742,-0.277351916376307,-0.39581881533101,0.283797909407666,-0.288501742160279,-0.571254355400697,-0.0621951219512195,-0.437108013937282,0.0911149825783972,-0.101045296167247,0.448954703832753,0.482926829268293,-0.272996515679443,0.532752613240418,-0.214634146341463,-0.44616724738676,-0.42212543554007,0.0308362369337979,0.364634146341464,0.134843205574913,-0.123693379790941,-0.0106271777003484,-0.431358885017422,0.14808362369338,0.382578397212544,-0.303135888501742,0.417421602787456,0.448780487804878,0.159407665505227,-0.310627177700349,-0.285017421602787,-0.293205574912892,0.394599303135889,-0.36219512195122,-0.458710801393728,-0.16219512195122,0.151742160278746,-0.239721254355401,-0.320557491289199,-0.229965156794425,-0.380313588850174,0.0674216027874565,-0.159233449477352,-0.189895470383275,-0.250871080139373,-0.26219512195122,0.243379790940767,-0.289721254355401,0.399303135888502,-0.37212543554007,-0.424216027874565,0.220557491289199,-0.469686411149826,-0.242160278745645,-0.398780487804878,-0.45418118466899,0.0222996515679443,-0.23397212543554,-0.609059233449478,0.202264808362369,-0.0677700348432056,-0.347909407665505,-0.252264808362369,-0.180313588850174,-0.107142857142857,0.160104529616725,-0.186933797909408,-0.274390243902439,-0.370731707317073,-0.136236933797909,-0.378919860627178,0.288501742160279,0.195993031358885,-0.082404181184669,-0.19808362369338,-0.297735191637631,-0.0940766550522648,-0.290243902439024,0.0991289198606272,-0.0693379790940767,-0.337630662020906,-0.34198606271777,-0.403135888501742,-0.400522648083624,-0.148954703832753,-0.164285714285714,-0.314634146341463,-0.31184668989547,-0.281184668989547,-0.14006968641115,-0.334320557491289,-0.186585365853659,-0.160104529616725,-0.284146341463415
OTU_33,-0.173693379790941,0.417247386759582,0.00278745644599303,-0.0217770034843206,0.010801393728223,0.063588850174216,-0.116376306620209,0.268466898954704,-0.108188153310105,-0.0515679442508711,0.408188153310105,-0.191811846689896,0.763240418118467,-0.328745644599303,-0.128222996515679,0.131533101045296,0.0137630662020906,0.254006968641115,0.296515679442509,0.086411149825784,-0.70609756097561,0.024390243902439,-0.117073170731707,0.312891986062718,-0.329442508710801,-0.174216027874564,0.221602787456446,-0.104703832752613,0.179790940766551,0.0250871080139373,0.370034843205575,0.306271777003484,NA,0.00418118466898955,0.0757839721254356,0.154355400696864,-0.0545296167247387,0.245296167247387,-0.0770034843205575,-0.0966898954703833,-0.237630662020906,-0.101567944250871,-0.259233449477352,0.21411149825784,0.0308362369337979,0.0844947735191638,0.136759581881533,0.153135888501742,0.362717770034843,0.340592334494774,0.186759581881533,-0.0684668989547038,0.0794425087108014,-0.197038327526132,-0.0522648083623693,-0.188327526132404,-0.082404181184669,0.0292682926829268,-0.154006968641115,-0.157142857142857,-0.0770034843205575,0.236236933797909,0.0174216027874564,-0.0726480836236934,-0.116376306620209,0.343205574912892,-0.254355400696864,0.244773519163763,0.19198606271777,-0.117770034843206,-0.384494773519164,0.539372822299652,0.131533101045296,0.625087108013937,0.112369337979094,0.0571428571428571,-0.148954703832753,0.117247386759582,-0.15801393728223,0.00121951219512195,-0.0777003484320558,0.215156794425087,0.129094076655052,0.188501742160279,0.193031358885017,-0.0554006968641115,0.244425087108014,0.173344947735192,0.124912891986063,0.505226480836237,-0.0388501742160279,0.100522648083624,0.312020905923345,-0.138675958188153,-0.218118466898955,-0.18815331010453,-0.0292682926829268,-0.0616724738675958,-0.16411149825784,0.548606271777004,0.108710801393728,-0.15191637630662,0.720905923344948,0.0993031358885018,0.0778745644599303,-0.0722996515679443,0.454703832752613,-0.299825783972126,-0.215331010452962,0.125261324041812,0.411672473867596,-0.162717770034843,0.37212543554007,-0.184843205574913,-0.0083623693379791,-0.0536585365853659,0.124564459930314,0.0928571428571429,-0.200348432055749,0.161498257839721,-0.183797909407666,0.162020905923345,-0.0665505226480836,-0.223344947735192,0.587630662020906,-0.0958188153310105,0.10418118466899,-0.0440766550522648,0.166376306620209,0.0470383275261324,0.594947735191638,-0.0259581881533101,-0.139721254355401,-0.167770034843206,0.362717770034843,-0.0317073170731707,-0.11219512195122,0.481010452961673,-0.0712543554006969,0.0646341463414634,0.0660278745644599,0.521080139372822,0.191114982578397,-0.232229965156795,0.0259581881533101,-0.0817073170731707,-0.128919860627178,-0.175261324041812,0.0844947735191638,-0.147735191637631,-0.0144599303135889,-0.110975609756098,-0.00993031358885018,0.0505226480836237,-0.266202090592335,0.0935540069686411,-0.158710801393728,0.366724738675958,0.203135888501742,-0.283449477351916,-0.112891986062718,-0.0763066202090592,-0.0644599303135889,0.299303135888502,-0.216724738675958,0.0125435540069686,-0.0878048780487805,-0.22595818815331,-0.0811846689895471,-0.128919860627178,-0.0853658536585366,-0.147386759581882,0.0853658536585366,0.305052264808362,-0.0465156794425087,-0.00505226480836237,-0.23397212543554,0.0930313588850174,-0.146864111498258,0.231184668989547,-0.154703832752613,-0.31411149825784,0.0186411149825784,-0.277003484320558,-0.163066202090592,-0.0461672473867596,0.0886759581881533,-0.00696864111498258,-0.118989547038328,-0.484668989547038,0.599303135888502,0.0101045296167247,-0.133449477351916,-0.142682926829268,-0.173170731707317,-0.0987804878048781,0.199825783972125,0.189198606271777,-0.171777003484321,-0.0487804878048781,0.148780487804878,0.0418118466898955,0.326132404181185,0.0773519163763066,0.0508710801393728,0.0639372822299652,-0.383101045296167,0.241114982578397,0.045993031358885,-0.113937282229965,-0.0571428571428571,-0.279965156794425,-0.139895470383275,-0.408710801393728,-0.212020905923345,-0.198780487804878,-0.280662020905923,-0.30801393728223,-0.339198606271777,-0.056794425087108,-0.258188153310105,-0.266202090592335,-0.35191637630662,0.062020905923345,-0.493205574912892
OTU_34,0.570383275261324,-0.104878048780488,-0.0315331010452962,-0.126306620209059,-0.507491289198606,0.537804878048781,-0.257317073170732,-0.0426829268292683,0.224738675958188,-0.0566202090592335,-0.265505226480836,0.344947735191638,-0.0257839721254355,0.235365853658537,-0.0581881533101045,-0.453310104529617,-0.0738675958188153,-0.433449477351916,0.354878048780488,0.188327526132404,0.114459930313589,0.113066202090592,0.539198606271777,0.176829268292683,-0.485017421602787,0.0900696864111498,0.2698606271777,0.553310104529617,0.149825783972125,0.160452961672474,-0.144773519163763,0.252090592334495,0.00418118466898955,NA,0.395644599303136,0.257839721254355,0.320905923344948,0.19198606271777,0.336062717770035,0.631881533101045,-0.136411149825784,0.30191637630662,-0.204006968641115,-0.0958188153310105,-0.223170731707317,0.405226480836237,0.113414634146341,0.684843205574913,-0.166202090592335,0.447038327526133,-0.0736933797909408,-0.13588850174216,0.199477351916376,-0.357491289198606,0.014808362369338,0.330313588850174,0.559233449477352,-0.0277003484320558,0.803310104529617,0.348954703832753,0.0574912891986063,0.302787456445993,0.101219512195122,-0.117770034843206,-0.147560975609756,0.0229965156794425,-0.263414634146341,0.133449477351916,0.670557491289199,0.412020905923345,-0.0609756097560976,-0.14581881533101,-0.14808362369338,-0.0547038327526133,0.174216027874564,0.776829268292683,-0.0430313588850174,0.0993031358885018,-0.0951219512195122,0.820034843205575,0.428745644599303,-0.0458188153310105,0.559581881533101,0.40191637630662,0.0266550522648084,0.522996515679443,-0.151219512195122,0.102613240418118,0.0921602787456446,-0.379268292682927,-0.192682926829268,0.259407665505227,0.177003484320558,0.554355400696864,-0.32020905923345,-0.413414634146342,0.467073170731707,0.470383275261324,-0.0860627177700349,-0.0768292682926829,0.0820557491289199,-0.116898954703833,0.0681184668989547,0.155400696864112,-0.413240418118467,0.347386759581882,-0.0195121951219512,0.211149825783972,0.240243902439024,0.135714285714286,0.606271777003484,0.320905923344948,0.464808362369338,0.299477351916376,-0.168989547038328,-0.182404181184669,-0.224564459930314,0.205749128919861,0.258536585365854,0.132578397212544,-0.45993031358885,-0.00993031358885018,0.276306620209059,-0.287804878048781,-0.179616724738676,-0.191463414634146,0.224216027874564,0.334668989547038,-0.0689895470383275,0.459233449477352,-0.153658536585366,0.0843205574912892,0.408885017421603,0.191289198606272,0.357491289198606,-0.379965156794425,0.0121951219512195,0.104006968641115,0.297560975609756,-0.0128919860627178,0.496341463414634,-0.10191637630662,0.121951219512195,0.227003484320558,-0.101219512195122,-0.103484320557491,0.0486062717770035,0.254878048780488,-0.0247386759581882,0.173344947735192,-0.217595818815331,0.383623693379791,0.75609756097561,-0.0548780487804878,-0.195818815331011,0.0616724738675958,0.268989547038328,-0.018815331010453,0.0360627177700348,-0.341114982578397,0.20609756097561,0.134320557491289,0.439024390243903,0.444599303135889,-0.348257839721254,-0.196341463414634,0.272299651567944,-0.356620209059233,-0.379790940766551,0.0940766550522648,0.429094076655052,0.23815331010453,-0.26794425087108,-0.26411149825784,0.140592334494774,0.0186411149825784,0.495296167247387,0.570557491289199,0.205052264808362,0.802961672473868,0.183449477351916,0.0576655052264808,-0.408188153310105,0.0785714285714286,0.216898954703833,0.148257839721254,0.125435540069686,-0.139895470383275,0.288501742160279,-0.0571428571428571,-0.0289198606271777,0.51794425087108,-0.056794425087108,0.44808362369338,0.0763066202090592,0.368641114982578,-0.0677700348432056,0.237282229965157,0.0597560975609756,-0.21794425087108,-0.127526132404181,-0.00348432055749129,-0.120731707317073,-0.209581881533101,-0.113763066202091,0.270034843205575,-0.0200348432055749,0.0747386759581882,0.134494773519164,0.0477351916376307,-0.138675958188153,-0.0550522648083624,-0.0817073170731707,0.175261324041812,0.136933797909408,-0.204529616724739,-0.0801393728222997,0.225783972125436,0.164459930313589,-0.00505226480836237,0.329790940766551,0.0879790940766551,0.304355400696864,-0.0763066202090592,-0.226829268292683
OTU_35,-0.00226480836236934,0.220034843205575,-0.415505226480836,-0.20191637630662,0.359233449477352,0.405226480836237,-0.00818815331010453,0.285191637630662,-0.0101045296167247,0.0724738675958188,0.222648083623693,0.074390243902439,0.113414634146341,0.108536585365854,-0.0160278745644599,-0.142857142857143,-0.219686411149826,-0.44808362369338,0.465156794425087,0.0121951219512195,0.0846689895470383,0.0625435540069686,0.312369337979094,0.30993031358885,-0.134668989547038,-0.00679442508710802,-0.322996515679443,0.0909407665505227,-0.00139372822299652,-0.25383275261324,0.219337979094077,0.538675958188153,0.0757839721254356,0.395644599303136,NA,0.277003484320558,0.224738675958188,0.00644599303135889,0.014808362369338,0.471951219512195,-0.368989547038328,-0.371080139372822,-0.340418118466899,-0.140418118466899,-0.279616724738676,0.17020905923345,-0.0212543554006969,-0.0358885017421603,0.279790940766551,0.449128919860627,0.13397212543554,-0.365331010452962,0.0712543554006969,-0.338327526132404,0.323693379790941,0.0226480836236934,0.375435540069686,-0.00557491289198606,0.371951219512195,0.263588850174216,0.261324041811847,-0.0160278745644599,-0.377351916376307,0.0449477351916376,0.262020905923345,-0.1698606271777,-0.293031358885017,0.0440766550522648,0.389024390243903,0.412891986062718,0.0308362369337979,0.269686411149826,0.0724738675958188,0.362891986062718,-0.0529616724738676,0.137108013937282,-0.0879790940766551,-0.141811846689896,-0.0883275261324042,0.320557491289199,0.158362369337979,0.00993031358885018,0.59390243902439,0.273867595818815,0.191811846689896,0.442682926829268,-0.0367595818815331,0.142857142857143,0.0855400696864112,0.00574912891986063,-0.268292682926829,0.170383275261324,0.0294425087108014,0.393728222996516,-0.127351916376307,-0.537804878048781,0.218815331010453,0.382926829268293,-0.307665505226481,0.527700348432056,0.0317073170731707,-0.436933797909408,0.164982578397213,0.359756097560976,-0.475087108013937,0.159756097560976,0.0721254355400697,0.420557491289199,0.078397212543554,0.322473867595819,0.676132404181185,0.331358885017422,0.716376306620209,0.251393728222997,-0.538850174216028,-0.131533101045296,-0.597386759581882,-0.089198606271777,0.241811846689896,0.0219512195121951,-0.419337979094077,0.237108013937282,-0.195818815331011,-0.253310104529617,-0.197909407665505,-0.319512195121951,-0.24808362369338,0.268466898954704,-0.328048780487805,0.229094076655052,-0.0519163763066202,0.0785714285714286,0.256794425087108,0.189198606271777,0.504355400696864,-0.488850174216028,0.169337979094077,-0.303484320557491,0.148780487804878,-0.446515679442509,0.401045296167247,-0.185191637630662,-0.154878048780488,0.269337979094077,0.241289198606272,-0.391811846689896,0.102613240418118,0.153310104529617,0.188675958188153,-0.0945993031358885,-0.402613240418119,0.416376306620209,0.309233449477352,0.0566202090592335,-0.368815331010453,-0.0317073170731707,0.258188153310105,-0.0604529616724739,0.0982578397212544,-0.213414634146342,0.259059233449477,0.247735191637631,0.283101045296167,0.537804878048781,-0.466898954703833,0.0609756097560976,0.28588850174216,-0.245993031358885,-0.495470383275261,0.307142857142857,0.329094076655052,0.11411149825784,-0.413937282229965,-0.130836236933798,0.0719512195121951,0.252961672473868,0.0801393728222997,0.547560975609756,0.256794425087108,0.336933797909408,0.20383275261324,0.194773519163763,-0.42404181184669,0.0236933797909408,0.177526132404181,0.141289198606272,-0.124738675958188,-0.0400696864111498,0.335191637630662,-0.1,0.017595818815331,0.42595818815331,0.184146341463415,0.256271777003484,0.247560975609756,0.387630662020906,-0.186411149825784,0.167770034843206,0.11602787456446,0.116724738675958,0.128919860627178,-0.194425087108014,-0.155400696864112,0.062020905923345,-0.0454703832752613,0.495818815331011,0.0292682926829268,-0.0111498257839721,-0.0810104529616725,0.134668989547038,-0.174564459930314,-0.285540069686411,0.00905923344947735,0.0024390243902439,0.0337979094076655,0.0611498257839721,0.236759581881533,0.0418118466898955,0.140766550522648,-0.00574912891986063,0.2,0.186585365853659,-0.0202090592334495,-0.43205574912892,-0.295644599303136
OTU_36,0.0522648083623693,0.650696864111498,-0.520731707317073,0.680313588850174,-0.226306620209059,0.672822299651568,0.64425087108014,0.73205574912892,0.271428571428572,0.812369337979094,0.266550522648084,-0.7198606271777,-0.0566202090592335,0.0301393728222997,0.704355400696864,0.525783972125436,-0.608885017421603,0.0705574912891986,0.417073170731707,0.754006968641115,-0.0763066202090592,0.515331010452962,-0.36184668989547,0.715853658536585,-0.467421602787457,0.264982578397213,0.471777003484321,-0.135191637630662,-0.520557491289199,0.466724738675958,0.741637630662021,0.744076655052265,0.154355400696864,0.257839721254355,0.277003484320558,NA,0.344425087108014,0.403658536585366,0.277700348432056,0.240418118466899,-0.64425087108014,0.251045296167247,-0.592334494773519,0.60801393728223,0.610975609756098,0.340940766550523,-0.702439024390244,0.218989547038328,0.643205574912892,0.584320557491289,0.471951219512195,0.482404181184669,-0.670034843205575,0.562543554006969,0.258536585365854,-0.593379790940767,-0.427177700348432,-0.832926829268293,-0.111324041811847,-0.498780487804878,0.317073170731707,0.470034843205575,0.616202090592335,0.0731707317073171,-0.31602787456446,0.570383275261324,0.408188153310105,0.492682926829268,-0.00993031358885018,0.11219512195122,-0.578397212543554,0.521777003484321,0.0982578397212544,0.194773519163763,0.67595818815331,0.100522648083624,0.346515679442509,0.22404181184669,-0.445818815331011,0.0543554006968641,0.0665505226480836,0.248954703832753,0.721602787456446,0.180313588850174,-0.585714285714286,-0.340592334494774,0.724912891986063,-0.70801393728223,0.437804878048781,0.443728222996516,0.439198606271777,0.551219512195122,0.602613240418119,-0.37212543554007,-0.421428571428572,-0.445470383275261,-0.536933797909408,-0.486933797909408,0.344425087108014,0.17212543554007,0.441811846689896,0.41794425087108,0.447038327526133,-0.25383275261324,-0.527351916376307,-0.585191637630662,-0.276306620209059,0.209233449477352,-0.642508710801394,-0.138327526132404,0.441289198606272,-0.591289198606272,0.443554006968641,-0.0702090592334495,-0.618292682926829,0.166550522648084,-0.0925087108013938,0.448606271777004,-0.578397212543554,-0.700871080139373,-0.000174216027874565,-0.393205574912892,0.118292682926829,0.429094076655052,-0.0139372822299652,0.0834494773519164,0.274564459930314,-0.570034843205575,0.422822299651568,-0.525609756097561,-0.274564459930314,-0.690766550522648,-0.533101045296167,-0.689547038327526,0.183449477351916,-0.417247386759582,-0.514808362369338,-0.339547038327526,-0.652090592334495,0.394599303135889,-0.341114982578397,0.370034843205575,0.599303135888502,-0.587630662020906,0.605226480836237,-0.402264808362369,-0.700871080139373,-0.66602787456446,-0.373170731707317,0.284320557491289,0.468466898954704,-0.508188153310105,-0.104878048780488,-0.813414634146342,0.420383275261324,0.474216027874565,-0.621951219512195,0.198432055749129,0.588850174216028,0.282752613240418,-0.637804878048781,-0.597909407665505,-0.523867595818815,0.432578397212544,-0.379094076655052,-0.732229965156795,-0.536236933797909,0.321428571428572,-0.0557491289198606,-0.604703832752613,-0.436062717770035,-0.663588850174216,0.314459930313589,-0.363240418118467,-0.671428571428571,-0.619512195121951,-0.399825783972126,-0.0205574912891986,-0.610627177700349,0.213588850174216,-0.633101045296167,-0.650174216027875,0.414459930313589,-0.767073170731707,-0.39198606271777,-0.716898954703833,-0.700522648083624,-0.0885017421602788,-0.511672473867596,-0.605400696864112,-0.186062717770035,-0.225783972125436,-0.623344947735192,-0.393728222996516,-0.352787456445993,-0.452613240418119,0.223867595818815,-0.172822299651568,-0.617247386759582,-0.610627177700349,-0.566898954703833,-0.613588850174216,0.313588850174216,0.0597560975609756,-0.518641114982578,-0.347560975609756,-0.435017421602788,-0.332404181184669,-0.567770034843206,-0.0733449477351917,-0.0876306620209059,-0.429790940766551,-0.648780487804878,-0.598780487804878,-0.58205574912892,-0.440766550522648,-0.410801393728223,-0.243031358885017,-0.503658536585366,-0.593554006968641,-0.396341463414634,-0.535540069686411,-0.308362369337979,0.0162020905923345,-0.0456445993031359
OTU_37,0.00696864111498258,0.352961672473868,-0.653658536585366,0.30801393728223,-0.308536585365854,0.326480836236934,-0.102787456445993,0.421602787456446,0.909581881533101,0.392160278745645,-0.424564459930314,-0.123519163763066,0.0961672473867596,-0.0954703832752613,0.0721254355400697,-0.234146341463415,-0.636933797909408,-0.65191637630662,0.0935540069686411,0.150522648083624,0.0508710801393728,0.514459930313589,0.233275261324042,0.497212543554007,-0.0430313588850174,0.473344947735192,0.163240418118467,0.442682926829268,0.26602787456446,0.638850174216028,-0.0982578397212544,0.353310104529617,-0.0545296167247387,0.320905923344948,0.224738675958188,0.344425087108014,NA,0.682578397212544,0.0395470383275261,0.383797909407666,0.0437282229965157,-0.3,-0.463937282229965,-0.078397212543554,-0.0134146341463415,0.478745644599303,0.118815331010453,-0.0775261324041812,0.368989547038328,0.403135888501742,-0.224912891986063,-0.089198606271777,0.173867595818815,0.0571428571428571,0.533623693379791,0.121951219512195,0.233797909407666,-0.220034843205575,0.289024390243903,0.248257839721254,0.426655052264808,0.481010452961673,0.108710801393728,-0.232229965156795,0.310975609756098,0.233797909407666,0.287282229965157,0.770731707317073,0.200174216027875,0.54006968641115,-0.0996515679442509,0.304529616724739,-0.658710801393728,-0.299825783972126,0.273519163763066,0.152787456445993,0.200696864111498,0.615853658536585,0.0677700348432056,0.236933797909408,0.39006968641115,0.580487804878049,0.227526132404181,0.399128919860627,0.150174216027875,0.0890243902439025,-0.0193379790940767,-0.239721254355401,0.251219512195122,0.18815331010453,-0.138327526132404,0.0738675958188153,0.5198606271777,0.207839721254355,-0.502613240418119,-0.260104529616725,0.0517421602787457,0.223170731707317,0.0578397212543554,-0.325435540069687,-0.0874564459930314,0.0486062717770035,0.189198606271777,0.174738675958188,-0.621428571428572,0.169337979094077,-0.397212543554007,-0.215156794425087,0.0257839721254355,0.105052264808362,0.172996515679443,0.192334494773519,0.0379790940766551,0.0911149825783972,-0.119512195121951,-0.640766550522648,-0.279616724738676,0.610104529616725,0.145644599303136,-0.025609756097561,-0.378397212543554,-0.310975609756098,-0.330836236933798,0.284843205574913,0.236933797909408,0.0973867595818815,0.299477351916376,0.157142857142857,0.414459930313589,0.243554006968641,0.0726480836236934,0.107839721254355,0.197386759581882,0.0998257839721255,-0.199825783972125,-0.330313588850174,-0.397212543554007,-0.183623693379791,0.10993031358885,-0.298432055749129,0.0189895470383275,0.285540069686411,0.329616724738676,0.0533101045296167,0.363763066202091,-0.0494773519163763,0.086411149825784,0.107317073170732,0.172648083623693,-0.0989547038327526,0.0113240418118467,-0.0235191637630662,0.338327526132404,-0.15383275261324,-0.00679442508710802,0.647212543554007,0.121254355400697,0.278397212543554,0.130313588850174,-0.106968641114983,0.144599303135889,0.0947735191637631,0.10191637630662,0.013588850174216,-0.224216027874564,-0.0548780487804878,0.140940766550523,-0.0712543554006969,-0.378919860627178,0.0848432055749129,0.128222996515679,-0.00470383275261324,-0.362717770034843,-0.196864111498258,-0.0308362369337979,0.0172473867595819,0.186411149825784,0.203135888501742,0.108885017421603,0.194947735191638,0.0681184668989547,0.0954703832752613,-0.1,-0.0834494773519164,0.455749128919861,0.0588850174216028,0.0958188153310105,0.289721254355401,0.143728222996516,0.0754355400696864,-0.129094076655052,0.118466898954704,0.00662020905923345,0.00644599303135889,0.381184668989547,0.0703832752613241,0.352090592334495,-0.42212543554007,-0.00766550522648084,-0.0270034843205575,0.0806620209059234,0.152787456445993,0.205574912891986,-0.0168989547038328,0.0250871080139373,-0.241637630662021,0.200871080139373,-0.094425087108014,-0.267595818815331,0.520731707317073,-0.0285714285714286,0.262543554006969,0.000348432055749129,0.0155052264808362,0.158710801393728,0.128048780487805,0.121951219512195,0.260801393728223,0.130487804878049,0.200696864111498,0.144773519163763,0.166724738675958,-0.165505226480836,-0.22020905923345,-0.0719512195121951
OTU_38,0.0263066202090592,0.498606271777004,-0.557839721254355,0.492682926829268,-0.401742160278746,0.433101045296167,-0.0566202090592335,0.555052264808363,0.739198606271777,0.497212543554007,-0.30609756097561,-0.281184668989547,0.172996515679443,-0.128397212543554,0.104878048780488,-0.0768292682926829,-0.611324041811847,-0.387630662020906,0.188675958188153,0.336759581881533,-0.15,0.683101045296167,0.0447735191637631,0.613937282229965,-0.195818815331011,0.435714285714286,0.331707317073171,0.237630662020906,0.213588850174216,0.644947735191638,0.0806620209059234,0.358536585365854,0.245296167247387,0.19198606271777,0.00644599303135889,0.403658536585366,0.682578397212544,NA,-0.0963414634146342,0.296341463414634,-0.0560975609756098,-0.062020905923345,-0.573170731707317,0.117073170731707,0.146515679442509,0.549825783972126,0.031184668989547,0.0804878048780488,0.6301393728223,0.388675958188153,-0.124216027874564,0.110278745644599,0.0750871080139373,0.200348432055749,0.406794425087108,-0.072822299651568,-0.00313588850174216,-0.35418118466899,0.00522648083623694,0.00644599303135889,0.443554006968641,0.631707317073171,0.324390243902439,-0.370557491289199,0.0604529616724739,0.50609756097561,0.221951219512195,0.870731707317073,-0.0151567944250871,0.310452961672474,-0.349128919860627,0.494425087108014,-0.524390243902439,-0.120383275261324,0.405923344947735,0.169686411149826,0.224216027874564,0.816898954703833,-0.0775261324041812,0.152090592334495,0.272822299651568,0.757665505226481,0.187804878048781,0.417073170731707,0.0630662020905924,-0.0508710801393728,0.255574912891986,-0.35418118466899,0.353658536585366,0.261149825783972,-0.0240418118466899,0.200696864111498,0.787108013937282,-0.0308362369337979,-0.511149825783972,-0.231358885017422,-0.117770034843206,0.0301393728222997,0.212717770034843,-0.139721254355401,0.130662020905923,0.131358885017422,0.50993031358885,0.0726480836236934,-0.665156794425087,-0.0315331010452962,-0.404878048780488,-0.365505226480836,-0.184843205574913,0.0207317073170732,0.164459930313589,-0.0780487804878049,0.15383275261324,0.00331010452961673,-0.12787456445993,-0.445296167247387,-0.0362369337979094,0.874738675958188,-0.121777003484321,-0.0750871080139373,-0.171254355400697,-0.335191637630662,-0.228397212543554,0.241289198606272,0.292334494773519,0.270905923344948,0.309233449477352,-0.0365853658536585,0.573170731707317,0.056794425087108,0.0369337979094077,-0.083623693379791,-0.00958188153310105,-0.169512195121951,-0.0494773519163763,-0.240592334494774,-0.567421602787457,-0.0710801393728223,-0.0789198606271777,-0.135365853658537,-0.0933797909407666,0.496864111498258,0.534494773519164,-0.234494773519164,0.518989547038328,-0.0646341463414634,-0.103484320557491,-0.175435540069686,-0.109059233449477,-0.00609756097560976,0.149825783972125,-0.220557491289199,0.223693379790941,-0.343205574912892,0.0374564459930314,0.637804878048781,-0.16794425087108,0.371080139372822,0.418815331010453,-0.134668989547038,-0.0757839721254356,0.00209059233449477,-0.102961672473868,0.131010452961672,-0.086411149825784,-0.135714285714286,-0.0834494773519164,0.131533101045296,-0.109233449477352,-0.131358885017422,0.043205574912892,-0.164808362369338,-0.15801393728223,0.0844947735191638,-0.194425087108014,-0.149825783972125,0.0486062717770035,0.163066202090592,-0.184494773519164,0.262369337979094,-0.136933797909408,-0.179965156794425,0.127177700348432,-0.307665505226481,0.24390243902439,-0.0787456445993032,0.0526132404181185,0.0965156794425087,-0.0738675958188153,-0.174564459930314,-0.0763066202090592,0.0149825783972125,-0.179616724738676,-0.101219512195122,0.095993031358885,-0.0825783972125436,0.624738675958188,-0.156968641114983,-0.176655052264808,-0.148257839721254,-0.130487804878049,0.0768292682926829,0.547735191637631,0.086411149825784,-0.141289198606272,-0.35418118466899,-0.14581881533101,-0.309407665505227,-0.412543554006969,0.248257839721254,0.0172473867595819,0.155400696864112,-0.182404181184669,-0.0693379790940767,0.0858885017421603,0.0174216027874564,-0.0411149825783972,0.210452961672474,-0.014808362369338,0.0543554006968641,-0.110278745644599,0.0139372822299652,-0.384320557491289,0.0742160278745645,-0.212020905923345
OTU_39,0.221428571428571,-0.0167247386759582,-0.0679442508710802,0.145121951219512,-0.162020905923345,0.0306620209059234,0.275087108013937,0.121951219512195,0.164634146341463,0.184843205574913,-0.0714285714285714,-0.208885017421603,0.0494773519163763,-0.130313588850174,0.443031358885018,0.298257839721254,-0.134320557491289,0.0205574912891986,-0.249651567944251,0.438327526132404,0.094425087108014,-0.1698606271777,-0.235540069686411,-0.148780487804878,-0.231184668989547,0.0925087108013938,0.460278745644599,0.0674216027874565,-0.273170731707317,0.210627177700348,0.1198606271777,0.345470383275261,-0.0770034843205575,0.336062717770035,0.014808362369338,0.277700348432056,0.0395470383275261,-0.0963414634146342,NA,-0.0526132404181185,-0.0752613240418119,0.488850174216028,0.227177700348432,0.361324041811847,0.162717770034843,-0.330313588850174,-0.295993031358885,0.460278745644599,-0.206620209059233,0.42595818815331,0.137979094076655,0.206271777003484,-0.269512195121951,0.10609756097561,-0.0912891986062718,0.086411149825784,-0.0642857142857143,-0.22212543554007,0.316376306620209,-0.0114982578397213,-0.222648083623693,-0.109407665505227,0.246864111498258,0.399825783972126,-0.318989547038328,0.12404181184669,0.315331010452962,0.0372822299651568,0.359059233449477,0.273693379790941,-0.159407665505227,-0.210452961672474,0.0656794425087108,-0.232229965156795,0.238675958188153,0.22020905923345,-0.314285714285714,-0.109407665505227,-0.187108013937282,0.268118466898955,-0.0315331010452962,-0.0250871080139373,0.297735191637631,0.033623693379791,-0.428048780487805,-0.186759581881533,0.113588850174216,-0.15191637630662,-0.0916376306620209,-0.0277003484320558,0.101567944250871,0.0651567944250871,0.00365853658536585,-0.162717770034843,-0.031184668989547,0.214459930313589,0.0270034843205575,-0.214808362369338,0.0625435540069686,-0.210627177700348,0.0820557491289199,0.34581881533101,-0.145121951219512,-0.186585365853659,0.0430313588850174,-0.0465156794425087,0.0998257839721255,0.178919860627178,-0.0986062717770035,-0.270731707317073,0.208710801393728,-0.115156794425087,-0.0114982578397213,-0.420905923344948,-0.125435540069686,0.18397212543554,0.148780487804878,-0.075609756097561,-0.128919860627178,-0.252439024390244,-0.215853658536585,-0.0371080139372822,0.293031358885017,0.258188153310105,0.00365853658536585,0.296689895470383,0.377351916376307,-0.251219512195122,0.154355400696864,-0.24808362369338,-0.0153310104529617,-0.271080139372822,-0.130487804878049,-0.284320557491289,-0.104529616724739,0.221602787456446,-0.297038327526132,0.102439024390244,-0.264808362369338,0.457665505226481,-0.139721254355401,0.0536585365853659,0.309581881533101,-0.0843205574912892,-0.0980836236933798,0.198432055749129,-0.286759581881533,-0.368466898954704,-0.0649825783972126,0.39581881533101,0.367073170731707,-0.0987804878048781,0.0275261324041812,-0.215679442508711,0.298257839721254,0.162543554006969,-0.19198606271777,0.126306620209059,0.121777003484321,0.270383275261324,-0.288501742160279,-0.293554006968641,-0.0879790940766551,-0.214634146341463,0.0949477351916377,-0.48397212543554,-0.151567944250871,0.0867595818815331,0.106271777003484,-0.260104529616725,-0.271951219512195,-0.131881533101045,0.140243902439024,-0.337456445993031,0.0184668989547038,-0.305574912891986,-0.0695121951219512,0.173170731707317,-0.1301393728223,0.339721254355401,-0.308710801393728,-0.334146341463415,-0.00400696864111498,-0.20801393728223,-0.032404181184669,-0.286759581881533,-0.313588850174216,0.239372822299652,-0.292857142857143,-0.176132404181185,0.0925087108013938,-0.100871080139373,-0.393031358885018,-0.153310104529617,-0.339024390243903,-0.0710801393728223,-0.189895470383275,-0.136933797909408,-0.162543554006969,-0.351045296167247,-0.090418118466899,-0.21411149825784,-0.185017421602788,0.0735191637630662,0.033623693379791,-0.183449477351916,-0.131184668989547,-0.0721254355400697,-0.0695121951219512,0.0113240418118467,0.108362369337979,-0.134668989547038,-0.185017421602788,-0.139721254355401,-0.284494773519164,-0.262020905923345,-0.327351916376307,-0.210452961672474,-0.15418118466899,-0.323867595818815,0.054006968641115,-0.349477351916376,0.374738675958188,0.0520905923344948,0.0287456445993031
OTU_40,0.45191637630662,-0.040418118466899,-0.302090592334495,-0.117247386759582,-0.301567944250871,0.542682926829268,-0.150174216027875,-0.062020905923345,0.240418118466899,0.00418118466898955,-0.112369337979094,0.26184668989547,-0.237108013937282,0.593205574912892,-0.204529616724739,-0.441463414634146,-0.113066202090592,-0.414634146341464,0.655749128919861,-0.0937282229965157,0.365679442508711,0.295993031358885,0.689024390243903,0.439024390243903,-0.160627177700348,0.145993031358885,0,0.537979094076655,0.0719512195121951,0.118641114982578,-0.0266550522648084,0.244599303135889,-0.0966898954703833,0.631881533101045,0.471951219512195,0.240418118466899,0.383797909407666,0.296341463414634,-0.0526132404181185,NA,-0.284320557491289,-0.0815331010452962,-0.237979094076655,-0.386062717770035,-0.122822299651568,0.730487804878049,0.0587108013937282,0.183449477351916,0.0165505226480836,0.102961672473868,0.126480836236934,-0.166898954703833,0.152787456445993,-0.265679442508711,0.175261324041812,0.100696864111498,0.460104529616725,-0.0731707317073171,0.508188153310105,0.184843205574913,0.413937282229965,0.368466898954704,-0.152961672473868,-0.206271777003484,0.331358885017422,-0.162717770034843,-0.292160278745645,0.231184668989547,0.19808362369338,0.208885017421603,-0.0236933797909408,-0.196341463414634,-0.358362369337979,0.119512195121951,0.152961672473868,0.56411149825784,0.0822299651567944,0.114459930313589,-0.0209059233449477,0.473693379790941,0.552787456445993,0.150696864111498,0.445818815331011,0.534668989547038,0.0710801393728223,0.649303135888502,-0.171428571428571,0.0679442508710802,0.349651567944251,-0.431533101045296,-0.0428571428571429,0.435365853658537,0.0883275261324042,0.605226480836237,-0.202264808362369,-0.639024390243903,0.28397212543554,0.455052264808362,0.0677700348432056,0.0996515679442509,0.332926829268293,-0.365331010452962,-0.0937282229965157,0.0777003484320558,-0.435714285714286,0.293554006968641,-0.360278745644599,0.0672473867595819,0.294773519163763,0.482404181184669,0.314285714285714,0.340592334494774,0.568815331010453,0.670731707317073,-0.481881533101045,-0.117421602787456,-0.636585365853659,0.207142857142857,0.231358885017422,0.0872822299651568,-0.331010452961673,-0.190766550522648,0.139547038327526,-0.120731707317073,-0.413414634146342,-0.456794425087108,-0.148432055749129,0.324912891986063,-0.254529616724739,0.32404181184669,-0.120557491289199,0.165505226480836,0.415505226480836,0.200174216027875,0.351567944250871,-0.523170731707317,0.012020905923345,-0.173693379790941,0.275261324041812,-0.258710801393728,0.572822299651568,-0.25609756097561,-0.197038327526132,0.298257839721254,0.224390243902439,-0.3,0.108362369337979,0.32212543554007,0.188327526132404,-0.00156794425087108,-0.402613240418119,0.486411149825784,0.639547038327526,-0.101567944250871,-0.336236933797909,0.0334494773519164,0.253484320557491,-0.242508710801394,-0.0242160278745645,-0.267770034843206,0.355226480836237,0.27212543554007,0.359059233449477,0.536236933797909,-0.301045296167247,-0.0369337979094077,0.368815331010453,-0.271254355400697,-0.26602787456446,0.253484320557491,0.485540069686411,0.253658536585366,-0.394599303135889,-0.124390243902439,0.0850174216027875,0.195818815331011,0.442682926829268,0.547038327526132,0.256271777003484,0.421777003484321,0.286585365853659,0.264459930313589,-0.477526132404181,0.0627177700348432,0.188675958188153,0.2301393728223,0.0484320557491289,-0.450348432055749,0.412369337979094,-0.0371080139372822,-0.192682926829268,0.51602787456446,0.143205574912892,0.492682926829268,0.259407665505227,0.401045296167247,0.114808362369338,0.269163763066202,0.284668989547038,0.0775261324041812,-0.0209059233449477,-0.0717770034843206,-0.0182926829268293,-0.235714285714286,-0.0745644599303136,0.406445993031359,0.1198606271777,0.0759581881533101,0.164808362369338,-0.0104529616724739,-0.051219512195122,-0.0628919860627178,-0.0195121951219512,0.174738675958188,0.251045296167247,0.013588850174216,0.106794425087108,0.257317073170732,0.203310104529617,0.178571428571429,0.181707317073171,0.190243902439024,0.00801393728222997,-0.295121951219512,-0.0857142857142857
OTU_41,0.104355400696864,-0.4801393728223,0.32787456445993,-0.297909407665505,-0.127177700348432,-0.646689895470383,-0.581184668989547,-0.466724738675958,0.146689895470383,-0.38588850174216,-0.702787456445993,0.534320557491289,0.0290940766550523,-0.332752613240418,-0.390940766550523,-0.422299651567944,0.0790940766550523,-0.304006968641115,-0.682229965156795,-0.320731707317073,-0.150522648083624,-0.195644599303136,0.154878048780488,-0.486062717770035,0.121602787456446,-0.15801393728223,-0.139721254355401,0.201742160278746,0.717770034843206,0.0804878048780488,-0.76794425087108,-0.649477351916376,-0.237630662020906,-0.136411149825784,-0.368989547038328,-0.64425087108014,0.0437282229965157,-0.0560975609756098,-0.0752613240418119,-0.284320557491289,NA,-0.148432055749129,0.153658536585366,-0.410627177700349,-0.39808362369338,-0.16602787456446,0.614808362369338,-0.10993031358885,-0.358710801393728,-0.24390243902439,-0.856271777003484,-0.221254355400697,0.603484320557491,-0.181010452961673,0.188675958188153,0.523344947735192,0.351393728222997,0.451219512195122,0.137108013937282,0.421080139372822,-0.274738675958188,-0.105574912891986,-0.196341463414634,-0.420731707317073,0.0257839721254355,-0.210801393728223,0.0987804878048781,-0.0857142857142857,-0.0465156794425087,0.11219512195122,0.620383275261324,-0.284668989547038,-0.466724738675958,-0.564285714285714,-0.361149825783972,-0.0761324041811847,-0.1698606271777,0.177177700348432,0.429268292682927,0.0947735191637631,0.0228222996515679,0.0456445993031359,-0.74425087108014,-0.14616724738676,0.489721254355401,0.0292682926829268,-0.516376306620209,0.222473867595819,-0.130313588850174,-0.272299651567944,-0.32404181184669,-0.495470383275261,-0.22595818815331,0.183623693379791,0.2801393728223,0.373170731707317,0.344599303135889,0.385540069686411,-0.219686411149826,-0.604529616724739,-0.434494773519164,-0.071602787456446,-0.186933797909408,0.111672473867596,0.14198606271777,0.352264808362369,-0.141637630662021,-0.289198606271777,0.454006968641115,-0.0658536585365854,-0.466376306620209,0.418815331010453,-0.635714285714286,-0.272299651567944,0.785540069686411,-0.421602787456446,0.41184668989547,-0.045993031358885,0.376132404181185,0.579442508710801,-0.121080139372822,0.021602787456446,-0.370731707317073,0.0668989547038328,0.327003484320558,0.0975609756097561,0.111672473867596,0.418989547038328,-0.0189895470383275,0.440592334494774,0.198432055749129,0.467421602787457,0.406445993031359,0.439198606271777,-0.527003484320558,0.195121951219512,0.152439024390244,0.0686411149825784,0.566202090592335,-0.243728222996516,-0.00522648083623694,-0.0702090592334495,-0.195818815331011,0.412717770034843,-0.376829268292683,0.197038327526132,0.565331010452962,0.378048780487805,0.0980836236933798,-0.427177700348432,-0.0421602787456446,0.168292682926829,0.104355400696864,0.418641114982578,-0.204006968641115,-0.130487804878049,0.435191637630662,-0.143205574912892,-0.343031358885018,-0.153135888501742,0.398954703832753,0.403484320557491,0.400696864111498,-0.621428571428572,0.395644599303136,0.468989547038328,0.281358885017422,-0.283449477351916,0.0966898954703833,0.407142857142857,0.240940766550523,0.455749128919861,-0.225261324041812,0.0921602787456446,0.265853658536585,0.373519163763066,0.332926829268293,-0.207491289198606,0.291463414634146,-0.196341463414634,0.473170731707317,0.442334494773519,-0.342682926829268,0.466898954703833,0.656620209059234,0.467073170731707,0.611672473867596,0.392857142857143,0.268292682926829,0.745818815331011,-0.0803135888501742,-0.0555749128919861,0.431533101045296,0.233449477351916,0.315853658536585,0.227700348432056,0.0789198606271777,-0.0803135888501742,0.291637630662021,0.432578397212544,0.408885017421603,0.654529616724739,-0.183101045296167,-0.194947735191638,0.357665505226481,-0.00400696864111498,0.439024390243903,-0.0782229965156795,0.0921602787456446,0.197735191637631,-0.110104529616725,0.404355400696864,0.475261324041812,0.516724738675958,0.519512195121951,0.359581881533101,0.239024390243902,0.491463414634147,0.516724738675958,0.425609756097561,0.354878048780488,0.436585365853659,0.112369337979094,-0.0754355400696864,0.109233449477352
OTU_42,0.544773519163763,-0.110627177700348,0.418292682926829,0.278222996515679,-0.573170731707317,0.272648083623693,0.282752613240418,-0.0121951219512195,-0.163414634146341,0.212717770034843,-0.0799651567944251,-0.166376306620209,-0.356968641114983,0.136236933797909,0.460801393728223,0.276829268292683,0.171777003484321,0.409407665505227,-0.0308362369337979,0.501219512195122,0.102090592334495,-0.0231707317073171,-0.286585365853659,-0.0703832752613241,-0.509059233449477,-0.115679442508711,0.584843205574913,-0.159407665505227,-0.456794425087108,0.0890243902439025,0.136933797909408,-0.0766550522648084,-0.101567944250871,0.30191637630662,-0.371080139372822,0.251045296167247,-0.3,-0.062020905923345,0.488850174216028,-0.0815331010452962,-0.148432055749129,NA,0.122473867595819,0.410278745644599,0.39808362369338,-0.0898954703832753,-0.475783972125436,0.722473867595819,-0.183449477351916,0.0552264808362369,0.29006968641115,0.576480836236934,-0.479790940766551,0.377700348432056,-0.350348432055749,-0.140592334494774,-0.288327526132404,-0.368118466898955,0.0601045296167248,-0.294773519163763,-0.242508710801394,0.136585365853659,0.637456445993031,0.128571428571429,-0.70801393728223,0.212543554006969,0.26184668989547,-0.0937282229965157,0.0433797909407666,-0.229790940766551,-0.232578397212544,-0.237108013937282,0.374216027874565,-0.178919860627178,0.423344947735192,0.436062717770035,0.100522648083624,-0.0994773519163763,-0.279442508710801,0.154355400696864,-0.0731707317073171,-0.189721254355401,0.19198606271777,-0.00487804878048781,-0.672822299651568,-0.278571428571429,0.263066202090592,-0.351219512195122,0.0149825783972125,-0.211149825783972,0.361672473867596,0.31184668989547,0.149128919860627,-0.294076655052265,-0.0341463414634146,0.135714285714286,-0.242160278745645,-0.383101045296167,0.273170731707317,-0.256445993031359,0.17020905923345,0.53205574912892,-0.0668989547038328,-0.385365853658537,0.0890243902439025,-0.244773519163763,-0.035191637630662,0.286062717770035,-0.290592334494774,-0.308362369337979,0.068815331010453,-0.463937282229965,-0.0167247386759582,-0.204355400696864,-0.0554006968641115,0.506968641114983,0.412891986062718,0.032404181184669,-0.34198606271777,-0.454355400696864,0.294599303135889,-0.284494773519164,0.717421602787457,0.119163763066202,-0.314459930313589,0.242857142857143,0.25418118466899,-0.412543554006969,0.183101045296167,-0.37020905923345,-0.456620209059234,-0.487108013937282,-0.298954703832753,-0.419337979094077,0.0372822299651568,0.117770034843206,-0.110975609756098,0.0385017421602788,-0.438501742160279,0.699477351916376,-0.154529616724739,0.0266550522648084,0.341811846689896,-0.405574912891986,-0.0477351916376307,0.0634146341463415,-0.445470383275261,-0.398954703832753,-0.587979094076655,0.45418118466899,0.435017421602788,-0.310975609756098,0.0306620209059234,-0.427351916376307,0.500871080139373,-0.0682926829268293,-0.475087108013937,-0.0421602787456446,0.287282229965157,0.369337979094077,-0.531358885017422,-0.479790940766551,-0.221602787456446,0.0508710801393728,0.171777003484321,-0.570731707317073,-0.439721254355401,0.314285714285714,0.415679442508711,-0.53397212543554,-0.244425087108014,-0.310278745644599,0.43397212543554,-0.228222996515679,-0.281881533101045,-0.581707317073171,-0.0862369337979094,-0.039198606271777,-0.367073170731707,0.291811846689896,-0.481358885017422,-0.544599303135889,0.259581881533101,-0.368118466898955,-0.374216027874565,-0.537108013937282,-0.406968641114983,-0.236062717770035,-0.381358885017422,-0.289895470383275,-0.22595818815331,-0.182578397212544,-0.615331010452962,-0.182752613240418,-0.544076655052265,-0.273693379790941,-0.0623693379790941,0.249651567944251,-0.444425087108014,-0.549477351916376,-0.621777003484321,-0.437456445993031,-0.0590592334494774,-0.0662020905923345,-0.502961672473868,-0.195121951219512,-0.394947735191638,-0.214459930313589,-0.156620209059233,-0.375087108013937,0.0515679442508711,-0.152264808362369,-0.473170731707317,-0.19616724738676,-0.377526132404181,-0.599128919860627,-0.605226480836237,-0.131707317073171,-0.307491289198606,-0.519337979094077,-0.273693379790941,-0.509581881533101,0.244250871080139,0.454006968641115,0.222822299651568
OTU_43,-0.0750871080139373,-0.508710801393728,0.39006968641115,-0.485191637630662,0.23815331010453,-0.402787456445993,-0.14616724738676,-0.559407665505227,-0.358885017421603,-0.611498257839721,0.0519163763066202,0.36184668989547,-0.0958188153310105,0.218815331010453,-0.35383275261324,-0.113937282229965,0.622822299651568,0.220731707317073,-0.322822299651568,-0.570034843205575,0.443379790940767,-0.608536585365854,0.146864111498258,-0.720557491289199,0.592508710801394,0.0564459930313589,-0.145121951219512,0.154355400696864,-0.0602787456445993,-0.467421602787457,-0.347560975609756,-0.39006968641115,-0.259233449477352,-0.204006968641115,-0.340418118466899,-0.592334494773519,-0.463937282229965,-0.573170731707317,0.227177700348432,-0.237979094076655,0.153658536585366,0.122473867595819,NA,-0.279965156794425,-0.268118466898955,-0.528571428571429,0.262891986062718,-0.00975609756097561,-0.776132404181185,-0.519163763066202,0.107317073170732,-0.269163763066202,0.205052264808362,-0.349825783972126,-0.59198606271777,0.436411149825784,0.14616724738676,0.574390243902439,0.148606271777004,0.279965156794425,-0.19198606271777,-0.632752613240418,-0.389198606271777,0.467595818815331,0.229094076655052,-0.547909407665505,-0.317770034843206,-0.543554006968641,-0.00505226480836237,-0.164634146341463,0.187108013937282,-0.759407665505227,0.155749128919861,-0.114285714285714,-0.424564459930314,0.024390243902439,-0.440766550522648,-0.37822299651568,0.0707317073170732,-0.00644599303135889,-0.0874564459930314,-0.331533101045296,-0.255400696864112,-0.132752613240418,0.0210801393728223,0.168118466898955,-0.49616724738676,0.537804878048781,-0.521080139372822,-0.409581881533101,-0.11184668989547,-0.324738675958188,-0.595818815331011,0.139547038327526,0.287456445993031,0.550871080139373,0.399128919860627,0.122996515679443,-0.0660278745644599,-0.122996515679443,-0.206794425087108,-0.226655052264808,-0.68205574912892,0.171428571428571,0.707491289198606,0.461846689895471,0.38397212543554,-0.131533101045296,0.470557491289199,-0.0644599303135889,-0.418641114982578,0.270034843205575,-0.426655052264808,0.0602787456445993,0.197560975609756,0.260975609756098,-0.0170731707317073,-0.479965156794425,0.393205574912892,0.286062717770035,0.130487804878049,0.34581881533101,0.271777003484321,-0.325435540069687,-0.258362369337979,0.11411149825784,-0.125261324041812,0.239547038327526,-0.322299651567944,0.0672473867595819,0.0878048780487805,0.402787456445993,0.230836236933798,0.39616724738676,-0.0672473867595819,0.625435540069686,0.227177700348432,0.427351916376307,0.218641114982578,0.0329268292682927,0.217595818815331,-0.39198606271777,-0.372299651567944,0.397386759581882,-0.573693379790941,0.565331010452962,0.348257839721254,0.325261324041812,0.369512195121951,0.324564459930314,-0.270731707317073,0.321602787456446,0.00365853658536585,0.545993031358885,-0.0806620209059234,-0.387108013937282,0.347386759581882,-0.0599303135888502,-0.603658536585366,0.064808362369338,0.290418118466899,0.304703832752613,0.266550522648084,-0.39390243902439,0.35,0.255400696864112,0.394773519163763,0.0702090592334495,0.209756097560976,0.293031358885017,0.174216027874564,0.481358885017422,0.021602787456446,0.199477351916376,0.611324041811847,0.345644599303136,0.256445993031359,0.0621951219512195,0.436062717770035,-0.131010452961672,0.336236933797909,0.310801393728223,-0.102264808362369,0.570731707317073,-0.0750871080139373,0.333449477351916,0.289721254355401,-0.0447735191637631,0.28397212543554,0.205923344947735,0.324216027874564,0.126306620209059,0.301567944250871,0.226306620209059,0.0219512195121951,0.305923344947735,-0.29616724738676,0.0968641114982579,0.55609756097561,0.224216027874564,0.327003484320558,0.225609756097561,-0.373519163763066,0.0780487804878049,0.49808362369338,0.107839721254355,0.27212543554007,0.47595818815331,0.61602787456446,0.0195121951219512,0.334843205574913,0.284320557491289,0.409581881533101,0.40191637630662,0.296864111498258,0.25609756097561,0.22595818815331,-0.194599303135889,0.249128919860627,0.318292682926829,0.387108013937282,0.154006968641115,0.586759581881533,0.0590592334494774,0.0559233449477352
OTU_44,-0.255574912891986,0.583275261324042,-0.199128919860627,0.727351916376307,0.0181184668989547,0.210801393728223,0.744076655052265,0.620557491289199,0.018815331010453,0.66184668989547,0.35383275261324,-0.809581881533101,0.133623693379791,-0.371777003484321,0.819512195121951,0.744425087108014,-0.374390243902439,0.41794425087108,-0.101567944250871,0.839895470383275,-0.303658536585366,0.0984320557491289,-0.793728222996516,0.254355400696864,-0.285191637630662,0.193205574912892,0.42595818815331,-0.507491289198606,-0.520905923344948,0.401567944250871,0.620034843205575,0.488675958188153,0.21411149825784,-0.0958188153310105,-0.140418118466899,0.60801393728223,-0.078397212543554,0.117073170731707,0.361324041811847,-0.386062717770035,-0.410627177700349,0.410278745644599,-0.279965156794425,NA,0.635714285714286,-0.186585365853659,-0.671777003484321,0.167770034843206,0.41184668989547,0.525261324041812,0.35383275261324,0.610278745644599,-0.740243902439024,0.633275261324042,-0.0397212543554007,-0.57020905923345,-0.690243902439025,-0.650522648083624,-0.331881533101045,-0.600696864111498,-0.102439024390244,0.0414634146341464,0.703484320557491,0.373867595818815,-0.52787456445993,0.707142857142857,0.459756097560976,0.179965156794425,-0.00627177700348432,-0.062020905923345,-0.705400696864112,0.486062717770035,0.420557491289199,0.0825783972125436,0.503484320557491,-0.282752613240418,0.247038327526132,0.0128919860627178,-0.444947735191638,-0.254529616724739,-0.436411149825784,0.0480836236933798,0.276829268292683,-0.271777003484321,-0.586933797909408,-0.735191637630662,0.860627177700349,-0.595993031358885,0.0480836236933798,0.648432055749129,0.548606271777004,0.215853658536585,0.430487804878049,-0.72822299651568,-0.216202090592335,0.126829268292683,-0.666724738675958,-0.770557491289199,0.266550522648084,0.10609756097561,0.248780487804878,0.655052264808363,0.461672473867596,-0.450696864111498,-0.089198606271777,-0.74390243902439,0.114459930313589,0.16794425087108,-0.826480836236934,-0.554355400696864,0.202787456445993,-0.772299651567944,-0.00365853658536585,-0.472996515679443,-0.190940766550523,0.3198606271777,0.352439024390244,0.236585365853659,-0.735540069686411,-0.663066202090593,0.268118466898955,-0.0834494773519164,0.174912891986063,0.308536585365854,0.237630662020906,0.494250871080139,0.508536585365854,-0.807491289198606,0.543379790940767,-0.655574912891986,-0.189372822299652,-0.752439024390244,-0.758362369337979,-0.798954703832753,-0.0625435540069686,0.169163763066202,-0.501742160278746,0.0484320557491289,-0.797909407665505,0.626480836236934,-0.681881533101045,0.521254355400697,0.679790940766551,-0.771428571428572,0.271428571428572,0.0322299651567944,-0.750348432055749,-0.818815331010453,-0.38815331010453,0.346341463414634,0.659233449477352,-0.731010452961673,-0.563763066202091,-0.660627177700349,0.734320557491289,0.29006968641115,-0.749477351916376,0.466898954703833,0.626132404181185,0.505574912891986,-0.830662020905924,-0.771777003484321,-0.780487804878049,0.0179442508710801,-0.0292682926829268,-0.671428571428571,-0.747038327526133,0.379442508710801,0.239895470383275,-0.812369337979094,-0.790418118466899,-0.794599303135889,0.644599303135889,-0.178222996515679,-0.492334494773519,-0.804355400696864,-0.658536585365854,-0.326306620209059,-0.805574912891986,0.0418118466898955,-0.797560975609756,-0.799477351916376,0.72595818815331,-0.732578397212544,-0.572473867595819,-0.763763066202091,-0.596341463414634,0.215679442508711,-0.818989547038328,-0.627351916376307,-0.0559233449477352,-0.614285714285714,-0.730662020905923,-0.733797909407666,-0.536411149825784,-0.687108013937282,0.0350174216027875,-0.352613240418119,-0.720383275261324,-0.671080139372822,-0.480487804878049,-0.432752613240418,0.338850174216028,0.297386759581882,-0.418815331010453,-0.5698606271777,-0.592334494773519,-0.310104529616725,-0.468815331010453,-0.110452961672474,-0.0547038327526133,-0.342334494773519,-0.650174216027875,-0.646515679442509,-0.771428571428572,-0.355574912891986,-0.415853658536585,-0.510627177700349,-0.632404181184669,-0.671080139372822,-0.514808362369338,-0.630836236933798,-0.262369337979094,0.449303135888502,-0.0242160278745645
OTU_45,0.0679442508710802,0.367770034843206,-0.148954703832753,0.729442508710802,-0.213066202090592,0.225087108013937,0.819337979094077,0.42595818815331,0.0574912891986063,0.639547038327526,0.302961672473868,-0.730836236933798,-0.288850174216028,0.177526132404181,0.72787456445993,0.74808362369338,-0.25993031358885,0.552264808362369,0.224912891986063,0.630487804878049,-0.0674216027874565,0.299477351916376,-0.640243902439025,0.515156794425087,-0.275783972125436,0.0815331010452962,0.569512195121951,-0.372473867595819,-0.587630662020906,0.404703832752613,0.656968641114983,0.308536585365854,0.0308362369337979,-0.223170731707317,-0.279616724738676,0.610975609756098,-0.0134146341463415,0.146515679442509,0.162717770034843,-0.122822299651568,-0.39808362369338,0.39808362369338,-0.268118466898955,0.635714285714286,NA,0.252787456445993,-0.747560975609756,0.113414634146341,0.409581881533101,0.159407665505227,0.490243902439024,0.884494773519164,-0.780487804878049,0.824390243902439,0.150348432055749,-0.736411149825784,-0.712020905923345,-0.745296167247387,-0.53815331010453,-0.766376306620209,0.102264808362369,0.317595818815331,0.741637630662021,0.00331010452961673,-0.409407665505227,0.52212543554007,0.663763066202091,0.191289198606272,-0.492334494773519,-0.416898954703833,-0.450174216027875,0.272473867595819,0.149128919860627,0.067595818815331,0.764285714285714,-0.119686411149826,0.605400696864112,0.162020905923345,-0.103484320557491,-0.329965156794425,-0.0717770034843206,0.177700348432056,0.158536585365854,-0.276829268292683,-0.737282229965157,-0.638850174216028,0.676655052264808,-0.742160278745645,0.364982578397213,0.369686411149826,0.816898954703833,0.62404181184669,0.37787456445993,-0.696515679442509,0.0141114982578397,-0.0526132404181185,-0.800174216027875,-0.804529616724739,0.670557491289199,-0.0587108013937282,0.609407665505227,0.736759581881533,0.254703832752613,-0.546341463414634,-0.0655052264808362,-0.739372822299652,-0.370383275261324,0.09198606271777,-0.681881533101045,-0.216376306620209,-0.153484320557491,-0.80993031358885,-0.0114982578397213,-0.127700348432056,-0.326655052264808,0.489024390243903,0.256445993031359,0.243031358885017,-0.739547038327526,-0.765679442508711,0.509059233449477,-0.58623693379791,0.35609756097561,0.600348432055749,-0.0301393728222997,0.120905923344948,0.306445993031359,-0.753832752613241,0.457491289198606,-0.772822299651568,-0.244947735191638,-0.744599303135889,-0.717421602787457,-0.778571428571429,-0.0782229965156795,-0.0554006968641115,-0.41219512195122,-0.221254355400697,-0.796341463414634,0.700871080139373,-0.640243902439025,0.359233449477352,0.408188153310105,-0.705226480836237,0.505400696864112,-0.219512195121951,-0.732752613240418,-0.694947735191638,-0.481358885017422,0.32787456445993,0.69198606271777,-0.675435540069687,-0.49808362369338,-0.72787456445993,0.66219512195122,0.255574912891986,-0.820731707317073,0.0778745644599303,0.488850174216028,0.616898954703833,-0.772996515679443,-0.725783972125436,-0.759233449477352,0.0461672473867596,-0.013588850174216,-0.607491289198606,-0.700871080139373,0.521777003484321,0.502090592334495,-0.722473867595819,-0.663937282229965,-0.754878048780488,0.64616724738676,-0.241114982578397,-0.647386759581882,-0.673693379790941,-0.61411149825784,-0.439372822299652,-0.724216027874565,-0.155400696864112,-0.709059233449478,-0.677700348432056,0.607317073170732,-0.73815331010453,-0.584320557491289,-0.791463414634146,-0.718641114982579,-0.238327526132404,-0.699303135888502,-0.567073170731707,-0.269337979094077,-0.475261324041812,-0.65418118466899,-0.576655052264809,-0.523867595818815,-0.674912891986063,0.0559233449477352,-0.189721254355401,-0.628048780487805,-0.57020905923345,-0.55993031358885,-0.563763066202091,0.382578397212544,0.000348432055749129,-0.465156794425087,-0.492334494773519,-0.342857142857143,-0.285540069686411,-0.484494773519164,-0.308188153310105,-0.089198606271777,-0.278919860627178,-0.597386759581882,-0.589024390243903,-0.649651567944251,-0.418466898954704,-0.584320557491289,-0.395470383275261,-0.544076655052265,-0.513240418118467,-0.665505226480836,-0.655400696864112,-0.354878048780488,0.271602787456446,0.335714285714286
OTU_46,0.387979094076655,0.170383275261324,-0.308536585365854,0.220905923344948,-0.45801393728223,0.467073170731707,-0.032404181184669,0.148954703832753,0.366898954703833,0.211672473867596,-0.178397212543554,0.0402439024390244,-0.16794425087108,0.47404181184669,-0.10191637630662,-0.237979094076655,-0.264459930313589,-0.268118466898955,0.652264808362369,0.0763066202090592,0.0252613240418119,0.497386759581882,0.397560975609756,0.705226480836237,-0.276132404181185,0.200174216027875,0.240940766550523,0.420905923344948,0.206271777003484,0.43588850174216,0.0905923344947735,0.206445993031359,0.0844947735191638,0.405226480836237,0.17020905923345,0.340940766550523,0.478745644599303,0.549825783972126,-0.330313588850174,0.730487804878049,-0.16602787456446,-0.0898954703832753,-0.528571428571429,-0.186585365853659,0.252787456445993,NA,0.0385017421602788,0.165853658536585,0.342682926829268,0.180487804878049,0.0118466898954704,0.181707317073171,0.0968641114982579,0.0677700348432056,0.448606271777004,-0.139024390243902,0.223344947735192,-0.260627177700348,0.149303135888502,-0.0578397212543554,0.483623693379791,0.619163763066202,0.210975609756098,-0.546864111498258,0.15418118466899,0.255574912891986,-0.0116724738675958,0.439198606271777,-0.133797909407666,0.0054006968641115,-0.113937282229965,0.143728222996516,-0.50418118466899,0.0801393728222997,0.442334494773519,0.460975609756098,0.538501742160279,0.481533101045296,0.140243902439024,0.328919860627178,0.604529616724739,0.371080139372822,0.272299651567944,0.362891986062718,0.0625435540069686,0.309407665505227,0.0621951219512195,-0.223867595818815,0.556445993031359,-0.0989547038327526,0.247386759581882,0.578571428571429,0.409233449477352,0.269337979094077,-0.295470383275261,-0.610278745644599,0.0054006968641115,0.216376306620209,0.36411149825784,-0.00156794425087108,0.456794425087108,-0.0378048780487805,0.287108013937282,-0.00627177700348432,-0.53815331010453,0.0339721254355401,-0.543379790940767,-0.171777003484321,0.0616724738675958,0.275435540069686,0.103135888501742,0.0365853658536585,0.371777003484321,0.591289198606272,-0.284494773519164,-0.202090592334495,-0.295818815331011,0.497909407665505,-0.00487804878048781,0.0155052264808362,-0.0517421602787457,-0.466376306620209,0.0235191637630662,0.106968641114983,-0.0909407665505227,-0.42822299651568,0.108188153310105,0.157839721254355,0.153484320557491,0.193554006968641,-0.0116724738675958,0.0128919860627178,0.160452961672474,0.0155052264808362,0.272996515679443,-0.619337979094077,-0.168292682926829,-0.139721254355401,0.11411149825784,-0.0956445993031359,0.189895470383275,0.141463414634146,0.0574912891986063,0.00905923344947735,0.434494773519164,-0.430836236933798,-0.0198606271777004,0.165331010452962,-0.0641114982578397,-0.0515679442508711,-0.143379790940767,0.16602787456446,0.418292682926829,-0.285540069686411,-0.153135888501742,0.176132404181185,-0.0174216027874564,-0.0477351916376307,0.171602787456446,-0.192334494773519,0.129965156794425,0.129616724738676,0.0872822299651568,0.494947735191638,-0.327177700348432,-0.0667247386759582,0.127526132404181,-0.0848432055749129,-0.0834494773519164,0.0515679442508711,0.316376306620209,0.00313588850174216,-0.0890243902439025,-0.101045296167247,-0.17787456445993,0.0790940766550523,0.272822299651568,0.210104529616725,-0.00801393728222997,0.267247386759582,0.0994773519163763,0.024390243902439,-0.166376306620209,-0.167247386759582,0.123170731707317,0.0327526132404181,0.0163763066202091,-0.42212543554007,0.172648083623693,-0.163588850174216,-0.226655052264808,0.299128919860627,0.0273519163763066,0.262891986062718,0.171254355400697,0.0886759581881533,0.313240418118467,0.119337979094077,-0.0168989547038328,-0.0440766550522648,-0.116550522648084,-0.010801393728223,0.333623693379791,-0.217073170731707,-0.149303135888502,0.0444250871080139,0.0592334494773519,-0.0604529616724739,-0.118641114982578,-0.0378048780487805,-0.179616724738676,0.0219512195121951,-0.144076655052265,0.0113240418118467,0.140592334494774,-0.0494773519163763,-0.0797909407665505,0.273170731707317,0.0487804878048781,0.133101045296167,-0.097212543554007,0.0839721254355401,-0.382752613240418,-0.095993031358885,0.0601045296167248
OTU_47,-0.0289198606271777,-0.357665505226481,0.15801393728223,-0.597735191637631,0.0466898954703833,-0.352787456445993,-0.868118466898955,-0.472299651567944,0.0947735191637631,-0.718641114982579,-0.437108013937282,0.756968641114983,0.375261324041812,-0.0987804878048781,-0.85801393728223,-0.793031358885018,0.265505226480836,-0.496689895470383,-0.188501742160279,-0.706968641114983,-0.106968641114983,-0.234668989547038,0.661149825783972,-0.340243902439024,0.329790940766551,0.0482578397212544,-0.330313588850174,0.598432055749129,0.860278745644599,-0.150522648083624,-0.75,-0.392334494773519,0.136759581881533,0.113414634146341,-0.0212543554006969,-0.702439024390244,0.118815331010453,0.031184668989547,-0.295993031358885,0.0587108013937282,0.614808362369338,-0.475783972125436,0.262891986062718,-0.671777003484321,-0.747560975609756,0.0385017421602788,NA,-0.104006968641115,-0.386411149825784,-0.185191637630662,-0.641114982578397,-0.703135888501742,0.967073170731708,-0.765679442508711,0.0155052264808362,0.782229965156795,0.745818815331011,0.831707317073171,0.426655052264808,0.77020905923345,0.0191637630662021,-0.12595818815331,-0.620383275261324,-0.292334494773519,0.468989547038328,-0.326655052264808,-0.555749128919861,-0.0628919860627178,0.307317073170732,0.286062717770035,0.422299651567944,-0.266376306620209,-0.485540069686411,-0.11602787456446,-0.554529616724739,0.202961672473868,-0.367595818815331,0.18397212543554,0.384668989547038,0.380836236933798,0.310801393728223,0.0853658536585366,-0.402787456445993,0.224912891986063,0.851045296167248,0.589895470383275,-0.739024390243903,0.736062717770035,-0.288850174216028,-0.29198606271777,-0.613240418118467,-0.483623693379791,-0.239895470383275,0.635714285714286,-0.0207317073170732,0.14006968641115,0.813240418118467,0.801393728222997,-0.443031358885018,-0.136585365853659,-0.426480836236934,-0.624912891986063,-0.101742160278746,0.567073170731707,0.134494773519164,0.80801393728223,0.242857142857143,-0.44198606271777,0.80191637630662,0.249825783972125,-0.0965156794425087,0.795470383275262,-0.210104529616725,0.213066202090592,0.565331010452962,-0.612891986062718,-0.0937282229965157,-0.0536585365853659,0.799128919860627,0.950348432055749,-0.395644599303136,0.401393728222997,-0.386236933797909,-0.482926829268293,0.328048780487805,-0.149477351916376,-0.0452961672473868,0.868641114982579,-0.227351916376307,0.829790940766551,0.48397212543554,0.887282229965157,0.786759581881533,0.818641114982579,-0.045993031358885,0.113414634146341,0.247212543554007,0.401567944250871,0.904529616724739,-0.609756097560976,0.526480836236934,-0.0750871080139373,-0.320905923344948,0.732752613240418,-0.434668989547038,0.2198606271777,0.852439024390244,0.8,0.526480836236934,-0.356445993031359,-0.60993031358885,0.634843205574913,0.513066202090592,0.795121951219512,-0.665505226480836,-0.214808362369338,0.815679442508711,0.0693379790940767,-0.598954703832753,-0.567073170731707,0.810975609756098,0.821951219512195,0.768118466898955,-0.186236933797909,0.0634146341463415,0.72822299651568,0.792334494773519,-0.54808362369338,-0.309407665505227,0.785365853658537,0.692857142857143,0.827177700348432,-0.552439024390244,0.408362369337979,0.678745644599303,0.81602787456446,0.663066202090593,0.324738675958188,0.70418118466899,0.124564459930314,0.782752613240418,0.713066202090592,-0.554355400696864,0.773867595818815,0.698432055749129,0.869512195121951,0.908710801393728,0.239721254355401,0.724390243902439,0.57595818815331,0.444425087108014,0.445470383275261,0.746864111498258,0.590940766550523,0.617247386759582,0.639547038327526,0.0961672473867596,0.0986062717770035,0.71219512195122,0.541811846689896,0.666202090592335,0.814634146341464,-0.154529616724739,-0.1,0.656620209059234,0.302961672473868,0.519512195121951,0.406620209059234,0.506445993031359,0.335017421602788,0.0337979094076655,0.499825783972126,0.763414634146342,0.652613240418119,0.707665505226481,0.524738675958188,0.541811846689896,0.376655052264808,0.62822299651568,0.721777003484321,0.636585365853659,0.637630662020906,0.186933797909408,-0.240940766550523,-0.296864111498258
OTU_48,0.587456445993031,-0.166724738675958,0.368989547038328,-0.0102787456445993,-0.6,0.329616724738676,-0.0782229965156795,-0.0524390243902439,-0.0562717770034843,-0.0242160278745645,-0.144599303135889,0.171951219512195,-0.0482578397212544,0.188850174216028,0.121602787456446,-0.0409407665505227,0.181010452961673,0.104355400696864,0.163066202090592,0.323867595818815,-0.0712543554006969,-0.0386759581881533,0.0923344947735192,0.0212543554006969,-0.614808362369338,-0.106620209059233,0.647386759581882,0.203310104529617,-0.0374564459930314,0.0621951219512195,0.0425087108013937,0.0547038327526133,0.153135888501742,0.684843205574913,-0.0358885017421603,0.218989547038328,-0.0775261324041812,0.0804878048780488,0.460278745644599,0.183449477351916,-0.10993031358885,0.722473867595819,-0.00975609756097561,0.167770034843206,0.113414634146341,0.165853658536585,-0.104006968641115,NA,-0.148780487804878,0.342682926829268,0.115156794425087,0.237630662020906,-0.0707317073170732,-0.0588850174216028,-0.133623693379791,0.133449477351916,0.201045296167247,-0.149303135888502,0.381881533101045,0.0282229965156794,-0.14808362369338,0.158710801393728,0.439721254355401,-0.0933797909407666,-0.607142857142857,0.202264808362369,0.00121951219512195,-0.0177700348432056,0.332926829268293,0.0137630662020906,-0.117073170731707,-0.146515679442509,0.133623693379791,-0.0505226480836237,0.297386759581882,0.740766550522648,0.0576655052264808,0.0759581881533101,-0.117073170731707,0.5698606271777,0.228919860627178,-0.125435540069686,0.381707317073171,0.135540069686411,-0.266376306620209,0.155400696864112,0.00662020905923345,-0.111498257839721,-0.0249128919860627,-0.25,0.126132404181185,0.365505226480836,0.233275261324042,0.0407665505226481,-0.1198606271777,-0.182404181184669,0.179268292682927,0.0510452961672474,0.14006968641115,-0.093205574912892,0.14808362369338,0.212369337979094,0.1,-0.0695121951219512,-0.129442508710801,0.108188153310105,0.0317073170731707,0.161149825783972,-0.0212543554006969,-0.156271777003484,0.342160278745645,-0.0726480836236934,0.254529616724739,-0.0278745644599303,0.000871080139372823,0.222299651567944,0.335540069686411,0.12020905923345,-0.040418118466899,-0.0834494773519164,-0.0510452961672474,-0.160278745644599,0.511149825783972,-0.0818815331010453,-0.1801393728223,-0.0949477351916377,0.379965156794425,0.012020905923345,0.12787456445993,0.0914634146341464,-0.165156794425087,-0.216550522648084,0.0508710801393728,-0.113240418118467,0.360452961672474,-0.094425087108014,0.0116724738675958,0.312717770034843,-0.0318815331010453,0.450348432055749,0.153658536585366,-0.0130662020905923,0.250522648083624,-0.124738675958188,-0.107839721254355,-0.0226480836236934,-0.211324041811847,-0.0681184668989547,-0.370383275261324,0.288501742160279,0.15609756097561,0.0182926829268293,0.452961672473868,-0.208710801393728,0.0677700348432056,-0.0956445993031359,-0.139895470383275,0.0623693379790941,0.190243902439024,-0.0834494773519164,-0.19390243902439,-0.110627177700348,0.17020905923345,0.256620209059233,-0.16602787456446,-0.415853658536585,-0.0782229965156795,-0.126480836236934,0.0771777003484321,-0.166202090592335,0.161672473867596,-0.0510452961672474,0.224738675958188,-0.257839721254355,-0.0677700348432056,-0.223170731707317,0.20993031358885,0.298432055749129,-0.0426829268292683,0.578745644599303,-0.0923344947735192,-0.281358885017422,-0.0696864111498258,-0.135365853658537,-0.0792682926829268,-0.142857142857143,-0.0642857142857143,-0.218641114982578,-0.067595818815331,-0.229616724738676,-0.00888501742160279,0.235714285714286,-0.299651567944251,0.228919860627178,-0.300522648083624,0.0249128919860627,-0.142160278745645,0.334320557491289,-0.160975609756098,-0.445818815331011,-0.313240418118467,-0.144773519163763,-0.0222996515679443,-0.162891986062718,-0.271777003484321,0.0703832752613241,-0.232229965156795,-0.0116724738675958,-0.0520905923344948,-0.182404181184669,-0.0310104529616725,-0.12404181184669,-0.215679442508711,-0.0142857142857143,-0.0646341463414634,-0.423344947735192,-0.438327526132404,0.0317073170731707,-0.110975609756098,-0.241811846689896,-0.00731707317073171,-0.231533101045296,0.300174216027875,0.274912891986063,-0.0987804878048781
OTU_49,-0.210801393728223,0.75226480836237,-0.593205574912892,0.609233449477352,0.0142857142857143,0.375783972125436,0.35609756097561,0.813414634146342,0.307839721254355,0.733623693379791,0.172822299651568,-0.643379790940767,0.203484320557491,-0.233797909407666,0.410278745644599,0.447038327526133,-0.678919860627178,-0.0621951219512195,0.291114982578397,0.531010452961673,-0.364634146341464,0.591463414634146,-0.399651567944251,0.741114982578397,-0.281358885017422,0.176306620209059,0.179965156794425,-0.315331010452962,-0.10993031358885,0.407142857142857,0.595470383275261,0.566376306620209,0.362717770034843,-0.166202090592335,0.279790940766551,0.643205574912892,0.368989547038328,0.6301393728223,-0.206620209059233,0.0165505226480836,-0.358710801393728,-0.183449477351916,-0.776132404181185,0.41184668989547,0.409581881533101,0.342682926829268,-0.386411149825784,-0.148780487804878,NA,0.498257839721254,0.190592334494774,0.294076655052265,-0.350696864111498,0.473170731707317,0.569686411149826,-0.571951219512195,-0.405574912891986,-0.624564459930314,-0.465679442508711,-0.37822299651568,0.379268292682927,0.466202090592335,0.382578397212544,-0.218815331010453,-0.114459930313589,0.615156794425087,0.376132404181185,0.629790940766551,-0.260801393728223,0.0888501742160279,-0.402787456445993,0.86794425087108,-0.0691637630662021,0.214982578397213,0.470557491289199,-0.230662020905923,0.412891986062718,0.482229965156795,-0.263066202090592,-0.265853658536585,0.0151567944250871,0.490418118466899,0.327526132404181,0.135540069686411,-0.146341463414634,-0.352787456445993,0.592508710801394,-0.597735191637631,0.416898954703833,0.66794425087108,0.199128919860627,0.295644599303136,0.681010452961673,-0.392160278745645,-0.336759581881533,-0.421080139372822,-0.547386759581882,-0.343205574912892,0.169512195121951,0.301393728222997,0.23588850174216,0.211149825783972,0.690418118466899,-0.0442508710801394,-0.629790940766551,-0.514808362369338,-0.279965156794425,-0.0168989547038328,-0.610278745644599,-0.0641114982578397,0.287282229965157,-0.452787456445993,0.37212543554007,-0.181533101045296,-0.360452961672474,-0.117421602787456,0.0189895470383275,0.551219512195122,-0.476655052264808,-0.413588850174216,0.0947735191637631,-0.310104529616725,-0.28397212543554,0.390418118466899,0.266550522648084,0.0588850174216028,0.116376306620209,-0.402090592334495,0.489024390243903,-0.373344947735192,0.0024390243902439,-0.446689895470383,-0.478571428571429,-0.497560975609756,0.125087108013937,-0.437804878048781,-0.446864111498258,-0.344425087108014,-0.459233449477352,-0.0219512195121951,-0.393205574912892,0.521951219512195,0.499825783972126,-0.54198606271777,0.773170731707317,-0.443205574912892,-0.448954703832753,-0.523693379790941,-0.32212543554007,-0.127351916376307,0.302613240418118,-0.42212543554007,-0.233449477351916,-0.566724738675958,0.175783972125436,0.421777003484321,-0.491637630662021,0.311672473867596,0.641114982578397,0.0787456445993032,-0.397735191637631,-0.345296167247387,-0.479965156794425,0.326829268292683,-0.290940766550523,-0.280836236933798,-0.413937282229965,0.234843205574913,-0.0245644599303136,-0.313066202090592,-0.300696864111498,-0.59808362369338,0.112717770034843,-0.00975609756097561,-0.5698606271777,-0.335365853658537,-0.465505226480836,-0.0956445993031359,-0.487108013937282,-0.0893728222996516,-0.446515679442509,-0.436411149825784,0.359233449477352,-0.608536585365854,-0.095993031358885,-0.458188153310105,-0.442857142857143,0.062020905923345,-0.405749128919861,-0.420731707317073,-0.145644599303136,-0.248780487804878,-0.306968641114983,-0.429965156794425,-0.107665505226481,-0.398954703832753,0.380662020905923,-0.15418118466899,-0.48623693379791,-0.233449477351916,-0.288501742160279,-0.309233449477352,0.529965156794425,0.11219512195122,-0.357142857142857,-0.285365853658537,-0.305923344947735,-0.475435540069686,-0.698257839721255,0.0238675958188153,-0.0705574912891986,-0.271602787456446,-0.393554006968641,-0.505400696864112,-0.35993031358885,-0.168292682926829,-0.161149825783972,-0.0470383275261324,-0.314285714285714,-0.281358885017422,-0.483101045296167,-0.234320557491289,-0.615505226480836,0.0477351916376307,-0.126306620209059
OTU_50,-0.0313588850174216,0.581010452961673,-0.497038327526133,0.405749128919861,-0.0506968641114983,0.355923344947735,0.248954703832753,0.67212543554007,0.381358885017422,0.481358885017422,-0.00365853658536585,-0.376655052264808,0.381533101045296,-0.324564459930314,0.405226480836237,0.26184668989547,-0.617421602787457,-0.3,0.0846689895470383,0.642857142857143,-0.379442508710801,0.174738675958188,-0.229442508710801,0.472996515679443,-0.451742160278746,0.253135888501742,0.389721254355401,0.0454703832752613,0.0733449477351917,0.468118466898955,0.388675958188153,0.739024390243903,0.340592334494774,0.447038327526133,0.449128919860627,0.584320557491289,0.403135888501742,0.388675958188153,0.42595818815331,0.102961672473868,-0.24390243902439,0.0552264808362369,-0.519163763066202,0.525261324041812,0.159407665505227,0.180487804878049,-0.185191637630662,0.342682926829268,0.498257839721254,NA,0.0581881533101045,0.1,-0.146515679442509,0.108710801393728,0.469337979094077,-0.139721254355401,0.0531358885017422,-0.415853658536585,0.254006968641115,-0.0257839721254355,0.202961672473868,0.221254355400697,0.364634146341464,-0.017595818815331,-0.27212543554007,0.584494773519164,0.171080139372822,0.453832752613241,0.421951219512195,0.518466898954704,-0.473519163763066,0.572299651567944,-0.121080139372822,0.109233449477352,0.371602787456446,0.205052264808362,0.0524390243902439,0.295296167247387,-0.200174216027875,0.396689895470383,0.156794425087108,0.344773519163763,0.551045296167248,0.10609756097561,-0.105923344947735,-0.135365853658537,0.433101045296167,-0.344599303135889,0.163937282229965,0.491114982578397,0.086411149825784,0.232404181184669,0.53397212543554,-0.133623693379791,-0.441463414634146,-0.256968641114983,-0.0571428571428571,-0.0696864111498258,0.0452961672473868,0.194773519163763,0.160627177700348,0.210104529616725,0.575609756097561,0.0613240418118467,-0.529790940766551,-0.175609756097561,0.0552264808362369,0.134146341463415,-0.348257839721254,-0.286759581881533,0.616376306620209,-0.163240418118467,0.391811846689896,-0.268118466898955,-0.248954703832753,-0.169337979094077,0.0369337979094077,0.381533101045296,-0.201393728222997,-0.185017421602788,-0.389721254355401,-0.0111498257839721,-0.163763066202091,0.111149825783972,0.345296167247387,0.176655052264808,0.550871080139373,-0.159407665505227,0.499477351916376,-0.0609756097560976,0.168815331010453,-0.330662020905923,-0.120383275261324,-0.30801393728223,0.21602787456446,-0.286411149825784,-0.476132404181185,0.101045296167247,-0.235017421602788,0.105749128919861,-0.163240418118467,0.512891986062718,0.637804878048781,-0.235017421602788,0.338501742160279,-0.141811846689896,-0.329616724738676,-0.321951219512195,-0.167595818815331,0.21411149825784,0.178745644599303,-0.127351916376307,0.0961672473867596,-0.408188153310105,0.151219512195122,0.371080139372822,-0.223867595818815,0.550696864111498,0.459756097560976,0.0426829268292683,-0.270383275261324,-0.199303135888502,-0.11411149825784,0.282926829268293,-0.26219512195122,-0.409233449477352,-0.184146341463415,-0.0850174216027875,-0.206968641114983,-0.228571428571429,-0.144947735191638,-0.329442508710801,0.0848432055749129,-0.282926829268293,-0.170557491289199,-0.240766550522648,-0.103484320557491,0.186759581881533,-0.247386759581882,0.504355400696864,-0.273693379790941,-0.377351916376307,0.0834494773519164,-0.427177700348432,0.0358885017421603,-0.267073170731707,-0.236411149825784,0.289372822299652,-0.223519163763066,-0.410627177700349,0.142334494773519,-0.0594076655052265,-0.302264808362369,-0.192334494773519,-0.0930313588850174,-0.111672473867596,0.154006968641115,-0.178222996515679,-0.353484320557491,-0.405749128919861,-0.0958188153310105,-0.132229965156794,0.235714285714286,0.186759581881533,-0.0773519163763066,-0.197909407665505,-0.286759581881533,-0.197909407665505,-0.367595818815331,0.232926829268293,-0.071602787456446,-0.249128919860627,-0.294425087108014,-0.285191637630662,-0.341811846689896,-0.17404181184669,-0.15609756097561,-0.159059233449477,-0.21184668989547,-0.275609756097561,-0.0217770034843206,-0.204878048780488,-0.174912891986063,-0.0325783972125436,-0.254878048780488
OTU_51,-0.0308362369337979,0.373170731707317,-0.16219512195122,0.274738675958188,0.0942508710801394,0.458188153310105,0.605226480836237,0.300522648083624,-0.268815331010453,0.28397212543554,0.689372822299652,-0.517247386759582,-0.195993031358885,0.414285714285714,0.37822299651568,0.569686411149826,0.0566202090592335,0.501045296167248,0.539198606271777,0.231358885017422,0.186236933797909,-0.0278745644599303,-0.29198606271777,0.344425087108014,-0.0634146341463415,0.0447735191637631,0.24808362369338,-0.280836236933798,-0.761498257839721,-0.157839721254355,0.750174216027875,0.485191637630662,0.186759581881533,-0.0736933797909408,0.13397212543554,0.471951219512195,-0.224912891986063,-0.124216027874564,0.137979094076655,0.126480836236934,-0.856271777003484,0.29006968641115,0.107317073170732,0.35383275261324,0.490243902439024,0.0118466898954704,-0.641114982578397,0.115156794425087,0.190592334494774,0.0581881533101045,NA,0.33588850174216,-0.666898954703833,0.264285714285714,-0.24581881533101,-0.54616724738676,-0.485714285714286,-0.437456445993031,-0.259581881533101,-0.513588850174216,0.239547038327526,0.0437282229965157,0.233101045296167,0.42020905923345,-0.0890243902439025,0.0895470383275262,-0.00993031358885018,-0.0520905923344948,-0.178222996515679,-0.303310104529617,-0.578397212543554,0.0928571428571429,0.493554006968641,0.552787456445993,0.364808362369338,0.0831010452961673,0.158188153310105,-0.240766550522648,-0.397038327526132,-0.244425087108014,-0.00574912891986063,-0.0686411149825784,0.543379790940767,0.0118466898954704,-0.653832752613241,-0.156620209059233,0.439372822299652,-0.255226480836237,0.083623693379791,0.197038327526132,0.418815331010453,0.485540069686411,0.0980836236933798,-0.316724738675958,-0.0961672473867596,-0.197909407665505,-0.404878048780488,-0.511846689895471,0.284843205574913,0.474390243902439,0.497735191637631,0.153658536585366,-0.000174216027874565,-0.109059233449477,0.134668989547038,-0.347735191637631,0.145296167247387,0.273344947735192,-0.398954703832753,0.0381533101045296,0.223170731707317,-0.530313588850174,0.42404181184669,0.190592334494774,-0.716550522648084,0.641114982578397,-0.261324041811847,-0.09198606271777,-0.39808362369338,-0.603484320557491,0.300174216027875,-0.136236933797909,0.542682926829268,0.00191637630662021,-0.379442508710801,-0.0738675958188153,-0.0858885017421603,-0.449128919860627,0.0480836236933798,-0.595818815331011,-0.132752613240418,-0.513937282229965,-0.444425087108014,-0.445818815331011,0.399477351916376,-0.0285714285714286,-0.193379790940767,0.0322299651567944,-0.624564459930314,0.382404181184669,-0.000174216027874565,0.0592334494773519,0.126480836236934,-0.405749128919861,0.321080139372822,-0.0921602787456446,-0.587804878048781,-0.380313588850174,-0.140243902439024,0.505052264808362,0.1301393728223,-0.212369337979094,-0.184494773519164,-0.368989547038328,0.284320557491289,0.0207317073170732,-0.514634146341463,0.107317073170732,0.265679442508711,0.373867595818815,-0.442682926829268,-0.452439024390244,-0.412891986062718,0.393554006968641,-0.194076655052265,-0.466202090592335,-0.329094076655052,0.370034843205575,0.177700348432056,-0.439372822299652,-0.305923344947735,-0.441811846689896,0.35993031358885,-0.124216027874564,-0.236236933797909,-0.361149825783972,-0.38815331010453,0.00104529616724739,-0.249825783972125,0.0817073170731707,-0.462891986062718,-0.464459930313589,0.386062717770035,-0.428397212543554,-0.755749128919861,-0.515331010452962,-0.635017421602788,-0.484843205574913,-0.282229965156794,-0.7198606271777,0.108536585365854,-0.0956445993031359,-0.435017421602788,-0.225087108013937,-0.435365853658537,-0.258885017421603,-0.10801393728223,0.203310104529617,-0.231533101045296,-0.406271777003484,-0.36411149825784,-0.663240418118467,0.110975609756098,0.0979094076655053,-0.295296167247387,-0.0132404181184669,-0.431533101045296,0.147386759581882,-0.00749128919860627,-0.263240418118467,0.191114982578397,-0.390766550522648,-0.429616724738676,-0.470034843205575,-0.486933797909408,-0.384320557491289,-0.374564459930314,-0.578048780487805,-0.484146341463415,-0.353484320557491,-0.389721254355401,-0.46794425087108,0.0128919860627178,0.0562717770034843,0.0435540069686411
OTU_52,0.30191637630662,0.23815331010453,0.014808362369338,0.718292682926829,-0.38205574912892,0.163066202090592,0.677700348432056,0.308188153310105,0.00749128919860627,0.586411149825784,0.140418118466899,-0.614982578397213,-0.39006968641115,0.152090592334495,0.711672473867596,0.650696864111498,-0.204529616724739,0.558188153310105,0.114459930313589,0.671428571428571,-0.0839721254355401,0.214285714285714,-0.606445993031359,0.392508710801394,-0.404529616724739,-0.0144599303135889,0.605226480836237,-0.410452961672474,-0.509407665505227,0.411672473867596,0.490940766550523,0.150348432055749,-0.0684668989547038,-0.13588850174216,-0.365331010452962,0.482404181184669,-0.089198606271777,0.110278745644599,0.206271777003484,-0.166898954703833,-0.221254355400697,0.576480836236934,-0.269163763066202,0.610278745644599,0.884494773519164,0.181707317073171,-0.703135888501742,0.237630662020906,0.294076655052265,0.1,0.33588850174216,NA,-0.726829268292683,0.782229965156795,0.103484320557491,-0.658885017421603,-0.673867595818816,-0.728919860627178,-0.465853658536585,-0.716898954703833,0.00139372822299652,0.332404181184669,0.810975609756098,-0.0449477351916376,-0.521602787456446,0.527700348432056,0.663763066202091,0.105052264808362,-0.436759581881533,-0.439721254355401,-0.344599303135889,0.178397212543554,0.189372822299652,-0.0508710801393728,0.772299651567944,-0.0193379790940767,0.538327526132404,0.145993031358885,-0.13780487804878,-0.270557491289199,-0.0843205574912892,0.0911149825783972,0.0416376306620209,-0.309407665505227,-0.748606271777004,-0.637979094076655,0.630836236933798,-0.728745644599303,0.407142857142857,0.231358885017422,0.792334494773519,0.604355400696864,0.363066202090592,-0.629616724738676,0.0421602787456446,-0.0543554006968641,-0.752787456445993,-0.730836236933798,0.64198606271777,-0.179790940766551,0.562891986062718,0.832578397212544,0.192334494773519,-0.608536585365854,-0.0179442508710801,-0.68815331010453,-0.40418118466899,0.111324041811847,-0.628745644599303,-0.263937282229965,-0.21411149825784,-0.804006968641115,-0.0879790940766551,-0.184146341463415,-0.14198606271777,0.52404181184669,0.407491289198606,0.22787456445993,-0.718292682926829,-0.715156794425087,0.600174216027875,-0.591289198606272,0.427003484320558,0.58588850174216,-0.0493031358885018,0.121428571428571,0.352439024390244,-0.717770034843206,0.409059233449477,-0.704703832752613,-0.343554006968641,-0.747212543554007,-0.670034843205575,-0.737630662020906,-0.177351916376307,-0.0975609756097561,-0.336933797909408,-0.234146341463415,-0.740766550522648,0.789895470383275,-0.63397212543554,0.314459930313589,0.397386759581882,-0.697735191637631,0.439372822299652,-0.290766550522648,-0.708536585365854,-0.672473867595819,-0.597386759581882,0.330836236933798,0.72212543554007,-0.626829268292683,-0.450696864111498,-0.713763066202091,0.674738675958188,0.121951219512195,-0.814808362369338,-0.00627177700348432,0.477351916376307,0.620905923344948,-0.757839721254356,-0.725261324041812,-0.657317073170732,0.00644599303135889,0.0407665505226481,-0.613414634146342,-0.726132404181185,0.481358885017422,0.553310104529617,-0.75226480836237,-0.602961672473868,-0.725087108013937,0.561498257839721,-0.257317073170732,-0.612369337979094,-0.715505226480836,-0.503135888501742,-0.453832752613241,-0.759581881533101,-0.116724738675958,-0.703135888501742,-0.67020905923345,0.571602787456446,-0.7198606271777,-0.509407665505227,-0.809059233449477,-0.674738675958188,-0.22020905923345,-0.676306620209059,-0.404529616724739,-0.36602787456446,-0.507317073170732,-0.688675958188153,-0.533623693379791,-0.584843205574913,-0.622822299651568,0.0614982578397213,-0.109407665505227,-0.689024390243903,-0.555574912891986,-0.586933797909408,-0.518641114982578,0.39006968641115,-0.0545296167247387,-0.507491289198606,-0.485540069686411,-0.368989547038328,-0.400174216027875,-0.516376306620209,-0.383797909407666,-0.22020905923345,-0.301742160278746,-0.620905923344948,-0.512891986062718,-0.603135888501742,-0.460801393728223,-0.682578397212544,-0.220557491289199,-0.509407665505227,-0.562891986062718,-0.668641114982578,-0.607142857142857,-0.263066202090592,0.37595818815331,0.413414634146342
OTU_53,0.0513937282229965,-0.374390243902439,0.12212543554007,-0.637630662020906,0.0137630662020906,-0.302090592334495,-0.896515679442509,-0.444773519163763,0.144773519163763,-0.682926829268293,-0.499825783972126,0.789721254355401,0.325261324041812,-0.063588850174216,-0.849651567944251,-0.819337979094077,0.212543554006969,-0.594599303135889,-0.157491289198606,-0.692160278745645,-0.043205574912892,-0.162020905923345,0.713937282229965,-0.302613240418118,0.287108013937282,0.0233449477351916,-0.333275261324042,0.622473867595819,0.879268292682927,-0.154878048780488,-0.755749128919861,-0.368118466898955,0.0794425087108014,0.199477351916376,0.0712543554006969,-0.670034843205575,0.173867595818815,0.0750871080139373,-0.269512195121951,0.152787456445993,0.603484320557491,-0.479790940766551,0.205052264808362,-0.740243902439024,-0.780487804878049,0.0968641114982579,0.967073170731708,-0.0707317073170732,-0.350696864111498,-0.146515679442509,-0.666898954703833,-0.726829268292683,NA,-0.763588850174216,0.105052264808362,0.798954703832753,0.810801393728223,0.798954703832753,0.486759581881533,0.809407665505227,0.0275261324041812,-0.0752613240418119,-0.647212543554007,-0.342508710801394,0.461846689895471,-0.346515679442509,-0.541463414634146,-0.0160278745644599,0.329268292682927,0.349825783972126,0.490766550522648,-0.257142857142857,-0.536236933797909,-0.154529616724739,-0.557491289198606,0.265156794425087,-0.39198606271777,0.22020905923345,0.418989547038328,0.444599303135889,0.368118466898955,0.114459930313589,-0.331881533101045,0.270034843205575,0.86411149825784,0.646515679442509,-0.777351916376307,0.71602787456446,-0.186933797909408,-0.361149825783972,-0.65191637630662,-0.444773519163763,-0.228397212543554,0.696864111498258,0.00383275261324042,0.0613240418118467,0.83397212543554,0.868989547038328,-0.405574912891986,-0.131184668989547,-0.421777003484321,-0.635017421602788,-0.120905923344948,0.576655052264809,0.0371080139372822,0.84006968641115,0.177003484320558,-0.414285714285714,0.806445993031359,0.309581881533101,-0.0515679442508711,0.855400696864112,-0.137282229965157,0.218118466898955,0.505226480836237,-0.65191637630662,-0.131707317073171,-0.0202090592334495,0.794947735191638,0.934843205574913,-0.469686411149826,0.337456445993031,-0.406968641114983,-0.454878048780488,0.246515679442509,-0.204355400696864,-0.11602787456446,0.903658536585366,-0.245296167247387,0.858536585365854,0.444425087108014,0.883275261324042,0.827177700348432,0.840766550522648,-0.0167247386759582,0.020383275261324,0.287979094076655,0.31794425087108,0.921602787456446,-0.653832752613241,0.552090592334495,-0.152787456445993,-0.348780487804878,0.768292682926829,-0.389895470383275,0.191289198606272,0.83205574912892,0.822822299651568,0.481184668989547,-0.351045296167247,-0.643728222996516,0.699651567944251,0.577526132404181,0.763588850174216,-0.724738675958188,-0.175435540069686,0.844773519163763,-0.000871080139372823,-0.556968641114983,-0.60801393728223,0.855400696864112,0.854006968641115,0.824564459930314,-0.132578397212544,0.0383275261324042,0.724912891986063,0.804703832752613,-0.55383275261324,-0.370557491289199,0.814982578397213,0.758536585365854,0.84616724738676,-0.636411149825784,0.347212543554007,0.664634146341464,0.839547038327526,0.730836236933798,0.381358885017422,0.757142857142857,0.182752613240418,0.820383275261324,0.757839721254356,-0.627351916376307,0.763937282229965,0.748954703832753,0.891811846689896,0.878919860627178,0.186759581881533,0.765853658536586,0.602264808362369,0.350522648083624,0.517421602787457,0.761149825783972,0.639198606271777,0.620034843205575,0.7198606271777,0.110278745644599,0.129616724738676,0.703832752613241,0.593554006968641,0.637979094076655,0.754355400696864,-0.175783972125436,-0.0979094076655053,0.650348432055749,0.367247386759582,0.53815331010453,0.308710801393728,0.472822299651568,0.356620209059233,0.0273519163763066,0.463240418118467,0.732229965156795,0.685540069686411,0.763588850174216,0.505749128919861,0.562717770034843,0.464285714285714,0.65191637630662,0.736585365853659,0.671254355400697,0.68205574912892,0.214459930313589,-0.28397212543554,-0.266898954703833
OTU_54,-0.0308362369337979,0.390766550522648,-0.180313588850174,0.790766550522648,-0.200174216027875,0.153484320557491,0.756271777003484,0.501393728222997,0.171428571428571,0.790940766550523,0.0456445993031359,-0.758885017421603,-0.377003484320558,-0.0834494773519164,0.823693379790941,0.72212543554007,-0.440766550522648,0.363414634146342,-0.127526132404181,0.686933797909408,-0.0266550522648084,0.399128919860627,-0.759581881533101,0.368641114982578,-0.228048780487805,0.105226480836237,0.415679442508711,-0.505226480836237,-0.542857142857143,0.454703832752613,0.484146341463415,0.172299651567944,-0.197038327526132,-0.357491289198606,-0.338327526132404,0.562543554006969,0.0571428571428571,0.200348432055749,0.10609756097561,-0.265679442508711,-0.181010452961673,0.377700348432056,-0.349825783972126,0.633275261324042,0.824390243902439,0.0677700348432056,-0.765679442508711,-0.0588850174216028,0.473170731707317,0.108710801393728,0.264285714285714,0.782229965156795,-0.763588850174216,NA,0.22020905923345,-0.64616724738676,-0.787108013937282,-0.79006968641115,-0.577526132404181,-0.67595818815331,0.0484320557491289,0.266376306620209,0.744773519163763,-0.00418118466898955,-0.450348432055749,0.51411149825784,0.794250871080139,0.302264808362369,-0.528919860627178,-0.228222996515679,-0.325609756097561,0.333797909407666,0.133449477351916,-0.217421602787456,0.572299651567944,-0.31602787456446,0.531533101045296,0.201045296167247,-0.169337979094077,-0.474390243902439,-0.228222996515679,0.159407665505227,0.00522648083623694,-0.248954703832753,-0.691637630662021,-0.787630662020906,0.707317073170732,-0.848606271777004,0.353135888501742,0.395644599303136,0.640418118466899,0.314459930313589,0.433797909407666,-0.763763066202091,-0.0475609756097561,0.082404181184669,-0.866550522648084,-0.81411149825784,0.533449477351917,-0.230313588850174,0.318118466898955,0.761672473867596,0.181184668989547,-0.532752613240418,-0.206620209059233,-0.784146341463415,-0.460975609756098,0.129790940766551,-0.743554006968641,-0.392160278745645,-0.250348432055749,-0.782404181184669,-0.236585365853659,-0.345993031358885,-0.207317073170732,0.335714285714286,0.334668989547038,0.323170731707317,-0.745818815331011,-0.797212543554007,0.471428571428572,-0.596864111498258,0.124738675958188,0.718292682926829,-0.0594076655052265,0.317770034843206,0.240766550522648,-0.786585365853659,0.519686411149826,-0.80609756097561,-0.407839721254355,-0.76219512195122,-0.741463414634147,-0.760627177700349,-0.345993031358885,-0.0379790940766551,-0.407142857142857,-0.439024390243903,-0.797560975609756,0.581707317073171,-0.78397212543554,0.319163763066202,0.479442508710801,-0.73588850174216,0.512020905923345,-0.162891986062718,-0.7301393728223,-0.753832752613241,-0.580487804878049,0.19390243902439,0.758536585365854,-0.777526132404181,-0.586585365853659,-0.78397212543554,0.732752613240418,0.355400696864112,-0.81602787456446,0.0695121951219512,0.568118466898955,0.686411149825784,-0.778397212543554,-0.74198606271777,-0.790243902439025,-0.166724738675958,0.116550522648084,-0.591289198606272,-0.798257839721255,0.563066202090592,0.475783972125436,-0.737456445993032,-0.734668989547038,-0.780487804878049,0.582404181184669,-0.309059233449477,-0.74198606271777,-0.74808362369338,-0.616202090592335,-0.576132404181185,-0.741289198606272,-0.310975609756098,-0.730836236933798,-0.637456445993031,0.69198606271777,-0.732752613240418,-0.425783972125436,-0.800174216027875,-0.704355400696864,-0.0210801393728223,-0.762717770034843,-0.306271777003484,-0.529442508710801,-0.664459930313589,-0.616724738675958,-0.684668989547038,-0.440418118466899,-0.729268292682927,0.197909407665505,-0.333797909407666,-0.705400696864112,-0.455923344947735,-0.598257839721254,-0.548780487804878,0.289547038327526,0.0987804878048781,-0.540766550522648,-0.597386759581882,-0.312020905923345,-0.598432055749129,-0.67404181184669,-0.157317073170732,-0.0202090592334495,-0.244425087108014,-0.634146341463415,-0.498257839721254,-0.574390243902439,-0.386062717770035,-0.440766550522648,-0.188501742160279,-0.446689895470383,-0.579094076655052,-0.606794425087108,-0.534843205574913,-0.379094076655052,0.272473867595819,0.345121951219512
OTU_55,0.040418118466899,0.363763066202091,-0.517421602787457,0.311149825783972,-0.0451219512195122,0.0146341463414634,0.00209059233449477,0.39198606271777,0.497038327526133,0.395644599303136,-0.372996515679443,-0.155400696864112,-0.0160278745644599,-0.104006968641115,0.122822299651568,0.104878048780488,-0.678745644599303,-0.476132404181185,0.0358885017421603,0.232752613240418,-0.226829268292683,0.332229965156794,-0.043205574912892,0.507317073170732,-0.142334494773519,0.183623693379791,0.117595818815331,0.145470383275261,0.379094076655052,0.475261324041812,0.094425087108014,0.296864111498258,-0.0522648083623693,0.014808362369338,0.323693379790941,0.258536585365854,0.533623693379791,0.406794425087108,-0.0912891986062718,0.175261324041812,0.188675958188153,-0.350348432055749,-0.59198606271777,-0.0397212543554007,0.150348432055749,0.448606271777004,0.0155052264808362,-0.133623693379791,0.569686411149826,0.469337979094077,-0.24581881533101,0.103484320557491,0.105052264808362,0.22020905923345,NA,-0.112020905923345,0.111149825783972,-0.329094076655052,-0.0224738675958188,0.0559233449477352,0.401045296167247,0.334320557491289,0.137630662020906,-0.456271777003484,0.0984320557491289,0.355400696864112,0.40418118466899,0.459233449477352,-0.16411149825784,0.340940766550523,0.0940766550522648,0.477526132404181,-0.579268292682927,-0.204006968641115,0.25191637630662,0.014808362369338,0.348780487804878,0.494947735191638,0.217247386759582,0.102613240418118,0.439721254355401,0.515331010452962,0.0764808362369338,0.031184668989547,0.158362369337979,-0.0538327526132404,0.0844947735191638,-0.4198606271777,0.402961672473868,0.310975609756098,0.0883275261324042,0.180836236933798,0.328919860627178,-0.00435540069686411,-0.0752613240418119,-0.365505226480836,-0.113937282229965,0.1,0.24006968641115,-0.11411149825784,0.133101045296167,0.131010452961672,0.270905923344948,0.125261324041812,-0.554529616724739,-0.093205574912892,-0.479268292682927,-0.0402439024390244,-0.0670731707317073,-0.0102787456445993,0.0423344947735192,0.0449477351916376,0.0939024390243903,-0.0848432055749129,-0.0825783972125436,-0.402090592334495,0.0320557491289199,0.356794425087108,-0.0489547038327526,-0.0142857142857143,-0.193379790940767,-0.40191637630662,-0.489198606271777,0.481707317073171,0.240592334494774,-0.139198606271777,0.258362369337979,0.0533101045296167,0.421428571428572,0.0271777003484321,0.148954703832753,-0.0841463414634146,0.0560975609756098,-0.0601045296167248,-0.10383275261324,-0.533449477351917,-0.300696864111498,-0.347386759581882,0.0195121951219512,-0.206271777003484,-0.188327526132404,0.256271777003484,0.245470383275261,0.0376306620209059,0.561324041811847,-0.412543554006969,-0.00749128919860627,-0.0327526132404181,-0.128919860627178,-0.218292682926829,0.129616724738676,-0.000174216027874565,0.0501742160278746,-0.287979094076655,-0.0179442508710801,0.247212543554007,-0.0641114982578397,0.154703832752613,0.306968641114983,0.107491289198606,0.0559233449477352,0.119686411149826,0.0344947735191638,0.0177700348432056,-0.149303135888502,-0.0343205574912892,-0.0125435540069686,-0.131184668989547,-0.0820557491289199,0.160452961672474,0.115505226480836,-0.142508710801394,-0.168641114982578,-0.259756097560976,-0.239547038327526,0.124738675958188,0.063588850174216,-0.0581881533101045,-0.024390243902439,-0.0714285714285714,0.0442508710801394,0.0388501742160279,-0.0637630662020906,-0.22787456445993,0.412020905923345,-0.0177700348432056,-0.117073170731707,0.188850174216028,0.0371080139372822,0.0768292682926829,-0.218466898954704,-0.130662020905923,0.110627177700348,0.013588850174216,0.260278745644599,0.00261324041811847,0.304878048780488,-0.269686411149826,-0.121951219512195,0.068815331010453,0.0963414634146342,0.00557491289198606,0.203310104529617,-0.051219512195122,0.0318815331010453,-0.129442508710801,0.195296167247387,-0.42020905923345,-0.462891986062718,0.241463414634146,-0.164808362369338,0.014808362369338,0.0128919860627178,-0.0162020905923345,0.0463414634146342,0.182404181184669,0.104878048780488,0.269163763066202,0.056794425087108,0.108536585365854,-0.0465156794425087,0.175087108013937,-0.336236933797909,-0.27404181184669,0.196515679442509
OTU_56,0.0865853658536586,-0.444599303135889,0.185714285714286,-0.569337979094077,-0.072822299651568,-0.145470383275261,-0.742682926829269,-0.451393728222997,0.149477351916376,-0.582578397212544,-0.617595818815331,0.736933797909408,0.145296167247387,-0.064808362369338,-0.573170731707317,-0.759407665505227,0.240766550522648,-0.594599303135889,-0.329094076655052,-0.556968641114983,0.243031358885017,-0.28588850174216,0.637282229965157,-0.505226480836237,0.336585365853659,0.231707317073171,-0.17020905923345,0.678745644599303,0.589198606271777,-0.171777003484321,-0.837804878048781,-0.350696864111498,-0.188327526132404,0.330313588850174,0.0226480836236934,-0.593379790940767,0.121951219512195,-0.072822299651568,0.086411149825784,0.100696864111498,0.523344947735192,-0.140592334494774,0.436411149825784,-0.57020905923345,-0.736411149825784,-0.139024390243902,0.782229965156795,0.133449477351916,-0.571951219512195,-0.139721254355401,-0.54616724738676,-0.658885017421603,0.798954703832753,-0.64616724738676,-0.112020905923345,NA,0.753135888501742,0.74425087108014,0.667595818815331,0.912369337979094,-0.0493031358885018,-0.265156794425087,-0.50993031358885,0.0303135888501742,0.36602787456446,-0.364808362369338,-0.423170731707317,-0.0914634146341464,0.517595818815331,0.534146341463415,0.438850174216028,-0.477177700348432,-0.349477351916376,-0.417073170731707,-0.525087108013937,0.366724738675958,-0.407142857142857,0.0435540069686411,0.311672473867596,0.528397212543554,0.2698606271777,-0.0418118466898955,-0.206620209059233,0.325087108013937,0.595470383275261,0.573867595818815,-0.749825783972126,0.654006968641115,-0.367073170731707,-0.499128919860627,-0.611324041811847,-0.531881533101045,-0.274738675958188,0.65801393728223,-0.0329268292682927,0.25801393728223,0.835017421602788,0.744947735191638,-0.376655052264808,-0.35993031358885,-0.506620209059234,-0.472822299651568,-0.376132404181185,0.537282229965157,0.0378048780487805,0.867073170731707,0.254878048780488,-0.207491289198606,0.75226480836237,0.130487804878049,0.0170731707317073,0.84808362369338,-0.280662020905923,0.100348432055749,0.423867595818815,-0.540418118466899,-0.125783972125436,-0.136759581881533,0.811672473867596,0.758362369337979,-0.456794425087108,0.345296167247387,-0.161324041811847,-0.437282229965157,0.0181184668989547,0.00993031358885018,-0.00818815331010453,0.792160278745645,-0.215679442508711,0.759233449477352,0.113240418118467,0.792508710801394,0.819337979094077,0.797386759581882,-0.106794425087108,0.169337979094077,0.271254355400697,0.294947735191638,0.766898954703833,-0.440766550522648,0.514982578397213,-0.226306620209059,-0.21794425087108,0.68623693379791,-0.50609756097561,0.378745644599303,0.720557491289199,0.718815331010453,0.405226480836237,-0.158536585365854,-0.515505226480836,0.61794425087108,0.63815331010453,0.694773519163763,-0.442857142857143,-0.151393728222997,0.79808362369338,0.0689895470383275,-0.518989547038328,-0.355923344947735,0.749477351916376,0.694425087108014,0.781881533101045,-0.295121951219512,0.035191637630662,0.486062717770035,0.755923344947735,-0.453832752613241,-0.315679442508711,0.70609756097561,0.665156794425087,0.843379790940767,-0.505226480836237,0.141289198606272,0.698606271777004,0.626655052264808,0.717770034843206,0.472648083623693,0.743379790940767,0.296515679442509,0.690766550522648,0.615156794425087,-0.494076655052265,0.768989547038328,0.71602787456446,0.753658536585366,0.720034843205575,0.306968641114983,0.6698606271777,0.623170731707317,0.215853658536585,0.481358885017422,0.605574912891986,0.564808362369338,0.602264808362369,0.690940766550523,-0.100174216027875,0.00505226480836237,0.683449477351917,0.352613240418119,0.506794425087108,0.558710801393728,-0.49390243902439,-0.0428571428571429,0.488501742160279,0.260278745644599,0.491463414634147,0.232926829268293,0.45418118466899,0.4198606271777,0.0951219512195122,0.459756097560976,0.609756097560976,0.696515679442509,0.660627177700349,0.377351916376307,0.541114982578397,0.427351916376307,0.624912891986063,0.522822299651568,0.741463414634147,0.529268292682927,0.475435540069686,-0.133797909407666,-0.227003484320558
OTU_57,0.275783972125436,-0.433449477351916,0.0963414634146342,-0.642160278745645,-0.064808362369338,-0.0118466898954704,-0.750174216027875,-0.429442508710801,0.132752613240418,-0.604006968641115,-0.463588850174216,0.824738675958188,0.129442508710801,0.197212543554007,-0.702961672473868,-0.843379790940767,0.215505226480836,-0.639895470383275,0.0660278745644599,-0.556968641114983,0.179442508710801,-0.206794425087108,0.85609756097561,-0.19616724738676,0.0745644599303136,0.0231707317073171,-0.231533101045296,0.713588850174216,0.656620209059234,-0.220383275261324,-0.650696864111498,-0.205749128919861,-0.082404181184669,0.559233449477352,0.375435540069686,-0.427177700348432,0.233797909407666,-0.00313588850174216,-0.0642857142857143,0.460104529616725,0.351393728222997,-0.288327526132404,0.14616724738676,-0.690243902439025,-0.712020905923345,0.223344947735192,0.745818815331011,0.201045296167247,-0.405574912891986,0.0531358885017422,-0.485714285714286,-0.673867595818816,0.810801393728223,-0.787108013937282,0.111149825783972,0.753135888501742,NA,0.650174216027875,0.745121951219512,0.803658536585366,0.154529616724739,-0.124564459930314,-0.560104529616725,-0.239372822299652,0.40418118466899,-0.458536585365854,-0.557665505226481,-0.102439024390244,0.558710801393728,0.455226480836237,0.428571428571429,-0.355574912891986,-0.471254355400697,-0.121777003484321,-0.447212543554007,0.544076655052265,-0.346515679442509,0.0358885017421603,0.394250871080139,0.714808362369338,0.487282229965157,0.00226480836236934,0.0425087108013937,0.324564459930314,0.653484320557492,0.844773519163763,-0.745818815331011,0.608710801393728,-0.153310104529617,-0.522996515679443,-0.523867595818815,-0.129268292682927,-0.228222996515679,0.830662020905924,-0.0303135888501742,-0.188327526132404,0.864285714285715,0.924564459930314,-0.299303135888502,-0.0799651567944251,-0.28397212543554,-0.639895470383275,-0.260627177700348,0.454878048780488,-0.103484320557491,0.848780487804878,0.0691637630662021,-0.0529616724738676,0.790418118466899,0.321777003484321,0.187282229965157,0.869163763066202,0.167595818815331,0.384843205574913,0.258710801393728,-0.492160278745645,-0.292682926829268,-0.0825783972125436,0.806968641114983,0.722648083623694,-0.595470383275261,0.313937282229965,-0.220905923344948,-0.483623693379791,-0.0900696864111498,-0.329094076655052,-0.068815331010453,0.872996515679443,-0.342682926829268,0.865156794425087,0.168989547038328,0.741463414634147,0.893728222996516,0.78205574912892,0.245993031358885,-0.17212543554007,0.372648083623693,0.201219512195122,0.848954703832753,-0.550174216027875,0.698257839721255,-0.300174216027875,-0.322822299651568,0.787282229965157,-0.329268292682927,0.0329268292682927,0.752961672473868,0.813414634146342,0.409059233449477,-0.201219512195122,-0.706445993031359,0.787456445993032,0.762020905923345,0.600522648083624,-0.655052264808363,-0.221080139372822,0.819512195121951,-0.063588850174216,-0.514459930313589,-0.544076655052265,0.795470383275262,0.793728222996516,0.891637630662021,0.15,-0.101393728222997,0.493205574912892,0.810278745644599,-0.578919860627178,-0.460104529616725,0.796341463414634,0.846864111498258,0.800174216027875,-0.606620209059234,0.0902439024390244,0.596515679442509,0.747212543554007,0.811149825783972,0.619337979094077,0.784320557491289,0.398954703832753,0.812543554006969,0.700696864111498,-0.73588850174216,0.681533101045296,0.684320557491289,0.767770034843206,0.653658536585366,0.0721254355400697,0.846864111498258,0.510627177700349,0.195470383275261,0.689372822299652,0.649477351916376,0.771602787456446,0.638501742160279,0.775609756097561,-0.0881533101045296,0.247386759581882,0.658536585365854,0.351567944250871,0.440418118466899,0.504878048780488,-0.334320557491289,-0.158362369337979,0.404703832752613,0.498954703832753,0.488675958188153,0.312369337979094,0.419163763066202,0.317595818815331,0.0102787456445993,0.326829268292683,0.597735191637631,0.668118466898955,0.631533101045296,0.376132404181185,0.508536585365854,0.39581881533101,0.571951219512195,0.568815331010453,0.729442508710802,0.585017421602788,0.386236933797909,-0.308188153310105,-0.197735191637631
OTU_58,-0.116724738675958,-0.562020905923345,0.407317073170732,-0.805749128919861,0.313763066202091,-0.464982578397213,-0.715679442508711,-0.636236933797909,-0.258188153310105,-0.882229965156795,-0.159756097560976,0.779094076655052,0.292857142857143,-0.00871080139372822,-0.812717770034843,-0.684668989547038,0.628745644599303,-0.237282229965157,-0.19198606271777,-0.836933797909408,0.104878048780488,-0.461498257839721,0.585540069686411,-0.610801393728223,0.477526132404181,-0.153484320557491,-0.527700348432056,0.357491289198606,0.551742160278746,-0.562369337979094,-0.707142857142857,-0.510627177700349,0.0292682926829268,-0.0277003484320558,-0.00557491289198606,-0.832926829268293,-0.220034843205575,-0.35418118466899,-0.22212543554007,-0.0731707317073171,0.451219512195122,-0.368118466898955,0.574390243902439,-0.650522648083624,-0.745296167247387,-0.260627177700348,0.831707317073171,-0.149303135888502,-0.624564459930314,-0.415853658536585,-0.437456445993031,-0.728919860627178,0.798954703832753,-0.79006968641115,-0.329094076655052,0.74425087108014,0.650174216027875,NA,0.364285714285714,0.687979094076655,-0.198954703832753,-0.477177700348432,-0.802264808362369,0.0430313588850174,0.439547038327526,-0.613240418118467,-0.65609756097561,-0.431533101045296,0.302961672473868,0.0709059233449478,0.467595818815331,-0.474912891986063,-0.0952961672473868,-0.010801393728223,-0.755923344947735,0.054006968641115,-0.487456445993031,-0.241114982578397,0.352090592334495,0.186759581881533,-0.0106271777003484,-0.26184668989547,-0.408188153310105,0.0735191637630662,0.749825783972126,0.597560975609756,-0.781881533101045,0.899128919860627,-0.490243902439024,-0.433623693379791,-0.603310104529617,-0.566898954703833,-0.562891986062718,0.549825783972126,0.223344947735192,0.335017421602788,0.76411149825784,0.699303135888502,-0.491463414634147,0.040418118466899,-0.457491289198606,-0.687108013937282,-0.334494773519164,0.431881533101045,0.426655052264808,0.76602787456446,0.48205574912892,-0.199128919860627,0.75226480836237,0.293554006968641,-0.132404181184669,0.779268292682927,-0.202961672473868,0.220557491289199,0.469512195121951,-0.305574912891986,-0.1698606271777,-0.42787456445993,0.763066202090593,0.836062717770035,-0.255923344947735,0.612717770034843,-0.202439024390244,-0.618118466898955,0.0515679442508711,-0.166550522648084,-0.350174216027875,0.759581881533101,-0.536759581881533,0.705052264808362,0.323519163763066,0.86411149825784,0.691114982578397,0.789547038327526,0.0700348432055749,0.37822299651568,0.538675958188153,0.378745644599303,0.781358885017422,-0.52787456445993,0.520905923344948,-0.360278745644599,-0.601567944250871,0.754355400696864,-0.654703832752613,0.389024390243903,0.832926829268293,0.75993031358885,0.539372822299652,-0.271602787456446,-0.669337979094077,0.655574912891986,0.320731707317073,0.926829268292683,-0.62787456445993,-0.426132404181185,0.813763066202091,-0.115505226480836,-0.643728222996516,-0.486062717770035,0.744773519163763,0.766898954703833,0.709407665505227,-0.175609756097561,0.160801393728223,0.749651567944251,0.754355400696864,-0.44616724738676,-0.262717770034843,0.760278745644599,0.580313588850174,0.825261324041812,-0.440766550522648,0.452264808362369,0.762020905923345,0.792160278745645,0.528222996515679,0.373693379790941,0.763937282229965,0.00592334494773519,0.761846689895471,0.716376306620209,-0.556271777003484,0.860278745644599,0.476829268292683,0.826480836236934,0.787108013937282,0.109407665505227,0.686759581881533,0.529790940766551,0.444773519163763,0.467073170731707,0.739198606271777,0.545296167247387,0.474564459930314,0.641114982578397,-0.236933797909408,0.189895470383275,0.763414634146342,0.601742160278746,0.62787456445993,0.650522648083624,-0.387804878048781,0.0313588850174216,0.602090592334495,0.501393728222997,0.499303135888502,0.528571428571429,0.644425087108014,0.184494773519164,0.10993031358885,0.479965156794425,0.727526132404181,0.599825783972126,0.601742160278746,0.404703832752613,0.50418118466899,0.137630662020906,0.527351916376307,0.618466898954704,0.563240418118467,0.507142857142857,0.381533101045296,-0.182752613240418,-0.233101045296167
OTU_59,0.347909407665505,-0.219686411149826,-0.0249128919860627,-0.353484320557491,-0.238675958188153,0.236933797909408,-0.469686411149826,-0.234843205574913,0.224912891986063,-0.331533101045296,-0.42020905923345,0.541114982578397,0.00853658536585366,0.105923344947735,-0.297735191637631,-0.63815331010453,0.0334494773519164,-0.60418118466899,0.0628919860627178,-0.173519163763066,0.267421602787457,-0.136062717770035,0.672473867595819,-0.163937282229965,-0.0613240418118467,0.203484320557491,-0.013588850174216,0.710104529616725,0.349477351916376,0.0181184668989547,-0.480662020905923,0.0850174216027875,-0.154006968641115,0.803310104529617,0.371951219512195,-0.111324041811847,0.289024390243903,0.00522648083623694,0.316376306620209,0.508188153310105,0.137108013937282,0.0601045296167248,0.148606271777004,-0.331881533101045,-0.53815331010453,0.149303135888502,0.426655052264808,0.381881533101045,-0.465679442508711,0.254006968641115,-0.259581881533101,-0.465853658536585,0.486759581881533,-0.577526132404181,-0.0224738675958188,0.667595818815331,0.745121951219512,0.364285714285714,NA,0.672299651567944,0.0749128919860627,-0.0163763066202091,-0.287804878048781,0.0684668989547038,0.195993031358885,-0.273693379790941,-0.412717770034843,0.0162020905923345,0.743031358885018,0.556271777003484,0.0965156794425087,-0.377177700348432,-0.278397212543554,-0.200348432055749,-0.187282229965157,0.641289198606272,-0.349825783972126,-0.0379790940766551,0.0301393728222997,0.798432055749129,0.405923344947735,-0.0574912891986063,0.313066202090592,0.41219512195122,0.303484320557491,0.644773519163763,-0.446689895470383,0.416724738675958,-0.107839721254355,-0.472822299651568,-0.430836236933798,-0.128048780487805,-0.0876306620209059,0.725435540069686,-0.247909407665505,-0.0998257839721255,0.737282229965157,0.693728222996516,-0.257317073170732,-0.181010452961673,-0.184320557491289,-0.359059233449477,-0.208188153310105,0.37020905923345,-0.169163763066202,0.646864111498258,0.171254355400697,0.0933797909407666,0.569163763066202,0.171602787456446,0.410452961672474,0.623867595818815,0.161149825783972,0.275435540069686,-0.00226480836236934,-0.365505226480836,-0.360627177700349,0.0167247386759582,0.574738675958188,0.436759581881533,-0.621428571428572,0.249128919860627,0.0385017421602788,-0.411324041811847,-0.12595818815331,-0.0578397212543554,0.115505226480836,0.59425087108014,-0.167770034843206,0.655923344947735,-0.0353658536585366,0.435191637630662,0.694076655052265,0.492160278745645,0.137282229965157,-0.121080139372822,0.0928571428571429,0.175609756097561,0.56219512195122,-0.264808362369338,0.643554006968641,-0.210801393728223,-0.0945993031358885,0.590766550522648,-0.328745644599303,0.177177700348432,0.421602787456446,0.489024390243903,0.279790940766551,0.126480836236934,-0.434320557491289,0.59390243902439,0.73623693379791,0.290243902439024,-0.306968641114983,-0.00452961672473868,0.598606271777004,0.00801393728222997,-0.246689895470383,-0.285714285714286,0.512369337979094,0.479094076655052,0.6801393728223,0.112717770034843,-0.151567944250871,0.0810104529616725,0.575435540069687,-0.446341463414634,-0.388501742160279,0.406620209059234,0.582752613240418,0.601742160278746,-0.49006968641115,-0.160278745644599,0.482578397212544,0.373867595818815,0.708710801393728,0.59425087108014,0.520557491289199,0.7,0.501219512195122,0.342334494773519,-0.557839721254355,0.436933797909408,0.452961672473868,0.47787456445993,0.409233449477352,0.102090592334495,0.570383275261324,0.246864111498258,0.136236933797909,0.486062717770035,0.307317073170732,0.572648083623693,0.347386759581882,0.593554006968641,-0.0855400696864112,0.0815331010452962,0.419337979094077,0.0832752613240418,0.219163763066202,0.241811846689896,-0.35609756097561,-0.0639372822299652,0.237282229965157,0.308536585365854,0.266724738675958,0.220034843205575,0.367595818815331,0.261672473867596,-0.00313588850174216,0.192334494773519,0.220905923344948,0.492508710801394,0.410104529616725,0.124564459930314,0.271254355400697,0.215331010452962,0.395121951219512,0.262369337979094,0.636759581881533,0.361149825783972,0.521428571428572,-0.24006968641115,-0.235017421602788
OTU_60,0.0780487804878049,-0.247212543554007,-0.0162020905923345,-0.51602787456446,-0.00278745644599303,-0.0524390243902439,-0.731881533101046,-0.267247386759582,0.214459930313589,-0.481358885017422,-0.566202090592335,0.687630662020906,0.142857142857143,-0.0613240418118467,-0.574216027874565,-0.754703832752613,0.0996515679442509,-0.716724738675958,-0.203484320557491,-0.545296167247387,0.245121951219512,-0.188501742160279,0.685714285714286,-0.340766550522648,0.332578397212544,0.25801393728223,-0.29390243902439,0.663414634146342,0.609233449477352,-0.16411149825784,-0.740418118466899,-0.220905923344948,-0.157142857142857,0.348954703832753,0.263588850174216,-0.498780487804878,0.248257839721254,0.00644599303135889,-0.0114982578397213,0.184843205574913,0.421080139372822,-0.294773519163763,0.279965156794425,-0.600696864111498,-0.766376306620209,-0.0578397212543554,0.77020905923345,0.0282229965156794,-0.37822299651568,-0.0257839721254355,-0.513588850174216,-0.716898954703833,0.809407665505227,-0.67595818815331,0.0559233449477352,0.912369337979094,0.803658536585366,0.687979094076655,0.672299651567944,NA,0.134146341463415,-0.197038327526132,-0.571951219512195,0.0109756097560976,0.462369337979094,-0.381010452961673,-0.436062717770035,0.0153310104529617,0.558536585365854,0.657491289198606,0.423693379790941,-0.304703832752613,-0.357317073170732,-0.333797909407666,-0.480836236933798,0.360452961672474,-0.377003484320558,0.100174216027875,0.297038327526132,0.521254355400697,0.363066202090592,0.0240418118466899,-0.0843205574912892,0.408885017421603,0.637979094076655,0.656620209059234,-0.716898954703833,0.611498257839721,-0.342334494773519,-0.38588850174216,-0.648432055749129,-0.46219512195122,-0.190418118466899,0.742334494773519,-0.0993031358885018,0.0930313588850174,0.829965156794425,0.814808362369338,-0.44616724738676,-0.229616724738676,-0.491637630662021,-0.552613240418119,-0.29198606271777,0.701742160278746,-0.112543554006969,0.884843205574913,0.225087108013937,-0.137282229965157,0.738675958188153,0.214808362369338,0.152961672473868,0.860801393728223,-0.120905923344948,0.136759581881533,0.305749128919861,-0.627351916376307,-0.264634146341463,-0.0543554006968641,0.879616724738676,0.715156794425087,-0.513066202090592,0.367247386759582,-0.234843205574913,-0.445470383275261,0.0123693379790941,-0.0191637630662021,-0.0545296167247387,0.834668989547038,-0.208536585365854,0.76602787456446,0.0996515679442509,0.808188153310105,0.839721254355401,0.83815331010453,-0.047212543554007,-0.00923344947735192,0.239547038327526,0.14581881533101,0.789372822299652,-0.575435540069687,0.571254355400697,-0.214459930313589,-0.190592334494774,0.684494773519164,-0.326132404181185,0.240243902439024,0.731533101045296,0.745644599303136,0.419163763066202,-0.208536585365854,-0.607665505226481,0.67595818815331,0.665331010452962,0.654878048780488,-0.510452961672474,-0.0646341463414634,0.813763066202091,0.129268292682927,-0.508885017421603,-0.371254355400697,0.778919860627178,0.744773519163763,0.805923344947735,-0.142334494773519,-0.0834494773519164,0.532578397212544,0.793379790940767,-0.49616724738676,-0.405574912891986,0.789024390243903,0.712717770034843,0.813414634146342,-0.651045296167247,0.153658536585366,0.659756097560976,0.7,0.709059233449478,0.560452961672474,0.767421602787457,0.295644599303136,0.684320557491289,0.675087108013937,-0.534843205574913,0.716898954703833,0.772996515679443,0.744425087108014,0.66602787456446,0.333275261324042,0.706620209059234,0.581184668989547,0.217421602787456,0.564285714285714,0.658362369337979,0.533275261324042,0.719163763066202,0.680836236933798,-0.0757839721254356,-0.0078397212543554,0.665156794425087,0.35801393728223,0.500174216027875,0.497038327526133,-0.430662020905923,0.0165505226480836,0.489895470383275,0.318292682926829,0.503310104529617,0.208536585365854,0.378571428571429,0.476306620209059,0.139198606271777,0.394599303135889,0.62787456445993,0.680487804878049,0.637456445993031,0.385365853658537,0.639547038327526,0.39616724738676,0.676655052264808,0.552090592334495,0.795993031358885,0.691114982578397,0.402090592334495,-0.220731707317073,-0.278397212543554
OTU_61,0.047212543554007,0.475261324041812,-0.625261324041812,0.367247386759582,-0.0817073170731707,0.459059233449477,0.0700348432055749,0.406445993031359,0.371254355400697,0.30191637630662,-0.107142857142857,-0.186759581881533,-0.194773519163763,0.337804878048781,-0.0637630662020906,-0.064808362369338,-0.445121951219512,-0.368815331010453,0.374390243902439,-0.033623693379791,0.309581881533101,0.202264808362369,0.240766550522648,0.583275261324042,0.203135888501742,0.589024390243903,0.113414634146341,0.394599303135889,0.0193379790940767,0.261498257839721,0.12404181184669,0.389372822299652,-0.0770034843205575,0.0574912891986063,0.261324041811847,0.317073170731707,0.426655052264808,0.443554006968641,-0.222648083623693,0.413937282229965,-0.274738675958188,-0.242508710801394,-0.19198606271777,-0.102439024390244,0.102264808362369,0.483623693379791,0.0191637630662021,-0.14808362369338,0.379268292682927,0.202961672473868,0.239547038327526,0.00139372822299652,0.0275261324041812,0.0484320557491289,0.401045296167247,-0.0493031358885018,0.154529616724739,-0.198954703832753,0.0749128919860627,0.134146341463415,NA,0.303484320557491,0.0719512195121951,-0.0777003484320558,0.420731707317073,0.101045296167247,-0.064808362369338,0.434320557491289,-0.089198606271777,0.323519163763066,-0.361324041811847,0.179965156794425,-0.406445993031359,0.0945993031358885,0.272648083623693,0.289721254355401,0.192334494773519,0.454703832752613,-0.0264808362369338,0.182404181184669,0.600174216027875,0.528048780487805,0.354878048780488,0.312717770034843,-0.0898954703832753,0.258536585365854,0.0587108013937282,-0.235365853658537,0.262543554006969,0.136933797909408,0.168815331010453,0.314459930313589,0.445993031358885,0.152613240418118,-0.435714285714286,-0.410801393728223,0.0689895470383275,0.176480836236934,0.239895470383275,0.071602787456446,0.384146341463415,-0.173344947735192,0.0163763066202091,0.344076655052265,-0.351045296167247,0.190592334494774,-0.273519163763066,-0.197212543554007,0.130662020905923,0.132578397212544,0.0437282229965157,0.00383275261324042,0.20191637630662,0.410627177700349,-0.343554006968641,-0.160452961672474,-0.460278745644599,0.469686411149826,0.182229965156794,-0.0674216027874565,-0.028397212543554,-0.107665505226481,-0.110627177700348,0.0275261324041812,-0.164459930313589,-0.0252613240418119,0.12404181184669,0.157665505226481,0.292508710801394,-0.0341463414634146,-0.086411149825784,0.0465156794425087,0.199825783972125,0.0545296167247387,0.0979094076655053,-0.384668989547038,-0.467421602787457,-0.152961672473868,0.021602787456446,-0.190418118466899,0.121254355400697,0.216898954703833,0.283449477351916,0.0315331010452962,0.617770034843206,-0.19808362369338,0.0320557491289199,0.0966898954703833,0.0209059233449477,0.205226480836237,-0.263414634146341,0.106445993031359,0.271428571428572,-0.200348432055749,0.0029616724738676,0.26794425087108,0.0268292682926829,0.400871080139373,0.000174216027874565,0.183101045296167,0.114634146341463,0.187282229965157,0.0956445993031359,0.347560975609756,-0.191463414634146,-0.11219512195122,0.247909407665505,0.135191637630662,-0.0841463414634146,0.181707317073171,0.259233449477352,0.0722996515679443,-0.211149825783972,-0.0146341463414634,-0.0289198606271777,0.237456445993031,0.266376306620209,0.201567944250871,0.0827526132404181,0.130313588850174,0.124738675958188,0.0621951219512195,0.101567944250871,-0.0228222996515679,0.0698606271777004,0.00627177700348432,-0.0928571428571429,-0.12595818815331,0.234146341463415,-0.0193379790940767,0.0907665505226481,0.168815331010453,0.206620209059233,0.158710801393728,0.340592334494774,0.0991289198606272,0.465853658536585,0.00888501742160279,0.133101045296167,-0.175435540069686,-0.0155052264808362,-0.0682926829268293,0.313414634146342,0.113414634146341,0.100348432055749,-0.221777003484321,0.112717770034843,-0.09198606271777,-0.230487804878049,0.156968641114983,0.286585365853659,0.0444250871080139,0.0308362369337979,0.160452961672474,0.0681184668989547,0.144425087108014,0.233797909407666,0.085191637630662,0.0705574912891986,0.15993031358885,0.162369337979094,0.198780487804878,-0.09198606271777,-0.152613240418118,-0.0712543554006969
OTU_62,0.385714285714286,0.367421602787457,-0.309756097560976,0.429268292682927,-0.603135888501742,0.513763066202091,-0.000696864111498258,0.33588850174216,0.425435540069686,0.443379790940767,-0.188327526132404,-0.242334494773519,-0.0825783972125436,0.0780487804878049,0.166202090592335,-0.0249128919860627,-0.458362369337979,-0.179616724738676,0.426480836236934,0.38205574912892,-0.128048780487805,0.604878048780488,0.0653310104529617,0.712891986062718,-0.471951219512195,0.0785714285714286,0.368989547038328,0.190243902439024,0.0578397212543554,0.541289198606272,0.19006968641115,0.24006968641115,0.236236933797909,0.302787456445993,-0.0160278745644599,0.470034843205575,0.481010452961673,0.631707317073171,-0.109407665505227,0.368466898954704,-0.105574912891986,0.136585365853659,-0.632752613240418,0.0414634146341464,0.317595818815331,0.619163763066202,-0.12595818815331,0.158710801393728,0.466202090592335,0.221254355400697,0.0437282229965157,0.332404181184669,-0.0752613240418119,0.266376306620209,0.334320557491289,-0.265156794425087,-0.124564459930314,-0.477177700348432,-0.0163763066202091,-0.197038327526132,0.303484320557491,NA,0.420383275261324,-0.546689895470383,-0.163066202090592,0.424390243902439,0.245993031358885,0.652613240418119,-0.0902439024390244,0.0425087108013937,-0.213588850174216,0.335017421602788,-0.317770034843206,0.0820557491289199,0.62787456445993,0.348606271777004,0.331881533101045,0.567770034843206,-0.0111498257839721,0.171951219512195,0.393554006968641,0.462020905923345,0.21219512195122,0.405749128919861,-0.184668989547038,-0.0627177700348432,0.237630662020906,-0.39581881533101,0.530487804878049,0.0644599303135889,0.116550522648084,0.428919860627178,0.540766550522648,-0.0172473867595819,-0.375609756097561,-0.479268292682927,-0.205923344947735,-0.0449477351916376,0.118118466898955,-0.151045296167247,0.342334494773519,0.250348432055749,0.453135888501742,-0.0162020905923345,-0.485017421602787,-0.174738675958188,-0.392508710801394,-0.190940766550523,-0.178222996515679,0.314459930313589,0.22595818815331,-0.243205574912892,0.277526132404181,0.101045296167247,-0.20993031358885,-0.216202090592335,-0.0668989547038328,0.582404181184669,-0.23397212543554,-0.186236933797909,-0.0775261324041812,-0.538850174216028,0.131010452961672,0.232752613240418,0.147909407665505,-0.071602787456446,0.0862369337979094,-0.0813588850174216,0.335540069686411,-0.0310104529616725,-0.0177700348432056,-0.207142857142857,-0.0590592334494774,-0.261324041811847,-0.0498257839721254,-0.500174216027875,-0.425609756097561,-0.286236933797909,-0.0998257839721255,0.0337979094076655,0.0158536585365854,0.293031358885017,0.348954703832753,-0.240592334494774,0.478397212543554,-0.360278745644599,-0.291289198606272,-0.144250871080139,-0.294250871080139,-0.0348432055749129,0.201742160278746,-0.21602787456446,0.286933797909408,-0.439721254355401,0.0721254355400697,0.467421602787457,-0.255574912891986,-0.0195121951219512,0.347560975609756,-0.0397212543554007,-0.173867595818815,-0.256445993031359,-0.0984320557491289,0.328397212543554,-0.250348432055749,-0.227700348432056,-0.188327526132404,0.0778745644599303,-0.0398954703832753,-0.296341463414634,-0.0139372822299652,-0.216550522648084,-0.155923344947735,-0.0857142857142857,-0.432404181184669,-0.259756097560976,0.0259581881533101,-0.0264808362369338,-0.257317073170732,0.324216027874564,-0.236933797909408,-0.212543554006969,0.00871080139372822,-0.40801393728223,0.0109756097560976,-0.230487804878049,-0.154703832752613,-0.240418118466899,-0.129616724738676,-0.235191637630662,-0.183797909407666,0.0630662020905924,-0.287282229965157,-0.0287456445993031,-0.128048780487805,-0.0968641114982579,0.516724738675958,0.150348432055749,-0.357142857142857,-0.227003484320558,-0.348780487804878,-0.209059233449477,0.431881533101045,-0.249477351916376,-0.248432055749129,-0.187630662020906,-0.164459930313589,-0.23815331010453,-0.307317073170732,-0.0590592334494774,-0.124912891986063,-0.161324041811847,-0.317595818815331,-0.269337979094077,-0.129790940766551,-0.303658536585366,-0.340940766550523,0.236411149825784,-0.0945993031358885,-0.111672473867596,-0.299303135888502,-0.151219512195122,-0.316724738675958,-0.14006968641115,-0.0111498257839721
OTU_63,0.235714285714286,0.375087108013937,-0.0662020905923345,0.770905923344948,-0.569337979094077,0.324216027874564,0.547386759581882,0.449651567944251,0.215331010452962,0.686411149825784,-0.0552264808362369,-0.597560975609756,-0.215679442508711,-0.0637630662020906,0.700696864111498,0.547038327526132,-0.416550522648084,0.340243902439024,-0.0177700348432056,0.793031358885018,-0.199303135888502,0.294947735191638,-0.577526132404181,0.402090592334495,-0.529442508710801,0.186062717770035,0.740418118466899,-0.254006968641115,-0.375261324041812,0.623519163763066,0.429790940766551,0.215331010452962,0.0174216027874564,0.101219512195122,-0.377351916376307,0.616202090592335,0.108710801393728,0.324390243902439,0.246864111498258,-0.152961672473868,-0.196341463414634,0.637456445993031,-0.389198606271777,0.703484320557491,0.741637630662021,0.210975609756098,-0.620383275261324,0.439721254355401,0.382578397212544,0.364634146341464,0.233101045296167,0.810975609756098,-0.647212543554007,0.744773519163763,0.137630662020906,-0.50993031358885,-0.560104529616725,-0.802264808362369,-0.287804878048781,-0.571951219512195,0.0719512195121951,0.420383275261324,NA,-0.100871080139373,-0.652439024390244,0.695296167247387,0.627526132404181,0.336585365853659,-0.22595818815331,-0.129442508710801,-0.471254355400697,0.320557491289199,0.0829268292682927,-0.18397212543554,0.74198606271777,0.132404181184669,0.537282229965157,0.323867595818815,-0.223867595818815,-0.029616724738676,-0.00452961672473868,0.203484320557491,0.187456445993031,-0.144076655052265,-0.693379790940767,-0.622473867595819,0.660801393728223,-0.792160278745645,0.292857142857143,0.358536585365854,0.635540069686411,0.462020905923345,0.586062717770035,-0.583449477351916,-0.258362369337979,-0.075609756097561,-0.616550522648084,-0.653135888501742,0.553484320557491,-0.279965156794425,0.35191637630662,0.804006968641115,0.360801393728223,-0.44616724738676,-0.250696864111498,-0.621428571428572,-0.348432055749129,0.0121951219512195,-0.65609756097561,-0.495818815331011,-0.0184668989547038,-0.766376306620209,-0.09198606271777,-0.294599303135889,-0.05801393728223,0.292857142857143,0.5,0.458362369337979,-0.672473867595819,-0.656794425087108,0.367595818815331,-0.548257839721254,0.329094076655052,0.495296167247387,0.0810104529616725,0.30383275261324,0.604355400696864,-0.674564459930314,0.668466898954704,-0.570383275261324,-0.295993031358885,-0.741463414634147,-0.605749128919861,-0.695644599303136,-0.13588850174216,-0.163240418118467,-0.508710801393728,-0.0524390243902439,-0.663588850174216,0.720557491289199,-0.585714285714286,0.467595818815331,0.719686411149826,-0.763588850174216,0.387108013937282,-0.148606271777004,-0.720383275261324,-0.67020905923345,-0.663066202090593,0.350174216027875,0.722996515679443,-0.693728222996516,-0.237630662020906,-0.797735191637631,0.715505226480836,0.326480836236934,-0.758885017421603,0.275783972125436,0.542508710801394,0.445993031358885,-0.736759581881533,-0.727526132404181,-0.621428571428572,0.0414634146341464,-0.0320557491289199,-0.704878048780488,-0.702613240418119,0.393205574912892,0.407839721254355,-0.763588850174216,-0.528397212543554,-0.708536585365854,0.598606271777004,-0.390243902439024,-0.626480836236934,-0.786585365853659,-0.391114982578397,-0.439547038327526,-0.749825783972126,0.0689895470383275,-0.695644599303136,-0.766202090592335,0.621080139372822,-0.706271777003484,-0.429965156794425,-0.760104529616725,-0.545121951219512,-0.028397212543554,-0.687979094076655,-0.430836236933798,-0.313763066202091,-0.463763066202091,-0.710104529616725,-0.506968641114983,-0.483623693379791,-0.678048780487805,0.218989547038328,-0.159233449477352,-0.749651567944251,-0.7198606271777,-0.619512195121951,-0.40418118466899,0.413763066202091,-0.052787456445993,-0.550174216027875,-0.653135888501742,-0.456968641114983,-0.440592334494774,-0.565505226480836,-0.203135888501742,-0.0552264808362369,-0.256620209059233,-0.681881533101045,-0.47212543554007,-0.544599303135889,-0.490766550522648,-0.608362369337979,-0.10801393728223,-0.466550522648084,-0.564634146341464,-0.518815331010453,-0.533101045296167,-0.26602787456446,0.453135888501742,0.189895470383275
OTU_64,-0.358885017421603,0.174390243902439,-0.0965156794425087,0.0557491289198606,0.330836236933798,0.0376306620209059,0.335191637630662,0.11602787456446,-0.177700348432056,0.0707317073170732,0.336062717770035,-0.292160278745645,0.0519163763066202,-0.119686411149826,0.298257839721254,0.288501742160279,0.112369337979094,0.206271777003484,-0.139024390243902,0.0486062717770035,0.313763066202091,-0.352787456445993,-0.206271777003484,-0.315505226480836,0.401045296167247,0.287979094076655,-0.0621951219512195,-0.129268292682927,-0.520905923344948,-0.182578397212544,0.151219512195122,0.232404181184669,-0.0726480836236934,-0.117770034843206,0.0449477351916376,0.0731707317073171,-0.232229965156795,-0.370557491289199,0.399825783972126,-0.206271777003484,-0.420731707317073,0.128571428571429,0.467595818815331,0.373867595818815,0.00331010452961673,-0.546864111498258,-0.292334494773519,-0.0933797909407666,-0.218815331010453,-0.017595818815331,0.42020905923345,-0.0449477351916376,-0.342508710801394,-0.00418118466898955,-0.456271777003484,0.0303135888501742,-0.239372822299652,0.0430313588850174,0.0684668989547038,0.0109756097560976,-0.0777003484320558,-0.546689895470383,-0.100871080139373,NA,0.162543554006969,-0.0583623693379791,-0.0763066202090592,-0.224912891986063,0.313937282229965,0.145470383275261,-0.35,-0.143554006968641,0.490592334494774,0.00574912891986063,-0.121951219512195,-0.218118466898955,-0.300871080139373,-0.498606271777004,-0.387979094076655,-0.223693379790941,-0.372473867595819,-0.307142857142857,0.257142857142857,-0.00435540069686411,-0.297386759581882,-0.120034843205575,0.164459930313589,0.110278745644599,-0.353310104529617,0.188850174216028,0.114634146341463,-0.219512195121951,-0.216724738675958,-0.119686411149826,-0.032404181184669,0.307142857142857,-0.0831010452961673,-0.268118466898955,-0.0771777003484321,0.133623693379791,-0.093205574912892,0.0149825783972125,-0.301219512195122,-0.0867595818815331,0.356794425087108,-0.0587108013937282,0.523519163763066,0.188675958188153,-0.18397212543554,-0.202613240418119,0.127003484320558,-0.11794425087108,-0.0890243902439025,-0.174738675958188,-0.236759581881533,0.207839721254355,-0.185191637630662,-0.332926829268293,-0.0825783972125436,-0.259059233449477,0.0439024390243902,0.379790940766551,0.224912891986063,-0.118466898954704,-0.162543554006969,0.344425087108014,-0.0177700348432056,-0.288501742160279,-0.0531358885017422,-0.278222996515679,-0.202787456445993,-0.120383275261324,-0.207491289198606,-0.167595818815331,-0.0594076655052265,0.426829268292683,-0.0487804878048781,0.146341463414634,-0.314285714285714,0.270034843205575,-0.0677700348432056,-0.0263066202090592,0.0773519163763066,-0.179094076655052,-0.147386759581882,0.359059233449477,-0.185714285714286,-0.246689895470383,0.189721254355401,0.275261324041812,0.0186411149825784,-0.0867595818815331,-0.262891986062718,0.0114982578397213,0.325435540069687,-0.0423344947735192,-0.0703832752613241,0.270731707317073,0.0118466898954704,0.335365853658537,-0.15801393728223,-0.256620209059233,-0.247212543554007,-0.118118466898955,-0.0310104529616725,-0.313763066202091,-0.0827526132404181,0.154878048780488,-0.025609756097561,-0.162020905923345,-0.294250871080139,-0.116898954703833,0.163066202090592,-0.0731707317073171,0.152264808362369,-0.199477351916376,-0.20383275261324,0.145121951219512,-0.0902439024390244,-0.0142857142857143,-0.260104529616725,-0.249477351916376,0.330313588850174,-0.0137630662020906,-0.327526132404181,-0.206968641114983,-0.274390243902439,0.251219512195122,-0.217770034843206,-0.196689895470383,0.198257839721254,-0.183797909407666,-0.149651567944251,-0.31184668989547,-0.094425087108014,-0.129268292682927,-0.360104529616725,-0.329268292682927,0.0186411149825784,-0.233623693379791,-0.0266550522648084,-0.238501742160279,-0.301742160278746,0.337979094076655,-0.000174216027874565,-0.126829268292683,-0.13397212543554,0.112891986062718,0.124912891986063,-0.00139372822299652,0.257317073170732,-0.0848432055749129,-0.133275261324042,-0.182752613240418,-0.317595818815331,-0.0317073170731707,0.100696864111498,-0.521254355400697,-0.274564459930314,-0.252613240418119,0.0313588850174216,-0.206445993031359,0.335017421602788,0.266550522648084,-0.111498257839721
OTU_65,-0.305052264808362,0.00609756097560976,-0.437630662020906,-0.289024390243903,0.357491289198606,-0.0454703832752613,-0.303310104529617,-0.144599303135889,0.229965156794425,-0.279790940766551,-0.083623693379791,0.242857142857143,0.104006968641115,0.209581881533101,-0.494076655052265,-0.433623693379791,-0.0405923344947735,-0.431358885017422,0.142508710801394,-0.634146341463415,0.384320557491289,-0.116550522648084,0.529965156794425,-0.000871080139372823,0.686411149825784,0.428048780487805,-0.471254355400697,0.468815331010453,0.268118466898955,-0.0703832752613241,-0.324738675958188,0.0287456445993031,-0.116376306620209,-0.147560975609756,0.262020905923345,-0.31602787456446,0.310975609756098,0.0604529616724739,-0.318989547038328,0.331358885017422,0.0257839721254355,-0.70801393728223,0.229094076655052,-0.52787456445993,-0.409407665505227,0.15418118466899,0.468989547038328,-0.607142857142857,-0.114459930313589,-0.27212543554007,-0.0890243902439025,-0.521602787456446,0.461846689895471,-0.450348432055749,0.0984320557491289,0.36602787456446,0.40418118466899,0.439547038327526,0.195993031358885,0.462369337979094,0.420731707317073,-0.163066202090592,-0.652439024390244,0.162543554006969,NA,-0.368989547038328,-0.382752613240418,0.0942508710801394,0.0691637630662021,0.287282229965157,0.134494773519164,-0.178919860627178,-0.431533101045296,0.0172473867595819,-0.333449477351916,-0.110801393728223,-0.175783972125436,0.0196864111498258,0.259059233449477,0.00348432055749129,0.272299651567944,0.213588850174216,-0.0693379790940767,0.326655052264808,0.476829268292683,0.455923344947735,-0.410627177700349,0.485191637630662,-0.0252613240418119,-0.0909407665505227,-0.241463414634146,-0.174912891986063,-0.223693379790941,0.517770034843206,-0.0681184668989547,-0.0768292682926829,0.390243902439024,0.468466898954704,-0.101567944250871,0.060801393728223,-0.111672473867596,-0.559407665505227,-0.316202090592335,0.380662020905923,0.033623693379791,0.522822299651568,-0.00505226480836237,-0.294250871080139,0.524390243902439,0.348257839721254,-0.182229965156794,0.547560975609756,-0.0534843205574913,0.437979094076655,-0.0778745644599303,-0.441811846689896,-0.632752613240418,-0.0493031358885018,0.515853658536585,0.422996515679443,-0.272299651567944,0.243554006968641,-0.374564459930314,-0.235365853658537,-0.0181184668989547,-0.163588850174216,-0.225087108013937,0.496515679442509,-0.217247386759582,0.407142857142857,0.247735191637631,0.630836236933798,0.470034843205575,0.564459930313589,0.00557491289198606,-0.0547038327526133,0.0611498257839721,-0.00278745644599303,0.448780487804878,-0.607491289198606,0.387979094076655,-0.11219512195122,-0.315331010452962,0.526829268292683,0.0184668989547038,0.0282229965156794,0.532229965156795,0.528397212543554,0.73205574912892,-0.160452961672474,-0.590243902439025,0.520731707317073,0.213066202090592,0.502613240418119,-0.367595818815331,0.0165505226480836,0.558536585365854,0.0778745644599303,-0.449477351916376,-0.189721254355401,0.667073170731707,0.54616724738676,0.345121951219512,-0.0503484320557491,-0.157317073170732,0.492334494773519,0.64808362369338,-0.165331010452962,-0.297038327526132,0.562891986062718,0.432229965156795,0.548954703832753,-0.524390243902439,0.259059233449477,0.500522648083624,0.618466898954704,0.374216027874565,0.310278745644599,0.552613240418119,-0.144076655052265,0.511149825783972,0.536236933797909,-0.285191637630662,0.481184668989547,0.38205574912892,0.529616724738676,0.365853658536585,0.140418118466899,0.600348432055749,0.298257839721254,0.178048780487805,0.319163763066202,0.571080139372822,0.300522648083624,0.64390243902439,0.493205574912892,0.0667247386759582,-0.172473867595819,0.631881533101045,0.447909407665505,0.570731707317073,0.318466898954704,-0.0813588850174216,0.078397212543554,0.506794425087108,0.144773519163763,0.492160278745645,0.323170731707317,0.365156794425087,0.38397212543554,0.0583623693379791,0.286411149825784,0.474738675958188,0.34006968641115,0.458362369337979,0.63397212543554,0.64808362369338,0.107665505226481,0.367247386759582,0.538675958188153,0.410104529616725,0.493554006968641,0.0289198606271777,-0.302439024390244,-0.090418118466899
OTU_66,-0.126306620209059,0.662717770034843,-0.363588850174216,0.726655052264809,-0.269337979094077,0.30801393728223,0.378745644599303,0.671602787456446,0.319686411149826,0.677003484320558,-0.0259581881533101,-0.652787456445993,0.23205574912892,-0.351219512195122,0.542160278745645,0.477177700348432,-0.583797909407666,0.0709059233449478,0.0127177700348432,0.728397212543554,-0.465679442508711,0.357839721254355,-0.519686411149826,0.513763066202091,-0.318292682926829,0.349477351916376,0.563588850174216,-0.139024390243902,-0.0614982578397213,0.712543554006969,0.45191637630662,0.487979094076655,0.343205574912892,0.0229965156794425,-0.1698606271777,0.570383275261324,0.233797909407666,0.50609756097561,0.12404181184669,-0.162717770034843,-0.210801393728223,0.212543554006969,-0.547909407665505,0.707142857142857,0.52212543554007,0.255574912891986,-0.326655052264808,0.202264808362369,0.615156794425087,0.584494773519164,0.0895470383275262,0.527700348432056,-0.346515679442509,0.51411149825784,0.355400696864112,-0.364808362369338,-0.458536585365854,-0.613240418118467,-0.273693379790941,-0.381010452961673,0.101045296167247,0.424390243902439,0.695296167247387,-0.0583623693379791,-0.368989547038328,NA,0.408710801393728,0.500174216027875,-0.0733449477351917,0.121777003484321,-0.564982578397213,0.615679442508711,-0.0531358885017422,-0.00104529616724739,0.598432055749129,-0.0353658536585366,0.386236933797909,0.457142857142857,-0.224564459930314,-0.0412891986062718,0.0369337979094077,0.397909407665505,0.237979094076655,0.0242160278745645,-0.285017421602787,-0.560975609756098,0.642334494773519,-0.604355400696864,0.346341463414634,0.642857142857143,0.455400696864112,0.263937282229965,0.622299651567944,-0.501219512195122,-0.397386759581882,-0.124216027874564,-0.484320557491289,-0.505574912891986,0.323344947735192,-0.0423344947735192,0.236236933797909,0.590940766550523,0.64390243902439,-0.227177700348432,-0.362717770034843,-0.526655052264808,-0.0763066202090592,-0.205923344947735,-0.631707317073171,-0.402264808362369,0.192857142857143,-0.547560975609756,0.0200348432055749,-0.329094076655052,-0.0733449477351917,-0.132404181184669,0.389372822299652,0.505923344947735,-0.553310104529617,-0.33397212543554,0.0862369337979094,-0.366724738675958,-0.0491289198606272,0.367247386759582,0.472822299651568,0.272473867595819,0.57020905923345,-0.491637630662021,0.741463414634147,-0.364808362369338,0.0733449477351917,-0.511672473867596,-0.474564459930314,-0.582752613240418,-0.114982578397213,-0.174912891986063,-0.618641114982579,0.074390243902439,-0.517073170731707,0.388850174216028,-0.536236933797909,0.688501742160279,0.763240418118467,-0.654355400696864,0.485540069686411,-0.144773519163763,-0.567073170731707,-0.552090592334495,-0.374390243902439,0.125435540069686,0.522473867595819,-0.54390243902439,-0.215505226480836,-0.631184668989547,0.512369337979094,0.365331010452962,-0.570731707317073,0.517421602787457,0.610452961672474,0.260452961672474,-0.538327526132404,-0.504006968641115,-0.54390243902439,0.0722996515679443,-0.195121951219512,-0.515156794425087,-0.522299651567944,0.198954703832753,0.085191637630662,-0.573867595818815,-0.442160278745645,-0.592508710801394,0.41219512195122,-0.167770034843206,-0.488327526132404,-0.544773519163763,-0.346341463414634,-0.236759581881533,-0.646689895470383,0.127526132404181,-0.607839721254355,-0.641811846689896,0.571428571428572,-0.651742160278746,-0.219163763066202,-0.541811846689896,-0.338675958188153,0.213066202090592,-0.576306620209059,-0.494250871080139,-0.0449477351916376,-0.444599303135889,-0.531533101045296,-0.542857142857143,-0.2698606271777,-0.482752613240418,0.305226480836237,-0.38588850174216,-0.591289198606272,-0.563066202090592,-0.362717770034843,-0.189372822299652,0.469163763066202,0.11219512195122,-0.272822299651568,-0.591811846689896,-0.417247386759582,-0.373693379790941,-0.484843205574913,0.0587108013937282,-0.157665505226481,-0.206271777003484,-0.439895470383275,-0.515505226480836,-0.455749128919861,-0.195121951219512,-0.294076655052265,-0.0921602787456446,-0.47020905923345,-0.419512195121951,-0.436585365853659,-0.439024390243903,-0.456794425087108,0.332752613240418,-0.0146341463414634
OTU_67,-0.000696864111498258,0.22787456445993,-0.172299651567944,0.644425087108014,-0.240243902439024,-0.0726480836236934,0.525783972125436,0.389721254355401,0.384494773519164,0.68205574912892,-0.182229965156794,-0.564285714285714,-0.287108013937282,-0.22020905923345,0.727177700348432,0.572473867595819,-0.459581881533101,0.181358885017422,-0.289024390243903,0.58205574912892,-0.0466898954703833,0.365331010452962,-0.621428571428572,0.20993031358885,-0.195993031358885,0.0787456445993032,0.441114982578397,-0.319163763066202,-0.30191637630662,0.542508710801394,0.246689895470383,0.060801393728223,-0.254355400696864,-0.263414634146341,-0.293031358885017,0.408188153310105,0.287282229965157,0.221951219512195,0.315331010452962,-0.292160278745645,0.0987804878048781,0.26184668989547,-0.317770034843206,0.459756097560976,0.663763066202091,-0.0116724738675958,-0.555749128919861,0.00121951219512195,0.376132404181185,0.171080139372822,-0.00993031358885018,0.663763066202091,-0.541463414634146,0.794250871080139,0.40418118466899,-0.423170731707317,-0.557665505226481,-0.65609756097561,-0.412717770034843,-0.436062717770035,-0.064808362369338,0.245993031358885,0.627526132404181,-0.0763066202090592,-0.382752613240418,0.408710801393728,NA,0.387108013937282,-0.39808362369338,-0.0698606271777004,-0.0177700348432056,0.25993031358885,-0.124216027874564,-0.479790940766551,0.53815331010453,-0.280836236933798,0.412891986062718,0.24581881533101,0.0250871080139373,-0.339198606271777,-0.139198606271777,0.239895470383275,-0.139895470383275,-0.228919860627178,-0.492508710801394,-0.679790940766551,0.437804878048781,-0.759756097560976,0.210278745644599,0.323519163763066,0.44616724738676,0.198780487804878,0.311149825783972,-0.597038327526133,0.111324041811847,0.142160278745645,-0.68205574912892,-0.610627177700349,0.416550522648084,-0.475261324041812,0.0898954703832753,0.748432055749129,0.0855400696864112,-0.476306620209059,-0.251567944250871,-0.59006968641115,-0.536236933797909,0.0547038327526133,-0.555749128919861,-0.257142857142857,-0.274390243902439,-0.553135888501742,-0.324216027874564,-0.509756097560976,-0.00818815331010453,0.100696864111498,0.399303135888502,0.248954703832753,-0.568292682926829,-0.632926829268293,0.317421602787457,-0.604878048780488,0.0104529616724739,0.887979094076655,0.100522648083624,0.288675958188153,0.332926829268293,-0.614634146341464,0.530313588850174,-0.54616724738676,-0.266898954703833,-0.571951219512195,-0.557665505226481,-0.600174216027875,-0.493728222996516,-0.0156794425087108,-0.351742160278746,-0.420557491289199,-0.555749128919861,0.453310104529617,-0.698432055749129,0.243379790940767,0.39616724738676,-0.546341463414634,0.410975609756098,-0.108188153310105,-0.511324041811847,-0.615156794425087,-0.48397212543554,0.00452961672473868,0.813763066202091,-0.675783972125436,-0.465331010452962,-0.633101045296167,0.646689895470383,0.423344947735192,-0.610104529616725,0.0151567944250871,0.430487804878049,0.549477351916376,-0.608885017421603,-0.585191637630662,-0.571777003484321,-0.386236933797909,0.086411149825784,-0.46602787456446,-0.641637630662021,0.411149825783972,0.410452961672474,-0.497560975609756,-0.602090592334495,-0.621254355400697,0.341289198606272,-0.381358885017422,-0.589547038327526,-0.595818815331011,-0.485365853658537,-0.489372822299652,-0.550348432055749,-0.326655052264808,-0.572822299651568,-0.451567944250871,0.453484320557491,-0.570383275261324,-0.0618466898954704,-0.571777003484321,-0.540766550522648,0.243205574912892,-0.650696864111498,-0.0843205574912892,-0.487630662020906,-0.557839721254355,-0.498954703832753,-0.55191637630662,-0.269337979094077,-0.636236933797909,0.0740418118466899,-0.481533101045296,-0.562543554006969,-0.345993031358885,-0.377003484320558,-0.33397212543554,0.190418118466899,-0.0442508710801394,-0.35609756097561,-0.552439024390244,-0.104529616724739,-0.535540069686411,-0.678048780487805,0.0480836236933798,-0.0515679442508711,-0.051219512195122,-0.412891986062718,-0.398606271777004,-0.413588850174216,-0.248954703832753,-0.358362369337979,-0.0149825783972125,-0.304703832752613,-0.424738675958188,-0.480662020905923,-0.355749128919861,-0.236759581881533,0.181184668989547,0.427700348432056
OTU_68,-0.0700348432055749,0.631533101045296,-0.650871080139373,0.533797909407666,-0.372299651567944,0.412543554006969,0.0569686411149826,0.664808362369338,0.794425087108014,0.619163763066202,-0.286759581881533,-0.425261324041812,0.205052264808362,-0.26184668989547,0.255400696864112,0.0536585365853659,-0.727003484320558,-0.391289198606272,0.104878048780488,0.366376306620209,-0.113066202090592,0.65993031358885,-0.0691637630662021,0.615679442508711,-0.135017421602787,0.510278745644599,0.366550522648084,0.237456445993031,0.129790940766551,0.718989547038328,0.139547038327526,0.418641114982578,0.244773519163763,0.133449477351916,0.0440766550522648,0.492682926829268,0.770731707317073,0.870731707317073,0.0372822299651568,0.231184668989547,-0.0857142857142857,-0.0937282229965157,-0.543554006968641,0.179965156794425,0.191289198606272,0.439198606271777,-0.0628919860627178,-0.0177700348432056,0.629790940766551,0.453832752613241,-0.0520905923344948,0.105052264808362,-0.0160278745644599,0.302264808362369,0.459233449477352,-0.0914634146341464,-0.102439024390244,-0.431533101045296,0.0162020905923345,0.0153310104529617,0.434320557491289,0.652613240418119,0.336585365853659,-0.224912891986063,0.0942508710801394,0.500174216027875,0.387108013937282,NA,0.0245644599303136,0.418815331010453,-0.331533101045296,0.531881533101045,-0.497560975609756,-0.176306620209059,0.477003484320558,0.104703832752613,0.159407665505227,0.716550522648084,-0.0979094076655053,0.108536585365854,0.255574912891986,0.735365853658537,0.204529616724739,0.513240418118467,-0.0297909407665505,-0.17787456445993,0.315505226480836,-0.392857142857143,0.371428571428571,0.405226480836237,0.0181184668989547,0.129965156794425,0.745644599303136,-0.0949477351916377,-0.557317073170732,-0.220557491289199,-0.188675958188153,-0.0663763066202091,0.140592334494774,-0.162020905923345,0.0519163763066202,0.207142857142857,0.467770034843206,0.0897212543554007,-0.640418118466899,-0.0627177700348432,-0.338675958188153,-0.386585365853659,-0.258188153310105,0.0437282229965157,0.184320557491289,-0.146864111498258,0.067595818815331,-0.174390243902439,-0.205574912891986,-0.464808362369338,-0.115505226480836,0.752090592334495,-0.176132404181185,-0.1801393728223,-0.247735191637631,-0.371428571428571,-0.265505226480836,0.376829268292683,0.330487804878049,0.278745644599303,0.31184668989547,-0.122299651567944,0.649477351916376,-0.0198606271777004,0.100696864111498,-0.117770034843206,-0.0843205574912892,-0.226132404181185,-0.170557491289199,-0.289895470383275,-0.606794425087108,-0.132578397212544,-0.160278745644599,-0.0918118466898955,-0.169163763066202,0.515156794425087,0.574738675958188,-0.292682926829268,0.535191637630662,-0.0747386759581882,-0.219512195121951,-0.247386759581882,-0.0933797909407666,-0.00226480836236934,0.197386759581882,-0.294947735191638,0.129616724738676,-0.423867595818815,0.143031358885017,0.773519163763066,-0.219163763066202,0.437630662020906,0.362369337979094,0.031184668989547,-0.139721254355401,-0.125783972125436,-0.154878048780488,0.0470383275261324,-0.224912891986063,-0.237979094076655,-0.142857142857143,0.141811846689896,-0.0303135888501742,-0.204006968641115,-0.0818815331010453,-0.223344947735192,-0.200174216027875,-0.060801393728223,-0.265331010452962,-0.21219512195122,-0.00226480836236934,0.0627177700348432,-0.204006968641115,0.194250871080139,-0.240418118466899,-0.245121951219512,0.157491289198606,-0.397909407665505,0.230662020905923,-0.153135888501742,-0.064808362369338,0.223867595818815,-0.178745644599303,-0.180836236933798,-0.0871080139372822,-0.0590592334494774,-0.200522648083624,-0.252264808362369,0.0841463414634146,-0.176480836236934,0.636759581881533,-0.320731707317073,-0.240243902439024,-0.168118466898955,-0.0817073170731707,-0.0573170731707317,0.451393728222997,0.146689895470383,-0.0531358885017422,-0.440766550522648,-0.127003484320558,-0.291463414634146,-0.452439024390244,0.338501742160279,0.12787456445993,-0.00174216027874565,-0.25,-0.203658536585366,-0.0451219512195122,-0.0515679442508711,-0.0531358885017422,0.133797909407666,-0.0787456445993032,-0.0721254355400697,-0.127177700348432,-0.05,-0.425609756097561,-0.0378048780487805,-0.178745644599303
OTU_69,0.0914634146341464,0.0106271777003484,-0.0252613240418119,-0.237630662020906,-0.111324041811847,0.242334494773519,-0.362891986062718,-0.0160278745644599,0.166550522648084,-0.203658536585366,-0.178222996515679,0.286933797909408,0.359407665505227,-0.25609756097561,-0.112717770034843,-0.456794425087108,-0.00261324041811847,-0.430313588850174,-0.013588850174216,0.0273519163763066,-0.0616724738675958,-0.156620209059233,0.402613240418119,-0.118815331010453,-0.174738675958188,0.0923344947735192,0.000522648083623693,0.432578397212544,0.196515679442509,-0.0398954703832753,-0.282752613240418,0.211672473867596,0.19198606271777,0.670557491289199,0.389024390243903,-0.00993031358885018,0.200174216027875,-0.0151567944250871,0.359059233449477,0.19808362369338,-0.0465156794425087,0.0433797909407666,-0.00505226480836237,-0.00627177700348432,-0.492334494773519,-0.133797909407666,0.307317073170732,0.332926829268293,-0.260801393728223,0.421951219512195,-0.178222996515679,-0.436759581881533,0.329268292682927,-0.528919860627178,-0.16411149825784,0.517595818815331,0.558710801393728,0.302961672473868,0.743031358885018,0.558536585365854,-0.089198606271777,-0.0902439024390244,-0.22595818815331,0.313937282229965,0.0691637630662021,-0.0733449477351917,-0.39808362369338,0.0245644599303136,NA,0.614634146341464,-0.1,-0.00418118466898955,0.0353658536585366,-0.0367595818815331,-0.198780487804878,0.396515679442509,-0.466202090592335,-0.16411149825784,-0.0729965156794425,0.59616724738676,0.105574912891986,-0.122822299651568,0.335714285714286,0.293554006968641,0.245993031358885,0.416376306620209,-0.197038327526132,0.395644599303136,-0.215505226480836,-0.0803135888501742,-0.427003484320558,-0.216724738675958,0.0235191637630662,0.500522648083624,-0.296689895470383,-0.0308362369337979,0.531707317073171,0.461672473867596,-0.407839721254355,0.0162020905923345,-0.272996515679443,-0.26219512195122,0.0378048780487805,0.240940766550523,-0.0837979094076655,0.442508710801394,0.502613240418119,0.191637630662021,0.245296167247387,0.0468641114982578,0.652439024390244,0.460104529616725,0.243379790940767,-0.0496515679442509,0.0731707317073171,-0.382926829268293,-0.196341463414634,-0.0670731707317073,0.380487804878049,0.292682926829268,-0.657491289198606,0.428745644599303,0.00749128919860627,-0.455923344947735,0.135191637630662,0.106968641114983,0.155574912891986,0.352264808362369,-0.0878048780487805,0.514285714285714,0.0322299651567944,0.265331010452962,0.477003484320558,0.279616724738676,0.12787456445993,-0.00121951219512195,0.110801393728223,0.26411149825784,0.339372822299652,-0.125435540069686,0.435714285714286,0.0874564459930314,0.130662020905923,0.262369337979094,-0.341114982578397,0.180313588850174,0.237282229965157,0.273344947735192,0.237804878048781,-0.00888501742160279,-0.321428571428572,0.347560975609756,0.499825783972126,0.277003484320558,-0.235191637630662,0.0510452961672474,0.4198606271777,0.277700348432056,-0.0818815331010453,-0.255052264808362,0.270731707317073,0.16411149825784,0.45,0.162891986062718,-0.197212543554007,-0.0128919860627178,0.32212543554007,-0.494076655052265,-0.515679442508711,0.219686411149826,0.29198606271777,0.325087108013937,-0.357142857142857,-0.0878048780487805,0.34006968641115,0.151219512195122,0.369512195121951,0.561324041811847,0.302787456445993,0.668292682926829,0.175783972125436,0.102090592334495,-0.323344947735192,0.210452961672474,0.313240418118467,0.269512195121951,0.249128919860627,0.34808362369338,0.306445993031359,0.093205574912892,0.331358885017422,0.336236933797909,0.0663763066202091,0.208710801393728,0.297212543554007,0.357839721254355,-0.170034843205575,-0.052787456445993,0.134320557491289,-0.133623693379791,0.125783972125436,0.130313588850174,-0.339372822299652,0.063588850174216,0.0773519163763066,0.211149825783972,-0.0344947735191638,0.16219512195122,0.229616724738676,0.223170731707317,-0.0252613240418119,-0.0141114982578397,0.129442508710801,0.14616724738676,-0.00818815331010453,-0.0249128919860627,0.164459930313589,-0.0177700348432056,0.0517421602787457,0.0233449477351916,0.46794425087108,0.093205574912892,0.387630662020906,-0.0437282229965157,-0.400348432055749
OTU_70,-0.12212543554007,0.290418118466899,-0.520034843205575,0.0452961672473868,-0.0266550522648084,0.249303135888502,-0.251219512195122,0.321428571428572,0.55801393728223,0.191463414634146,-0.511672473867596,0.0874564459930314,0.198954703832753,-0.300174216027875,0.00714285714285714,-0.318466898954704,-0.531881533101045,-0.807665505226481,-0.221254355400697,0.082404181184669,0.138327526132404,0.0506968641114983,0.267421602787457,0.0792682926829268,0.0977351916376307,0.521428571428572,-0.0240418118466899,0.483101045296167,0.303658536585366,0.307317073170732,-0.304878048780488,0.330487804878049,-0.117770034843206,0.412020905923345,0.412891986062718,0.11219512195122,0.54006968641115,0.310452961672474,0.273693379790941,0.208885017421603,0.11219512195122,-0.229790940766551,-0.164634146341463,-0.062020905923345,-0.416898954703833,0.0054006968641115,0.286062717770035,0.0137630662020906,0.0888501742160279,0.518466898954704,-0.303310104529617,-0.439721254355401,0.349825783972126,-0.228222996515679,0.340940766550523,0.534146341463415,0.455226480836237,0.0709059233449478,0.556271777003484,0.657491289198606,0.323519163763066,0.0425087108013937,-0.129442508710801,0.145470383275261,0.287282229965157,0.121777003484321,-0.0698606271777004,0.418815331010453,0.614634146341464,NA,-0.0170731707317073,0.141637630662021,-0.355574912891986,-0.341811846689896,-0.132926829268293,0.218815331010453,-0.250871080139373,0.224912891986063,0.118815331010453,0.479094076655052,0.290940766550523,0.297909407665505,0.259756097560976,0.410452961672474,0.248432055749129,0.269686411149826,-0.149128919860627,0.0642857142857143,-0.129965156794425,0.0930313588850174,-0.340592334494774,-0.282229965156794,0.190766550522648,0.352439024390244,-0.393554006968641,-0.0207317073170732,0.407142857142857,0.402439024390244,-0.241637630662021,-0.198606271777004,-0.280662020905923,-0.172299651567944,0.00574912891986063,0.443728222996516,-0.456271777003484,0.41411149825784,0.0832752613240418,-0.0308362369337979,0.222996515679443,-0.0606271777003484,0.416550522648084,0.463414634146342,0.0128919860627178,-0.116376306620209,-0.0139372822299652,-0.637979094076655,-0.270383275261324,0.239721254355401,0.40418118466899,0.217247386759582,-0.672822299651568,0.214459930313589,-0.362020905923345,-0.0885017421602788,0.146689895470383,0.293031358885017,0.23397212543554,0.355226480836237,0.222996515679443,0.35,0.0400696864111498,0.24581881533101,0.487456445993031,0.305749128919861,-0.15609756097561,-0.157491289198606,-0.24808362369338,-0.0533101045296167,0.310104529616725,-0.34616724738676,0.200696864111498,0.165505226480836,0.387108013937282,0.228571428571429,0.0670731707317073,0.141289198606272,0.206968641114983,0.228745644599303,0.185017421602788,-0.05,-0.220557491289199,0.24390243902439,0.432229965156795,0.0672473867595819,-0.0768292682926829,0.388327526132404,0.383797909407666,0.444076655052265,0.00731707317073171,-0.0850174216027875,0.337108013937282,0.256271777003484,0.348606271777004,-0.0463414634146342,-0.204878048780488,-0.0331010452961673,0.318292682926829,-0.283797909407666,-0.484320557491289,0.312891986062718,0.278571428571429,0.289721254355401,-0.42822299651568,-0.264285714285714,0.2198606271777,0.22212543554007,0.389895470383275,0.374738675958188,0.319512195121951,0.397212543554007,0.17404181184669,0.189198606271777,-0.175087108013937,0.179616724738676,0.562369337979094,0.279965156794425,0.205574912891986,0.549651567944251,0.252090592334495,0.281184668989547,0.0585365853658537,0.220383275261324,0.228745644599303,0.101393728222997,0.524216027874565,0.294599303135889,0.12595818815331,-0.324912891986063,0.16794425087108,-0.0890243902439025,0.219337979094077,0.163588850174216,-0.228397212543554,0.219163763066202,0.207491289198606,-0.0965156794425087,0.19616724738676,-0.174390243902439,-0.0831010452961673,0.541114982578397,0.112369337979094,0.12020905923345,0.170557491289199,0.265679442508711,0.162020905923345,0.208885017421603,0.416898954703833,0.227003484320558,0.327351916376307,0.145993031358885,0.554355400696864,0.352613240418119,0.140418118466899,-0.198606271777004,-0.300871080139373
OTU_71,0.18397212543554,-0.697038327526133,0.425435540069686,-0.638501742160279,0.0601045296167248,-0.472299651567944,-0.511672473867596,-0.593554006968641,-0.136236933797909,-0.475087108013937,-0.386759581881533,0.677700348432056,-0.174564459930314,0.052787456445993,-0.440592334494774,-0.447909407665505,0.361672473867596,-0.212717770034843,-0.266550522648084,-0.552090592334495,0.134668989547038,-0.155923344947735,0.372648083623693,-0.492682926829268,0.127351916376307,-0.397386759581882,-0.382752613240418,0.122822299651568,0.399128919860627,-0.385714285714286,-0.579965156794425,-0.662369337979094,-0.384494773519164,-0.0609756097560976,0.0308362369337979,-0.578397212543554,-0.0996515679442509,-0.349128919860627,-0.159407665505227,-0.0236933797909408,0.620383275261324,-0.232578397212544,0.187108013937282,-0.705400696864112,-0.450174216027875,-0.113937282229965,0.422299651567944,-0.117073170731707,-0.402787456445993,-0.473519163763066,-0.578397212543554,-0.344599303135889,0.490766550522648,-0.325609756097561,0.0940766550522648,0.438850174216028,0.428571428571429,0.467595818815331,0.0965156794425087,0.423693379790941,-0.361324041811847,-0.213588850174216,-0.471254355400697,-0.35,0.134494773519164,-0.564982578397213,-0.0177700348432056,-0.331533101045296,-0.1,-0.0170731707317073,NA,-0.417421602787456,-0.179268292682927,-0.342160278745645,-0.436933797909408,-0.0226480836236934,-0.122822299651568,-0.209581881533101,0.518815331010453,0.0799651567944251,0.0489547038327526,-0.276132404181185,-0.48205574912892,-0.0700348432055749,0.438501742160279,0.316202090592335,-0.656620209059234,0.358885017421603,-0.153658536585366,-0.546864111498258,-0.389198606271777,-0.28397212543554,-0.558362369337979,0.397735191637631,0.512891986062718,0.0726480836236934,0.368641114982578,0.449825783972126,-0.262369337979094,-0.282752613240418,-0.433449477351916,-0.257491289198606,-0.423344947735192,0.148606271777004,0.0773519163763066,0.387979094076655,-0.208710801393728,0.0343205574912892,0.518989547038328,0.275435540069686,-0.305052264808362,0.563240418118467,-0.2301393728223,0.0141114982578397,0.375087108013937,-0.196864111498258,0.0560975609756098,-0.460278745644599,0.461672473867596,0.4301393728223,-0.108362369337979,0.00766550522648084,-0.202264808362369,-0.00679442508710802,-0.161324041811847,-0.363240418118467,-0.415156794425087,0.472822299651568,-0.503310104529617,0.465505226480836,0.00940766550522648,0.481533101045296,0.437108013937282,0.571777003484321,-0.15383275261324,-0.0968641114982579,0.656794425087108,-0.253310104529617,0.569337979094077,-0.366724738675958,0.241811846689896,-0.581358885017422,-0.620557491289199,0.505226480836237,-0.372648083623693,-0.128397212543554,0.543554006968641,0.522648083623694,0.0952961672473868,-0.482752613240418,-0.254878048780488,0.398780487804878,0.193554006968641,0.479268292682927,-0.441289198606272,-0.336411149825784,0.505226480836237,-0.611149825783972,-0.499128919860627,-0.344250871080139,0.528745644599303,0.469512195121951,0.501567944250871,-0.30609756097561,0.0811846689895471,0.517247386759582,0.366550522648084,-0.246515679442509,-0.047212543554007,0.587804878048781,0.453484320557491,0.491114982578397,-0.366724738675958,-0.0486062717770035,0.231533101045296,0.457839721254356,0.323519163763066,0.0214285714285714,0.491114982578397,-0.29616724738676,0.497212543554007,0.61794425087108,-0.577177700348432,0.506968641114983,0.536411149825784,0.519686411149826,0.369512195121951,0.0545296167247387,0.418641114982578,0.701567944250871,-0.25801393728223,0.358536585365854,0.46602787456446,0.404878048780488,0.321777003484321,0.379965156794425,-0.291289198606272,0.128048780487805,0.361324041811847,0.580487804878049,0.357491289198606,0.296515679442509,-0.509756097560976,-0.240418118466899,0.212891986062718,0.423344947735192,0.481358885017422,0.0445993031358885,0.20383275261324,0.0222996515679443,-0.155400696864112,0.19006968641115,0.480836236933798,0.453484320557491,0.533275261324042,0.254529616724739,0.262543554006969,0.543554006968641,0.502090592334495,0.325261324041812,0.323170731707317,0.483275261324042,0.1198606271777,-0.268641114982578,0.270905923344948
OTU_72,-0.359581881533101,0.762891986062718,-0.453310104529617,0.5,0.0937282229965157,0.228222996515679,0.251742160278746,0.757491289198606,0.258536585365854,0.578048780487805,0.231184668989547,-0.596689895470383,0.43205574912892,-0.504355400696864,0.372822299651568,0.403135888501742,-0.613414634146342,-0.0236933797909408,0.145644599303136,0.511324041811847,-0.632752613240418,0.451045296167247,-0.455923344947735,0.597909407665505,-0.321428571428572,0.072822299651568,0.139547038327526,-0.355923344947735,-0.00940766550522648,0.334320557491289,0.54006968641115,0.522299651567944,0.539372822299652,-0.14581881533101,0.269686411149826,0.521777003484321,0.304529616724739,0.494425087108014,-0.210452961672474,-0.196341463414634,-0.284668989547038,-0.237108013937282,-0.759407665505227,0.486062717770035,0.272473867595819,0.143728222996516,-0.266376306620209,-0.146515679442509,0.86794425087108,0.572299651567944,0.0928571428571429,0.178397212543554,-0.257142857142857,0.333797909407666,0.477526132404181,-0.477177700348432,-0.355574912891986,-0.474912891986063,-0.377177700348432,-0.304703832752613,0.179965156794425,0.335017421602788,0.320557491289199,-0.143554006968641,-0.178919860627178,0.615679442508711,0.25993031358885,0.531881533101045,-0.00418118466898955,0.141637630662021,-0.417421602787456,NA,0.052787456445993,0.272822299651568,0.312717770034843,-0.302787456445993,0.280487804878049,0.366376306620209,-0.205923344947735,-0.213066202090592,-0.144076655052265,0.410278745644599,0.223867595818815,-0.0277003484320558,-0.00139372822299652,-0.409059233449477,0.607665505226481,-0.43588850174216,0.323867595818815,0.80801393728223,0.0789198606271777,0.083623693379791,0.638327526132404,-0.393728222996516,-0.315505226480836,-0.276306620209059,-0.463763066202091,-0.319686411149826,0.0637630662020906,0.362369337979094,0.105749128919861,0.239024390243902,0.797038327526133,0.0189895470383275,-0.45801393728223,-0.4801393728223,0.0181184668989547,-0.00714285714285714,-0.633797909407666,-0.14006968641115,0.408885017421603,-0.39390243902439,0.299303135888502,-0.354878048780488,-0.177526132404181,-0.200871080139373,0.146864111498258,0.418989547038328,-0.459059233449477,-0.288850174216028,-0.0447735191637631,-0.116898954703833,-0.387108013937282,0.229268292682927,0.523693379790941,0.140592334494774,0.20609756097561,-0.371080139372822,0.512891986062718,-0.240592334494774,0.160801393728223,-0.406620209059234,-0.417073170731707,-0.445121951219512,0.0905923344947735,-0.334843205574913,-0.341463414634146,-0.108188153310105,-0.414808362369338,0.00435540069686411,-0.393728222996516,0.635191637630662,0.510801393728223,-0.537108013937282,0.506794425087108,-0.283623693379791,-0.391289198606272,-0.468292682926829,-0.24581881533101,-0.165505226480836,0.293379790940767,-0.47595818815331,-0.308188153310105,-0.408536585365854,0.118292682926829,0.451567944250871,-0.437630662020906,0.450348432055749,0.602090592334495,0.0461672473867596,-0.40191637630662,-0.334668989547038,-0.405923344947735,0.24581881533101,-0.278571428571429,-0.19390243902439,-0.453484320557491,0.0315331010452962,-0.145644599303136,-0.347735191637631,-0.352439024390244,-0.565331010452962,0.121428571428571,0.0029616724738676,-0.459233449477352,-0.321602787456446,-0.478571428571429,-0.17787456445993,-0.462369337979094,-0.0167247386759582,-0.433449477351916,-0.46219512195122,0.380836236933798,-0.59425087108014,-0.100696864111498,-0.389024390243903,-0.278397212543554,0.216724738675958,-0.400348432055749,-0.40993031358885,0.0700348432055749,-0.302787456445993,-0.299477351916376,-0.486062717770035,-0.100696864111498,-0.423867595818815,0.320557491289199,-0.255923344947735,-0.552090592334495,-0.215853658536585,-0.136062717770035,-0.217421602787456,0.458885017421603,0.194076655052265,-0.289721254355401,-0.26794425087108,-0.419163763066202,-0.335017421602788,-0.560278745644599,0.0780487804878049,-0.170557491289199,-0.313414634146342,-0.368466898954704,-0.537456445993031,-0.405400696864112,-0.181358885017422,-0.177003484320558,-0.137282229965157,-0.425783972125436,-0.302264808362369,-0.413240418118467,-0.253484320557491,-0.608362369337979,0.0592334494773519,-0.226306620209059
OTU_73,-0.140940766550523,0.0386759581881533,0.3801393728223,-0.0341463414634146,0.284494773519164,0.082404181184669,0.392334494773519,0.0573170731707317,-0.692334494773519,0.035191637630662,0.648780487804878,-0.248954703832753,-0.0303135888501742,-0.0684668989547038,0.342508710801394,0.417247386759582,0.400522648083624,0.599651567944251,0.0818815331010453,0.201393728222997,-0.0383275261324042,-0.27212543554007,-0.416376306620209,-0.224564459930314,-0.137456445993031,-0.372822299651568,-0.124564459930314,-0.64198606271777,-0.632752613240418,-0.535540069686411,0.424738675958188,0.0249128919860627,0.131533101045296,-0.14808362369338,0.0724738675958188,0.0982578397212544,-0.658710801393728,-0.524390243902439,0.0656794425087108,-0.358362369337979,-0.466724738675958,0.374216027874565,0.155749128919861,0.420557491289199,0.149128919860627,-0.50418118466899,-0.485540069686411,0.133623693379791,-0.0691637630662021,-0.121080139372822,0.493554006968641,0.189372822299652,-0.536236933797909,0.133449477351916,-0.579268292682927,-0.349477351916376,-0.471254355400697,-0.0952961672473868,-0.278397212543554,-0.357317073170732,-0.406445993031359,-0.317770034843206,0.0829268292682927,0.490592334494774,-0.431533101045296,-0.0531358885017422,-0.124216027874564,-0.497560975609756,0.0353658536585366,-0.355574912891986,-0.179268292682927,0.052787456445993,NA,0.403135888501742,-0.0442508710801394,-0.229965156794425,-0.0376306620209059,-0.630313588850174,-0.369512195121951,-0.34198606271777,-0.60191637630662,-0.612369337979094,0.16411149825784,-0.281358885017422,-0.390243902439024,-0.25801393728223,0.35609756097561,0.00609756097560976,-0.302613240418118,0.111498257839721,0.147560975609756,-0.00609756097560976,-0.201045296167247,-0.364808362369338,0.184668989547038,0.114285714285714,-0.324216027874564,-0.441463414634146,-0.201567944250871,0.460801393728223,0.024390243902439,0.129790940766551,0.0564459930313589,-0.170034843205575,0.313240418118467,-0.392508710801394,0.499651567944251,0.477003484320558,-0.442160278745645,-0.127526132404181,0.254355400696864,-0.39808362369338,0.173344947735192,-0.171428571428571,-0.234146341463415,0.609059233449478,0.0963414634146342,-0.458885017421603,-0.340243902439024,-0.412717770034843,0.345993031358885,0.309756097560976,0.433797909407666,-0.268641114982578,-0.270557491289199,0.0616724738675958,-0.282404181184669,-0.446864111498258,-0.302439024390244,-0.408362369337979,-0.31184668989547,-0.420557491289199,-0.456271777003484,-0.32404181184669,0.258536585365854,0.230662020905923,0.299303135888502,-0.0221254355400697,-0.449651567944251,0.342682926829268,-0.136933797909408,-0.190418118466899,-0.0998257839721255,-0.406620209059234,-0.188850174216028,0.0228222996515679,-0.413588850174216,-0.365853658536585,-0.264808362369338,0.146341463414634,0.144773519163763,-0.27212543554007,-0.375783972125436,-0.095993031358885,0.247909407665505,-0.309059233449477,-0.343728222996516,-0.103484320557491,0.229268292682927,0.184146341463415,-0.454529616724739,-0.45,-0.369512195121951,0.198257839721254,-0.086411149825784,-0.271254355400697,-0.42404181184669,0.180487804878049,0.111498257839721,-0.402961672473868,-0.407665505226481,-0.382404181184669,0.398780487804878,-0.040418118466899,-0.212891986062718,-0.40993031358885,-0.518118466898955,-0.101567944250871,-0.322648083623693,-0.0560975609756098,-0.444773519163763,-0.367073170731707,0.275087108013937,-0.236411149825784,-0.641637630662021,-0.393728222996516,-0.410627177700349,-0.193728222996516,-0.411324041811847,-0.362543554006969,0.00522648083623694,-0.136411149825784,-0.370034843205575,-0.356445993031359,-0.487456445993031,-0.322299651567944,-0.447386759581882,0.195993031358885,-0.345993031358885,-0.258188153310105,-0.323344947735192,-0.468466898954704,-0.156794425087108,0.231010452961672,-0.394250871080139,0.166202090592335,-0.464808362369338,0.0264808362369338,-0.013588850174216,-0.437282229965157,-0.0555749128919861,-0.433797909407666,-0.357839721254355,-0.396515679442509,-0.48588850174216,-0.413414634146342,-0.331707317073171,-0.437282229965157,-0.390592334494774,-0.517247386759582,-0.338675958188153,-0.367770034843206,0.0670731707317073,0.268641114982578,-0.103310104529617
OTU_74,-0.121602787456446,0.277177700348432,-0.0111498257839721,-0.144076655052265,0.349303135888502,0.225783972125436,0.144947735191638,0.141637630662021,-0.468292682926829,-0.125783972125436,0.779094076655052,-0.163763066202091,0.333797909407666,0.178745644599303,-0.136062717770035,0.202613240418119,0.220905923344948,0.383101045296167,0.604703832752613,-0.0590592334494774,-0.291811846689896,-0.160104529616725,-0.0247386759581882,0.332404181184669,-0.185017421602788,-0.30418118466899,-0.10801393728223,-0.282229965156794,-0.187282229965157,-0.394773519163763,0.596341463414634,0.376655052264808,0.625087108013937,-0.0547038327526133,0.362891986062718,0.194773519163763,-0.299825783972126,-0.120383275261324,-0.232229965156795,0.119512195121951,-0.564285714285714,-0.178919860627178,-0.114285714285714,0.0825783972125436,0.067595818815331,0.0801393728222997,-0.11602787456446,-0.0505226480836237,0.214982578397213,0.109233449477352,0.552787456445993,-0.0508710801393728,-0.154529616724739,-0.217421602787456,-0.204006968641115,-0.417073170731707,-0.121777003484321,-0.010801393728223,-0.200348432055749,-0.333797909407666,0.0945993031358885,0.0820557491289199,-0.18397212543554,0.00574912891986063,0.0172473867595819,-0.00104529616724739,-0.479790940766551,-0.176306620209059,-0.0367595818815331,-0.341811846689896,-0.342160278745645,0.272822299651568,0.403135888501742,NA,0.0282229965156794,0.00714285714285714,-0.0952961672473868,-0.232229965156795,-0.192160278745645,-0.12404181184669,-0.0865853658536586,-0.0628919860627178,0.336759581881533,-0.00557491289198606,-0.0149825783972125,0.122648083623693,0.250522648083624,0.171254355400697,0.145644599303136,0.201045296167247,0.0813588850174216,0.358885017421603,-0.00557491289198606,-0.0719512195121951,-0.0372822299651568,-0.405574912891986,-0.0886759581881533,-0.100871080139373,-0.133797909407666,0.845818815331011,0.385191637630662,-0.279268292682927,0.381707317073171,0.0876306620209059,0.19198606271777,-0.145993031358885,0.363414634146342,0.0604529616724739,-0.151742160278746,0.339895470383275,0.377351916376307,-0.195818815331011,0.618815331010453,0.261149825783972,-0.387804878048781,0.368292682926829,-0.259581881533101,-0.183275261324042,-0.158710801393728,-0.031184668989547,-0.0236933797909408,0.252264808362369,0.117595818815331,-0.413066202090592,0.0447735191637631,-0.36602787456446,-0.289547038327526,-0.0451219512195122,-0.257491289198606,-0.116898954703833,0.318989547038328,-0.125783972125436,-0.148954703832753,-0.126829268292683,0.579965156794425,-0.139198606271777,0.0982578397212544,0.19198606271777,-0.169686411149826,-0.0257839721254355,0.206620209059233,0.063588850174216,-0.164808362369338,-0.0860627177700349,0.118815331010453,-0.279965156794425,-0.206445993031359,-0.0705574912891986,0.125261324041812,0.0696864111498258,-0.254006968641115,0.0350174216027875,-0.0707317073170732,0.0327526132404181,-0.284668989547038,-0.142682926829268,-0.168815331010453,-0.00348432055749129,0.0310104529616725,-0.179094076655052,-0.090418118466899,-0.040418118466899,-0.0750871080139373,0.55191637630662,-0.251219512195122,0.0289198606271777,-0.0452961672473868,-0.0560975609756098,-0.121080139372822,-0.115679442508711,-0.0550522648083624,-0.160801393728223,0.0606271777003484,0.255749128919861,-0.0524390243902439,0.0362369337979094,-0.276132404181185,0.094425087108014,-0.0848432055749129,0.131881533101045,-0.0524390243902439,-0.0951219512195122,-0.0494773519163763,-0.203484320557491,-0.502264808362369,-0.110104529616725,-0.148432055749129,-0.416550522648084,0.0346689895470383,-0.531881533101045,0.403658536585366,0.168292682926829,-0.0693379790940767,0.0163763066202091,-0.271777003484321,0.0564459930313589,-0.0369337979094077,0.4698606271777,-0.032404181184669,-0.00470383275261324,0.0123693379790941,-0.253310104529617,0.181358885017422,0.130836236933798,-0.0285714285714286,0.359233449477352,-0.349825783972126,0.414634146341464,0.229790940766551,-0.270731707317073,-0.0742160278745645,-0.460627177700349,-0.129616724738676,-0.320034843205575,-0.205923344947735,-0.143728222996516,-0.191289198606272,-0.429965156794425,-0.270731707317073,-0.056794425087108,-0.210801393728223,-0.199651567944251,-0.216550522648084,-0.205226480836237,-0.269163763066202
OTU_75,0.336236933797909,0.475609756097561,-0.341463414634146,0.73397212543554,-0.508362369337979,0.527351916376307,0.550174216027875,0.527351916376307,0.293031358885017,0.678397212543554,0.0834494773519164,-0.602787456445993,-0.225087108013937,0.136759581881533,0.60993031358885,0.458362369337979,-0.438501742160279,0.197735191637631,0.374390243902439,0.670905923344948,-0.0726480836236934,0.453832752613241,-0.347735191637631,0.680836236933798,-0.424912891986063,0.264634146341463,0.671428571428571,-0.0456445993031359,-0.367770034843206,0.585017421602788,0.517421602787457,0.466724738675958,0.112369337979094,0.174216027874564,-0.0529616724738676,0.67595818815331,0.273519163763066,0.405923344947735,0.238675958188153,0.152961672473868,-0.361149825783972,0.423344947735192,-0.424564459930314,0.503484320557491,0.764285714285714,0.442334494773519,-0.554529616724739,0.297386759581882,0.470557491289199,0.371602787456446,0.364808362369338,0.772299651567944,-0.557491289198606,0.572299651567944,0.25191637630662,-0.525087108013937,-0.447212543554007,-0.755923344947735,-0.187282229965157,-0.480836236933798,0.272648083623693,0.62787456445993,0.74198606271777,-0.121951219512195,-0.333449477351916,0.598432055749129,0.53815331010453,0.477003484320558,-0.198780487804878,-0.132926829268293,-0.436933797909408,0.312717770034843,-0.0442508710801394,0.0282229965156794,NA,0.231358885017422,0.516898954703833,0.397735191637631,-0.230662020905923,0.0653310104529617,0.264459930313589,0.395296167247387,0.380313588850174,0.125435540069686,-0.665331010452962,-0.422648083623693,0.526829268292683,-0.677351916376307,0.513240418118467,0.262543554006969,0.605226480836237,0.670557491289199,0.612717770034843,-0.34616724738676,-0.33815331010453,-0.329616724738676,-0.526655052264808,-0.493205574912892,0.455749128919861,-0.130487804878049,0.525261324041812,0.638327526132404,0.401045296167247,-0.260278745644599,-0.371777003484321,-0.466898954703833,-0.36184668989547,-0.0270034843205575,-0.505574912891986,-0.095993031358885,0.157491289198606,-0.632229965156795,0.198606271777004,-0.0486062717770035,-0.391463414634146,0.209756097560976,0.0825783972125436,0.455923344947735,-0.501219512195122,-0.587804878048781,0.29390243902439,-0.641463414634146,0.405749128919861,0.444773519163763,0.0477351916376307,0.0987804878048781,0.409756097560976,-0.509581881533101,0.499825783972126,-0.471777003484321,-0.213414634146342,-0.576132404181185,-0.463763066202091,-0.576132404181185,-0.0329268292682927,-0.371777003484321,-0.539721254355401,-0.19390243902439,-0.576655052264809,0.510975609756098,-0.332578397212544,0.438675958188153,0.513937282229965,-0.604006968641115,0.618641114982579,-0.349128919860627,-0.598780487804878,-0.529268292682927,-0.448432055749129,0.341637630662021,0.466376306620209,-0.430836236933798,-0.0832752613240418,-0.708710801393728,0.492682926829268,0.377003484320558,-0.603832752613241,0.147212543554007,0.412717770034843,0.419163763066202,-0.56602787456446,-0.602090592334495,-0.488327526132404,0.246689895470383,-0.228397212543554,-0.578571428571429,-0.437456445993031,0.41411149825784,0.373693379790941,-0.598954703832753,-0.326480836236934,-0.544425087108014,0.263240418118467,-0.254529616724739,-0.518815331010453,-0.574912891986063,-0.305749128919861,-0.135017421602787,-0.62020905923345,0.227003484320558,-0.588675958188153,-0.624738675958188,0.342682926829268,-0.670034843205575,-0.349477351916376,-0.675783972125436,-0.569686411149826,-0.175435540069686,-0.478048780487805,-0.527177700348432,-0.20801393728223,-0.166376306620209,-0.623344947735192,-0.406445993031359,-0.369337979094077,-0.415331010452962,0.214459930313589,-0.083623693379791,-0.578048780487805,-0.584320557491289,-0.513414634146342,-0.487282229965157,0.409059233449477,-0.151219512195122,-0.392334494773519,-0.487282229965157,-0.368466898954704,-0.278919860627178,-0.478745644599303,-0.204355400696864,-0.127526132404181,-0.352439024390244,-0.534320557491289,-0.505400696864112,-0.492508710801394,-0.398780487804878,-0.550522648083624,-0.0632404181184669,-0.375435540069686,-0.427177700348432,-0.482404181184669,-0.491811846689896,-0.341637630662021,0.19198606271777,0.175435540069686
OTU_76,0.737456445993032,-0.137456445993031,0.133275261324042,-0.141637630662021,-0.645296167247387,0.483797909407666,-0.34581881533101,-0.148257839721254,0.118989547038328,-0.176306620209059,-0.335540069686411,0.396864111498258,-0.173170731707317,0.461498257839721,-0.227700348432056,-0.41602787456446,0.10993031358885,-0.247212543554007,0.401393728222997,-0.0379790940766551,0.186411149825784,-0.0222996515679443,0.562020905923345,0.199651567944251,-0.400174216027875,0.0951219512195122,0.462369337979094,0.628571428571429,0.1801393728223,0.060801393728223,-0.180487804878049,0.0548780487804878,0.0571428571428571,0.776829268292683,0.137108013937282,0.100522648083624,0.152787456445993,0.169686411149826,0.22020905923345,0.56411149825784,-0.0761324041811847,0.436062717770035,0.024390243902439,-0.282752613240418,-0.119686411149826,0.460975609756098,0.202961672473868,0.740766550522648,-0.230662020905923,0.205052264808362,0.0831010452961673,-0.0193379790940767,0.265156794425087,-0.31602787456446,0.014808362369338,0.366724738675958,0.544076655052265,0.054006968641115,0.641289198606272,0.360452961672474,0.289721254355401,0.348606271777004,0.132404181184669,-0.218118466898955,-0.110801393728223,-0.0353658536585366,-0.280836236933798,0.104703832752613,0.396515679442509,0.218815331010453,-0.0226480836236934,-0.302787456445993,-0.229965156794425,0.00714285714285714,0.231358885017422,NA,-0.0339721254355401,0.180313588850174,0.0545296167247387,0.762717770034843,0.687108013937282,0.095993031358885,0.418641114982578,0.461846689895471,-0.0686411149825784,0.562717770034843,-0.294250871080139,0.112020905923345,0.140592334494774,-0.464982578397213,-0.0367595818815331,0.404006968641115,0.17787456445993,0.509233449477352,-0.261324041811847,-0.375087108013937,0.490940766550523,0.453832752613241,0.105400696864112,-0.112020905923345,0.20801393728223,-0.136062717770035,-0.0735191637630662,0.250871080139373,-0.170905923344948,0.505400696864112,-0.051219512195122,0.00226480836236934,0.407839721254355,0.213066202090592,0.3301393728223,0.256968641114983,0.339198606271777,0.375435540069686,-0.108885017421603,-0.0205574912891986,-0.133623693379791,0.155052264808362,0.345121951219512,0.186933797909408,-0.281533101045296,-0.159756097560976,0.431358885017422,-0.261498257839721,-0.287630662020906,-0.270557491289199,0.185191637630662,0.432229965156795,0.0139372822299652,0.368641114982578,-0.0782229965156795,0.161498257839721,0.490592334494774,0.264634146341463,0.353135888501742,-0.354006968641115,-0.000522648083623693,0.189721254355401,0.307839721254355,0.111672473867596,0.541463414634146,-0.0754355400696864,0.101742160278746,0.244599303135889,0.0231707317073171,-0.128571428571429,0.102264808362369,0.347909407665505,-0.156620209059233,0.273867595818815,-0.270034843205575,0.425435540069686,0.807839721254356,0.00104529616724739,-0.219686411149826,-0.0740418118466899,0.210975609756098,0.028397212543554,-0.140766550522648,-0.156445993031359,0.247735191637631,0.252439024390244,0.547735191637631,0.4,-0.21184668989547,-0.15383275261324,0.35609756097561,-0.239198606271777,-0.0801393728222997,0.206271777003484,0.579616724738676,0.354703832752613,-0.232404181184669,-0.15,0.166550522648084,0.192857142857143,0.624564459930314,0.517421602787457,0.314634146341463,0.691811846689896,0.245296167247387,0.079616724738676,-0.355226480836237,0.121080139372822,0.160975609756098,0.157142857142857,0.12020905923345,-0.330662020905923,0.418118466898955,-0.00662020905923345,0.105923344947735,0.531358885017422,0.0344947735191638,0.541114982578397,0.0968641114982579,0.417073170731707,0.101219512195122,0.448954703832753,0.162369337979094,-0.209756097560976,-0.124738675958188,-0.0505226480836237,-0.110801393728223,-0.214808362369338,-0.0179442508710801,0.216898954703833,0.0651567944250871,0.145470383275261,0.183449477351916,-0.0691637630662021,0.0827526132404181,0.0153310104529617,0.0202090592334495,0.289547038327526,0.219337979094077,-0.25418118466899,-0.156794425087108,0.218815331010453,0.16602787456446,0.086411149825784,0.30609756097561,0.089198606271777,0.342857142857143,-0.0479094076655052,-0.0848432055749129
OTU_77,0.116550522648084,0.184843205574913,-0.148780487804878,0.486062717770035,-0.249303135888502,0.257142857142857,0.402613240418119,0.231184668989547,0.136585365853659,0.419686411149826,0.00261324041811847,-0.282404181184669,-0.359407665505227,0.268118466898955,0.356794425087108,0.284843205574913,-0.251567944250871,0.116376306620209,0.310278745644599,0.336411149825784,-0.0343205574912892,0.36411149825784,-0.238501742160279,0.47020905923345,-0.188327526132404,0.140418118466899,0.259756097560976,-0.148780487804878,-0.183101045296167,0.344250871080139,0.276655052264808,0.0871080139372822,-0.148954703832753,-0.0430313588850174,-0.0879790940766551,0.346515679442509,0.200696864111498,0.224216027874564,-0.314285714285714,0.0822299651567944,-0.1698606271777,0.100522648083624,-0.440766550522648,0.247038327526132,0.605400696864112,0.538501742160279,-0.367595818815331,0.0576655052264808,0.412891986062718,0.0524390243902439,0.158188153310105,0.538327526132404,-0.39198606271777,0.531533101045296,0.348780487804878,-0.407142857142857,-0.346515679442509,-0.487456445993031,-0.349825783972126,-0.377003484320558,0.192334494773519,0.331881533101045,0.537282229965157,-0.300871080139373,-0.175783972125436,0.386236933797909,0.412891986062718,0.159407665505227,-0.466202090592335,-0.250871080139373,-0.122822299651568,0.280487804878049,-0.0376306620209059,-0.0952961672473868,0.516898954703833,-0.0339721254355401,NA,0.309407665505227,0.0651567944250871,-0.215331010452962,0.125783972125436,0.0555749128919861,0.0865853658536586,-0.156620209059233,-0.29390243902439,-0.262717770034843,0.354355400696864,-0.561498257839721,0.277177700348432,0.150696864111498,0.442682926829268,0.399303135888502,0.352090592334495,-0.270905923344948,-0.0970383275261324,-0.289721254355401,-0.446864111498258,-0.345470383275261,0.448954703832753,-0.148257839721254,0.401567944250871,0.421602787456446,0.240592334494774,-0.122822299651568,-0.424390243902439,-0.433449477351916,-0.506968641114983,0.168466898954704,-0.38588850174216,-0.190243902439024,-0.110452961672474,-0.385365853658537,0.0270034843205575,0.225435540069686,-0.217073170731707,0.118989547038328,0.106794425087108,0.320034843205575,-0.315679442508711,-0.381707317073171,0.507317073170732,-0.558188153310105,0.182229965156794,0.317595818815331,-0.102787456445993,-0.184320557491289,0.232752613240418,-0.303135888501742,0.291811846689896,-0.253310104529617,-0.304703832752613,-0.342857142857143,-0.37787456445993,-0.259407665505227,0.0820557491289199,-0.418292682926829,-0.178048780487805,-0.260104529616725,-0.33815331010453,0.2198606271777,-0.333101045296167,0.16411149825784,0.170731707317073,-0.419337979094077,0.427700348432056,-0.337456445993031,-0.342682926829268,-0.189895470383275,-0.331707317073171,-0.00418118466898955,0.321080139372822,-0.310627177700349,-0.105226480836237,-0.422822299651568,0.338501742160279,0.140592334494774,-0.387108013937282,0.000174216027874565,0.37787456445993,0.178571428571429,-0.296515679442509,-0.343554006968641,-0.418466898954704,0.169337979094077,-0.254355400696864,-0.191114982578397,-0.297909407665505,0.202613240418119,0.167421602787456,-0.302090592334495,-0.197560975609756,-0.42020905923345,0.436411149825784,-0.190418118466899,-0.380487804878049,-0.365679442508711,-0.294947735191638,-0.244425087108014,-0.341637630662021,-0.157665505226481,-0.267770034843206,-0.282404181184669,0.378048780487805,-0.331533101045296,-0.193728222996516,-0.384843205574913,-0.294599303135889,-0.280662020905923,-0.328571428571429,-0.278048780487805,-0.4801393728223,-0.0827526132404181,-0.233275261324042,-0.158536585365854,-0.0871080139372822,-0.396515679442509,-0.0524390243902439,-0.117421602787456,-0.351567944250871,-0.229094076655052,-0.273170731707317,-0.228571428571429,0.260104529616725,-0.234320557491289,-0.424912891986063,-0.224564459930314,-0.035191637630662,-0.195296167247387,-0.353484320557491,-0.109233449477352,-0.265679442508711,-0.0137630662020906,-0.339721254355401,-0.291637630662021,-0.156968641114983,-0.246341463414634,-0.245993031358885,0.0939024390243903,-0.11411149825784,-0.192682926829268,-0.4698606271777,-0.118118466898955,-0.409581881533101,0.212369337979094,0.255226480836237
OTU_78,0.139721254355401,0.34581881533101,-0.466376306620209,0.433101045296167,-0.416898954703833,0.235191637630662,-0.113937282229965,0.398257839721254,0.678571428571429,0.318118466898955,-0.405574912891986,-0.152787456445993,0.0837979094076655,-0.0552264808362369,-0.0139372822299652,-0.0736933797909408,-0.561149825783972,-0.396341463414634,0.0285714285714286,0.216898954703833,-0.16602787456446,0.560627177700349,0.0231707317073171,0.497560975609756,-0.0742160278745645,0.452264808362369,0.373867595818815,0.31794425087108,0.383623693379791,0.617770034843206,-0.0341463414634146,0.233275261324042,0.117247386759582,0.0993031358885018,-0.141811846689896,0.22404181184669,0.615853658536585,0.816898954703833,-0.109407665505227,0.114459930313589,0.177177700348432,-0.0994773519163763,-0.37822299651568,0.0128919860627178,0.162020905923345,0.481533101045296,0.18397212543554,0.0759581881533101,0.482229965156795,0.295296167247387,-0.240766550522648,0.145993031358885,0.22020905923345,0.201045296167247,0.494947735191638,0.0435540069686411,0.0358885017421603,-0.241114982578397,-0.0379790940766551,0.100174216027875,0.454703832752613,0.567770034843206,0.323867595818815,-0.498606271777004,0.0196864111498258,0.457142857142857,0.24581881533101,0.716550522648084,-0.16411149825784,0.224912891986063,-0.209581881533101,0.366376306620209,-0.630313588850174,-0.232229965156795,0.397735191637631,0.180313588850174,0.309407665505227,NA,-0.0130662020905923,0.175435540069686,0.406794425087108,0.702090592334495,0.0398954703832753,0.229442508710801,0.0963414634146342,-0.102264808362369,0.0780487804878049,-0.306620209059233,0.348257839721254,0.199477351916376,-0.0181184668989547,0.128571428571429,0.718292682926829,-0.0397212543554007,-0.455226480836237,-0.166724738675958,0,0.078397212543554,0.234494773519164,-0.299303135888502,0.157317073170732,0.186062717770035,0.363588850174216,0.275087108013937,-0.52787456445993,0.0991289198606272,-0.432229965156795,-0.463763066202091,-0.014808362369338,-0.0883275261324042,-0.0487804878048781,-0.00993031358885018,-0.0749128919860627,-0.00505226480836237,0.0754355400696864,-0.431881533101045,0.131533101045296,0.863937282229965,0.0569686411149826,0.0837979094076655,0.0292682926829268,-0.429442508710801,-0.231010452961672,0.25383275261324,0.34616724738676,0.19006968641115,0.436933797909408,0.117073170731707,0.585540069686411,0.0489547038327526,0.110104529616725,0.0662020905923345,0.0435540069686411,-0.0054006968641115,-0.17404181184669,-0.221080139372822,-0.596689895470383,0.0315331010452962,0.0306620209059234,-0.094425087108014,-0.176132404181185,0.465331010452962,0.466202090592335,-0.0811846689895471,0.438675958188153,-0.0484320557491289,0.0134146341463415,-0.0130662020905923,-0.0411149825783972,0.0618466898954704,0.126655052264808,-0.147212543554007,0.228571428571429,-0.187804878048781,-0.0337979094076655,0.490766550522648,-0.090418118466899,0.3801393728223,0.182404181184669,-0.0548780487804878,0.0196864111498258,0.114285714285714,0.00940766550522648,-0.0428571428571429,-0.0160278745644599,0.0290940766550523,0.0590592334494774,0.102264808362369,-0.0242160278745645,-0.0226480836236934,0.10993031358885,-0.0520905923344948,-0.116550522648084,0.162891986062718,-0.0503484320557491,0.00331010452961673,0.138675958188153,0.0341463414634146,-0.0841463414634146,0.162369337979094,0.0425087108013937,-0.00853658536585366,0.160975609756098,-0.126306620209059,0.313937282229965,-0.00766550522648084,0.187108013937282,0.0360627177700348,-0.0181184668989547,-0.0386759581881533,-0.00818815331010453,-0.00557491289198606,0.0179442508710801,0.0149825783972125,0.0763066202090592,0.0123693379790941,0.623519163763066,-0.137456445993031,-0.0452961672473868,-0.0381533101045296,0.00801393728222997,0.233275261324042,0.560975609756098,-0.0569686411149826,0.120034843205575,-0.406794425087108,0.0209059233449477,-0.25418118466899,-0.327351916376307,0.271777003484321,0.0569686411149826,0.205052264808362,0.0261324041811847,0.14616724738676,0.223519163763066,0.112543554006969,0.0277003484320558,0.294425087108014,0.181010452961673,0.249825783972125,0.0329268292682927,0.107839721254355,-0.290592334494774,-0.00435540069686411,-0.146689895470383
OTU_79,-0.014808362369338,-0.366202090592335,0.173693379790941,-0.331358885017422,0.0484320557491289,-0.349825783972126,-0.295993031358885,-0.348780487804878,0.0926829268292683,-0.312543554006969,-0.34581881533101,0.39808362369338,-0.0383275261324042,0.116202090592335,-0.310452961672474,-0.305923344947735,0.159756097560976,-0.167247386759582,-0.146864111498258,-0.398432055749129,0.102439024390244,-0.176306620209059,0.241289198606272,-0.115505226480836,0.14616724738676,-0.122822299651568,-0.109756097560976,0.205226480836237,0.371080139372822,-0.0585365853658537,-0.433449477351916,-0.429442508710801,-0.15801393728223,-0.0951219512195122,-0.0883275261324042,-0.445818815331011,0.0677700348432056,-0.0775261324041812,-0.187108013937282,-0.0209059233449477,0.429268292682927,-0.279442508710801,0.0707317073170732,-0.444947735191638,-0.103484320557491,0.140243902439024,0.384668989547038,-0.117073170731707,-0.263066202090592,-0.200174216027875,-0.397038327526132,-0.13780487804878,0.418989547038328,-0.169337979094077,0.217247386759582,0.311672473867596,0.394250871080139,0.352090592334495,0.0301393728222997,0.297038327526132,-0.0264808362369338,-0.0111498257839721,-0.223867595818815,-0.387979094076655,0.259059233449477,-0.224564459930314,0.0250871080139373,-0.0979094076655053,-0.0729965156794425,0.118815331010453,0.518815331010453,-0.205923344947735,-0.369512195121951,-0.192160278745645,-0.230662020905923,0.0545296167247387,0.0651567944250871,-0.0130662020905923,NA,0.147212543554007,0.184320557491289,0.0909407665505227,-0.452787456445993,-0.0975609756097561,0.36602787456446,0.22404181184669,-0.431358885017422,0.248780487804878,-0.074390243902439,-0.249825783972125,-0.00191637630662021,0.0292682926829268,-0.301219512195122,0.14581881533101,0.333623693379791,0.129268292682927,0.243031358885017,0.271254355400697,0.171254355400697,-0.229268292682927,-0.0618466898954704,-0.0381533101045296,-0.199303135888502,0.0566202090592335,0.115679442508711,0.316550522648084,-0.186933797909408,-0.191463414634146,0.36794425087108,0.191811846689896,-0.363414634146342,0.396864111498258,-0.264459930313589,0.0780487804878049,0.368989547038328,-0.256271777003484,0.0735191637630662,-0.19198606271777,0.28588850174216,0.313588850174216,-0.259233449477352,-0.0554006968641115,-0.26794425087108,0.0294425087108014,0.0358885017421603,-0.187456445993031,-0.0764808362369338,0.376132404181185,-0.108710801393728,0.352613240418119,0.243031358885017,0.364459930313589,0.450174216027875,0.385540069686411,-0.107665505226481,-0.00871080139372822,0.335017421602788,-0.0217770034843206,0.400348432055749,-0.209407665505227,0.0670731707317073,-0.218118466898955,-0.250522648083624,0.351045296167247,-0.197560975609756,0.0585365853658537,0.349128919860627,0.449651567944251,0.132404181184669,-0.227003484320558,-0.141114982578397,0.216898954703833,0.0878048780487805,0.336236933797909,-0.18588850174216,0.0101045296167247,0.31184668989547,-0.152961672473868,-0.298954703832753,-0.116202090592335,0.370034843205575,0.35191637630662,0.321602787456446,-0.209233449477352,0.0367595818815331,0.421951219512195,0.265156794425087,-0.24581881533101,-0.0371080139372822,0.35609756097561,0.277003484320558,0.384843205574913,-0.167421602787456,-0.115156794425087,0.193728222996516,0.418989547038328,0.293205574912892,-0.0942508710801394,0.443728222996516,-0.155749128919861,0.378048780487805,0.413588850174216,-0.299477351916376,0.294425087108014,0.361498257839721,0.427700348432056,0.350522648083624,0.0858885017421603,0.34390243902439,0.403310104529617,-0.0926829268292683,0.285714285714286,0.396864111498258,0.25609756097561,0.405574912891986,0.212717770034843,-0.151219512195122,-0.0207317073170732,0.231010452961672,0.215156794425087,0.356445993031359,0.236062717770035,-0.122299651567944,-0.0468641114982578,0.291289198606272,0.090418118466899,0.460627177700349,0.127003484320558,0.162891986062718,0.264285714285714,-0.112543554006969,0.235191637630662,0.32404181184669,0.249303135888502,0.305226480836237,0.239024390243902,0.198606271777004,0.232229965156795,0.285540069686411,0.295296167247387,0.161324041811847,0.332578397212544,-0.000348432055749129,-0.232926829268293,0.183449477351916
OTU_80,0.422996515679443,-0.170383275261324,-0.0186411149825784,-0.248606271777004,-0.356445993031359,0.333797909407666,-0.386585365853659,-0.110801393728223,0.19616724738676,-0.210975609756098,-0.389895470383275,0.457317073170732,0.0609756097560976,0.176655052264808,-0.26219512195122,-0.525783972125436,-0.0515679442508711,-0.503658536585366,0.169163763066202,-0.039198606271777,0.10418118466899,0.0149825783972125,0.575261324041812,0.0524390243902439,-0.254529616724739,0.21602787456446,0.226655052264808,0.696515679442509,0.369686411149826,0.113763066202091,-0.303484320557491,0.135365853658537,0.00121951219512195,0.820034843205575,0.320557491289199,0.0543554006968641,0.236933797909408,0.152090592334495,0.268118466898955,0.473693379790941,0.0947735191637631,0.154355400696864,-0.00644599303135889,-0.254529616724739,-0.329965156794425,0.328919860627178,0.380836236933798,0.5698606271777,-0.265853658536585,0.396689895470383,-0.244425087108014,-0.270557491289199,0.444599303135889,-0.474390243902439,0.102613240418118,0.528397212543554,0.714808362369338,0.186759581881533,0.798432055749129,0.521254355400697,0.182404181184669,0.171951219512195,-0.029616724738676,-0.223693379790941,0.00348432055749129,-0.0412891986062718,-0.339198606271777,0.108536585365854,0.59616724738676,0.479094076655052,0.0799651567944251,-0.213066202090592,-0.34198606271777,-0.12404181184669,0.0653310104529617,0.762717770034843,-0.215331010452962,0.175435540069686,0.147212543554007,NA,0.546689895470383,0.130313588850174,0.372473867595819,0.355923344947735,0.206968641114983,0.526480836236934,-0.342857142857143,0.263937282229965,0.0254355400696864,-0.375261324041812,-0.224564459930314,0.14808362369338,0.0930313588850174,0.568989547038328,-0.280487804878049,-0.233449477351916,0.644947735191638,0.605749128919861,-0.0228222996515679,-0.123344947735192,-0.0282229965156794,-0.192508710801394,0.0104529616724739,0.331184668989547,-0.287108013937282,0.547386759581882,0.012020905923345,-0.0343205574912892,0.460104529616725,0.0658536585365854,0.383797909407666,0.467595818815331,0.26602787456446,0.225087108013937,0.0106271777003484,-0.287456445993031,-0.15801393728223,0.145470383275261,0.455574912891986,0.376829268292683,-0.529790940766551,0.0747386759581882,0.0341463414634146,-0.31602787456446,-0.04198606271777,-0.112891986062718,0.262543554006969,0.514982578397213,-0.0200348432055749,0.557839721254355,0.0383275261324042,0.312369337979094,0.617421602787457,0.373693379790941,0.292857142857143,-0.302090592334495,0.00662020905923345,0.221254355400697,0.464285714285714,-0.146689895470383,0.503658536585366,-0.0498257839721254,0.134668989547038,0.44006968641115,-0.201742160278746,-0.0397212543554007,0.329965156794425,0.401742160278746,0.0799651567944251,0.255052264808362,-0.343205574912892,0.487979094076655,0.725783972125436,0.13397212543554,-0.307142857142857,-0.0308362369337979,0.430662020905923,0.0804878048780488,-0.200871080139373,-0.310975609756098,0.370731707317073,0.415331010452962,0.618292682926829,0.291637630662021,-0.201567944250871,-0.00574912891986063,0.469686411149826,-0.30609756097561,-0.28588850174216,0.325609756097561,0.623519163763066,0.491289198606272,-0.315679442508711,-0.217073170731707,0.299825783972126,0.32787456445993,0.683797909407666,0.482752613240418,0.3698606271777,0.71794425087108,0.383101045296167,0.186411149825784,-0.479268292682927,0.256445993031359,0.357142857142857,0.354355400696864,0.322822299651568,-0.0202090592334495,0.516550522648084,0.110801393728223,0.197038327526132,0.527700348432056,0.18815331010453,0.550174216027875,0.240243902439024,0.535540069686411,0.0881533101045296,0.216898954703833,0.233797909407666,-0.0916376306620209,0.106794425087108,0.210452961672474,-0.114982578397213,-0.158536585365854,0.194076655052265,0.165331010452962,0.113763066202091,0.105923344947735,0.189721254355401,0.197735191637631,-0.0982578397212544,0.0456445993031359,0.163588850174216,0.36219512195122,0.29006968641115,0.0916376306620209,0.116550522648084,0.301393728222997,0.282752613240418,0.143205574912892,0.515505226480836,0.178048780487805,0.30383275261324,-0.191637630662021,-0.203310104529617
OTU_81,0.471951219512195,0.0461672473867596,-0.281533101045296,0.0398954703832753,-0.452264808362369,0.330487804878049,-0.31411149825784,-0.0172473867595819,0.359756097560976,-0.0543554006968641,-0.415679442508711,0.260801393728223,-0.212369337979094,0.431533101045296,-0.321080139372822,-0.35993031358885,-0.198606271777004,-0.460104529616725,0.344773519163763,-0.168815331010453,0.144947735191638,0.144599303135889,0.531533101045296,0.386585365853659,-0.0541811846689896,0.311672473867596,0.307839721254355,0.739024390243903,0.352090592334495,0.283623693379791,-0.149825783972125,0.172473867595819,-0.0777003484320558,0.428745644599303,0.158362369337979,0.0665505226480836,0.39006968641115,0.272822299651568,-0.0315331010452962,0.552787456445993,0.0228222996515679,-0.0731707317073171,-0.0874564459930314,-0.436411149825784,-0.0717770034843206,0.604529616724739,0.310801393728223,0.228919860627178,0.0151567944250871,0.156794425087108,-0.00574912891986063,-0.0843205574912892,0.368118466898955,-0.228222996515679,0.439721254355401,0.2698606271777,0.487282229965157,-0.0106271777003484,0.405923344947735,0.363066202090592,0.600174216027875,0.393554006968641,-0.00452961672473868,-0.372473867595819,0.272299651567944,0.0369337979094077,-0.139198606271777,0.255574912891986,0.105574912891986,0.290940766550523,0.0489547038327526,-0.144076655052265,-0.60191637630662,-0.0865853658536586,0.264459930313589,0.687108013937282,0.125783972125436,0.406794425087108,0.184320557491289,0.546689895470383,NA,0.347386759581882,0.274912891986063,0.35801393728223,0.0592334494773519,0.4801393728223,-0.361149825783972,-0.0289198606271777,0.319512195121951,-0.235714285714286,-0.0304878048780488,0.316550522648084,0.227177700348432,0.513066202090592,-0.323344947735192,-0.434668989547038,0.430313588850174,0.441637630662021,0.177003484320558,-0.2,0.24006968641115,-0.175783972125436,-0.107317073170732,0.415156794425087,-0.28397212543554,0.461498257839721,-0.261498257839721,-0.191289198606272,0.488327526132404,0.176480836236934,0.0813588850174216,0.295296167247387,0.184843205574913,0.468815331010453,-0.127526132404181,-0.297212543554007,-0.264459930313589,0.275261324041812,0.414982578397213,0.267247386759582,-0.25418118466899,-0.341289198606272,0.0797909407665505,-0.018815331010453,-0.101045296167247,-0.359233449477352,0.203658536585366,0.476480836236934,0.173344947735192,0.312369337979094,0.15,0.252439024390244,0.484843205574913,0.351219512195122,0.101393728222997,-0.530487804878049,-0.208710801393728,0.0282229965156794,0.376655052264808,-0.184320557491289,0.432926829268293,0.0817073170731707,0.0698606271777004,0.314634146341463,0.331184668989547,-0.244599303135889,0.218292682926829,0.431707317073171,0.040418118466899,0.11602787456446,-0.327526132404181,0.488327526132404,0.666550522648084,0.0127177700348432,-0.261672473867596,0.0325783972125436,0.304878048780488,0.0994773519163763,-0.249651567944251,-0.0876306620209059,0.374738675958188,0.343728222996516,0.452613240418119,0.233275261324042,-0.199303135888502,0.0294425087108014,0.491114982578397,-0.206794425087108,-0.0813588850174216,0.397735191637631,0.589547038327526,0.38815331010453,-0.339895470383275,-0.136933797909408,0.146864111498258,0.435017421602788,0.608536585365854,0.30418118466899,0.361672473867596,0.380487804878049,0.320905923344948,0.240940766550523,-0.304878048780488,0.200174216027875,0.322648083623693,0.258188153310105,0.128397212543554,-0.188850174216028,0.477526132404181,0.136411149825784,0.109233449477352,0.415679442508711,0.247212543554007,0.464459930313589,0.417421602787456,0.358362369337979,0.254355400696864,0.119337979094077,0.290592334494774,-0.0493031358885018,0.0696864111498258,0.0846689895470383,0.0155052264808362,-0.309756097560976,0.249303135888502,0.00696864111498258,0.316550522648084,0.0766550522648084,0.104878048780488,0.11411149825784,0.0933797909407666,0.110452961672474,0.299477351916376,0.334494773519164,0.310452961672474,0.1198606271777,0.137630662020906,0.406271777003484,0.242160278745645,0.339372822299652,0.364285714285714,0.310452961672474,0.147735191637631,-0.238675958188153,0.0979094076655053
OTU_82,-0.063588850174216,0.510801393728223,-0.578919860627178,0.403658536585366,-0.184668989547038,0.223693379790941,-0.00452961672473868,0.49006968641115,0.691114982578397,0.386062717770035,-0.254006968641115,-0.320557491289199,0.196864111498258,-0.14581881533101,0.051219512195122,0.0261324041811847,-0.594773519163763,-0.338850174216028,0.0566202090592335,0.181358885017422,-0.149128919860627,0.389372822299652,-0.0439024390243902,0.555923344947735,-0.000522648083623693,0.47787456445993,0.29198606271777,0.244947735191638,0.237979094076655,0.547212543554007,0.0888501742160279,0.342160278745645,0.215156794425087,-0.0458188153310105,0.00993031358885018,0.248954703832753,0.580487804878049,0.757665505226481,-0.0250871080139373,0.150696864111498,0.0456445993031359,-0.189721254355401,-0.331533101045296,0.0480836236933798,0.177700348432056,0.371080139372822,0.0853658536585366,-0.125435540069686,0.490418118466899,0.344773519163763,-0.0686411149825784,0.0911149825783972,0.114459930313589,0.159407665505227,0.515331010452962,-0.0418118466898955,0.00226480836236934,-0.26184668989547,-0.0574912891986063,0.0240418118466899,0.528048780487805,0.462020905923345,0.203484320557491,-0.307142857142857,0.213588850174216,0.397909407665505,0.239895470383275,0.735365853658537,-0.122822299651568,0.297909407665505,-0.276132404181185,0.410278745644599,-0.612369337979094,-0.0628919860627178,0.395296167247387,0.095993031358885,0.0555749128919861,0.702090592334495,0.0909407665505227,0.130313588850174,0.347386759581882,NA,0.0505226480836237,0.265853658536585,0.0224738675958188,-0.143205574912892,0.127700348432056,-0.278571428571429,0.340940766550523,0.338327526132404,0.112717770034843,0.173344947735192,0.593554006968641,-0.0818815331010453,-0.290592334494774,-0.0672473867595819,-0.12020905923345,0.0024390243902439,0.296689895470383,-0.107491289198606,0.117770034843206,0.115156794425087,0.403310104529617,0.133275261324042,-0.371080139372822,0.0444250871080139,-0.279965156794425,-0.511149825783972,-0.0698606271777004,0.0686411149825784,0.0270034843205575,-0.0674216027874565,0.0102787456445993,-0.0844947735191638,-0.0993031358885018,-0.386759581881533,-0.0698606271777004,0.595470383275261,-0.0775261324041812,-0.0172473867595819,-0.225783972125436,-0.269686411149826,-0.269512195121951,0.257839721254355,0.371777003484321,0.355923344947735,0.333623693379791,-0.010801393728223,0.580487804878049,-0.0402439024390244,0.280836236933798,-0.0379790940766551,0.0672473867595819,-0.0763066202090592,-0.15801393728223,-0.11602787456446,-0.579442508710801,0.0219512195121951,-0.0914634146341464,-0.159233449477352,-0.143554006968641,0.501567944250871,0.489895470383275,-0.125087108013937,0.546864111498258,0.0621951219512195,-0.00975609756097561,-0.102961672473868,-0.0346689895470383,0.0973867595818815,0.0858885017421603,-0.163240418118467,0.0738675958188153,-0.199303135888502,0.0641114982578397,0.593379790940767,-0.107491289198606,0.438501742160279,0.163588850174216,0.141637630662021,-0.0155052264808362,0.0869337979094077,-0.0517421602787457,-0.0240418118466899,0.121951219512195,-0.0282229965156794,0.00940766550522648,0.183275261324042,0.0595818815331011,-0.0304878048780488,0.0520905923344948,-0.0388501742160279,-0.248432055749129,0.118118466898955,-0.068815331010453,0.0331010452961673,0.0543554006968641,0.0101045296167247,-0.110801393728223,0.115331010452962,-0.0794425087108014,-0.120034843205575,0.043205574912892,-0.259407665505227,0.203658536585366,-0.0470383275261324,0.0315331010452962,0.199651567944251,0.0538327526132404,-0.0937282229965157,0.158362369337979,-0.0646341463414634,-0.133623693379791,-0.178745644599303,0.198432055749129,0.0299651567944251,0.673867595818816,-0.17787456445993,-0.113588850174216,-0.0848432055749129,0.0374564459930314,0.0759581881533101,0.426829268292683,0.18397212543554,0.0900696864111498,-0.403310104529617,-0.0538327526132404,-0.186236933797909,-0.267247386759582,0.25191637630662,0.0968641114982579,0.174738675958188,-0.0371080139372822,-0.0407665505226481,0.0649825783972126,0.173867595818815,0.00731707317073171,0.166724738675958,-0.0196864111498258,0.187979094076655,0.0205574912891986,-0.018815331010453,-0.402787456445993,-0.0315331010452962,-0.0395470383275261
OTU_83,0.165331010452962,0.420905923344948,-0.439198606271777,0.217770034843206,-0.086411149825784,0.784843205574913,0.313588850174216,0.473519163763066,0.0865853658536586,0.373693379790941,0.290766550522648,-0.293031358885017,-0.0198606271777004,0.267247386759582,0.300522648083624,0.172996515679443,-0.289721254355401,-0.165331010452962,0.590940766550523,0.386062717770035,0.167595818815331,0.211672473867596,0.0770034843205575,0.489547038327526,-0.295993031358885,0.275783972125436,0.252787456445993,0.157142857142857,-0.393205574912892,0.0656794425087108,0.53205574912892,0.762369337979094,0.129094076655052,0.559581881533101,0.59390243902439,0.721602787456446,0.227526132404181,0.187804878048781,0.297735191637631,0.445818815331011,-0.74425087108014,0.19198606271777,-0.255400696864112,0.276829268292683,0.158536585365854,0.272299651567944,-0.402787456445993,0.381707317073171,0.327526132404181,0.551045296167248,0.543379790940767,0.0416376306620209,-0.331881533101045,0.00522648083623694,0.0764808362369338,-0.206620209059233,0.0425087108013937,-0.408188153310105,0.313066202090592,-0.0843205574912892,0.354878048780488,0.21219512195122,0.187456445993031,0.257142857142857,-0.0693379790940767,0.237979094076655,-0.139895470383275,0.204529616724739,0.335714285714286,0.259756097560976,-0.48205574912892,0.223867595818815,0.16411149825784,0.336759581881533,0.380313588850174,0.418641114982578,0.0865853658536586,0.0398954703832753,-0.452787456445993,0.372473867595819,0.274912891986063,0.0505226480836237,NA,0.387979094076655,-0.363240418118467,0.172299651567944,0.284668989547038,-0.232229965156795,0.204006968641115,0.112717770034843,0.112717770034843,0.46794425087108,0.347386759581882,0.0942508710801394,-0.487630662020906,-0.524216027874565,-0.000871080139372823,-0.029616724738676,0.0752613240418119,0.368989547038328,0.276655052264808,-0.0421602787456446,0.19808362369338,0.129616724738676,-0.438501742160279,-0.0839721254355401,0.0736933797909408,0.336759581881533,-0.208710801393728,-0.0247386759581882,0.684843205574913,-0.144773519163763,0.694425087108014,0.256445993031359,-0.718989547038328,0.0956445993031359,-0.385540069686411,0.23397212543554,-0.09198606271777,-0.363414634146342,-0.213588850174216,-0.0799651567944251,0.237979094076655,-0.104006968641115,-0.28205574912892,-0.0986062717770035,0.0993031358885018,-0.106794425087108,0.0890243902439025,-0.145296167247387,-0.231533101045296,-0.30609756097561,-0.124912891986063,-0.227351916376307,0.565853658536586,-0.4,-0.260627177700348,-0.112717770034843,-0.283449477351916,0.0949477351916377,0.187979094076655,0.0621951219512195,0.322822299651568,-0.137979094076655,0.38397212543554,-0.286411149825784,-0.34616724738676,-0.206271777003484,-0.09198606271777,0.400522648083624,-0.0801393728222997,0.0656794425087108,0.31184668989547,-0.381184668989547,0.0625435540069686,0.158710801393728,-0.145296167247387,0.171602787456446,0.303310104529617,-0.00923344947735192,-0.190592334494774,-0.191637630662021,-0.0693379790940767,0.668989547038328,-0.498780487804878,-0.479268292682927,-0.0113240418118467,0.135540069686411,-0.34616724738676,-0.198606271777004,0.0841463414634146,-0.198432055749129,0.0304878048780488,-0.247212543554007,-0.192334494773519,-0.199303135888502,0.0252613240418119,0.496689895470383,-0.0848432055749129,0.522473867595819,-0.208188153310105,-0.32212543554007,0.0656794425087108,-0.307665505226481,-0.290243902439024,-0.340592334494774,-0.443728222996516,-0.202264808362369,-0.012020905923345,-0.556968641114983,0.0470383275261324,0.245644599303136,-0.301219512195122,0.0672473867595819,-0.152090592334495,0.0905923344947735,-0.0268292682926829,0.121254355400697,-0.192334494773519,-0.43588850174216,-0.364982578397213,-0.490592334494774,0.0348432055749129,0.0341463414634146,-0.269337979094077,0.0273519163763066,-0.256794425087108,-0.00487804878048781,-0.168641114982578,0.00592334494773519,0.045993031358885,-0.305574912891986,-0.321777003484321,-0.265331010452962,-0.27020905923345,-0.283101045296167,-0.125783972125436,-0.205226480836237,-0.248780487804878,-0.304355400696864,-0.00731707317073171,-0.254529616724739,0.0966898954703833,-0.105923344947735,-0.221777003484321
OTU_84,0.229268292682927,0.206271777003484,-0.305749128919861,-0.085191637630662,-0.344076655052265,0.527700348432056,-0.329790940766551,0.128745644599303,0.287804878048781,0.0775261324041812,-0.254878048780488,0.124564459930314,0.124738675958188,0.101567944250871,-0.199477351916376,-0.40609756097561,-0.161324041811847,-0.45801393728223,0.359407665505227,-0.122473867595819,0.237282229965157,0.264634146341463,0.484320557491289,0.280487804878049,-0.0489547038327526,0.325783972125436,0.0277003484320558,0.502961672473868,0.135365853658537,0.179094076655052,-0.177526132404181,0.191114982578397,0.188501742160279,0.40191637630662,0.273867595818815,0.180313588850174,0.399128919860627,0.417073170731707,0.033623693379791,0.534668989547038,-0.14616724738676,-0.00487804878048781,-0.132752613240418,-0.271777003484321,-0.276829268292683,0.362891986062718,0.224912891986063,0.135540069686411,0.135540069686411,0.10609756097561,0.0118466898954704,-0.309407665505227,0.270034843205575,-0.248954703832753,0.031184668989547,0.325087108013937,0.324564459930314,0.0735191637630662,0.41219512195122,0.408885017421603,0.312717770034843,0.405749128919861,-0.144076655052265,-0.00435540069686411,0.326655052264808,0.0242160278745645,-0.228919860627178,0.513240418118467,0.293554006968641,0.410452961672474,-0.0700348432055749,-0.0277003484320558,-0.281358885017422,-0.00557491289198606,0.125435540069686,0.461846689895471,-0.156620209059233,0.229442508710801,-0.0975609756097561,0.355923344947735,0.35801393728223,0.265853658536585,0.387979094076655,NA,0.161149825783972,0.41219512195122,-0.20191637630662,0.195818815331011,0.171080139372822,-0.144076655052265,-0.243728222996516,0.064808362369338,0.21184668989547,0.425261324041812,-0.487456445993031,-0.322299651567944,0.326132404181185,0.371254355400697,-0.259407665505227,0.0224738675958188,-0.149128919860627,-0.370731707317073,0.10191637630662,0.30383275261324,-0.405400696864112,0.398257839721254,0.014808362369338,-0.246341463414634,0.26411149825784,0.340243902439024,0.37404181184669,0.290766550522648,0.317421602787457,0.240592334494774,-0.239024390243902,-0.4198606271777,-0.443728222996516,0.272648083623693,0.326829268292683,0.203310104529617,-0.40801393728223,-0.0768292682926829,-0.0252613240418119,-0.122822299651568,-0.0865853658536586,-0.0933797909407666,-0.111149825783972,0.357142857142857,-0.0165505226480836,0.321080139372822,0.0238675958188153,0.345644599303136,0.336062717770035,0.226306620209059,0.230313588850174,-0.294250871080139,-0.123867595818815,-0.0876306620209059,0.276306620209059,-0.302787456445993,0.463240418118467,0.0101045296167247,0.0844947735191638,0.205400696864112,0.186759581881533,-0.148257839721254,0.16794425087108,0.196515679442509,0.159059233449477,-0.128571428571429,-0.352264808362369,0.318815331010453,0.573170731707317,0.00905923344947735,-0.231010452961672,0.227700348432056,0.263414634146341,0.0655052264808362,-0.0367595818815331,-0.268466898954704,0.326480836236934,0.232404181184669,0.315156794425087,0.362020905923345,-0.442160278745645,0.0646341463414634,0.406445993031359,-0.12595818815331,-0.218292682926829,0.197386759581882,0.425609756097561,0.352961672473868,-0.482926829268293,0.0818815331010453,0.0515679442508711,0.205226480836237,0.421777003484321,0.619686411149826,0.299825783972126,0.334494773519164,0.161498257839721,0.0602787456445993,-0.316550522648084,0.0759581881533101,0.340766550522648,0.163066202090592,0.149128919860627,0.0271777003484321,0.305400696864112,-0.0461672473867596,0.0329268292682927,0.409059233449477,0.155400696864112,0.253658536585366,0.291637630662021,0.338501742160279,0.230313588850174,0.167770034843206,0.221080139372822,-0.0149825783972125,0.000871080139372823,-0.0285714285714286,-0.0456445993031359,-0.0501742160278746,0.0426829268292683,0.0829268292682927,0.0698606271777004,0.0578397212543554,0.0101045296167247,0.244947735191638,0.271080139372822,0.0294425087108014,0.0421602787456446,0.0757839721254356,0.205400696864112,-0.0865853658536586,0.147386759581882,0.211498257839721,0.232926829268293,0.0956445993031359,0.176132404181185,0.130836236933798,-0.0611498257839721,-0.235714285714286,-0.336411149825784
OTU_85,-0.252961672473868,-0.250174216027875,0.079616724738676,-0.621951219512195,0.292160278745645,-0.389895470383275,-0.767073170731707,-0.329790940766551,0.0393728222996516,-0.597386759581882,-0.271602787456446,0.639372822299652,0.50191637630662,-0.228571428571429,-0.75609756097561,-0.675435540069687,0.170557491289199,-0.479965156794425,-0.118989547038328,-0.637456445993031,-0.208710801393728,-0.0984320557491289,0.562717770034843,-0.269337979094077,0.300348432055749,-0.0625435540069686,-0.531184668989547,0.355052264808362,0.818118466898955,-0.19808362369338,-0.578397212543554,-0.30609756097561,0.193031358885017,0.0266550522648084,0.191811846689896,-0.585714285714286,0.150174216027875,0.0630662020905924,-0.428048780487805,0.0710801393728223,0.489721254355401,-0.672822299651568,0.0210801393728223,-0.586933797909408,-0.737282229965157,0.0625435540069686,0.851045296167248,-0.266376306620209,-0.146341463414634,-0.105923344947735,-0.653832752613241,-0.748606271777004,0.86411149825784,-0.691637630662021,0.158362369337979,0.595470383275261,0.653484320557492,0.749825783972126,0.303484320557491,0.637979094076655,-0.0898954703832753,-0.184668989547038,-0.693379790940767,-0.297386759581882,0.476829268292683,-0.285017421602787,-0.492508710801394,-0.0297909407665505,0.245993031358885,0.248432055749129,0.438501742160279,-0.00139372822299652,-0.390243902439024,-0.0149825783972125,-0.665331010452962,-0.0686411149825784,-0.29390243902439,0.0963414634146342,0.36602787456446,0.206968641114983,0.0592334494773519,0.0224738675958188,-0.363240418118467,0.161149825783972,NA,0.528222996515679,-0.563066202090592,0.685365853658537,-0.197212543554007,-0.134668989547038,-0.65,-0.501567944250871,-0.263414634146341,0.541811846689896,0.0827526132404181,0.0224738675958188,0.634668989547038,0.735714285714286,-0.426655052264808,0.10191637630662,-0.462020905923345,-0.653484320557492,0.0684668989547038,0.44808362369338,-0.0275261324041812,0.592508710801394,0.196864111498258,-0.336062717770035,0.562369337979094,0.305923344947735,-0.0111498257839721,0.766376306620209,-0.0599303135888502,0.148606271777004,0.460627177700349,-0.640418118466899,-0.124912891986063,-0.0621951219512195,0.593379790940767,0.854529616724739,-0.429094076655052,0.436585365853659,-0.63588850174216,-0.391114982578397,0.363763066202091,-0.262891986062718,-0.206794425087108,0.721777003484321,-0.280487804878049,0.801393728222997,0.467073170731707,0.799303135888502,0.619163763066202,0.692682926829268,0.082404181184669,0.0165505226480836,0.381184668989547,0.236759581881533,0.783449477351917,-0.732752613240418,0.393031358885018,-0.132926829268293,-0.419163763066202,0.665853658536586,-0.401742160278746,0.112717770034843,0.75418118466899,0.648432055749129,0.541463414634146,-0.537979094076655,-0.545818815331011,0.533623693379791,0.314459930313589,0.700174216027875,-0.698954703832753,-0.160627177700348,0.723344947735192,-0.0222996515679443,-0.34616724738676,-0.683275261324042,0.740592334494774,0.79006968641115,0.631184668989547,-0.0897212543554007,-0.0606271777003484,0.772996515679443,0.643205574912892,-0.59808362369338,-0.451393728222997,0.732404181184669,0.55801393728223,0.643379790940767,-0.521602787456446,0.389372822299652,0.548780487804878,0.73588850174216,0.456620209059234,0.283101045296167,0.620731707317073,-0.0437282229965157,0.73623693379791,0.686759581881533,-0.534668989547038,0.624738675958188,0.688501742160279,0.833623693379791,0.807665505226481,0.246864111498258,0.610975609756098,0.461498257839721,0.279094076655052,0.354878048780488,0.740418118466899,0.485017421602787,0.592508710801394,0.53815331010453,0.025609756097561,-0.0083623693379791,0.614808362369338,0.666898954703833,0.681707317073171,0.698432055749129,-0.0968641114982579,0.0170731707317073,0.533449477351917,0.42404181184669,0.431881533101045,0.276829268292683,0.374216027874565,0.395121951219512,-0.1198606271777,0.386933797909408,0.596515679442509,0.469337979094077,0.641463414634146,0.542682926829268,0.599303135888502,0.322996515679443,0.486933797909408,0.642682926829268,0.45,0.619860627177701,-0.00365853658536585,-0.288327526132404,-0.305749128919861
OTU_86,0.312717770034843,-0.395644599303136,0.0850174216027875,-0.635365853658537,-0.0235191637630662,0.14390243902439,-0.643031358885018,-0.449477351916376,-0.0627177700348432,-0.602961672473868,-0.178397212543554,0.767770034843206,-0.0155052264808362,0.472822299651568,-0.716202090592335,-0.78397212543554,0.340940766550523,-0.473519163763066,0.404355400696864,-0.620034843205575,0.340243902439024,-0.143031358885017,0.933449477351917,-0.0860627177700349,0.1198606271777,-0.0348432055749129,-0.315156794425087,0.633449477351917,0.405923344947735,-0.392682926829268,-0.461672473867596,-0.136759581881533,-0.0554006968641115,0.522996515679443,0.442682926829268,-0.340592334494774,0.0890243902439025,-0.0508710801393728,-0.186759581881533,0.649303135888502,0.0292682926829268,-0.278571428571429,0.168118466898955,-0.735191637630662,-0.638850174216028,0.309407665505227,0.589895470383275,0.155400696864112,-0.352787456445993,-0.135365853658537,-0.156620209059233,-0.637979094076655,0.646515679442509,-0.787630662020906,-0.0538327526132404,0.573867595818815,0.844773519163763,0.597560975609756,0.644773519163763,0.656620209059234,0.258536585365854,-0.0627177700348432,-0.622473867595819,-0.120034843205575,0.455923344947735,-0.560975609756098,-0.679790940766551,-0.17787456445993,0.416376306620209,0.269686411149826,0.316202090592335,-0.409059233449477,-0.25801393728223,0.122648083623693,-0.422648083623693,0.562717770034843,-0.262717770034843,-0.102264808362369,0.22404181184669,0.526480836236934,0.4801393728223,-0.143205574912892,0.172299651567944,0.41219512195122,0.528222996515679,NA,-0.670905923344948,0.616898954703833,-0.17020905923345,-0.605226480836237,-0.495644599303136,-0.0238675958188153,-0.292682926829268,0.861846689895471,-0.0151567944250871,-0.352439024390244,0.793728222996516,0.859233449477352,-0.311149825783972,0.162717770034843,-0.0480836236933798,-0.768466898954704,-0.314459930313589,0.445121951219512,-0.0656794425087108,0.767073170731707,0.0886759581881533,0.0414634146341464,0.758710801393728,0.556445993031359,0.252090592334495,0.773344947735192,0.401742160278746,0.651567944250871,-0.0405923344947735,-0.238501742160279,-0.555400696864112,-0.148606271777004,0.734494773519164,0.597212543554007,-0.422299651567944,0.344425087108014,-0.00644599303135889,-0.540243902439025,-0.345644599303136,-0.498432055749129,-0.350871080139373,0.810104529616725,-0.547386759581882,0.731358885017422,0.0573170731707317,0.656794425087108,0.79808362369338,0.682404181184669,0.404703832752613,-0.228745644599303,0.413240418118467,0.0844947735191638,0.771951219512195,-0.514459930313589,0.833623693379791,-0.476655052264808,-0.498432055749129,0.719163763066202,-0.198432055749129,-0.0555749128919861,0.606968641114983,0.75993031358885,0.364634146341464,-0.168641114982578,-0.748606271777004,0.826829268292683,0.764982578397213,0.521254355400697,-0.695818815331011,-0.297560975609756,0.741811846689896,-0.235365853658537,-0.460627177700349,-0.571428571428572,0.764634146341464,0.727177700348432,0.816898954703833,0.378745644599303,-0.222822299651568,0.414285714285714,0.789198606271777,-0.548780487804878,-0.429094076655052,0.76219512195122,0.8301393728223,0.724912891986063,-0.63397212543554,0.178919860627178,0.543205574912892,0.705052264808362,0.731881533101046,0.709059233449478,0.736933797909408,0.364634146341464,0.747560975609756,0.687282229965157,-0.687630662020906,0.660975609756098,0.457665505226481,0.72787456445993,0.514459930313589,-0.253310104529617,0.787108013937282,0.367073170731707,0.189024390243902,0.782926829268293,0.653832752613241,0.830662020905924,0.516898954703833,0.713414634146342,-0.134668989547038,0.416724738675958,0.712369337979094,0.36794425087108,0.339895470383275,0.317247386759582,-0.290592334494774,-0.176132404181185,0.304878048780488,0.673867595818816,0.480313588850174,0.393205574912892,0.47822299651568,0.060801393728223,0.115156794425087,0.252961672473868,0.499825783972126,0.575087108013937,0.575087108013937,0.196864111498258,0.421254355400697,0.270731707317073,0.533101045296167,0.505749128919861,0.546515679442509,0.559059233449477,0.394947735191638,-0.340418118466899,-0.273344947735192
OTU_87,-0.210104529616725,0.679790940766551,-0.313588850174216,0.762891986062718,0.0130662020905923,0.312717770034843,0.76794425087108,0.664982578397213,0.0423344947735192,0.74425087108014,0.443379790940767,-0.853135888501742,0.0390243902439024,-0.207839721254355,0.781533101045296,0.742160278745645,-0.472299651567944,0.425435540069686,0.145993031358885,0.792682926829268,-0.309581881533101,0.281184668989547,-0.723693379790941,0.492508710801394,-0.349303135888502,0.137979094076655,0.340418118466899,-0.538501742160279,-0.546515679442509,0.391463414634146,0.755923344947735,0.521080139372822,0.244425087108014,-0.151219512195122,-0.0367595818815331,0.724912891986063,-0.0193379790940767,0.255574912891986,0.113588850174216,-0.171428571428571,-0.516376306620209,0.263066202090592,-0.49616724738676,0.860627177700349,0.676655052264808,0.0621951219512195,-0.739024390243903,0.00662020905923345,0.592508710801394,0.433101045296167,0.439372822299652,0.630836236933798,-0.777351916376307,0.707317073170732,0.0844947735191638,-0.749825783972126,-0.745818815331011,-0.781881533101045,-0.446689895470383,-0.716898954703833,0.0587108013937282,0.237630662020906,0.660801393728223,0.164459930313589,-0.410627177700349,0.642334494773519,0.437804878048781,0.315505226480836,-0.197038327526132,-0.149128919860627,-0.656620209059234,0.607665505226481,0.35609756097561,0.250522648083624,0.526829268292683,-0.294250871080139,0.354355400696864,0.0780487804878049,-0.431358885017422,-0.342857142857143,-0.361149825783972,0.127700348432056,0.284668989547038,-0.20191637630662,-0.563066202090592,-0.670905923344948,NA,-0.662891986062718,0.291811846689896,0.635365853658537,0.570034843205575,0.36794425087108,0.50383275261324,-0.679442508710801,-0.18815331010453,-0.11184668989547,-0.759407665505227,-0.768815331010453,0.371428571428571,0.271602787456446,0.453484320557491,0.587979094076655,0.525087108013937,-0.442334494773519,-0.229094076655052,-0.816550522648084,-0.129965156794425,0.158188153310105,-0.84006968641115,-0.35418118466899,0.173519163763066,-0.814982578397213,0.149825783972125,-0.296864111498258,-0.376306620209059,0.37595818815331,0.173344947735192,0.332229965156794,-0.820557491289199,-0.723519163763066,0.281707317073171,-0.195470383275261,0.0834494773519164,0.3801393728223,0.15,0.29006968641115,0.341637630662021,-0.813066202090592,0.491811846689896,-0.679790940766551,-0.19390243902439,-0.80609756097561,-0.793554006968641,-0.825783972125436,0.0428571428571429,-0.0921602787456446,-0.473867595818815,-0.154355400696864,-0.821777003484321,0.546341463414634,-0.650174216027875,0.490243902439024,0.587108013937282,-0.787282229965157,0.441637630662021,-0.247560975609756,-0.832752613240418,-0.823170731707317,-0.409581881533101,0.270905923344948,0.616898954703833,-0.738675958188153,-0.57020905923345,-0.764982578397213,0.589547038327526,0.381881533101045,-0.844947735191638,0.332926829268293,0.665331010452962,0.442857142857143,-0.815331010452962,-0.73623693379791,-0.786759581881533,0.168989547038328,-0.145296167247387,-0.634843205574913,-0.807665505226481,0.385191637630662,0.246689895470383,-0.827177700348432,-0.75993031358885,-0.85191637630662,0.556445993031359,-0.142508710801394,-0.631010452961673,-0.788850174216028,-0.6698606271777,-0.37212543554007,-0.835191637630662,-0.0466898954703833,-0.809756097560976,-0.746864111498258,0.700871080139373,-0.872996515679443,-0.598606271777004,-0.769337979094077,-0.662717770034843,-0.00714285714285714,-0.795121951219512,-0.644947735191638,-0.184146341463415,-0.564459930313589,-0.718815331010453,-0.679442508710801,-0.55383275261324,-0.700871080139373,0.24390243902439,-0.242160278745645,-0.753658536585366,-0.528222996515679,-0.464982578397213,-0.568466898954704,0.45609756097561,0.341811846689896,-0.476829268292683,-0.468466898954704,-0.646341463414634,-0.352264808362369,-0.508710801393728,-0.20418118466899,-0.127526132404181,-0.483797909407666,-0.739198606271777,-0.665505226480836,-0.722822299651568,-0.378745644599303,-0.453135888501742,-0.454529616724739,-0.643379790940767,-0.677351916376307,-0.587108013937282,-0.545121951219512,-0.518118466898955,0.283797909407666,0.0287456445993031
OTU_88,-0.0797909407665505,-0.483101045296167,0.324216027874564,-0.83588850174216,0.320905923344948,-0.304703832752613,-0.644599303135889,-0.597212543554007,-0.308885017421603,-0.859407665505227,0.0400696864111498,0.706271777003484,0.381358885017422,0.0651567944250871,-0.768641114982578,-0.652090592334495,0.595470383275261,-0.170731707317073,0.00209059233449477,-0.776132404181185,0.0982578397212544,-0.461672473867596,0.615505226480836,-0.521080139372822,0.372473867595819,-0.144773519163763,-0.522822299651568,0.342682926829268,0.422822299651568,-0.56411149825784,-0.539547038327526,-0.338675958188153,0.173344947735192,0.102613240418118,0.142857142857143,-0.70801393728223,-0.239721254355401,-0.35418118466899,-0.15191637630662,0.0679442508710802,0.222473867595819,-0.351219512195122,0.537804878048781,-0.595993031358885,-0.742160278745645,-0.223867595818815,0.736062717770035,-0.111498257839721,-0.597735191637631,-0.344599303135889,-0.255226480836237,-0.728745644599303,0.71602787456446,-0.848606271777004,-0.4198606271777,0.654006968641115,0.608710801393728,0.899128919860627,0.416724738675958,0.611498257839721,-0.235365853658537,-0.39581881533101,-0.792160278745645,0.110278745644599,0.485191637630662,-0.604355400696864,-0.759756097560976,-0.392857142857143,0.395644599303136,0.0642857142857143,0.358885017421603,-0.43588850174216,0.00609756097560976,0.171254355400697,-0.677351916376307,0.112020905923345,-0.561498257839721,-0.306620209059233,0.248780487804878,0.263937282229965,-0.0289198606271777,-0.278571428571429,-0.232229965156795,0.195818815331011,0.685365853658537,0.616898954703833,-0.662891986062718,NA,-0.431010452961673,-0.400348432055749,-0.593031358885017,-0.425783972125436,-0.553310104529617,0.612543554006969,0.150871080139373,0.200696864111498,0.755052264808363,0.6698606271777,-0.492334494773519,0.236585365853659,-0.388675958188153,-0.719686411149826,-0.248780487804878,0.425435540069686,0.399825783972126,0.730662020905923,0.524390243902439,-0.200522648083624,0.711846689895471,0.346689895470383,0.0217770034843206,0.738501742160279,0.00261324041811847,0.278571428571429,0.284843205574913,-0.211672473867596,-0.3198606271777,-0.445818815331011,0.678571428571429,0.760104529616725,-0.317770034843206,0.638327526132404,-0.122473867595819,-0.703135888501742,0.018815331010453,-0.228048780487805,-0.356794425087108,0.705574912891986,-0.605923344947735,0.66602787456446,0.384843205574913,0.807142857142857,0.626132404181185,0.74198606271777,0.257142857142857,0.278222996515679,0.538850174216028,0.414459930313589,0.710627177700349,-0.494076655052265,0.613763066202091,-0.364459930313589,-0.581533101045296,0.733449477351917,-0.667421602787457,0.271254355400697,0.695818815331011,0.688501742160279,0.625261324041812,-0.148780487804878,-0.683623693379791,0.710278745644599,0.352613240418119,0.889721254355401,-0.672299651567944,-0.43623693379791,0.740766550522648,-0.129965156794425,-0.609233449477352,-0.55383275261324,0.74808362369338,0.68623693379791,0.659059233449477,-0.0162020905923345,-0.00121951219512195,0.694250871080139,0.736585365853659,-0.439547038327526,-0.295818815331011,0.644599303135889,0.578571428571429,0.771428571428572,-0.482229965156795,0.423170731707317,0.769337979094077,0.705400696864112,0.476829268292683,0.439895470383275,0.720034843205575,0.132578397212544,0.662717770034843,0.61794425087108,-0.58205574912892,0.742160278745645,0.32595818815331,0.776132404181185,0.674216027874565,0.00888501742160279,0.669512195121951,0.320731707317073,0.506968641114983,0.516376306620209,0.618641114982579,0.539895470383275,0.347909407665505,0.681707317073171,-0.211324041811847,0.295296167247387,0.687979094076655,0.581010452961673,0.63397212543554,0.511324041811847,-0.293031358885017,0.0418118466898955,0.587630662020906,0.544425087108014,0.342508710801394,0.557142857142857,0.707317073170732,0.119163763066202,0.0703832752613241,0.263937282229965,0.550174216027875,0.487282229965157,0.506968641114983,0.356794425087108,0.425087108013937,0.05,0.447038327526133,0.524738675958188,0.499128919860627,0.425087108013937,0.314982578397213,-0.234146341463415,-0.358188153310105
OTU_89,0.329442508710801,0.299477351916376,-0.268641114982578,0.349477351916376,-0.365505226480836,0.324390243902439,0.165505226480836,0.281881533101045,0.197560975609756,0.394947735191638,-0.0695121951219512,-0.304703832752613,-0.135017421602787,0.101393728222997,0.214634146341463,0.164808362369338,-0.394599303135889,-0.000871080139372823,0.343554006968641,0.299128919860627,-0.171080139372822,0.406445993031359,-0.0583623693379791,0.602787456445993,-0.363763066202091,0.0236933797909408,0.364982578397213,0.0306620209059234,-0.00557491289198606,0.395993031358885,0.301219512195122,0.299303135888502,0.124912891986063,0.0921602787456446,0.0855400696864112,0.437804878048781,0.251219512195122,0.353658536585366,-0.0916376306620209,0.349651567944251,-0.130313588850174,0.0149825783972125,-0.521080139372822,0.0480836236933798,0.364982578397213,0.556445993031359,-0.288850174216028,-0.0249128919860627,0.416898954703833,0.163937282229965,0.083623693379791,0.407142857142857,-0.186933797909408,0.353135888501742,0.402961672473868,-0.367073170731707,-0.153310104529617,-0.490243902439024,-0.107839721254355,-0.342334494773519,0.262543554006969,0.530487804878049,0.292857142857143,-0.353310104529617,-0.0252613240418119,0.346341463414634,0.210278745644599,0.371428571428571,-0.215505226480836,-0.129965156794425,-0.153658536585366,0.323867595818815,-0.302613240418118,0.145644599303136,0.513240418118467,0.140592334494774,0.277177700348432,0.348257839721254,-0.074390243902439,0.0254355400696864,0.319512195121951,0.340940766550523,0.204006968641115,0.171080139372822,-0.197212543554007,-0.17020905923345,0.291811846689896,-0.431010452961673,NA,0.101742160278746,0.332404181184669,0.488501742160279,0.439895470383275,-0.0602787456445993,-0.209407665505227,-0.542160278745645,-0.329965156794425,-0.145993031358885,0.401393728222997,0.0172473867595819,0.474738675958188,0.244425087108014,0.295296167247387,-0.198780487804878,-0.310452961672474,-0.276655052264808,-0.427003484320558,-0.14006968641115,-0.278571428571429,0.148432055749129,0.0606271777003484,-0.266376306620209,0.245296167247387,0.0909407665505227,-0.23815331010453,-0.0282229965156794,-0.00958188153310105,0.363588850174216,-0.369512195121951,-0.192160278745645,0.0325783972125436,-0.620034843205575,-0.0585365853658537,0.333449477351916,0.102090592334495,-0.335714285714286,0.0444250871080139,-0.18815331010453,0.236411149825784,-0.182229965156794,-0.0212543554006969,-0.265505226480836,-0.175087108013937,-0.293031358885017,-0.00975609756097561,-0.615679442508711,-0.230836236933798,-0.234320557491289,-0.282752613240418,0.175435540069686,-0.132578397212544,0.345644599303136,0.102961672473868,-0.269686411149826,0.476306620209059,-0.481881533101045,-0.311672473867596,-0.257839721254355,-0.173867595818815,-0.0662020905923345,0.120731707317073,-0.15,0.00749128919860627,-0.456445993031359,0.00174216027874565,0.261149825783972,-0.32020905923345,-0.108710801393728,0.279965156794425,0.138327526132404,-0.17787456445993,-0.224216027874564,-0.159233449477352,0.252787456445993,-0.193728222996516,-0.185191637630662,-0.224564459930314,0.101393728222997,0.0630662020905924,-0.307317073170732,-0.0907665505226481,-0.238850174216028,0.0371080139372822,-0.124564459930314,-0.391289198606272,-0.187804878048781,-0.0618466898954704,-0.131881533101045,-0.310627177700349,0.101567944250871,-0.146689895470383,-0.283449477351916,0.0677700348432056,-0.475783972125436,-0.0493031358885018,-0.362020905923345,-0.289372822299652,-0.311324041811847,-0.126306620209059,-0.192160278745645,-0.293031358885017,-0.125435540069686,-0.199303135888502,-0.116898954703833,-0.129965156794425,-0.104355400696864,0.330487804878049,0.0344947735191638,-0.32787456445993,-0.0655052264808362,-0.195818815331011,-0.35609756097561,0.240243902439024,-0.226829268292683,-0.227177700348432,-0.154006968641115,-0.259756097560976,-0.326829268292683,-0.288675958188153,-0.115156794425087,-0.301567944250871,-0.455574912891986,-0.389024390243903,-0.222473867595819,-0.0911149825783972,-0.190243902439024,-0.25383275261324,0.259407665505227,-0.292682926829268,-0.143031358885017,-0.270034843205575,-0.249303135888502,-0.402961672473868,-0.0770034843205575,0.20383275261324
OTU_90,-0.572299651567944,0.789721254355401,-0.447560975609756,0.556968641114983,0.218641114982578,-0.0106271777003484,0.415853658536585,0.717770034843206,0.20993031358885,0.544599303135889,0.3198606271777,-0.743728222996516,0.498257839721254,-0.563414634146342,0.4198606271777,0.597038327526133,-0.535017421602788,0.179616724738676,-0.097212543554007,0.454878048780488,-0.569337979094077,0.136585365853659,-0.647560975609756,0.380487804878049,-0.0529616724738676,0.234146341463415,0.187630662020906,-0.374564459930314,-0.122996515679443,0.414808362369338,0.564459930313589,0.49808362369338,0.505226480836237,-0.379268292682927,0.00574912891986063,0.443728222996516,0.18815331010453,0.261149825783972,-0.0277003484320558,-0.431533101045296,-0.272299651567944,-0.211149825783972,-0.409581881533101,0.648432055749129,0.369686411149826,-0.0989547038327526,-0.29198606271777,-0.25,0.66794425087108,0.491114982578397,0.197038327526132,0.231358885017422,-0.361149825783972,0.395644599303136,0.310975609756098,-0.499128919860627,-0.522996515679443,-0.433623693379791,-0.472822299651568,-0.38588850174216,0.136933797909408,0.0644599303135889,0.358536585365854,0.188850174216028,-0.0909407665505227,0.642857142857143,0.323519163763066,0.405226480836237,-0.0803135888501742,0.0930313588850174,-0.546864111498258,0.80801393728223,0.111498257839721,0.201045296167247,0.262543554006969,-0.464982578397213,0.150696864111498,0.199477351916376,-0.249825783972125,-0.375261324041812,-0.235714285714286,0.338327526132404,0.112717770034843,-0.144076655052265,-0.134668989547038,-0.605226480836237,0.635365853658537,-0.400348432055749,0.101742160278746,NA,0.316550522648084,-0.0155052264808362,0.465853658536585,-0.586759581881533,-0.283797909407666,0.0196864111498258,-0.521951219512195,-0.528222996515679,0.110278745644599,0.282752613240418,0.0350174216027875,0.316202090592335,0.61411149825784,-0.0923344947735192,-0.0858885017421603,-0.520905923344948,0.184146341463415,-0.18205574912892,-0.625261324041812,-0.378745644599303,0.146864111498258,-0.537804878048781,-0.0290940766550523,-0.462543554006969,-0.0670731707317073,-0.107142857142857,0.229268292682927,0.249651567944251,-0.510975609756098,-0.344947735191638,0.0494773519163763,0.0174216027874564,-0.350174216027875,0.295644599303136,0.603135888501742,0.32822299651568,0.390592334494774,-0.523344947735192,0.614808362369338,-0.444076655052265,0.324738675958188,-0.441289198606272,-0.564808362369338,-0.511324041811847,-0.082404181184669,0.00191637630662021,-0.479616724738676,0.107142857142857,-0.510278745644599,0.189895470383275,-0.560801393728223,0.698606271777004,0.593728222996516,-0.592508710801394,0.391289198606272,-0.0522648083623693,-0.43205574912892,-0.562717770034843,-0.0954703832752613,-0.0233449477351916,0.395993031358885,-0.574912891986063,-0.544076655052265,-0.378571428571429,0.381010452961673,0.379094076655052,-0.497560975609756,0.647386759581882,0.439721254355401,0.276655052264808,-0.497735191637631,-0.431010452961673,-0.59425087108014,-0.012020905923345,-0.15993031358885,-0.326306620209059,-0.497038327526133,0.16184668989547,0.0331010452961673,-0.439024390243903,-0.568815331010453,-0.606968641114983,0.334320557491289,-0.0376306620209059,-0.396864111498258,-0.344250871080139,-0.566202090592335,-0.366376306620209,-0.527351916376307,-0.225609756097561,-0.56184668989547,-0.572648083623693,0.568466898954704,-0.560104529616725,-0.267595818815331,-0.462020905923345,-0.324216027874564,0.413414634146342,-0.548606271777004,-0.431707317073171,0.253135888501742,-0.554878048780488,-0.343379790940767,-0.695993031358885,-0.159756097560976,-0.602439024390244,0.26411149825784,-0.491289198606272,-0.520905923344948,-0.33815331010453,-0.0555749128919861,-0.129094076655052,0.457317073170732,0.351393728222997,-0.0918118466898955,-0.52787456445993,-0.348432055749129,-0.177526132404181,-0.451742160278746,0.0731707317073171,0.0191637630662021,-0.219337979094077,-0.319337979094077,-0.567421602787457,-0.526655052264808,-0.0595818815331011,-0.164982578397213,-0.400348432055749,-0.520383275261324,-0.320034843205575,-0.374912891986063,-0.34006968641115,-0.523344947735192,0.203658536585366,-0.165331010452962
OTU_91,0.072822299651568,0.294773519163763,-0.0592334494773519,0.568641114982579,-0.15801393728223,0.139198606271777,0.69390243902439,0.268292682926829,-0.0714285714285714,0.48623693379791,0.242334494773519,-0.57404181184669,-0.300522648083624,0.25993031358885,0.555923344947735,0.612543554006969,-0.128048780487805,0.533623693379791,0.16602787456446,0.456445993031359,0.0452961672473868,-0.0353658536585366,-0.496689895470383,0.375087108013937,-0.153310104529617,0.151393728222997,0.484146341463415,-0.275609756097561,-0.481881533101045,0.333797909407666,0.507839721254356,0.171777003484321,-0.0388501742160279,-0.192682926829268,-0.268292682926829,0.439198606271777,-0.138327526132404,-0.0240418118466899,0.101567944250871,-0.0428571428571429,-0.32404181184669,0.361672473867596,-0.11184668989547,0.548606271777004,0.816898954703833,0.247386759581882,-0.613240418118467,0.126132404181185,0.199128919860627,0.086411149825784,0.418815331010453,0.792334494773519,-0.65191637630662,0.640418118466899,0.0883275261324042,-0.611324041811847,-0.523867595818815,-0.603310104529617,-0.430836236933798,-0.648432055749129,0.168815331010453,0.116550522648084,0.635540069686411,0.114634146341463,-0.241463414634146,0.455400696864112,0.44616724738676,0.0181184668989547,-0.427003484320558,-0.340592334494774,-0.389198606271777,0.0789198606271777,0.147560975609756,0.0813588850174216,0.605226480836237,-0.0367595818815331,0.442682926829268,-0.0181184668989547,-0.00191637630662021,-0.224564459930314,-0.0304878048780488,0.112717770034843,0.112717770034843,-0.243728222996516,-0.65,-0.495644599303136,0.570034843205575,-0.593031358885017,0.332404181184669,0.316550522648084,NA,0.663414634146342,0.192334494773519,-0.586759581881533,0.0820557491289199,-0.107491289198606,-0.662717770034843,-0.658188153310105,0.663414634146342,-0.00557491289198606,0.553135888501742,0.594947735191638,0.0780487804878049,-0.575609756097561,0.135365853658537,-0.565679442508711,-0.296864111498258,-0.0355400696864112,-0.515853658536585,-0.24808362369338,-0.259233449477352,-0.700174216027875,-0.0900696864111498,-0.0104529616724739,-0.197212543554007,0.465679442508711,0.236759581881533,0.0844947735191638,-0.628571428571429,-0.628397212543554,0.443205574912892,-0.389721254355401,0.307491289198606,0.436411149825784,-0.124564459930314,0.0494773519163763,0.349825783972126,-0.631707317073171,0.343205574912892,-0.648257839721255,-0.19198606271777,-0.639895470383275,-0.549825783972126,-0.606271777003484,-0.032404181184669,-0.0280487804878049,-0.282752613240418,-0.0618466898954704,-0.639547038327526,0.679965156794425,-0.547560975609756,0.23815331010453,0.341289198606272,-0.597560975609756,0.396515679442509,-0.214808362369338,-0.60418118466899,-0.505052264808362,-0.334146341463415,0.293379790940767,0.463763066202091,-0.515679442508711,-0.45993031358885,-0.624390243902439,0.646864111498258,0.0684668989547038,-0.674564459930314,0.144250871080139,0.293205574912892,0.636236933797909,-0.625435540069686,-0.560104529616725,-0.614808362369338,0.0998257839721255,-0.0590592334494774,-0.597038327526133,-0.57787456445993,0.416550522648084,0.469686411149826,-0.616376306620209,-0.510627177700349,-0.590243902439025,0.610104529616725,-0.275609756097561,-0.518641114982578,-0.506445993031359,-0.374390243902439,-0.406794425087108,-0.604703832752613,-0.211498257839721,-0.565156794425087,-0.554529616724739,0.536933797909408,-0.621602787456446,-0.56411149825784,-0.657491289198606,-0.578745644599303,-0.191114982578397,-0.545470383275261,-0.404355400696864,-0.273867595818815,-0.434668989547038,-0.509756097560976,-0.485365853658537,-0.376480836236934,-0.541289198606272,0.0322299651567944,-0.158885017421603,-0.510801393728223,-0.578919860627178,-0.440243902439024,-0.468466898954704,0.302787456445993,0.136759581881533,-0.340766550522648,-0.46602787456446,-0.29198606271777,-0.19808362369338,-0.327351916376307,-0.300174216027875,-0.102613240418118,-0.310801393728223,-0.499303135888502,-0.44006968641115,-0.553310104529617,-0.198780487804878,-0.422299651567944,-0.341637630662021,-0.507317073170732,-0.426829268292683,-0.452439024390244,-0.493205574912892,-0.326132404181185,0.371951219512195,0.375087108013937
OTU_93,0.445818815331011,0.20418118466899,-0.137979094076655,0.341289198606272,-0.306271777003484,0.516724738675958,0.440592334494774,0.237456445993031,-0.00801393728222997,0.355574912891986,0.265853658536585,-0.291811846689896,-0.304529616724739,0.581533101045296,0.324390243902439,0.297909407665505,-0.103484320557491,0.307839721254355,0.649825783972126,0.360975609756098,0.094425087108014,0.181533101045296,-0.0425087108013937,0.640940766550523,-0.463240418118467,-0.0101045296167247,0.488501742160279,-0.0425087108013937,-0.354006968641115,0.188327526132404,0.546515679442509,0.347212543554007,0.100522648083624,0.259407665505227,0.170383275261324,0.551219512195122,0.0738675958188153,0.200696864111498,0.0651567944250871,0.435365853658537,-0.495470383275261,0.31184668989547,-0.324738675958188,0.215853658536585,0.62404181184669,0.578571428571429,-0.483623693379791,0.365505226480836,0.295644599303136,0.232404181184669,0.485540069686411,0.604355400696864,-0.444773519163763,0.314459930313589,0.180836236933798,-0.531881533101045,-0.129268292682927,-0.566898954703833,-0.128048780487805,-0.46219512195122,0.314459930313589,0.428919860627178,0.462020905923345,-0.219512195121951,-0.174912891986063,0.263937282229965,0.198780487804878,0.129965156794425,-0.216724738675958,-0.282229965156794,-0.28397212543554,0.083623693379791,-0.00609756097560976,0.358885017421603,0.670557491289199,0.404006968641115,0.399303135888502,0.128571428571429,0.0292682926829268,0.14808362369338,0.316550522648084,0.173344947735192,0.46794425087108,0.064808362369338,-0.501567944250871,-0.0238675958188153,0.36794425087108,-0.425783972125436,0.488501742160279,-0.0155052264808362,0.663414634146342,NA,0.310975609756098,-0.135191637630662,-0.064808362369338,-0.569686411149826,-0.371602787456446,-0.268466898954704,0.55801393728223,0.186411149825784,0.649303135888502,0.291637630662021,0.165331010452962,-0.331881533101045,-0.200522648083624,-0.293205574912892,-0.447560975609756,0.123344947735192,-0.282926829268293,0.139372822299652,0.10191637630662,-0.414285714285714,0.473693379790941,0.324912891986063,-0.455923344947735,0.424738675958188,-0.0606271777003484,0.232926829268293,-0.373693379790941,-0.504529616724739,0.187630662020906,-0.507839721254356,0.392508710801394,0.236062717770035,-0.302439024390244,-0.321777003484321,0.175435540069686,-0.276655052264808,0.116724738675958,-0.334320557491289,-0.206794425087108,-0.451393728222997,-0.254355400696864,-0.384320557491289,0.38205574912892,-0.425783972125436,-0.139372822299652,-0.184494773519164,-0.404355400696864,0.421777003484321,-0.0763066202090592,0.0792682926829268,0.179790940766551,-0.312369337979094,0.498432055749129,-0.544076655052265,-0.475261324041812,-0.259233449477352,-0.279094076655052,0.30191637630662,0.202264808362369,-0.142508710801394,0.052787456445993,-0.531358885017422,0.194076655052265,0.0235191637630662,-0.478919860627178,-0.0885017421602788,0.242508710801394,0.228919860627178,-0.352613240418119,-0.319512195121951,-0.23397212543554,0.514285714285714,-0.277177700348432,-0.418815331010453,-0.276655052264808,0.24198606271777,0.182229965156794,-0.36411149825784,-0.0754355400696864,-0.397560975609756,0.255923344947735,-0.216898954703833,-0.402439024390244,-0.322299651567944,-0.152090592334495,0.0513937282229965,-0.320034843205575,0.18205574912892,-0.295470383275261,-0.305923344947735,0.128048780487805,-0.547386759581882,-0.407665505226481,-0.468989547038328,-0.534320557491289,-0.505400696864112,-0.146864111498258,-0.502439024390244,-0.247560975609756,0.0554006968641115,-0.424564459930314,-0.0325783972125436,-0.278222996515679,-0.136933797909408,0.0491289198606272,0.26411149825784,-0.34390243902439,-0.440940766550523,-0.443205574912892,-0.545993031358885,0.318815331010453,-0.139895470383275,-0.382926829268293,-0.0545296167247387,-0.26411149825784,-0.0827526132404181,-0.246515679442509,-0.234494773519164,-0.197735191637631,-0.40191637630662,-0.451219512195122,-0.321254355400697,-0.350174216027875,-0.281184668989547,-0.413588850174216,-0.178048780487805,-0.333797909407666,-0.284494773519164,-0.357491289198606,-0.348432055749129,-0.204878048780488,0.0189895470383275,0.187630662020906
OTU_94,0.0827526132404181,0.651567944250871,-0.473519163763066,0.700871080139373,-0.446864111498258,0.543031358885018,0.219686411149826,0.722996515679443,0.558188153310105,0.638327526132404,-0.0993031358885018,-0.514459930313589,0.113588850174216,-0.189547038327526,0.392508710801394,0.201393728222997,-0.615679442508711,-0.139372822299652,0.173867595818815,0.576306620209059,-0.294947735191638,0.585540069686411,-0.254703832752613,0.681533101045296,-0.386759581881533,0.391811846689896,0.569686411149826,0.0350174216027875,-0.0268292682926829,0.590243902439025,0.336236933797909,0.515853658536585,0.312020905923345,0.177003484320558,0.0294425087108014,0.602613240418119,0.5198606271777,0.787108013937282,0.00365853658536585,0.0883275261324042,-0.22595818815331,0.149128919860627,-0.595818815331011,0.430487804878049,0.37787456445993,0.409233449477352,-0.239895470383275,0.233275261324042,0.681010452961673,0.53397212543554,0.0980836236933798,0.363066202090592,-0.228397212543554,0.433797909407666,0.328919860627178,-0.274738675958188,-0.228222996515679,-0.562891986062718,-0.0876306620209059,-0.190418118466899,0.445993031358885,0.540766550522648,0.586062717770035,-0.216724738675958,-0.223693379790941,0.622299651567944,0.311149825783972,0.745644599303136,0.0235191637630662,0.190766550522648,-0.558362369337979,0.638327526132404,-0.201045296167247,-0.00557491289198606,0.612717770034843,0.17787456445993,0.352090592334495,0.718292682926829,-0.301219512195122,0.0930313588850174,0.227177700348432,0.593554006968641,0.347386759581882,0.21184668989547,-0.263414634146341,-0.292682926829268,0.50383275261324,-0.553310104529617,0.439895470383275,0.465853658536585,0.192334494773519,0.310975609756098,NA,-0.261498257839721,-0.645993031358885,-0.284843205574913,-0.310975609756098,-0.227351916376307,0.261672473867596,-0.0344947735191638,0.262020905923345,0.330313588850174,0.618466898954704,0.0529616724738676,-0.595818815331011,-0.238501742160279,-0.246341463414634,-0.182926829268293,-0.437804878048781,-0.252264808362369,0.275087108013937,-0.381881533101045,0.154878048780488,-0.118989547038328,-0.204529616724739,-0.165156794425087,0.100348432055749,0.822822299651568,-0.310278745644599,-0.33397212543554,0.0346689895470383,-0.391289198606272,-0.0461672473867596,0.24808362369338,0.26602787456446,0.272996515679443,0.497386759581882,-0.265679442508711,0.670557491289199,-0.220383275261324,-0.101045296167247,-0.388850174216028,-0.277700348432056,-0.37404181184669,-0.013588850174216,-0.308885017421603,-0.591637630662021,-0.0229965156794425,-0.364285714285714,0.199477351916376,-0.297560975609756,0.651045296167247,0.664459930313589,-0.528919860627178,0.613414634146342,-0.149825783972125,-0.395993031358885,-0.417421602787456,-0.320034843205575,0.164808362369338,0.303658536585366,-0.410801393728223,0.0642857142857143,-0.518989547038328,0.224216027874564,0.576480836236934,-0.412717770034843,0.521777003484321,0.500871080139373,0.169512195121951,-0.397038327526132,-0.314285714285714,-0.305574912891986,0.196864111498258,-0.169163763066202,-0.395121951219512,-0.299303135888502,0.195818815331011,0.0517421602787457,-0.401742160278746,-0.188327526132404,-0.41411149825784,0.124564459930314,-0.0414634146341464,-0.37787456445993,-0.378397212543554,-0.188327526132404,0.0078397212543554,-0.442857142857143,0.320731707317073,-0.363414634146342,-0.483275261324042,0.383275261324042,-0.521428571428572,-0.0639372822299652,-0.41602787456446,-0.219337979094077,0.0613240418118467,-0.315331010452962,-0.321777003484321,-0.045993031358885,-0.146341463414634,-0.388501742160279,-0.321951219512195,-0.0869337979094077,-0.332752613240418,0.530836236933798,-0.178397212543554,-0.464982578397213,-0.41184668989547,-0.30418118466899,-0.182926829268293,0.557142857142857,0.0883275261324042,-0.314982578397213,-0.50609756097561,-0.338850174216028,-0.384843205574913,-0.594076655052265,0.0787456445993032,-0.0181184668989547,-0.164982578397213,-0.412717770034843,-0.262020905923345,-0.211672473867596,-0.250174216027875,-0.277351916376307,0.0822299651567944,-0.262369337979094,-0.249303135888502,-0.238675958188153,-0.234494773519164,-0.378571428571429,0.218292682926829,-0.286759581881533
OTU_95,0.33588850174216,-0.363240418118467,-0.00400696864111498,-0.581010452961673,-0.123344947735192,0.146515679442509,-0.688501742160279,-0.439895470383275,0.0954703832752613,-0.54390243902439,-0.341463414634146,0.758188153310105,-0.0275261324041812,0.299303135888502,-0.660452961672474,-0.840592334494774,0.177003484320558,-0.579616724738676,0.24808362369338,-0.574390243902439,0.27595818815331,-0.0874564459930314,0.925435540069687,-0.147386759581882,0.151742160278746,0.079616724738676,-0.310278745644599,0.71411149825784,0.497038327526133,-0.20993031358885,-0.568466898954704,-0.161498257839721,-0.138675958188153,0.554355400696864,0.393728222996516,-0.37212543554007,0.207839721254355,-0.0308362369337979,-0.162717770034843,0.605226480836237,0.183623693379791,-0.294076655052265,0.139547038327526,-0.72822299651568,-0.696515679442509,0.269337979094077,0.635714285714286,0.0407665505226481,-0.392160278745645,-0.133623693379791,-0.316724738675958,-0.629616724738676,0.696864111498258,-0.763763066202091,-0.00435540069686411,0.65801393728223,0.830662020905924,0.549825783972126,0.725435540069686,0.742334494773519,0.152613240418118,-0.0172473867595819,-0.583449477351916,-0.119686411149826,0.517770034843206,-0.501219512195122,-0.597038327526133,-0.0949477351916377,0.500522648083624,0.352439024390244,0.397735191637631,-0.393728222996516,-0.364808362369338,-0.0719512195121951,-0.34616724738676,0.509233449477352,-0.270905923344948,-0.0397212543554007,0.14581881533101,0.568989547038328,0.513066202090592,-0.0818815331010453,0.0942508710801394,0.425261324041812,0.541811846689896,0.861846689895471,-0.679442508710801,0.612543554006969,-0.0602787456445993,-0.586759581881533,-0.586759581881533,-0.135191637630662,-0.261498257839721,NA,-0.0548780487804878,-0.279965156794425,0.790243902439025,0.868292682926829,-0.33397212543554,-0.0698606271777004,-0.212543554006969,-0.668292682926829,-0.302090592334495,0.489895470383275,-0.130487804878049,0.77212543554007,0.0555749128919861,-0.00801393728222997,0.747909407665505,0.473519163763066,0.235365853658537,0.805052264808363,0.240766550522648,0.526829268292683,0.0367595818815331,-0.405574912891986,-0.513414634146342,-0.110801393728223,0.747386759581882,0.638327526132404,-0.465331010452962,0.212891986062718,-0.04198606271777,-0.509233449477352,-0.185191637630662,-0.387108013937282,-0.222299651567944,0.80383275261324,-0.42822299651568,0.799651567944251,0.0445993031358885,0.719337979094077,0.795644599303136,0.760801393728223,0.196341463414634,-0.309059233449477,0.336585365853659,0.0513937282229965,0.780662020905924,-0.552787456445993,0.810278745644599,-0.347560975609756,-0.42787456445993,0.699303135888502,-0.242160278745645,-0.0533101045296167,0.640940766550523,0.777003484320558,0.390592334494774,-0.190243902439024,-0.705052264808362,0.836585365853659,0.787979094076655,0.535365853658537,-0.637282229965157,-0.256271777003484,0.801567944250871,-0.210627177700348,-0.536585365853659,-0.540592334494774,0.82404181184669,0.66411149825784,0.80801393728223,0.199825783972125,-0.189372822299652,0.491289198606272,0.8,-0.523693379790941,-0.41602787456446,0.72822299651568,0.820034843205575,0.765505226480836,-0.710801393728223,0.150696864111498,0.582926829268293,0.628745644599303,0.721428571428572,0.619337979094077,0.672473867595819,0.381358885017422,0.705923344947735,0.678745644599303,-0.697386759581882,0.642682926829268,0.559233449477352,0.702787456445993,0.539372822299652,-0.0857142857142857,0.804703832752613,0.437282229965157,0.137282229965157,0.689547038327526,0.555400696864112,0.709407665505227,0.59198606271777,0.731707317073171,-0.0691637630662021,0.231010452961672,0.652090592334495,0.416898954703833,0.379616724738676,0.369337979094077,-0.358710801393728,-0.292508710801394,0.333101045296167,0.557491289198606,0.432404181184669,0.334320557491289,0.515853658536585,0.158362369337979,-0.0158536585365854,0.227700348432056,0.491463414634147,0.612369337979094,0.621428571428572,0.277177700348432,0.490592334494774,0.426480836236934,0.556620209059234,0.51411149825784,0.63815331010453,0.600174216027875,0.34006968641115,-0.333623693379791,-0.206620209059233
OTU_96,0.00696864111498258,-0.496341463414634,0.476655052264808,-0.402787456445993,0.298954703832753,-0.540418118466899,-0.0191637630662021,-0.489198606271777,-0.43815331010453,-0.337804878048781,0.120383275261324,0.269686411149826,-0.209407665505227,0.128919860627178,-0.0876306620209059,0.0818815331010453,0.429442508710801,0.345644599303136,-0.194599303135889,-0.268466898954704,0.0754355400696864,-0.382578397212544,-0.0674216027874565,-0.447212543554007,0.141637630662021,-0.515331010452962,-0.276132404181185,-0.274390243902439,-0.0327526132404181,-0.445993031358885,-0.110452961672474,-0.521951219512195,-0.218118466898955,-0.32020905923345,-0.127351916376307,-0.421428571428572,-0.502613240418119,-0.511149825783972,-0.031184668989547,-0.202264808362369,0.2801393728223,-0.0341463414634146,0.287456445993031,-0.216202090592335,0.0141114982578397,-0.295470383275261,-0.0207317073170732,-0.1198606271777,-0.336759581881533,-0.441463414634146,-0.0961672473867596,0.0421602787456446,0.00383275261324042,-0.0475609756097561,-0.0752613240418119,-0.0329268292682927,-0.0303135888501742,0.223344947735192,-0.247909407665505,-0.0993031358885018,-0.435714285714286,-0.375609756097561,-0.258362369337979,-0.032404181184669,-0.0681184668989547,-0.397386759581882,0.111324041811847,-0.557317073170732,-0.296689895470383,-0.393554006968641,0.512891986062718,-0.315505226480836,0.184668989547038,-0.0372822299651568,-0.33815331010453,-0.261324041811847,-0.0970383275261324,-0.455226480836237,0.333623693379791,-0.280487804878049,-0.323344947735192,-0.290592334494774,-0.487630662020906,-0.487456445993031,0.0827526132404181,-0.0151567944250871,-0.18815331010453,0.150871080139373,-0.209407665505227,-0.283797909407666,0.0820557491289199,-0.064808362369338,-0.645993031358885,-0.0548780487804878,NA,0.252264808362369,-0.105574912891986,-0.0557491289198606,0.0736933797909408,-0.0245644599303136,0.0106271777003484,0.0029616724738676,-0.335714285714286,-0.27404181184669,0.424390243902439,-0.0883275261324042,-0.0524390243902439,0.17404181184669,0.0707317073170732,0.268989547038328,-0.379790940766551,0.0557491289198606,-0.203658536585366,-0.163937282229965,0.241811846689896,0.309233449477352,0.244425087108014,-0.581881533101045,-0.0984320557491289,0.0486062717770035,0.177526132404181,0.0970383275261324,0.0895470383275262,0.103310104529617,-0.191463414634146,-0.189895470383275,-0.291289198606272,-0.0313588850174216,-0.359407665505227,-0.0252613240418119,-0.0221254355400697,0.0151567944250871,-0.0344947735191638,0.0461672473867596,-0.0505226480836237,0.296341463414634,0.46411149825784,-0.0825783972125436,0.0766550522648084,0.0470383275261324,-0.0890243902439025,-0.470383275261324,-0.485540069686411,0.131707317073171,-0.270383275261324,0.0649825783972126,0.0655052264808362,0.0905923344947735,-0.0689895470383275,-0.24198606271777,0.0991289198606272,0.0233449477351916,-0.267247386759582,0.223693379790941,-0.0292682926829268,-0.375261324041812,0.0212543554006969,-0.448954703832753,-0.168815331010453,0.0789198606271777,0.0310104529616725,0.0604529616724739,0.0193379790940767,-0.306794425087108,0.231358885017422,0.242160278745645,-0.110104529616725,-0.0857142857142857,0.261324041811847,0.14198606271777,-0.118989547038328,0.0674216027874565,0.071602787456446,0.05801393728223,-0.0193379790940767,0.104006968641115,-0.17787456445993,-0.244250871080139,0.062020905923345,-0.41411149825784,0.0987804878048781,0.25383275261324,-0.189895470383275,0.128048780487805,-0.0139372822299652,0.137456445993031,-0.000174216027874565,-0.093205574912892,-0.0102787456445993,0.245644599303136,-0.149651567944251,-0.0569686411149826,0.0637630662020906,0.0444250871080139,-0.109233449477352,0.014808362369338,-0.412891986062718,0.148780487804878,0.152613240418118,0.227177700348432,0.0846689895470383,0.0506968641114983,-0.23205574912892,-0.0437282229965157,0.032404181184669,0.411498257839721,0.100174216027875,0.0562717770034843,0.194599303135889,-0.212543554006969,-0.134146341463415,0.032404181184669,0.210278745644599,0.0968641114982579,0.113240418118467,0.12404181184669,0.0275261324041812,-0.0662020905923345,0.0679442508710802,0.0745644599303136,-0.00871080139372822,0.0993031358885018,0.114808362369338,0.013588850174216,0.384668989547038
OTU_97,-0.35418118466899,-0.221602787456446,0.272996515679443,-0.040418118466899,0.220905923344948,-0.521777003484321,0.0397212543554007,-0.198780487804878,-0.0142857142857143,-0.194773519163763,-0.115331010452962,0.00696864111498258,0.0466898954703833,-0.347038327526132,0.0468641114982578,0.0797909407665505,0.252613240418119,0.151393728222997,-0.667421602787457,-0.120557491289199,0.0350174216027875,-0.267770034843206,-0.328048780487805,-0.601219512195122,0.388850174216028,0.0179442508710801,-0.134494773519164,-0.164982578397213,-0.0479094076655052,-0.0803135888501742,-0.331184668989547,-0.349477351916376,-0.18815331010453,-0.413414634146342,-0.537804878048781,-0.445470383275261,-0.260104529616725,-0.231358885017422,0.214459930313589,-0.639024390243903,0.373170731707317,0.135714285714286,0.550871080139373,0.126829268292683,-0.0526132404181185,-0.610278745644599,0.14006968641115,-0.182404181184669,-0.421080139372822,-0.256968641114983,-0.197909407665505,-0.0543554006968641,0.0613240418118467,0.082404181184669,-0.365505226480836,0.25801393728223,-0.188327526132404,0.335017421602788,-0.0998257839721255,0.0930313588850174,-0.410801393728223,-0.479268292682927,-0.075609756097561,0.307142857142857,-0.0768292682926829,-0.124216027874564,0.142160278745645,-0.220557491289199,-0.0308362369337979,-0.0207317073170732,0.0726480836236934,-0.276306620209059,0.114285714285714,-0.405574912891986,-0.329616724738676,-0.375087108013937,-0.289721254355401,-0.166724738675958,0.129268292682927,-0.233449477351916,-0.434668989547038,-0.0672473867595819,-0.524216027874565,-0.322299651567944,0.0224738675958188,-0.352439024390244,-0.11184668989547,0.200696864111498,-0.542160278745645,0.0196864111498258,-0.107491289198606,-0.569686411149826,-0.284843205574913,-0.279965156794425,0.252264808362369,NA,0.00226480836236934,-0.196341463414634,-0.0299651567944251,-0.339547038327526,-0.420557491289199,0.16794425087108,-0.224912891986063,-0.0956445993031359,0.45418118466899,0.0275261324041812,0.312717770034843,-0.120905923344948,0.0594076655052265,-0.348257839721254,-0.380487804878049,0.00365853658536585,-0.681010452961673,-0.363588850174216,0.410278745644599,0.0229965156794425,0.282404181184669,-0.205923344947735,0.0494773519163763,0.0736933797909408,0.126306620209059,0.273867595818815,-0.0233449477351916,0.0376306620209059,0.178048780487805,0.644773519163763,0.0857142857142857,-0.0850174216027875,0.0857142857142857,-0.136585365853659,0.0689895470383275,0.0808362369337979,-0.0461672473867596,0.043205574912892,-0.437630662020906,0.837456445993031,0.00104529616724739,0.231707317073171,-0.0242160278745645,0.0989547038327526,-0.271428571428572,0.0686411149825784,0.0388501742160279,0.0501742160278746,-0.468466898954704,0.716724738675958,0.174390243902439,-0.04198606271777,0.00452961672473868,0.159059233449477,0.234494773519164,-0.168118466898955,-0.394076655052265,0.297038327526132,0.26184668989547,-0.00801393728222997,0.0642857142857143,0.132404181184669,-0.136236933797909,0.231881533101045,-0.0876306620209059,0.00209059233449477,-0.114285714285714,-0.646515679442509,0.580662020905923,0.162020905923345,-0.0879790940766551,0.26411149825784,0.226132404181185,-0.0470383275261324,-0.270731707317073,0.124564459930314,0.183623693379791,0.122299651567944,0.252787456445993,0.0113240418118467,-0.104703832752613,-0.262543554006969,0.0594076655052265,-0.215156794425087,-0.101567944250871,-0.0207317073170732,0.194773519163763,0.231358885017422,0.0116724738675958,0.0874564459930314,0.190940766550523,0.396515679442509,-0.138327526132404,0.198606271777004,0.226655052264808,-0.357665505226481,-0.0486062717770035,-0.281707317073171,-0.045993031358885,-0.132578397212544,-0.105749128919861,-0.311498257839721,0.0489547038327526,0.0513937282229965,0.108362369337979,0.286933797909408,-0.182229965156794,0.294947735191638,0.227351916376307,-0.276655052264808,0.0578397212543554,0.0515679442508711,0.141114982578397,0.146341463414634,0.206271777003484,0.510975609756098,0.180487804878049,0.175609756097561,-0.0235191637630662,0.0813588850174216,0.0275261324041812,-0.213763066202091,0.0721254355400697,0.0782229965156795,0.144076655052265,-0.0480836236933798,0.195993031358885,0.194947735191638,0.101393728222997
OTU_98,0.188675958188153,-0.439895470383275,0.134494773519164,-0.680662020905923,-0.00365853658536585,-0.11184668989547,-0.771951219512195,-0.501219512195122,0.00888501742160279,-0.730836236933798,-0.363763066202091,0.809407665505227,0.215156794425087,0.120731707317073,-0.774216027874565,-0.781707317073171,0.307142857142857,-0.557317073170732,-0.0282229965156794,-0.631358885017422,0.164285714285714,-0.327700348432056,0.783623693379791,-0.383449477351916,0.237282229965157,0.0911149825783972,-0.254529616724739,0.717770034843206,0.624216027874565,-0.287630662020906,-0.659059233449477,-0.199651567944251,-0.0292682926829268,0.467073170731707,0.218815331010453,-0.536933797909408,0.0517421602787457,-0.117770034843206,0.0270034843205575,0.28397212543554,0.344599303135889,-0.242160278745645,0.399128919860627,-0.666724738675958,-0.800174216027875,0.0054006968641115,0.813240418118467,0.179268292682927,-0.547386759581882,-0.0571428571428571,-0.404878048780488,-0.752787456445993,0.83397212543554,-0.866550522648084,-0.113937282229965,0.835017421602788,0.864285714285715,0.76411149825784,0.737282229965157,0.829965156794425,0.0689895470383275,-0.205923344947735,-0.616550522648084,-0.0831010452961673,0.390243902439024,-0.484320557491289,-0.68205574912892,-0.188675958188153,0.531707317073171,0.407142857142857,0.368641114982578,-0.463763066202091,-0.324216027874564,-0.0886759581881533,-0.526655052264808,0.490940766550523,-0.446864111498258,0,0.243031358885017,0.644947735191638,0.430313588850174,-0.12020905923345,-0.000871080139372823,0.326132404181185,0.634668989547038,0.793728222996516,-0.759407665505227,0.755052264808363,-0.329965156794425,-0.521951219512195,-0.662717770034843,-0.371602787456446,-0.310975609756098,0.790243902439025,-0.105574912891986,0.00226480836236934,NA,0.868118466898955,-0.429268292682927,-0.0445993031358885,-0.291289198606272,-0.670383275261324,-0.296689895470383,0.644947735191638,0.0601045296167248,0.899128919860627,0.309407665505227,-0.162543554006969,0.870383275261324,0.200174216027875,0.145121951219512,0.851219512195122,0.0400696864111498,0.339372822299652,0.259233449477352,-0.415679442508711,-0.289024390243903,-0.141637630662021,0.863937282229965,0.828048780487805,-0.509581881533101,0.456271777003484,-0.139024390243902,-0.61219512195122,-0.0186411149825784,-0.227177700348432,-0.0670731707317073,0.871777003484321,-0.363414634146342,0.820557491289199,0.296515679442509,0.808710801393728,0.829616724738676,0.821254355400697,0.224390243902439,-0.0029616724738676,0.259059233449477,0.372996515679443,0.862543554006969,-0.519686411149826,0.713763066202091,-0.316898954703833,-0.350522648083624,0.816898954703833,-0.494076655052265,0.21411149825784,0.745296167247387,0.784146341463415,0.48397212543554,-0.05801393728223,-0.707142857142857,0.810801393728223,0.727003484320558,0.720731707317073,-0.670034843205575,-0.25801393728223,0.859407665505227,0.00121951219512195,-0.597909407665505,-0.595296167247387,0.805226480836237,0.794425087108014,0.871951219512195,0.0376306620209059,-0.0695121951219512,0.532578397212544,0.886062717770035,-0.538327526132404,-0.395296167247387,0.769686411149826,0.805574912891986,0.891289198606272,-0.561498257839721,0.205226480836237,0.763588850174216,0.776655052264809,0.814459930313589,0.598954703832753,0.810104529616725,0.402613240418119,0.790592334494774,0.664459930313589,-0.662543554006969,0.801393728222997,0.57822299651568,0.827351916376307,0.746689895470383,0.0609756097560976,0.768989547038328,0.455749128919861,0.419337979094077,0.691114982578397,0.684146341463415,0.777003484320558,0.493379790940767,0.757142857142857,-0.0662020905923345,0.26219512195122,0.740766550522648,0.422473867595819,0.592682926829268,0.570731707317073,-0.328919860627178,-0.0907665505226481,0.633797909407666,0.423170731707317,0.473170731707317,0.464634146341463,0.59425087108014,0.239198606271777,0.144599303135889,0.352264808362369,0.662020905923345,0.698954703832753,0.679442508710801,0.34198606271777,0.471254355400697,0.342160278745645,0.606620209059234,0.5801393728223,0.753310104529617,0.620034843205575,0.477526132404181,-0.313414634146342,-0.326480836236934
OTU_99,0.245644599303136,-0.398257839721254,0.0660278745644599,-0.655923344947735,-0.013588850174216,-0.0437282229965157,-0.822648083623694,-0.419512195121951,0.089198606271777,-0.618118466898955,-0.438675958188153,0.831881533101046,0.122473867595819,0.161672473867596,-0.77404181184669,-0.883449477351917,0.2,-0.682926829268293,0.0986062717770035,-0.626829268292683,0.194250871080139,-0.118989547038328,0.884494773519164,-0.196864111498258,0.154529616724739,0.0078397212543554,-0.384146341463415,0.661149825783972,0.701393728222997,-0.260975609756098,-0.686411149825784,-0.238850174216028,-0.0616724738675958,0.470383275261324,0.382926829268293,-0.486933797909408,0.223170731707317,0.0301393728222997,-0.214808362369338,0.455052264808362,0.385540069686411,-0.383101045296167,0.122996515679443,-0.770557491289199,-0.804529616724739,0.216376306620209,0.801393728222997,0.0510452961672474,-0.343205574912892,-0.0696864111498258,-0.511846689895471,-0.730836236933798,0.868989547038328,-0.81411149825784,0.1,0.744947735191638,0.924564459930314,0.699303135888502,0.693728222996516,0.814808362369338,0.176480836236934,-0.0449477351916376,-0.653135888501742,-0.268118466898955,0.468466898954704,-0.505574912891986,-0.610627177700349,-0.0663763066202091,0.461672473867596,0.402439024390244,0.449825783972126,-0.319686411149826,-0.441463414634146,-0.100871080139373,-0.493205574912892,0.453832752613241,-0.345470383275261,0.078397212543554,0.271254355400697,0.605749128919861,0.441637630662021,0.0024390243902439,-0.029616724738676,0.371254355400697,0.735714285714286,0.859233449477352,-0.768815331010453,0.6698606271777,-0.145993031358885,-0.528222996515679,-0.658188153310105,-0.268466898954704,-0.227351916376307,0.868292682926829,-0.0557491289198606,-0.196341463414634,0.868118466898955,NA,-0.42404181184669,-0.0294425087108014,-0.321602787456446,-0.753832752613241,-0.208362369337979,0.565853658536586,-0.126829268292683,0.854006968641115,0.0857142857142857,-0.112543554006969,0.815853658536586,0.426132404181185,0.164285714285714,0.882752613240418,0.168989547038328,0.427526132404181,0.221602787456446,-0.524564459930314,-0.402613240418119,-0.0494773519163763,0.821602787456446,0.786585365853659,-0.479268292682927,0.36411149825784,-0.243554006968641,-0.526132404181185,-0.074390243902439,-0.336411149825784,-0.236585365853659,0.914285714285714,-0.436585365853659,0.87787456445993,0.164982578397213,0.808710801393728,0.882229965156795,0.8301393728223,0.198432055749129,-0.198432055749129,0.364285714285714,0.118118466898955,0.910104529616725,-0.683449477351917,0.747212543554007,-0.339372822299652,-0.417247386759582,0.820034843205575,-0.307665505226481,0.0350174216027875,0.809407665505227,0.827351916376307,0.426306620209059,-0.264459930313589,-0.74006968641115,0.835191637630662,0.751219512195122,0.666724738675958,-0.746515679442509,-0.245993031358885,0.884146341463415,-0.142334494773519,-0.48205574912892,-0.612543554006969,0.864982578397213,0.843031358885018,0.909581881533101,0.171602787456446,-0.0777003484320558,0.582926829268293,0.851045296167248,-0.545296167247387,-0.503658536585366,0.848257839721254,0.87822299651568,0.843031358885018,-0.715505226480836,0.213066202090592,0.640243902439025,0.806271777003485,0.808536585365854,0.595470383275261,0.794425087108014,0.357491289198606,0.850871080139373,0.756968641114983,-0.746864111498258,0.750871080139373,0.704703832752613,0.840243902439025,0.712369337979094,-0.00191637630662021,0.868641114982579,0.562717770034843,0.216724738675958,0.676655052264808,0.73397212543554,0.803658536585366,0.637456445993031,0.818989547038328,0.0297909407665505,0.297909407665505,0.680836236933798,0.547560975609756,0.501742160278746,0.569337979094077,-0.259756097560976,-0.189372822299652,0.452090592334495,0.559407665505227,0.539024390243902,0.247560975609756,0.411149825783972,0.267770034843206,-0.0285714285714286,0.380836236933798,0.578048780487805,0.668641114982578,0.714808362369338,0.375783972125436,0.538327526132404,0.499651567944251,0.648257839721255,0.622996515679443,0.672299651567944,0.673519163763066,0.360627177700349,-0.32212543554007,-0.282578397212544
OTU_101,0.127351916376307,0.143031358885017,-0.127526132404181,0.450871080139373,-0.254355400696864,0.100174216027875,0.470557491289199,0.160278745644599,0.182752613240418,0.353310104529617,-0.000348432055749129,-0.371777003484321,-0.322996515679443,0.365679442508711,0.369337979094077,0.419686411149826,-0.236585365853659,0.318118466898955,0.14808362369338,0.284668989547038,0.0989547038327526,0.203658536585366,-0.27404181184669,0.361324041811847,-0.0831010452961673,0.266202090592335,0.535540069686411,-0.0465156794425087,-0.273519163763066,0.374216027874565,0.331010452961673,0.125435540069686,-0.16411149825784,-0.0860627177700349,-0.307665505226481,0.344425087108014,0.0578397212543554,0.212717770034843,0.0625435540069686,0.0677700348432056,-0.219686411149826,0.273170731707317,-0.0660278745644599,0.266550522648084,0.670557491289199,0.36411149825784,-0.443031358885018,0.14006968641115,0.169512195121951,0.0452961672473868,0.284843205574913,0.64198606271777,-0.405574912891986,0.533449477351917,0.24006968641115,-0.376655052264808,-0.299303135888502,-0.491463414634147,-0.257317073170732,-0.44616724738676,0.239895470383275,0.118118466898955,0.553484320557491,-0.0771777003484321,-0.101567944250871,0.323344947735192,0.416550522648084,0.140592334494774,-0.407839721254355,-0.241637630662021,-0.262369337979094,0.0637630662020906,-0.201567944250871,-0.133797909407666,0.455749128919861,0.105400696864112,0.448954703832753,0.234494773519164,0.171254355400697,-0.0228222996515679,0.177003484320558,0.296689895470383,0.0752613240418119,-0.259407665505227,-0.426655052264808,-0.311149825783972,0.371428571428571,-0.492334494773519,0.401393728222997,0.110278745644599,0.663414634146342,0.55801393728223,0.261672473867596,-0.33397212543554,0.0736933797909408,-0.0299651567944251,-0.429268292682927,-0.42404181184669,NA,-0.146515679442509,0.547212543554007,0.555226480836237,-0.00766550522648084,-0.402613240418119,-0.0219512195121951,-0.329268292682927,-0.48205574912892,-0.114459930313589,-0.331707317073171,-0.254703832752613,-0.384320557491289,-0.432578397212544,-0.133101045296167,0.064808362369338,-0.16411149825784,0.337979094076655,0.236411149825784,0.30609756097561,-0.49616724738676,-0.448780487804878,0.294773519163763,-0.552787456445993,0.115156794425087,0.507491289198606,-0.0966898954703833,0.0290940766550523,0.376306620209059,-0.415156794425087,0.445121951219512,-0.438501742160279,-0.130836236933798,-0.433623693379791,-0.345296167247387,-0.403135888501742,0.00766550522648084,-0.119686411149826,-0.257839721254355,-0.0320557491289199,-0.502961672473868,0.539024390243902,-0.46219512195122,0.217247386759582,0.310801393728223,-0.350174216027875,0.304703832752613,-0.0951219512195122,-0.435017421602788,-0.35,-0.301742160278746,0.473170731707317,0.454529616724739,-0.322996515679443,-0.271254355400697,-0.490592334494774,0.376306620209059,0.190592334494774,-0.49616724738676,0.0940766550522648,0.265505226480836,0.394773519163763,-0.387630662020906,-0.293031358885017,-0.343379790940767,0.00400696864111498,0.079616724738676,-0.354006968641115,-0.373170731707317,0.311149825783972,0.356271777003484,-0.396864111498258,-0.236933797909408,-0.368641114982578,0.428919860627178,-0.238501742160279,-0.264459930313589,-0.316724738675958,-0.124738675958188,-0.335365853658537,-0.344773519163763,-0.160975609756098,-0.298954703832753,-0.375783972125436,0.449825783972126,-0.458710801393728,-0.32404181184669,-0.42822299651568,-0.384146341463415,-0.264634146341463,-0.250522648083624,-0.297735191637631,-0.229442508710801,-0.291811846689896,-0.352961672473868,-0.213588850174216,-0.211149825783972,-0.314634146341463,0.196864111498258,-0.218118466898955,-0.301219512195122,-0.301393728222997,-0.240592334494774,-0.352613240418119,0.334494773519164,0.0254355400696864,-0.176829268292683,-0.413240418118467,-0.0935540069686411,-0.214982578397213,-0.221951219512195,-0.0630662020905924,-0.161324041811847,-0.0412891986062718,-0.402961672473868,-0.246341463414634,-0.226306620209059,-0.126306620209059,-0.340592334494774,-0.166724738675958,-0.372473867595819,-0.17787456445993,-0.337108013937282,-0.325435540069687,-0.162020905923345,0.204529616724739,0.382578397212544
OTU_102,-0.247909407665505,0.293205574912892,-0.0722996515679443,-0.196341463414634,0.532926829268293,0.142160278745645,0.168815331010453,0.22404181184669,-0.480662020905923,-0.09198606271777,0.779442508710802,-0.167247386759582,0.405226480836237,0.0939024390243903,-0.104529616724739,0.21184668989547,0.166550522648084,0.265853658536585,0.532229965156795,-0.0599303135888502,-0.243728222996516,-0.109059233449477,-0.0515679442508711,0.247909407665505,-0.0989547038327526,-0.243728222996516,-0.282752613240418,-0.360104529616725,-0.192508710801394,-0.470383275261324,0.564285714285714,0.405574912891986,0.548606271777004,-0.0768292682926829,0.527700348432056,0.17212543554007,-0.325435540069687,-0.139721254355401,-0.210627177700348,0.0996515679442509,-0.604529616724739,-0.256445993031359,-0.122996515679443,0.10609756097561,-0.0587108013937282,-0.00156794425087108,-0.136585365853659,-0.093205574912892,0.301393728222997,0.194773519163763,0.474390243902439,-0.179790940766551,-0.131184668989547,-0.230313588850174,-0.11411149825784,-0.35993031358885,-0.0799651567944251,0.040418118466899,-0.181010452961673,-0.229616724738676,0.071602787456446,-0.151045296167247,-0.279965156794425,0.133623693379791,0.060801393728223,-0.0423344947735192,-0.475261324041812,-0.162020905923345,0.0162020905923345,-0.198606271777004,-0.282752613240418,0.362369337979094,0.460801393728223,0.845818815331011,-0.130487804878049,-0.112020905923345,-0.148257839721254,-0.299303135888502,-0.229268292682927,-0.123344947735192,-0.2,-0.107491289198606,0.368989547038328,0.0224738675958188,0.10191637630662,0.162717770034843,0.271602787456446,0.236585365853659,0.0172473867595819,0.282752613240418,-0.00557491289198606,0.186411149825784,-0.0344947735191638,-0.0698606271777004,-0.0245644599303136,-0.339547038327526,-0.0445993031358885,-0.0294425087108014,-0.146515679442509,NA,0.236933797909408,-0.370905923344948,0.378048780487805,0.107491289198606,0.0559233449477352,-0.124912891986063,0.393205574912892,0.133101045296167,-0.172996515679443,0.197386759581882,0.414808362369338,-0.109233449477352,0.660452961672474,0.192857142857143,-0.440592334494774,0.336411149825784,-0.33397212543554,-0.223344947735192,-0.142508710801394,-0.0357142857142857,-0.0357142857142857,0.426132404181185,-0.063588850174216,-0.368466898954704,-0.0435540069686411,-0.321777003484321,-0.338675958188153,-0.0597560975609756,-0.31411149825784,-0.110104529616725,0.285365853658537,-0.104529616724739,-0.180313588850174,-0.0994773519163763,0.698257839721255,-0.137979094076655,0.211324041811847,0.125783972125436,-0.153484320557491,-0.129268292682927,0.125609756097561,-0.0439024390243902,-0.179268292682927,-0.0440766550522648,0.114808362369338,-0.25418118466899,-0.170383275261324,-0.107491289198606,0.114459930313589,0.0792682926829268,-0.300871080139373,0.141463414634146,-0.173867595818815,0.0508710801393728,-0.335714285714286,-0.178397212543554,-0.115331010452962,0.045993031358885,0.109581881533101,-0.221777003484321,-0.05801393728223,0.060801393728223,-0.0592334494773519,0.610104529616725,-0.284668989547038,0.0560975609756098,-0.0106271777003484,-0.0850174216027875,-0.142508710801394,-0.0165505226480836,-0.00574912891986063,-0.147386759581882,-0.0141114982578397,0.271951219512195,0.0168989547038328,0.109756097560976,-0.221428571428571,0.215331010452962,-0.0233449477351916,0.0318815331010453,-0.0581881533101045,-0.0844947735191638,-0.0583623693379791,-0.170557491289199,-0.39581881533101,-0.0346689895470383,-0.163066202090592,-0.312891986062718,0.0101045296167247,-0.473344947735192,0.363937282229965,0.185017421602788,0.0196864111498258,-0.00714285714285714,-0.2,0.0634146341463415,-0.0449477351916376,0.367595818815331,-0.0290940766550523,0.120383275261324,0.0979094076655053,-0.25191637630662,0.18397212543554,0.331707317073171,0.0252613240418119,0.4,-0.275435540069686,0.248780487804878,0.112891986062718,-0.231533101045296,0.00644599303135889,-0.400696864111498,-0.137630662020906,-0.314285714285714,-0.217421602787456,-0.121080139372822,-0.072822299651568,-0.390418118466899,-0.243031358885017,-0.124912891986063,-0.197212543554007,-0.121080139372822,-0.271602787456446,-0.133797909407666,-0.331184668989547
OTU_103,0.301045296167247,0.243728222996516,-0.23397212543554,0.412717770034843,-0.158362369337979,0.288327526132404,0.487456445993031,0.184668989547038,-0.0616724738675958,0.265505226480836,0.337630662020906,-0.356271777003484,-0.249303135888502,0.492160278745645,0.282404181184669,0.393205574912892,-0.181707317073171,0.304878048780488,0.534146341463415,0.337282229965157,0.0231707317073171,0.125609756097561,-0.134146341463415,0.579965156794425,-0.226829268292683,0.0524390243902439,0.410452961672474,-0.0358885017421603,-0.309581881533101,0.178919860627178,0.529790940766551,0.40609756097561,0.108710801393728,0.0820557491289199,0.0317073170731707,0.441811846689896,-0.0874564459930314,0.130662020905923,0.0820557491289199,0.332926829268293,-0.434494773519164,0.17020905923345,-0.206794425087108,0.248780487804878,0.609407665505227,0.456794425087108,-0.426480836236934,0.14808362369338,0.23588850174216,0.160627177700348,0.497735191637631,0.562891986062718,-0.421777003484321,0.318118466898955,0.133101045296167,-0.506620209059234,-0.28397212543554,-0.457491289198606,-0.184320557491289,-0.491637630662021,0.384146341463415,0.342334494773519,0.35191637630662,-0.093205574912892,-0.111672473867596,0.236236933797909,0.0898954703832753,0.0519163763066202,-0.272996515679443,-0.280662020905923,-0.433449477351916,0.105749128919861,0.024390243902439,0.385191637630662,0.525261324041812,0.20801393728223,0.401567944250871,0.157317073170732,-0.0618466898954704,-0.0282229965156794,0.24006968641115,0.117770034843206,0.276655052264808,-0.149128919860627,-0.462020905923345,-0.0480836236933798,0.453484320557491,-0.388675958188153,0.474738675958188,0.0350174216027875,0.553135888501742,0.649303135888502,0.262020905923345,-0.212543554006969,0.0106271777003484,-0.420557491289199,-0.291289198606272,-0.321602787456446,0.547212543554007,0.236933797909408,NA,0.289895470383275,0.137979094076655,-0.202439024390244,-0.0531358885017422,-0.328048780487805,-0.287108013937282,0.0909407665505227,-0.258536585365854,0.103135888501742,0.00731707317073171,-0.413588850174216,0.323867595818815,0.268466898954704,-0.448780487804878,0.493031358885018,-0.0987804878048781,0.224912891986063,-0.392857142857143,-0.345993031358885,0.260452961672474,-0.32595818815331,0.331707317073171,0.191637630662021,-0.149477351916376,-0.260627177700348,0.15801393728223,-0.310801393728223,0.122648083623693,-0.401742160278746,-0.0604529616724739,-0.421951219512195,-0.284320557491289,-0.447909407665505,0.222299651567944,-0.303484320557491,-0.3698606271777,-0.0632404181184669,-0.399128919860627,0.465156794425087,-0.171777003484321,0.151742160278746,0.113763066202091,-0.297735191637631,0.428745644599303,-0.335017421602788,-0.505574912891986,-0.311498257839721,-0.18205574912892,0.350696864111498,0.191463414634146,-0.155923344947735,-0.0792682926829268,-0.45418118466899,0.1301393728223,0.101219512195122,-0.459581881533101,0.0242160278745645,0.273867595818815,0.280836236933798,-0.352787456445993,-0.320905923344948,-0.273344947735192,0.354355400696864,-0.147038327526132,-0.375087108013937,-0.25418118466899,0.0801393728222997,0.25418118466899,-0.368118466898955,-0.249303135888502,-0.347735191637631,0.297560975609756,-0.0541811846689896,-0.261149825783972,-0.252264808362369,-0.193205574912892,-0.0574912891986063,-0.377700348432056,0.147735191637631,-0.255574912891986,-0.291463414634146,0.227177700348432,-0.439721254355401,-0.425783972125436,-0.386759581881533,-0.386585365853659,-0.57020905923345,-0.292334494773519,-0.43588850174216,-0.0445993031358885,0,-0.24808362369338,-0.0320557491289199,-0.399303135888502,-0.2198606271777,0.133101045296167,0.192857142857143,-0.194076655052265,-0.279268292682927,-0.168466898954704,-0.388327526132404,0.397038327526132,-0.0491289198606272,-0.104355400696864,-0.0433797909407666,-0.209233449477352,-0.00975609756097561,-0.0973867595818815,-0.399825783972126,-0.126132404181185,-0.402264808362369,-0.33205574912892,-0.276829268292683,-0.294425087108014,-0.30609756097561,-0.428397212543554,-0.267421602787457,-0.280487804878049,-0.232752613240418,-0.360452961672474,-0.294425087108014,-0.185017421602788,-0.0374564459930314,0.0787456445993032
OTU_104,0.0855400696864112,0.237456445993031,-0.0313588850174216,0.687108013937282,-0.350696864111498,0.040418118466899,0.602264808362369,0.352961672473868,0.215853658536585,0.612369337979094,-0.039198606271777,-0.610278745644599,-0.263937282229965,-0.156445993031359,0.760452961672474,0.637108013937282,-0.333449477351916,0.383101045296167,-0.229094076655052,0.718989547038328,-0.155923344947735,0.247560975609756,-0.699477351916376,0.187804878048781,-0.316898954703833,0.0749128919860627,0.576306620209059,-0.373170731707317,-0.416898954703833,0.531010452961673,0.368118466898955,0.119337979094077,-0.15191637630662,-0.116898954703833,-0.436933797909408,0.41794425087108,0.0486062717770035,0.131358885017422,0.34581881533101,-0.365331010452962,-0.071602787456446,0.53205574912892,-0.226655052264808,0.655052264808363,0.736759581881533,-0.0378048780487805,-0.624912891986063,0.212369337979094,0.211149825783972,0.210104529616725,0.153658536585366,0.832578397212544,-0.635017421602788,0.761672473867596,0.131010452961672,-0.472822299651568,-0.639895470383275,-0.687108013937282,-0.359059233449477,-0.552613240418119,-0.173344947735192,0.250348432055749,0.804006968641115,0.0149825783972125,-0.559407665505227,0.590940766550523,0.748432055749129,0.207142857142857,-0.26219512195122,-0.172299651567944,-0.257491289198606,0.239024390243902,0.129790940766551,-0.279268292682927,0.638327526132404,-0.136062717770035,0.421602787456446,0.186062717770035,-0.0381533101045296,-0.192508710801394,-0.175783972125436,0.115156794425087,-0.0421602787456446,-0.370731707317073,-0.653484320557492,-0.768466898954704,0.587979094076655,-0.719686411149826,0.244425087108014,0.316202090592335,0.594947735191638,0.291637630662021,0.330313588850174,-0.668292682926829,0.0029616724738676,0.16794425087108,-0.670383275261324,-0.753832752613241,0.555226480836237,-0.370905923344948,0.289895470383275,NA,0.151045296167247,-0.506968641114983,-0.0522648083623693,-0.641289198606272,-0.312717770034843,0.0968641114982579,-0.641811846689896,-0.456968641114983,-0.200348432055749,-0.704355400696864,-0.298606271777004,-0.485540069686411,0.0156794425087108,0.275435540069686,0.564982578397213,0.228571428571429,-0.647909407665505,-0.646864111498258,0.358885017421603,-0.541463414634146,0.248780487804878,0.605923344947735,0.140592334494774,0.364982578397213,0.471254355400697,-0.713414634146342,0.593554006968641,-0.594425087108014,-0.24616724738676,-0.696341463414634,-0.601742160278746,-0.673867595818816,-0.393728222996516,0.0109756097560976,-0.382752613240418,-0.128048780487805,-0.707839721254356,0.711324041811847,-0.697386759581882,0.349128919860627,0.549303135888502,-0.673693379790941,0.24616724738676,-0.0541811846689896,-0.663240418118467,-0.634668989547038,-0.517421602787457,0.364634146341464,0.76602787456446,-0.724738675958188,-0.479268292682927,-0.665679442508711,0.742160278745645,0.361672473867596,-0.765505226480836,0.126480836236934,0.443205574912892,0.586933797909408,-0.729094076655052,-0.702613240418119,-0.642682926829268,-0.285714285714286,0.0935540069686411,-0.594773519163763,-0.763763066202091,0.414982578397213,0.467595818815331,-0.76219512195122,-0.654006968641115,-0.699128919860627,0.527700348432056,-0.415331010452962,-0.547212543554007,-0.756271777003484,-0.45801393728223,-0.569337979094077,-0.694425087108014,-0.0935540069686411,-0.714808362369338,-0.652787456445993,0.601567944250871,-0.669686411149826,-0.37787456445993,-0.736585365853659,-0.534320557491289,0.101045296167247,-0.702787456445993,-0.330662020905923,-0.364982578397213,-0.540766550522648,-0.681010452961673,-0.62787456445993,-0.549477351916376,-0.644076655052265,0.0179442508710801,-0.37404181184669,-0.68397212543554,-0.557839721254355,-0.490766550522648,-0.393728222996516,0.269163763066202,0.0526132404181185,-0.405574912891986,-0.613763066202091,-0.373519163763066,-0.377526132404181,-0.444250871080139,-0.109059233449477,-0.158188153310105,-0.239895470383275,-0.505749128919861,-0.477177700348432,-0.520383275261324,-0.322473867595819,-0.549128919860627,-0.207839721254355,-0.451567944250871,-0.552264808362369,-0.506794425087108,-0.521428571428572,-0.193728222996516,0.350696864111498,0.465679442508711
OTU_105,-0.157665505226481,0.623170731707317,-0.249825783972125,0.37404181184669,-0.0801393728222997,0.254006968641115,0.13205574912892,0.598606271777004,0.13815331010453,0.397386759581882,0.236236933797909,-0.426480836236934,0.565331010452962,-0.452264808362369,0.223170731707317,0.242334494773519,-0.397560975609756,0.0465156794425087,0.247038327526132,0.481707317073171,-0.716376306620209,0.362891986062718,-0.327700348432056,0.567247386759582,-0.485714285714286,-0.00331010452961673,0.231881533101045,-0.237804878048781,0.133275261324042,0.354355400696864,0.445121951219512,0.450174216027875,0.720905923344948,0.0681184668989547,0.164982578397213,0.447038327526133,0.189198606271777,0.50993031358885,-0.145121951219512,-0.0937282229965157,-0.186933797909408,-0.0668989547038328,-0.68205574912892,0.461672473867596,0.254703832752613,0.287108013937282,-0.101742160278746,0.1,0.690418118466899,0.575609756097561,-0.000174216027874565,0.192334494773519,-0.120905923344948,0.181184668989547,0.270905923344948,-0.376132404181185,-0.260627177700348,-0.334494773519164,-0.208188153310105,-0.29198606271777,0.0163763066202091,0.453135888501742,0.360801393728223,-0.301219512195122,-0.316202090592335,0.64390243902439,0.0855400696864112,0.467770034843206,0.0378048780487805,0.00574912891986063,-0.423344947735192,0.797038327526133,0.0564459930313589,0.381707317073171,0.401045296167247,-0.0735191637630662,0.240592334494774,0.363588850174216,-0.199303135888502,0.0104529616724739,-0.107317073170732,0.403310104529617,0.19808362369338,0.10191637630662,0.0684668989547038,-0.314459930313589,0.525087108013937,-0.248780487804878,0.295296167247387,0.61411149825784,0.0780487804878049,0.165331010452962,0.618466898954704,-0.302090592334495,-0.335714285714286,-0.224912891986063,-0.296689895470383,-0.208362369337979,-0.00766550522648084,0.378048780487805,0.137979094076655,0.151045296167247,NA,0.00871080139372822,-0.415853658536585,-0.392160278745645,0.13397212543554,-0.210975609756098,-0.504355400696864,-0.0803135888501742,0.456620209059234,-0.358362369337979,0.318292682926829,-0.224564459930314,-0.0822299651567944,-0.159233449477352,0.166376306620209,0.4301393728223,-0.425087108013937,-0.0900696864111498,-0.0872822299651568,-0.05,-0.194250871080139,0.0189895470383275,0.598432055749129,0.104355400696864,0.268815331010453,-0.266202090592335,0.40609756097561,-0.0909407665505227,0.300871080139373,-0.304529616724739,-0.350522648083624,-0.359233449477352,0.236933797909408,-0.239547038327526,-0.309756097560976,0.106794425087108,-0.261498257839721,0.0325783972125436,-0.270383275261324,0.617247386759582,0.434320557491289,-0.452787456445993,0.321080139372822,-0.19808362369338,-0.329094076655052,-0.415853658536585,-0.266202090592335,-0.117073170731707,0.236411149825784,-0.345470383275261,-0.125435540069686,-0.310627177700349,0.0270034843205575,0.341463414634146,-0.324216027874564,0.36219512195122,0.541114982578397,-0.177177700348432,-0.339547038327526,-0.274216027874565,-0.332752613240418,0.340766550522648,-0.252613240418119,-0.123867595818815,-0.316550522648084,-0.0113240418118467,-0.0508710801393728,-0.354878048780488,-0.25609756097561,-0.394076655052265,0.148606271777004,0.0930313588850174,-0.360104529616725,-0.27212543554007,-0.391811846689896,-0.0813588850174216,-0.467770034843206,0.223344947735192,-0.357839721254355,-0.483449477351916,0.143031358885017,-0.504878048780488,-0.14006968641115,-0.283101045296167,-0.101219512195122,0.116202090592335,-0.351219512195122,-0.491114982578397,0.212369337979094,-0.130487804878049,-0.349128919860627,-0.378745644599303,-0.185365853658537,-0.312717770034843,0.312543554006969,-0.0228222996515679,-0.504703832752613,-0.213763066202091,-0.11602787456446,-0.0576655052264808,0.508188153310105,0.15191637630662,-0.215679442508711,-0.200174216027875,-0.455749128919861,-0.171777003484321,-0.37822299651568,-0.0531358885017422,-0.249651567944251,-0.260104529616725,-0.39808362369338,-0.5,-0.312717770034843,-0.26219512195122,-0.345993031358885,-0.0686411149825784,-0.322822299651568,-0.215853658536585,-0.382404181184669,-0.263763066202091,-0.624912891986063,0.108362369337979,-0.379442508710801
OTU_106,-0.0634146341463415,0.11184668989547,-0.231358885017422,-0.320731707317073,0.142334494773519,0.103135888501742,-0.485540069686411,0.0299651567944251,0.0858885017421603,-0.321951219512195,-0.163414634146341,0.36794425087108,0.185714285714286,-0.0240418118466899,-0.492160278745645,-0.386411149825784,-0.0506968641114983,-0.533275261324042,0.0456445993031359,-0.431707317073171,0.0506968641114983,-0.0862369337979094,0.410278745644599,-0.0519163763066202,0.304703832752613,0.284843205574913,-0.231010452961672,0.441114982578397,0.446341463414634,-0.192334494773519,-0.254006968641115,0.110452961672474,0.0993031358885018,0.155400696864112,0.359756097560976,-0.25383275261324,0.174738675958188,0.0726480836236934,-0.186585365853659,0.0777003484320558,0.111672473867596,-0.385365853658537,0.171428571428571,-0.450696864111498,-0.546341463414634,-0.00627177700348432,0.567073170731707,-0.0695121951219512,-0.0442508710801394,0.0613240418118467,-0.109059233449477,-0.608536585365854,0.576655052264809,-0.532752613240418,0.125261324041812,0.537282229965157,0.454878048780488,0.431881533101045,0.37020905923345,0.701742160278746,0.344076655052265,-0.0162020905923345,-0.44616724738676,-0.0867595818815331,0.380662020905923,-0.227177700348432,-0.476306620209059,0.0897212543554007,0.240940766550523,0.443728222996516,0.148606271777004,0.0189895470383275,-0.170034843205575,0.0876306620209059,-0.260278745644599,0.250871080139373,-0.122822299651568,0.275087108013937,0.0566202090592335,0.331184668989547,0.415156794425087,0.133275261324042,0.129616724738676,0.30383275261324,0.44808362369338,0.445121951219512,-0.442334494773519,0.425435540069686,-0.198780487804878,-0.0923344947735192,-0.575609756097561,-0.331881533101045,0.0529616724738676,0.489895470383275,-0.27404181184669,-0.0956445993031359,0.644947735191638,0.565853658536586,-0.402613240418119,0.107491289198606,-0.202439024390244,-0.506968641114983,0.00871080139372822,NA,-0.180487804878049,0.651219512195122,0.278571428571429,-0.155574912891986,0.515331010452962,0.135017421602787,0.252961672473868,0.539547038327526,0.0719512195121951,0.184320557491289,-0.0334494773519164,-0.417595818815331,-0.309059233449477,0.101742160278746,0.696689895470383,0.548954703832753,-0.26794425087108,0.259581881533101,-0.165853658536585,-0.504529616724739,0.105749128919861,-0.0757839721254356,-0.0444250871080139,0.65993031358885,-0.0726480836236934,0.471602787456446,0.247909407665505,0.585365853658537,0.532229965156795,0.685714285714286,0.16794425087108,-0.19198606271777,-0.0378048780487805,0.193728222996516,0.52212543554007,-0.573519163763066,0.501393728222997,-0.0386759581881533,-0.0954703832752613,0.463937282229965,-0.0770034843205575,0.117421602787456,0.479965156794425,0.546689895470383,0.377351916376307,-0.0128919860627178,-0.543379790940767,0.50418118466899,0.526306620209059,0.518815331010453,-0.51411149825784,0.0473867595818815,0.56602787456446,0.264808362369338,-0.354355400696864,-0.328397212543554,0.571428571428572,0.596341463414634,0.563066202090592,0.0465156794425087,-0.209581881533101,0.4801393728223,0.659059233449477,-0.284320557491289,-0.362369337979094,0.587804878048781,0.564808362369338,0.590592334494774,-0.432578397212544,0.221428571428571,0.538501742160279,0.616376306620209,0.422996515679443,0.369337979094077,0.601219512195122,0.278745644599303,0.522822299651568,0.460104529616725,-0.298432055749129,0.510452961672474,0.397909407665505,0.531881533101045,0.495296167247387,0.0529616724738676,0.537979094076655,0.171428571428571,0.390940766550523,0.517073170731707,0.547560975609756,0.427177700348432,0.462717770034843,0.510452961672474,0.0846689895470383,0.141637630662021,0.496864111498258,0.333449477351916,0.507317073170732,0.304529616724739,-0.139372822299652,0.0179442508710801,0.505574912891986,0.228397212543554,0.264285714285714,0.292682926829268,0.328397212543554,0.35993031358885,0.120731707317073,0.142160278745645,0.46602787456446,0.449128919860627,0.554878048780488,0.277003484320558,0.473867595818815,0.269163763066202,0.534668989547038,0.493728222996516,0.589024390243903,0.624216027874565,0.186411149825784,-0.308885017421603,-0.404529616724739
OTU_107,-0.116898954703833,-0.375435540069686,0.569337979094077,-0.367770034843206,0.237804878048781,-0.589372822299652,-0.0736933797909408,-0.547560975609756,-0.529965156794425,-0.567247386759582,0.278571428571429,0.162543554006969,0.0576655052264808,0.0348432055749129,-0.272648083623693,0.086411149825784,0.645993031358885,0.579094076655052,-0.275609756097561,-0.416898954703833,-0.0132404181184669,-0.663414634146342,-0.0954703832752613,-0.567595818815331,0.295993031358885,-0.33588850174216,-0.114982578397213,-0.182752613240418,-0.0878048780487805,-0.439198606271777,-0.116550522648084,-0.442508710801394,0.0778745644599303,-0.413240418118467,-0.475087108013937,-0.527351916376307,-0.621428571428572,-0.665156794425087,0.0430313588850174,-0.435714285714286,0.14198606271777,0.0890243902439025,0.707491289198606,-0.089198606271777,-0.0655052264808362,-0.53815331010453,0.134494773519164,-0.129442508710801,-0.629790940766551,-0.529790940766551,0.134668989547038,-0.0179442508710801,0.0371080139372822,-0.206620209059233,-0.554529616724739,0.0378048780487805,-0.103484320557491,0.426655052264808,-0.169163763066202,-0.112543554006969,-0.351045296167247,-0.485017421602787,-0.250696864111498,0.356794425087108,0.033623693379791,-0.362717770034843,-0.251567944250871,-0.640418118466899,-0.0837979094076655,-0.456271777003484,0.0773519163763066,-0.45801393728223,0.313240418118467,0.19198606271777,-0.371777003484321,-0.170905923344948,-0.424390243902439,-0.52787456445993,0.115679442508711,-0.287108013937282,-0.28397212543554,-0.371080139372822,-0.438501742160279,-0.405400696864112,-0.0275261324041812,-0.0656794425087108,-0.229094076655052,0.399825783972126,-0.310452961672474,-0.0858885017421603,0.135365853658537,-0.200522648083624,-0.595818815331011,-0.130487804878049,0.424390243902439,0.45418118466899,0.0601045296167248,-0.126829268292683,-0.0219512195121951,0.0559233449477352,-0.0531358885017422,-0.0522648083623693,-0.415853658536585,-0.180487804878049,NA,0.093205574912892,0.462717770034843,-0.129616724738676,0.204355400696864,0.00993031358885018,-0.425087108013937,-0.0487804878048781,-0.374912891986063,-0.09198606271777,0.365853658536585,0.372996515679443,0.232752613240418,-0.611846689895471,0.0264808362369338,0.163240418118467,0.190592334494774,0.336236933797909,0.211672473867596,-0.21794425087108,0.0423344947735192,0.0268292682926829,-0.165505226480836,-0.0182926829268293,-0.28815331010453,-0.116898954703833,0.268292682926829,0.12212543554007,0.00452961672473868,0.0710801393728223,-0.17404181184669,0.586411149825784,0.291114982578397,0.426132404181185,0.0353658536585366,0.283623693379791,0.0257839721254355,-0.163240418118467,-0.337804878048781,0.126829268292683,-0.523519163763066,0.362891986062718,0.147386759581882,0.109233449477352,0.224390243902439,0.0949477351916377,-0.047212543554007,0.0128919860627178,-0.328048780487805,0.397909407665505,-0.00209059233449477,-0.421951219512195,0.0440766550522648,-0.114285714285714,-0.445296167247387,0.173344947735192,0.0247386759581882,0.0341463414634146,0.0371080139372822,-0.333797909407666,0.410975609756098,0.132926829268293,0.00261324041811847,-0.0318815331010453,0.24390243902439,0.0163763066202091,-0.135540069686411,0.144250871080139,0.177351916376307,0.206968641114983,0.281881533101045,0.155574912891986,-0.032404181184669,-0.300348432055749,0.100522648083624,-0.294425087108014,0.079616724738676,0.0773519163763066,0.0595818815331011,0.244250871080139,-0.31184668989547,0.0890243902439025,0.144773519163763,-0.0588850174216028,0.0430313588850174,0.109407665505227,0.406968641114983,-0.21411149825784,0.113240418118467,-0.0277003484320558,-0.186411149825784,-0.0102787456445993,-0.234146341463415,0.108188153310105,0.186236933797909,0.131707317073171,0.192682926829268,0.131707317073171,-0.210975609756098,0.0595818815331011,0.282404181184669,0.0764808362369338,0.0736933797909408,0.439024390243903,0.521777003484321,-0.286759581881533,0.134320557491289,0.0651567944250871,0.208536585365854,0.0700348432055749,-0.0435540069686411,0.0799651567944251,-0.0785714285714286,-0.404529616724739,-0.128571428571429,0.126306620209059,0.0409407665505227,-0.112369337979094,0.340592334494774,0.133623693379791,0.152090592334495
OTU_108,0.198257839721254,-0.391811846689896,0.1,-0.645470383275261,-0.0571428571428571,-0.0682926829268293,-0.770034843205575,-0.440592334494774,0.127003484320558,-0.674390243902439,-0.436933797909408,0.772822299651568,0.134146341463415,0.199825783972125,-0.762020905923345,-0.790592334494774,0.310278745644599,-0.551219512195122,-0.0318815331010453,-0.721777003484321,0.30801393728223,-0.295644599303136,0.795644599303136,-0.315331010452962,0.343379790940767,0.187979094076655,-0.199128919860627,0.725261324041812,0.593379790940767,-0.283449477351916,-0.70418118466899,-0.270731707317073,-0.0722996515679443,0.347386759581882,0.159756097560976,-0.585191637630662,0.169337979094077,-0.0315331010452962,-0.0465156794425087,0.293554006968641,0.352264808362369,-0.244773519163763,0.461846689895471,-0.74390243902439,-0.739372822299652,0.0339721254355401,0.80801393728223,0.108188153310105,-0.514808362369338,-0.175609756097561,-0.347735191637631,-0.68815331010453,0.84006968641115,-0.784146341463415,-0.093205574912892,0.867073170731707,0.848780487804878,0.76602787456446,0.646864111498258,0.884843205574913,0.190592334494774,-0.174738675958188,-0.621428571428572,-0.0587108013937282,0.522822299651568,-0.526655052264808,-0.59006968641115,-0.0627177700348432,0.442508710801394,0.41411149825784,0.387979094076655,-0.4801393728223,-0.392508710801394,-0.145993031358885,-0.466898954703833,0.505400696864112,-0.433449477351916,0.0991289198606272,0.316550522648084,0.547386759581882,0.461498257839721,0.0444250871080139,-0.0839721254355401,0.398257839721254,0.592508710801394,0.767073170731707,-0.816550522648084,0.730662020905923,-0.276655052264808,-0.520905923344948,-0.565679442508711,-0.293205574912892,-0.238501742160279,0.77212543554007,-0.0883275261324042,0.0275261324041812,0.899128919860627,0.854006968641115,-0.329268292682927,-0.124912891986063,-0.328048780487805,-0.641289198606272,-0.392160278745645,0.651219512195122,0.093205574912892,NA,0.217595818815331,-0.263240418118467,0.863066202090592,0.325609756097561,0.0252613240418119,0.856794425087108,-0.0625435540069686,0.348606271777004,0.260104529616725,-0.431533101045296,-0.32404181184669,-0.0890243902439025,0.893554006968641,0.755400696864112,-0.429094076655052,0.34808362369338,-0.101045296167247,-0.547386759581882,-0.0897212543554007,-0.183275261324042,-0.109233449477352,0.894076655052265,-0.306968641114983,0.771080139372822,0.238327526132404,0.850348432055749,0.87404181184669,0.88623693379791,0.113414634146341,0.0395470383275261,0.28397212543554,0.329094076655052,0.810975609756098,-0.523519163763066,0.684668989547038,-0.280836236933798,-0.336236933797909,0.770383275261324,-0.381358885017422,0.255574912891986,0.763588850174216,0.844425087108014,0.506794425087108,-0.0639372822299652,-0.729790940766551,0.775783972125436,0.721951219512195,0.75,-0.632404181184669,-0.177177700348432,0.83205574912892,0.0590592334494774,-0.651393728222997,-0.437456445993031,0.831881533101046,0.817770034843206,0.895470383275262,-0.0407665505226481,-0.0292682926829268,0.562020905923345,0.88397212543554,-0.445296167247387,-0.322299651567944,0.797038327526133,0.821254355400697,0.887630662020906,-0.641289198606272,0.260801393728223,0.784843205574913,0.793031358885018,0.808362369337979,0.587804878048781,0.868989547038328,0.306794425087108,0.797386759581882,0.72787456445993,-0.614982578397213,0.787456445993032,0.633101045296167,0.801045296167248,0.723867595818815,0.0475609756097561,0.835540069686411,0.527526132404181,0.339721254355401,0.67212543554007,0.690243902439025,0.688675958188153,0.603135888501742,0.796864111498258,0.00487804878048781,0.220383275261324,0.784320557491289,0.436585365853659,0.572648083623693,0.512020905923345,-0.334320557491289,-0.0282229965156794,0.601219512195122,0.391114982578397,0.522648083623694,0.430836236933798,0.552613240418119,0.335017421602788,0.17787456445993,0.402264808362369,0.665331010452962,0.727003484320558,0.711498257839721,0.384320557491289,0.5,0.343205574912892,0.639895470383275,0.673170731707317,0.766376306620209,0.614808362369338,0.452264808362369,-0.255226480836237,-0.259756097560976
OTU_110,-0.337630662020906,0.0893728222996516,0.228745644599303,-0.34198606271777,0.328571428571429,-0.113066202090592,-0.197038327526132,-0.072822299651568,-0.39808362369338,-0.389547038327526,0.343205574912892,0.0817073170731707,0.532404181184669,-0.382926829268293,-0.21794425087108,-0.0482578397212544,0.371254355400697,0.121777003484321,-0.105052264808362,-0.213588850174216,-0.241463414634146,-0.497386759581882,-0.0212543554006969,-0.347909407665505,0.184320557491289,-0.0939024390243903,-0.182404181184669,-0.040418118466899,0.0254355400696864,-0.426132404181185,-0.0207317073170732,0.0641114982578397,0.454703832752613,-0.0195121951219512,0.0721254355400697,-0.276306620209059,-0.397212543554007,-0.404878048780488,0.0998257839721255,-0.360278745644599,-0.141637630662021,-0.035191637630662,0.38397212543554,0.114459930313589,-0.370383275261324,-0.543379790940767,0.242857142857143,0.0317073170731707,-0.279965156794425,0.0552264808362369,0.145296167247387,-0.40418118466899,0.177003484320558,-0.460975609756098,-0.479268292682927,0.254878048780488,0.0691637630662021,0.48205574912892,0.171254355400697,0.225087108013937,-0.273519163763066,-0.392508710801394,-0.348432055749129,0.523519163763066,-0.00505226480836237,-0.0763066202090592,-0.536236933797909,-0.338675958188153,0.502613240418119,0.0832752613240418,-0.208710801393728,0.0181184668989547,0.499651567944251,0.363414634146342,-0.36184668989547,-0.051219512195122,-0.506968641114983,-0.432229965156795,-0.186933797909408,0.012020905923345,-0.261498257839721,-0.279965156794425,0.0736933797909408,0.014808362369338,0.196864111498258,0.0886759581881533,-0.129965156794425,0.524390243902439,-0.427003484320558,0.184146341463415,-0.296864111498258,-0.447560975609756,-0.246341463414634,0.0555749128919861,-0.0524390243902439,0.312717770034843,0.309407665505227,0.0857142857142857,-0.48205574912892,0.393205574912892,-0.287108013937282,-0.312717770034843,0.13397212543554,0.278571428571429,0.462717770034843,0.217595818815331,NA,-0.0442508710801394,0.062020905923345,-0.024390243902439,0.381707317073171,0.145470383275261,0.0214285714285714,-0.163588850174216,0.114285714285714,-0.0250871080139373,-0.0217770034843206,-0.415505226480836,0.163588850174216,0.301219512195122,-0.24006968641115,0.636411149825784,0.0581881533101045,-0.605052264808362,0.251742160278746,0.153135888501742,-0.104006968641115,0.126480836236934,-0.158536585365854,0.160801393728223,0.3301393728223,0.197212543554007,0.0980836236933798,0.163763066202091,0.181707317073171,0.431358885017422,0.167247386759582,0.523170731707317,0.110104529616725,-0.068815331010453,0.202787456445993,0.0731707317073171,-0.0909407665505227,0.0803135888501742,-0.435365853658537,0.448432055749129,0.120731707317073,0.110975609756098,0.18815331010453,0.018815331010453,-0.307491289198606,0.160104529616725,-0.0142857142857143,0.434320557491289,-0.150871080139373,-0.212020905923345,0.27787456445993,0.312891986062718,-0.127351916376307,-0.147386759581882,0.0869337979094077,0.0508710801393728,0.138501742160279,0.0641114982578397,-0.047212543554007,0.154703832752613,0.196864111498258,-0.249303135888502,-0.20191637630662,0.0879790940766551,0.0101045296167247,0.224564459930314,-0.0430313588850174,0.219337979094077,0.342334494773519,0.197560975609756,-0.0114982578397213,0.203135888501742,0.183449477351916,0.212369337979094,0.0621951219512195,-0.0367595818815331,-0.0681184668989547,0.253658536585366,-0.174390243902439,0.184843205574913,0.224390243902439,0.22020905923345,0.0770034843205575,-0.135017421602787,0.665156794425087,0.0867595818815331,0.0947735191637631,-0.0777003484320558,0.0101045296167247,0.132404181184669,-0.264982578397213,0.0411149825783972,0.149651567944251,-0.0277003484320558,0.218292682926829,0.107665505226481,-0.260278745644599,0.281184668989547,0.275609756097561,0.158362369337979,-0.170557491289199,0.41794425087108,0.394599303135889,-0.0181184668989547,0.178048780487805,-0.0506968641114983,0.185191637630662,-0.063588850174216,-0.12020905923345,-0.0541811846689896,0.052787456445993,-0.342160278745645,-0.151567944250871,0.0613240418118467,0.187804878048781,-0.05801393728223,0.248257839721254,0.0400696864111498,-0.426132404181185
OTU_111,0.184320557491289,-0.149477351916376,0.122299651567944,0.0083623693379791,0.171602787456446,0.201742160278746,0.320905923344948,-0.00209059233449477,-0.287979094076655,0.109059233449477,0.19808362369338,-0.0149825783972125,-0.398954703832753,0.191811846689896,0.377526132404181,0.181358885017422,0.083623693379791,0.0637630662020906,0.149825783972125,0.307839721254355,0.155574912891986,-0.00679442508710802,-0.115156794425087,-0.0508710801393728,-0.318989547038328,-0.380487804878049,-0.16794425087108,-0.331010452961673,-0.458536585365854,-0.359581881533101,0.224564459930314,0.14198606271777,-0.299825783972126,0.211149825783972,0.420557491289199,0.209233449477352,-0.215156794425087,-0.365505226480836,0.178919860627178,0.0672473867595819,-0.289198606271777,0.286062717770035,-0.131533101045296,0.16794425087108,0.09198606271777,-0.171777003484321,-0.44198606271777,0.161149825783972,-0.0168989547038328,0.134146341463415,0.273344947735192,0.111324041811847,-0.414285714285714,0.129790940766551,-0.0402439024390244,-0.207491289198606,-0.0529616724738676,-0.199128919860627,0.0933797909407666,-0.137282229965157,-0.197212543554007,-0.190940766550523,0.0121951219512195,0.188675958188153,-0.294250871080139,-0.205923344947735,0.0547038327526133,-0.386585365853659,0.191637630662021,-0.0308362369337979,0.0343205574912892,-0.00714285714285714,0.477003484320558,0.0604529616724739,-0.0270034843205575,0.00226480836236934,0.168466898954704,-0.463763066202091,-0.191463414634146,-0.0343205574912892,-0.191289198606272,-0.511149825783972,0.336759581881533,-0.246341463414634,-0.336062717770035,0.0414634146341464,0.158188153310105,-0.200522648083624,-0.14006968641115,-0.18205574912892,-0.0355400696864112,0.123344947735192,-0.182926829268293,-0.00801393728222997,0.17404181184669,-0.120905923344948,-0.162543554006969,-0.112543554006969,-0.114459930313589,0.133101045296167,0.0909407665505227,0.0968641114982579,-0.210975609756098,-0.155574912891986,-0.129616724738676,-0.263240418118467,-0.0442508710801394,NA,-0.190418118466899,-0.0656794425087108,0.361149825783972,-0.101045296167247,0.401393728222997,0.0195121951219512,-0.378571428571429,0.384668989547038,-0.0977351916376307,-0.318641114982578,-0.0637630662020906,-0.39390243902439,0.0862369337979094,0.0292682926829268,0.318466898954704,-0.0238675958188153,-0.481358885017422,-0.103658536585366,-0.213937282229965,-0.167770034843206,-0.31219512195122,-0.183623693379791,-0.537630662020906,-0.34006968641115,-0.121777003484321,-0.189198606271777,0.233449477351916,-0.165853658536585,0.262543554006969,-0.427177700348432,-0.230487804878049,0.123519163763066,0.100696864111498,-0.276132404181185,-0.0855400696864112,-0.0437282229965157,0.0346689895470383,-0.271602787456446,-0.178571428571429,-0.110801393728223,-0.233275261324042,0.0970383275261324,0.083623693379791,0.0315331010452962,-0.0334494773519164,-0.16184668989547,0.128571428571429,-0.24198606271777,-0.160801393728223,-0.315679442508711,0.23588850174216,0.213240418118467,-0.229616724738676,-0.240766550522648,-0.0627177700348432,0.22212543554007,-0.0195121951219512,-0.251219512195122,-0.243379790940767,0.014808362369338,-0.110975609756098,-0.110452961672474,-0.118292682926829,-0.249303135888502,0.15,-0.233623693379791,-0.191637630662021,-0.271428571428572,-0.20191637630662,0.154355400696864,-0.0531358885017422,0.141289198606272,-0.197909407665505,-0.0937282229965157,0.00470383275261324,-0.138675958188153,-0.165156794425087,-0.301567944250871,-0.442508710801394,-0.177003484320558,-0.0709059233449478,-0.121254355400697,-0.344947735191638,0.00557491289198606,-0.226829268292683,0.040418118466899,-0.188327526132404,-0.028397212543554,-0.483623693379791,0.188327526132404,-0.198780487804878,-0.145296167247387,-0.381010452961673,-0.425261324041812,-0.374564459930314,-0.157665505226481,-0.517595818815331,0.401393728222997,-0.0705574912891986,-0.132926829268293,-0.118466898954704,-0.196864111498258,-0.193379790940767,-0.178919860627178,-0.157491289198606,-0.147909407665505,-0.31184668989547,-0.3301393728223,-0.127003484320558,-0.215853658536585,-0.0634146341463415,-0.423693379790941,-0.12787456445993,-0.189547038327526,0.278397212543554,-0.0372822299651568,0.199128919860627
OTU_112,0.276306620209059,-0.57404181184669,0.19006968641115,-0.654878048780488,-0.00871080139372822,-0.236933797909408,-0.738501742160279,-0.659407665505227,-0.00226480836236934,-0.762369337979094,-0.40801393728223,0.831533101045296,-0.0367595818815331,0.333623693379791,-0.814982578397213,-0.786933797909408,0.396341463414634,-0.466898954703833,-0.0252613240418119,-0.759756097560976,0.310975609756098,-0.340592334494774,0.792682926829268,-0.38588850174216,0.322996515679443,0.0121951219512195,-0.347735191637631,0.682229965156795,0.561498257839721,-0.31219512195122,-0.725261324041812,-0.382926829268293,-0.215331010452962,0.240243902439024,0.078397212543554,-0.642508710801394,0.0257839721254355,-0.184843205574913,-0.0986062717770035,0.294773519163763,0.454006968641115,-0.290592334494774,0.470557491289199,-0.826480836236934,-0.681881533101045,0.0616724738675958,0.80191637630662,-0.0212543554006969,-0.610278745644599,-0.348257839721254,-0.398954703832753,-0.628745644599303,0.806445993031359,-0.743554006968641,-0.0670731707317073,0.75226480836237,0.790418118466899,0.75226480836237,0.569163763066202,0.738675958188153,0.130662020905923,-0.178222996515679,-0.65609756097561,-0.18397212543554,0.524390243902439,-0.631707317073171,-0.555749128919861,-0.258188153310105,0.245296167247387,0.222996515679443,0.518989547038328,-0.633797909407666,-0.442160278745645,-0.151742160278746,-0.505574912891986,0.407839721254355,-0.38588850174216,-0.014808362369338,0.36794425087108,0.460104529616725,0.488327526132404,-0.0698606271777004,-0.208710801393728,0.26411149825784,0.562369337979094,0.758710801393728,-0.84006968641115,0.711846689895471,-0.278571428571429,-0.625261324041812,-0.515853658536585,-0.282926829268293,-0.437804878048781,0.747909407665505,0.0707317073170732,0.0594076655052265,0.870383275261324,0.815853658536586,-0.331707317073171,-0.172996515679443,-0.258536585365854,-0.641811846689896,-0.504355400696864,0.515331010452962,0.204355400696864,0.863066202090592,0.062020905923345,-0.190418118466899,NA,0.323170731707317,-0.155574912891986,0.798954703832753,-0.0965156794425087,0.463588850174216,0.313937282229965,-0.338675958188153,-0.335365853658537,-0.222822299651568,0.882404181184669,0.774912891986063,-0.328571428571429,0.33588850174216,-0.0914634146341464,-0.443205574912892,-0.154529616724739,-0.275783972125436,-0.195993031358885,0.882578397212544,-0.458885017421603,0.701567944250871,0.239372822299652,0.809233449477352,0.83397212543554,0.838327526132404,0.0517421602787457,0.0371080139372822,0.33588850174216,0.189372822299652,0.883797909407666,-0.507142857142857,0.695296167247387,-0.405400696864112,-0.481707317073171,0.891811846689896,-0.389895470383275,0.0977351916376307,0.814459930313589,0.836411149825784,0.504878048780488,-0.110627177700348,-0.669337979094077,0.807665505226481,0.620383275261324,0.746515679442509,-0.629790940766551,-0.329442508710801,0.80383275261324,-0.217247386759582,-0.740940766550523,-0.415679442508711,0.846864111498258,0.828919860627178,0.822822299651568,-0.108710801393728,0.0839721254355401,0.581881533101045,0.868815331010453,-0.39616724738676,-0.206620209059233,0.814982578397213,0.801742160278746,0.901567944250871,-0.609233449477352,0.23588850174216,0.683797909407666,0.844076655052265,0.811498257839721,0.437630662020906,0.823344947735192,0.179965156794425,0.799825783972126,0.754878048780488,-0.662543554006969,0.836759581881533,0.585540069686411,0.804703832752613,0.671428571428571,0.00261324041811847,0.825435540069687,0.612717770034843,0.293031358885017,0.582229965156794,0.728048780487805,0.792334494773519,0.528745644599303,0.761149825783972,-0.0430313588850174,0.311324041811847,0.78397212543554,0.510104529616725,0.524216027874565,0.571254355400697,-0.34006968641115,-0.159059233449477,0.592508710801394,0.402961672473868,0.64198606271777,0.411149825783972,0.5801393728223,0.145121951219512,0.172648083623693,0.476306620209059,0.73815331010453,0.785714285714286,0.714459930313589,0.448606271777004,0.482229965156795,0.360975609756098,0.717247386759582,0.677003484320558,0.725435540069686,0.652961672473868,0.452787456445993,-0.333449477351916,-0.0489547038327526
OTU_113,0.18205574912892,-0.141811846689896,0.0381533101045296,-0.395470383275261,0.025609756097561,0.154006968641115,-0.333101045296167,-0.214634146341463,-0.0768292682926829,-0.273519163763066,0.0912891986062718,0.33588850174216,-0.0407665505226481,0.323867595818815,-0.37595818815331,-0.41411149825784,0.234843205574913,-0.13205574912892,0.508362369337979,-0.432578397212544,0.226655052264808,0.0844947735191638,0.566550522648084,0.173693379790941,0.0613240418118467,-0.22787456445993,-0.268815331010453,0.259059233449477,0.129268292682927,-0.312020905923345,-0.126655052264808,-0.111324041811847,0.125261324041812,0.135714285714286,0.322473867595819,-0.138327526132404,0.105052264808362,0.0207317073170732,-0.270731707317073,0.482404181184669,-0.0658536585365854,-0.308362369337979,-0.0644599303135889,-0.554355400696864,-0.216376306620209,0.275435540069686,0.249825783972125,-0.156271777003484,-0.0641114982578397,-0.286759581881533,0.0381533101045296,-0.263937282229965,0.309581881533101,-0.392160278745645,-0.0102787456445993,0.130487804878049,0.321777003484321,0.293554006968641,0.171602787456446,0.214808362369338,0.132578397212544,0.314459930313589,-0.495818815331011,-0.202613240418119,0.348257839721254,-0.402264808362369,-0.257142857142857,0.0437282229965157,0.0468641114982578,-0.0606271777003484,0.275435540069686,-0.14006968641115,-0.127526132404181,0.339895470383275,-0.095993031358885,0.213066202090592,-0.190243902439024,-0.0883275261324042,0.191811846689896,0.0658536585365854,0.176480836236934,0.0686411149825784,-0.0247386759581882,0.340243902439024,0.305923344947735,0.556445993031359,-0.35418118466899,0.346689895470383,0.148432055749129,-0.378745644599303,-0.24808362369338,0.139372822299652,-0.252264808362369,0.473519163763066,0.268989547038328,-0.348257839721254,0.200174216027875,0.426132404181185,-0.254703832752613,0.197386759581882,0.103135888501742,-0.456968641114983,-0.0803135888501742,0.135017421602787,0.00993031358885018,0.325609756097561,-0.024390243902439,-0.0656794425087108,0.323170731707317,NA,0.191114982578397,0.367247386759582,0.375435540069686,0.392857142857143,-0.167595818815331,-0.0966898954703833,-0.518641114982578,-0.187630662020906,0.253135888501742,0.246864111498258,-0.204355400696864,0.0729965156794425,0.0632404181184669,-0.192682926829268,-0.176655052264808,-0.461672473867596,-0.616202090592335,0.418118466898955,-0.45801393728223,0.365853658536585,0.0451219512195122,0.354529616724739,0.424912891986063,0.271951219512195,0.12595818815331,-0.182578397212544,0.325783972125436,-0.222996515679443,0.373867595818815,-0.381010452961673,0.526655052264808,-0.327351916376307,-0.513240418118467,0.345470383275261,0.0601045296167248,-0.163937282229965,0.25,0.397386759581882,0.165853658536585,-0.356445993031359,-0.379442508710801,0.334668989547038,0.36184668989547,0.256271777003484,-0.445296167247387,-0.0242160278745645,0.327700348432056,-0.425435540069686,-0.231358885017422,-0.270034843205575,0.401567944250871,0.328571428571429,0.428397212543554,0.265156794425087,-0.235714285714286,0.316376306620209,0.317770034843206,-0.24581881533101,-0.212369337979094,0.373867595818815,0.341637630662021,0.32822299651568,-0.606620209059234,0.249303135888502,0.106620209059233,0.359756097560976,0.206271777003484,0.321602787456446,0.337979094076655,0.117770034843206,0.366724738675958,0.477351916376307,-0.512543554006969,0.232404181184669,0.230487804878049,0.384320557491289,0.176132404181185,-0.342160278745645,0.418118466898955,0.176306620209059,0.0440766550522648,0.450871080139373,0.323170731707317,0.371080139372822,0.210452961672474,0.409756097560976,-0.0209059233449477,0.353310104529617,0.386759581881533,0.31219512195122,0.0977351916376307,-0.0106271777003484,-0.130836236933798,-0.150522648083624,0.0763066202090592,0.60418118466899,0.203658536585366,0.251219512195122,0.250348432055749,-0.0616724738675958,-0.036411149825784,-0.00435540069686411,0.20383275261324,0.158536585365854,0.263066202090592,0.0182926829268293,0.143205574912892,0.114808362369338,0.239372822299652,0.30993031358885,0.102439024390244,0.189024390243902,0.0418118466898955,-0.405574912891986,-0.0585365853658537
OTU_114,0.0954703832752613,0.384494773519164,-0.227526132404181,0.0163763066202091,-0.0440766550522648,0.607142857142857,-0.0165505226480836,0.381184668989547,0.040418118466899,0.170557491289199,0.204355400696864,-0.0801393728222997,0.306968641114983,-0.164285714285714,0.15,-0.0817073170731707,-0.197560975609756,-0.285191637630662,0.437979094076655,0.339372822299652,-0.234320557491289,0.155226480836237,0.14581881533101,0.35801393728223,-0.460278745644599,-0.0167247386759582,0.0599303135888502,0.0993031358885018,-0.0902439024390244,-0.0562717770034843,0.290243902439024,0.596341463414634,0.411672473867596,0.606271777003484,0.676132404181185,0.441289198606272,0.172996515679443,0.164459930313589,0.208710801393728,0.314285714285714,-0.466376306620209,0.068815331010453,-0.418641114982578,0.202787456445993,-0.153484320557491,0.103135888501742,-0.0965156794425087,0.342160278745645,0.287282229965157,0.616376306620209,0.223170731707317,-0.21411149825784,-0.0515679442508711,-0.250348432055749,0.0423344947735192,0.0170731707317073,0.187282229965157,-0.132404181184669,0.410452961672474,0.152961672473868,0.0437282229965157,0.22595818815331,-0.0184668989547038,0.127003484320558,-0.182229965156794,0.192857142857143,-0.274390243902439,0.184320557491289,0.652439024390244,0.416550522648084,-0.305052264808362,0.408885017421603,0.254355400696864,0.377351916376307,0.157491289198606,0.3301393728223,-0.110452961672474,-0.0487804878048781,-0.363414634146342,0.383797909407666,0.0813588850174216,0.0270034843205575,0.684843205574913,0.37404181184669,-0.0111498257839721,0.252090592334495,0.173519163763066,0.0217770034843206,0.0606271777003484,0.146864111498258,-0.259233449477352,0.10191637630662,0.275087108013937,0.235365853658537,-0.379790940766551,-0.380487804878049,0.145121951219512,0.164285714285714,-0.384320557491289,0.414808362369338,0.00731707317073171,-0.200348432055749,0.456620209059234,0.252961672473868,-0.425087108013937,0.0252613240418119,0.381707317073171,0.361149825783972,-0.155574912891986,0.191114982578397,NA,0.0933797909407666,0.725609756097561,0.0520905923344948,-0.434668989547038,-0.137456445993031,-0.317595818815331,0.0682926829268293,0.0430313588850174,-0.0533101045296167,-0.438327526132404,0.201045296167247,0.120905923344948,-0.337456445993031,0.0602787456445993,-0.0374564459930314,-0.0195121951219512,0.0738675958188153,-0.0465156794425087,0.154006968641115,-0.0418118466898955,-0.133797909407666,0.113937282229965,-0.0644599303135889,0.438501742160279,-0.314982578397213,-0.0491289198606272,-0.00557491289198606,-0.0292682926829268,-0.11411149825784,0.352787456445993,0.187282229965157,0.21184668989547,-0.0801393728222997,0.132229965156794,-0.149303135888502,-0.140766550522648,-0.0519163763066202,-0.0862369337979094,-0.0369337979094077,-0.16602787456446,0.118292682926829,0.378919860627178,-0.114982578397213,-0.164634146341463,0.16219512195122,0.0562717770034843,0.178048780487805,0.312891986062718,-0.215331010452962,-0.0418118466898955,-0.0876306620209059,0.141114982578397,0.576829268292683,-0.424216027874565,-0.199825783972125,0.025609756097561,-0.240766550522648,-0.484843205574913,-0.0454703832752613,0.118118466898955,-0.0682926829268293,-0.213763066202091,-0.0731707317073171,-0.0538327526132404,-0.107665505226481,-0.0101045296167247,0.538675958188153,-0.00574912891986063,0.656620209059234,-0.131881533101045,-0.184494773519164,-0.186933797909408,-0.186585365853659,0.00627177700348432,-0.0806620209059234,-0.138850174216028,0.0029616724738676,0.0224738675958188,-0.359233449477352,0.207665505226481,0.291289198606272,-0.200871080139373,0.0346689895470383,0.00574912891986063,0.139024390243902,-0.0874564459930314,0.176480836236934,-0.18205574912892,-0.271777003484321,-0.184494773519164,-0.285365853658537,-0.163240418118467,0.0439024390243902,-0.277700348432056,0.279442508710801,-0.363763066202091,0.0168989547038328,-0.0630662020905924,-0.0224738675958188,-0.0761324041811847,-0.302090592334495,-0.202787456445993,-0.197735191637631,-0.25801393728223,-0.356271777003484,-0.109756097560976,-0.0719512195121951,-0.131533101045296,-0.194599303135889,0.0844947735191638,-0.154355400696864,-0.0317073170731707,-0.133449477351916,-0.429094076655052
OTU_115,0.0529616724738676,-0.48397212543554,0.0604529616724739,-0.730662020905923,0.140418118466899,-0.162369337979094,-0.762891986062718,-0.488850174216028,0.118989547038328,-0.654006968641115,-0.436759581881533,0.816898954703833,0.164808362369338,0.0810104529616725,-0.723693379790941,-0.832404181184669,0.238501742160279,-0.675261324041812,-0.0724738675958188,-0.692160278745645,0.230313588850174,-0.188850174216028,0.808885017421603,-0.35,0.341114982578397,0.0411149825783972,-0.443728222996516,0.628571428571429,0.639895470383275,-0.321254355400697,-0.729790940766551,-0.272299651567944,-0.162717770034843,0.320905923344948,0.331358885017422,-0.591289198606272,0.192334494773519,-0.0780487804878049,-0.115156794425087,0.340592334494774,0.418815331010453,-0.463937282229965,0.270034843205575,-0.772299651567944,-0.80993031358885,0.0365853658536585,0.795470383275262,-0.0726480836236934,-0.452787456445993,-0.163240418118467,-0.530313588850174,-0.804006968641115,0.855400696864112,-0.782404181184669,0.0449477351916376,0.84808362369338,0.869163763066202,0.779268292682927,0.623867595818815,0.860801393728223,0.00383275261324042,-0.243205574912892,-0.766376306620209,-0.11794425087108,0.547560975609756,-0.547560975609756,-0.553135888501742,-0.146864111498258,0.460104529616725,0.463414634146342,0.563240418118467,-0.39390243902439,-0.39808362369338,-0.195818815331011,-0.632229965156795,0.256968641114983,-0.385365853658537,-0.00993031358885018,0.396864111498258,0.467595818815331,0.295296167247387,-0.0674216027874565,-0.144773519163763,0.290766550522648,0.766376306620209,0.773344947735192,-0.814982578397213,0.738501742160279,-0.266376306620209,-0.537804878048781,-0.700174216027875,-0.414285714285714,-0.381881533101045,0.805052264808363,0.0557491289198606,0.00365853658536585,0.851219512195122,0.882752613240418,-0.432578397212544,-0.109233449477352,-0.413588850174216,-0.704355400696864,-0.358362369337979,0.539547038327526,-0.0487804878048781,0.856794425087108,0.145470383275261,-0.101045296167247,0.798954703832753,0.367247386759582,0.0933797909407666,NA,0.00470383275261324,0.330662020905923,0.238327526132404,-0.555923344947735,-0.371602787456446,-0.190243902439024,0.853832752613241,0.787979094076655,-0.546864111498258,0.357142857142857,-0.333797909407666,-0.471602787456446,-0.0557491289198606,-0.264285714285714,-0.270383275261324,0.871777003484321,-0.472299651567944,0.832752613240418,0.191637630662021,0.856794425087108,0.886933797909408,0.861324041811847,0.0649825783972126,-0.00940766550522648,0.42595818815331,0.112891986062718,0.855226480836237,-0.687456445993032,0.650348432055749,-0.400348432055749,-0.502787456445993,0.845121951219512,-0.445121951219512,0.176829268292683,0.823344947735192,0.834146341463415,0.566724738675958,-0.339198606271777,-0.69198606271777,0.783101045296167,0.639547038327526,0.760278745644599,-0.714285714285714,-0.242160278745645,0.905400696864112,-0.15609756097561,-0.51411149825784,-0.562543554006969,0.895644599303136,0.8301393728223,0.855052264808363,-0.075609756097561,-0.0221254355400697,0.65801393728223,0.852613240418119,-0.573867595818815,-0.525087108013937,0.869512195121951,0.782578397212544,0.84808362369338,-0.656794425087108,0.165331010452962,0.717595818815331,0.781533101045296,0.687979094076655,0.582229965156794,0.85418118466899,0.204529616724739,0.836759581881533,0.829616724738676,-0.722648083623694,0.797038327526133,0.749303135888502,0.886585365853659,0.723170731707317,0.114285714285714,0.812543554006969,0.609756097560976,0.176132404181185,0.620383275261324,0.750522648083624,0.701742160278746,0.679268292682927,0.803484320557491,-0.135714285714286,0.0923344947735192,0.770557491289199,0.596689895470383,0.630313588850174,0.551393728222997,-0.460975609756098,-0.100174216027875,0.512020905923345,0.537630662020906,0.555052264808363,0.286585365853659,0.489895470383275,0.358710801393728,-0.012020905923345,0.393728222996516,0.670557491289199,0.7,0.708710801393728,0.474564459930314,0.618292682926829,0.437456445993031,0.644425087108014,0.658362369337979,0.702264808362369,0.633623693379791,0.345993031358885,-0.409756097560976,-0.255400696864112
OTU_116,0.245993031358885,0.202613240418119,-0.199477351916376,-0.0768292682926829,0.0538327526132404,0.566376306620209,0.078397212543554,0.236585365853659,-0.157491289198606,0.089198606271777,0.440418118466899,-0.0376306620209059,0.0951219512195122,0.316550522648084,0.00435540069686411,-0.0153310104529617,-0.0425087108013937,-0.0627177700348432,0.785191637630662,0.183101045296167,-0.0766550522648084,0.256968641114983,0.257317073170732,0.500348432055749,-0.461672473867596,-0.222473867595819,-0.0388501742160279,-0.0292682926829268,-0.194947735191638,-0.213414634146342,0.476306620209059,0.531707317073171,0.37212543554007,0.464808362369338,0.716376306620209,0.443554006968641,0.0379790940766551,0.15383275261324,-0.0114982578397213,0.568815331010453,-0.635714285714286,-0.0167247386759582,-0.426655052264808,-0.00365853658536585,-0.0114982578397213,0.371777003484321,-0.210104529616725,0.254529616724739,0.37212543554007,0.391811846689896,0.42404181184669,-0.0879790940766551,-0.137282229965157,-0.236585365853659,0.0939024390243903,-0.280662020905923,0.167595818815331,-0.202961672473868,0.161149825783972,-0.120905923344948,0.20191637630662,0.277526132404181,-0.09198606271777,-0.0890243902439025,-0.0534843205574913,0.0200348432055749,-0.324216027874564,0.067595818815331,0.243379790940767,0.0128919860627178,-0.2301393728223,0.299303135888502,0.173344947735192,0.618815331010453,0.198606271777004,0.339198606271777,0.0270034843205575,-0.0749128919860627,-0.264459930313589,0.26602787456446,0.184843205574913,0.0102787456445993,0.694425087108014,0.317421602787457,-0.0599303135888502,0.401742160278746,0.149825783972125,0.00261324041811847,0.245296167247387,-0.0290940766550523,-0.0900696864111498,0.473693379790941,0.154878048780488,0.240766550522648,-0.203658536585366,-0.681010452961673,0.0400696864111498,0.168989547038328,-0.133101045296167,0.660452961672474,0.323867595818815,-0.298606271777004,0.318292682926829,0.0719512195121951,-0.374912891986063,-0.0625435540069686,0.0214285714285714,0.401393728222997,-0.0965156794425087,0.375435540069686,0.725609756097561,0.00470383275261324,NA,0.355400696864112,-0.635191637630662,0.173344947735192,-0.452090592334495,0.0141114982578397,-0.0308362369337979,-0.130662020905923,-0.187456445993031,0.0374564459930314,0.18588850174216,-0.228745644599303,-0.237979094076655,-0.419686411149826,-0.280487804878049,0.0573170731707317,-0.288850174216028,0.0435540069686411,-0.0372822299651568,-0.146515679442509,0.0390243902439024,-0.127003484320558,0.700174216027875,-0.521777003484321,0.0827526132404181,-0.141811846689896,-0.0616724738675958,-0.124738675958188,0.4301393728223,-0.0709059233449478,-0.05,0.00174216027874565,0.322299651567944,-0.480662020905923,-0.147560975609756,-0.0289198606271777,-0.0510452961672474,0.0506968641114983,-0.252787456445993,0.257491289198606,0.306271777003484,-0.176480836236934,-0.336933797909408,-0.0609756097560976,-0.0670731707317073,-0.15993031358885,0.234494773519164,-0.286062717770035,0.00452961672473868,0.0111498257839721,0.115505226480836,0.821777003484321,-0.380836236933798,-0.134494773519164,0.0468641114982578,-0.116202090592335,-0.335017421602788,0.0242160278745645,0.236236933797909,-0.118989547038328,-0.189024390243902,0.0367595818815331,-0.106620209059233,-0.0141114982578397,0.00313588850174216,0.528222996515679,0.0114982578397213,0.445818815331011,-0.0452961672473868,-0.0872822299651568,-0.246515679442509,-0.230487804878049,-0.17020905923345,-0.0933797909407666,-0.269512195121951,-0.452264808362369,0.13780487804878,-0.469512195121951,0.0968641114982579,0.408188153310105,-0.109581881533101,0.263240418118467,-0.124912891986063,0.208710801393728,-0.0477351916376307,0.500348432055749,-0.0987804878048781,-0.0649825783972126,-0.209581881533101,-0.355574912891986,0.072822299651568,-0.149477351916376,-0.292857142857143,0.491289198606272,-0.254878048780488,0.0628919860627178,-0.0329268292682927,-0.215505226480836,-0.0724738675958188,-0.359581881533101,-0.21219512195122,-0.254878048780488,-0.184320557491289,-0.313588850174216,-0.137979094076655,-0.0935540069686411,-0.143031358885017,-0.194773519163763,-0.171254355400697,-0.162543554006969,-0.104355400696864,-0.208710801393728,-0.23205574912892
OTU_117,0.270034843205575,-0.20993031358885,-0.0621951219512195,-0.212891986062718,-0.0454703832752613,0.354355400696864,-0.151219512195122,-0.303658536585366,-0.0745644599303136,-0.311498257839721,0.100696864111498,0.376306620209059,-0.320034843205575,0.770557491289199,-0.442682926829268,-0.477177700348432,0.278745644599303,-0.187456445993031,0.679094076655052,-0.424738675958188,0.414285714285714,0.0282229965156794,0.65609756097561,0.25383275261324,0.142508710801394,0.107839721254355,-0.230313588850174,0.423519163763066,0.0233449477351916,-0.207665505226481,-0.108536585365854,0.0280487804878049,-0.184843205574913,0.299477351916376,0.251393728222997,-0.0702090592334495,0.0911149825783972,0.00331010452961673,-0.420905923344948,0.670731707317073,-0.272299651567944,-0.204355400696864,0.0602787456445993,-0.472996515679443,-0.127700348432056,0.591289198606272,0.213066202090592,-0.0278745644599303,-0.181533101045296,-0.268118466898955,0.190592334494774,-0.184146341463415,0.218118466898955,-0.345993031358885,-0.0848432055749129,0.100348432055749,0.384843205574913,0.220557491289199,0.275435540069686,0.136759581881533,0.410627177700349,0.101045296167247,-0.294599303135889,-0.174738675958188,0.437979094076655,-0.329094076655052,-0.509756097560976,-0.174390243902439,-0.0496515679442509,-0.116376306620209,0.0141114982578397,-0.354878048780488,-0.171428571428571,0.261149825783972,-0.0486062717770035,0.375435540069686,0.225435540069686,-0.00505226480836237,0.0780487804878049,0.225087108013937,0.468815331010453,-0.0844947735191638,0.256445993031359,0.240592334494774,0.148606271777004,0.651567944250871,-0.296864111498258,0.278571428571429,0.0909407665505227,-0.462543554006969,-0.0104529616724739,0.324912891986063,-0.118989547038328,0.526829268292683,-0.163937282229965,-0.363588850174216,0.339372822299652,0.427526132404181,0.064808362369338,0.192857142857143,0.268466898954704,-0.485540069686411,-0.224564459930314,0.184320557491289,-0.09198606271777,0.348606271777004,-0.163588850174216,0.0195121951219512,0.463588850174216,0.392857142857143,0.0520905923344948,0.330662020905923,0.355400696864112,NA,-0.31602787456446,0.0445993031358885,-0.65418118466899,0.0426829268292683,0.386933797909408,0.197212543554007,0.063588850174216,0.0280487804878049,0.178397212543554,-0.364459930313589,-0.475261324041812,-0.497909407665505,-0.275435540069686,0.449825783972126,-0.432229965156795,0.292334494773519,-0.111498257839721,0.293379790940767,0.385714285714286,0.392857142857143,0.422473867595819,-0.256445993031359,0.215156794425087,-0.0524390243902439,0.356271777003484,-0.306968641114983,0.532752613240418,-0.308362369337979,-0.42212543554007,0.415156794425087,0.0609756097560976,-0.187282229965157,0.289721254355401,0.529094076655052,0.245296167247387,0.0662020905923345,-0.530662020905924,0.542682926829268,0.446864111498258,0.216376306620209,-0.360801393728223,-0.258885017421603,0.379094076655052,-0.27595818815331,-0.275261324041812,-0.293031358885017,0.422648083623693,0.392160278745645,0.347386759581882,0.52212543554007,-0.224912891986063,0.234320557491289,0.497560975609756,-0.0794425087108014,-0.271080139372822,0.340418118466899,0.533797909407666,0.374564459930314,-0.25418118466899,0.137979094076655,0.281533101045296,0.405574912891986,0.443379790940767,0.408536585365854,0.401045296167247,0.178222996515679,0.421254355400697,0.413937282229965,-0.290418118466899,0.368466898954704,-0.00365853658536585,0.34006968641115,0.183797909407666,-0.565331010452962,0.51794425087108,0.0430313588850174,-0.00853658536585366,0.496864111498258,0.328571428571429,0.563763066202091,0.303484320557491,0.418118466898955,-0.0277003484320558,0.329616724738676,0.413937282229965,0.164808362369338,0.043205574912892,0.0552264808362369,-0.0233449477351916,-0.163240418118467,0.0702090592334495,0.346689895470383,0.279965156794425,0.340592334494774,0.336411149825784,-0.0923344947735192,-0.0331010452961673,0.241289198606272,0.185714285714286,0.34390243902439,0.289198606271777,0.101393728222997,0.172648083623693,0.161324041811847,0.274564459930314,0.390243902439024,0.217421602787456,0.274912891986063,0.0594076655052265,-0.241811846689896,-0.0198606271777004
OTU_118,-0.00191637630662021,-0.412020905923345,0.504878048780488,-0.261324041811847,-0.151742160278746,-0.637108013937282,-0.553310104529617,-0.458188153310105,-0.0320557491289199,-0.444076655052265,-0.480836236933798,0.440940766550523,0.240592334494774,-0.383101045296167,-0.39616724738676,-0.360801393728223,0.264459930313589,-0.00557491289198606,-0.649477351916376,-0.289547038327526,-0.300348432055749,-0.340766550522648,0.0595818815331011,-0.528222996515679,0.0632404181184669,-0.187630662020906,-0.0655052264808362,0.0808362369337979,0.581707317073171,0.0341463414634146,-0.649303135888502,-0.677351916376307,-0.0083623693379791,-0.168989547038328,-0.538850174216028,-0.618292682926829,-0.119512195121951,-0.12787456445993,-0.125435540069686,-0.481881533101045,0.785540069686411,-0.0554006968641115,0.197560975609756,-0.190940766550523,-0.326655052264808,-0.284494773519164,0.565331010452962,0.000871080139372823,-0.360452961672474,-0.248954703832753,-0.716550522648084,-0.14198606271777,0.505226480836237,-0.207317073170732,-0.0825783972125436,0.423867595818815,0.258710801393728,0.469512195121951,-0.00226480836236934,0.305749128919861,-0.343554006968641,-0.20993031358885,-0.05801393728223,-0.236759581881533,-0.0778745644599303,-0.0733449477351917,-0.00818815331010453,-0.205574912891986,0.0731707317073171,-0.0139372822299652,0.375087108013937,-0.177526132404181,-0.234146341463415,-0.387804878048781,-0.391463414634146,-0.108885017421603,-0.217073170731707,0.0754355400696864,0.368989547038328,0.0106271777003484,-0.127526132404181,-0.0993031358885018,-0.718989547038328,-0.239024390243902,0.460627177700349,-0.0405923344947735,-0.376306620209059,0.284843205574913,-0.23815331010453,-0.0670731707317073,-0.197212543554007,-0.455923344947735,-0.204529616724739,0.0367595818815331,0.241811846689896,0.410278745644599,0.259233449477352,0.221602787456446,-0.16411149825784,-0.440592334494774,-0.448780487804878,0.0156794425087108,-0.0822299651567944,-0.0334494773519164,0.365853658536585,0.260104529616725,0.114285714285714,-0.378571428571429,0.313937282229965,-0.167595818815331,-0.434668989547038,0.238327526132404,-0.635191637630662,-0.31602787456446,NA,-0.337282229965157,0.604529616724739,-0.0799651567944251,0.243379790940767,0.528222996515679,-0.020383275261324,0.207665505226481,-0.276480836236934,-0.0651567944250871,0.430836236933798,0.110452961672474,0.212717770034843,0.28588850174216,0.0602787456445993,0.37404181184669,0.251393728222997,0.386759581881533,0.246689895470383,0.319686411149826,-0.408536585365854,0.342508710801394,0.241289198606272,0.354006968641115,0.449651567944251,-0.0360627177700348,-0.114634146341463,0.0883275261324042,-0.0566202090592335,0.21602787456446,-0.486411149825784,0.255749128919861,0.418989547038328,0.27595818815331,0.085191637630662,-0.373867595818815,-0.00574912891986063,0.0054006968641115,-0.020383275261324,0.422473867595819,-0.0954703832752613,-0.163588850174216,0.269337979094077,0.0576655052264808,-0.338501742160279,-0.202090592334495,0.248606271777004,0.246864111498258,0.231881533101045,-0.532752613240418,0.284843205574913,0.405749128919861,0.148954703832753,-0.31794425087108,0.103135888501742,0.237804878048781,0.0790940766550523,0.297735191637631,-0.0524390243902439,0.178397212543554,0.199651567944251,0.254529616724739,0.211672473867596,-0.297212543554007,0.154355400696864,-0.226306620209059,0.320731707317073,0.250696864111498,-0.0958188153310105,0.399651567944251,0.427526132404181,0.335714285714286,0.558362369337979,0.466202090592335,0.118466898954704,0.566376306620209,0.105923344947735,-0.134843205574913,0.322473867595819,0.0731707317073171,0.225609756097561,0.0275261324041812,-0.0592334494773519,-0.0801393728222997,0.190940766550523,0.149128919860627,0.250522648083624,0.625087108013937,-0.0400696864111498,-0.0757839721254356,0.260452961672474,-0.128919860627178,0.233275261324042,0.028397212543554,0.135191637630662,0.147212543554007,0.000522648083623693,0.331358885017422,0.399651567944251,0.36411149825784,0.297038327526132,0.290243902439024,0.173519163763066,0.234320557491289,0.279268292682927,0.359407665505227,0.268641114982578,0.285365853658537,0.142857142857143,0.222473867595819,0.0695121951219512
OTU_119,0.193379790940767,-0.139721254355401,0.355749128919861,0.100696864111498,0.103484320557491,0.00923344947735192,0.589721254355401,-0.0916376306620209,-0.603658536585366,0.0353658536585366,0.608710801393728,-0.257491289198606,-0.359407665505227,0.422473867595819,0.351219512195122,0.556271777003484,0.359059233449477,0.782229965156795,0.218466898954704,0.204878048780488,0.117421602787456,-0.222473867595819,-0.398432055749129,-0.0447735191637631,-0.209233449477352,-0.349303135888502,0.205749128919861,-0.551393728222997,-0.664634146341464,-0.374390243902439,0.521254355400697,0.0170731707317073,-0.0536585365853659,-0.182404181184669,-0.131533101045296,0.166550522648084,-0.640766550522648,-0.445296167247387,0.18397212543554,-0.117421602787456,-0.421602787456446,0.506968641114983,0.260975609756098,0.3198606271777,0.489024390243903,-0.202090592334495,-0.612891986062718,0.222299651567944,-0.117421602787456,-0.169337979094077,0.641114982578397,0.52404181184669,-0.65191637630662,0.335714285714286,-0.402090592334495,-0.540418118466899,-0.492160278745645,-0.305574912891986,-0.365505226480836,-0.627351916376307,-0.160452961672474,-0.216202090592335,0.292857142857143,0.207839721254355,-0.441811846689896,-0.132404181184669,0.100696864111498,-0.464808362369338,-0.382926829268293,-0.637979094076655,-0.196864111498258,-0.200871080139373,0.609059233449478,0.368292682926829,0.209756097560976,-0.0205574912891986,0.118989547038328,-0.431881533101045,-0.256271777003484,-0.287456445993031,-0.297212543554007,-0.386759581881533,0.0956445993031359,-0.4198606271777,-0.640418118466899,-0.238501742160279,0.37595818815331,-0.211672473867596,-0.0282229965156794,-0.107142857142857,0.465679442508711,0.424738675958188,-0.165156794425087,-0.405574912891986,0.309233449477352,0.0229965156794425,-0.415679442508711,-0.524564459930314,0.337979094076655,0.336411149825784,0.493031358885018,0.275435540069686,-0.159233449477352,-0.417595818815331,0.372996515679443,-0.431533101045296,-0.0250871080139373,0.384668989547038,-0.338675958188153,-0.0966898954703833,-0.137456445993031,-0.555923344947735,0.173344947735192,0.0445993031358885,-0.337282229965157,NA,0.102439024390244,-0.325435540069687,-0.460627177700349,-0.53588850174216,0.568815331010453,-0.0684668989547038,0.564808362369338,0.0895470383275262,-0.459756097560976,-0.112020905923345,-0.114982578397213,-0.489372822299652,-0.214459930313589,-0.621080139372822,-0.265853658536585,-0.541289198606272,-0.507491289198606,-0.464982578397213,0.267247386759582,0.134146341463415,0.118989547038328,-0.0287456445993031,-0.550871080139373,0.612020905923345,-0.214808362369338,-0.207491289198606,-0.122822299651568,-0.345296167247387,0.0303135888501742,-0.131533101045296,-0.524390243902439,-0.424390243902439,-0.37595818815331,0.471428571428572,0.306968641114983,-0.232404181184669,-0.406968641114983,-0.313588850174216,0.265853658536585,-0.344076655052265,-0.539721254355401,-0.268641114982578,0.095993031358885,0.373519163763066,-0.508536585365854,-0.434494773519164,-0.358536585365854,0.165853658536585,0.150348432055749,-0.368989547038328,-0.445818815331011,0.352787456445993,0.519337979094077,-0.447909407665505,-0.380313588850174,-0.436759581881533,0.495121951219512,-0.0407665505226481,-0.211498257839721,-0.420731707317073,-0.427003484320558,-0.246689895470383,-0.386062717770035,-0.147735191637631,-0.375783972125436,-0.348432055749129,0.294250871080139,-0.331707317073171,-0.730313588850174,-0.484668989547038,-0.541114982578397,-0.563937282229965,-0.380836236933798,-0.387630662020906,-0.0865853658536586,-0.198780487804878,-0.391289198606272,-0.163937282229965,-0.66411149825784,-0.321777003484321,-0.217247386759582,0.373170731707317,-0.263763066202091,-0.212717770034843,-0.337804878048781,-0.523693379790941,0.0587108013937282,0.0083623693379791,-0.295818815331011,0.0989547038327526,-0.309233449477352,0.0461672473867596,-0.0186411149825784,-0.572822299651568,0.0266550522648084,-0.384494773519164,-0.414285714285714,-0.290243902439024,-0.431358885017422,-0.46219512195122,-0.538501742160279,-0.460627177700349,-0.332578397212544,-0.449651567944251,-0.453135888501742,-0.476480836236934,0.0614982578397213,0.150871080139373,0.176655052264808
OTU_121,0.0430313588850174,-0.103310104529617,0.451219512195122,0.163588850174216,-0.267595818815331,-0.412891986062718,0.000522648083623693,-0.056794425087108,-0.114459930313589,0.0574912891986063,-0.205923344947735,-0.104006968641115,0.112369337979094,-0.408188153310105,0.202439024390244,0.341637630662021,0.0327526132404181,0.407491289198606,-0.555923344947735,0.315853658536585,-0.511498257839721,-0.111498257839721,-0.528222996515679,-0.262369337979094,-0.310104529616725,-0.265156794425087,0.426829268292683,-0.345296167247387,0.13397212543554,0.194250871080139,0.00470383275261324,-0.336933797909408,0.124564459930314,-0.224564459930314,-0.597386759581882,-0.0925087108013938,-0.279616724738676,-0.0362369337979094,0.148780487804878,-0.636585365853659,0.41184668989547,0.412891986062718,-0.0170731707317073,0.352439024390244,0.256445993031359,-0.295818815331011,-0.0937282229965157,0.335540069686411,0.0189895470383275,0.0369337979094077,-0.261324041811847,0.407491289198606,-0.131707317073171,0.334668989547038,0.0320557491289199,-0.125783972125436,-0.292682926829268,-0.1698606271777,-0.360627177700349,-0.264634146341463,-0.460278745644599,-0.0668989547038328,0.5,-0.185191637630662,-0.632752613240418,0.389372822299652,0.399303135888502,-0.115505226480836,-0.196341463414634,-0.270383275261324,0.0560975609756098,0.146864111498258,0.0963414634146342,-0.259581881533101,0.0825783972125436,-0.133623693379791,0.106794425087108,0.131533101045296,0.0735191637630662,-0.15801393728223,-0.264459930313589,-0.0698606271777004,-0.385540069686411,-0.443728222996516,-0.124912891986063,-0.555400696864112,0.173344947735192,-0.3198606271777,-0.00958188153310105,0.229268292682927,0.236759581881533,-0.0606271777003484,0.100348432055749,-0.513414634146342,0.244425087108014,0.282404181184669,-0.289024390243903,-0.402613240418119,0.236411149825784,-0.33397212543554,-0.0987804878048781,0.564982578397213,0.166376306620209,-0.309059233449477,0.232752613240418,-0.32404181184669,-0.0217770034843206,-0.0977351916376307,-0.335365853658537,-0.518641114982578,-0.317595818815331,-0.371602787456446,-0.452090592334495,-0.65418118466899,0.604529616724739,0.102439024390244,NA,0.0651567944250871,-0.368466898954704,-0.0735191637630662,0.240243902439024,-0.251045296167247,-0.0104529616724739,0.310975609756098,0.39581881533101,0.218292682926829,0.447735191637631,-0.341289198606272,0.420383275261324,-0.220557491289199,0.0742160278745645,-0.290418118466899,-0.359233449477352,-0.310975609756098,-0.273693379790941,0.226480836236934,-0.0668989547038328,0.257317073170732,-0.249651567944251,0.489895470383275,-0.524216027874565,0.274216027874565,0.318815331010453,-0.379616724738676,-0.169163763066202,0.0832752613240418,-0.221428571428571,-0.344076655052265,-0.36602787456446,-0.0696864111498258,0.551742160278746,-0.502264808362369,-0.329094076655052,-0.189024390243902,0.32212543554007,-0.0569686411149826,-0.395644599303136,0.126829268292683,0.210104529616725,0.155226480836237,-0.417595818815331,-0.310278745644599,-0.273867595818815,-0.431707317073171,0.266202090592335,-0.146864111498258,-0.47020905923345,0.00226480836236934,0.367073170731707,-0.344773519163763,-0.369686411149826,-0.334320557491289,0.524390243902439,-0.0754355400696864,-0.292508710801394,-0.351393728222997,-0.281010452961673,-0.5198606271777,-0.380836236933798,-0.250871080139373,-0.265331010452962,-0.355052264808362,0.351219512195122,-0.264285714285714,-0.0691637630662021,-0.317595818815331,-0.0158536585365854,0.242508710801394,-0.432752613240418,-0.0198606271777004,-0.100871080139373,-0.483449477351916,-0.289372822299652,-0.323170731707317,-0.341637630662021,-0.431010452961673,-0.0435540069686411,-0.118815331010453,-0.35609756097561,-0.258536585365854,-0.173519163763066,0.0747386759581882,0.140243902439024,-0.10383275261324,-0.169163763066202,-0.345121951219512,-0.234320557491289,-0.2301393728223,-0.220557491289199,-0.0806620209059234,-0.146515679442509,-0.0763066202090592,-0.0930313588850174,-0.174390243902439,-0.148780487804878,-0.10191637630662,-0.324390243902439,-0.0395470383275261,-0.245644599303136,-0.193205574912892,-0.254878048780488,-0.247038327526132,-0.0252613240418119,0.410801393728223,0.199825783972125
OTU_122,0.086411149825784,0.498954703832753,-0.539547038327526,0.603658536585366,-0.440766550522648,0.430487804878049,0.0632404181184669,0.523519163763066,0.652613240418119,0.504529616724739,-0.288850174216028,-0.317770034843206,0.0158536585365854,-0.0566202090592335,0.187804878048781,0.0137630662020906,-0.632926829268293,-0.325261324041812,0.114982578397213,0.414982578397213,-0.0844947735191638,0.632404181184669,-0.0505226480836237,0.584843205574913,-0.172473867595819,0.500348432055749,0.384494773519164,0.213066202090592,0.15993031358885,0.67595818815331,0.110278745644599,0.368989547038328,0.0928571428571429,0.205749128919861,-0.089198606271777,0.448606271777004,0.610104529616725,0.874738675958188,-0.075609756097561,0.207142857142857,-0.045993031358885,0.032404181184669,-0.479965156794425,0.236585365853659,0.243031358885017,0.497909407665505,-0.0536585365853659,0.12020905923345,0.551219512195122,0.381533101045296,-0.09198606271777,0.22787456445993,-0.0202090592334495,0.323170731707317,0.356794425087108,-0.136759581881533,-0.0825783972125436,-0.42787456445993,0.0167247386759582,-0.0543554006968641,0.469686411149826,0.582404181184669,0.458362369337979,-0.332926829268293,-0.0493031358885018,0.505923344947735,0.248954703832753,0.752090592334495,-0.0670731707317073,0.239721254355401,-0.460278745644599,0.418989547038328,-0.458885017421603,-0.183275261324042,0.455923344947735,0.155052264808362,0.320034843205575,0.863937282229965,-0.19198606271777,0.145470383275261,0.275261324041812,0.595470383275261,0.23397212543554,0.272648083623693,-0.0621951219512195,-0.148606271777004,0.332229965156794,-0.445818815331011,0.363588850174216,0.249651567944251,0.0844947735191638,0.232926829268293,0.822822299651568,-0.110801393728223,-0.581881533101045,-0.205923344947735,-0.141637630662021,-0.0494773519163763,0.30609756097561,-0.223344947735192,0.224912891986063,0.228571428571429,0.4301393728223,0.101742160278746,-0.611846689895471,-0.0890243902439025,-0.415505226480836,-0.318641114982578,-0.222822299651568,-0.187630662020906,0.0682926829268293,-0.190243902439024,0.0141114982578397,0.0426829268292683,-0.0799651567944251,-0.325435540069687,0.0651567944250871,NA,-0.160278745644599,-0.152090592334495,0.00261324041811847,-0.397212543554007,-0.171428571428571,0.261498257839721,0.238327526132404,0.302090592334495,0.477700348432056,-0.0916376306620209,0.614808362369338,-0.0707317073170732,-0.094425087108014,-0.159581881533101,-0.132752613240418,-0.210278745644599,-0.0878048780487805,-0.199825783972125,-0.655749128919861,-0.0513937282229965,-0.147038327526132,0.00331010452961673,-0.22787456445993,0.487456445993031,0.571602787456446,-0.245993031358885,0.463066202090592,-0.033623693379791,-0.2,-0.226132404181185,-0.116898954703833,0.156968641114983,0.232229965156795,-0.278397212543554,0.147212543554007,-0.414285714285714,0.135191637630662,0.600871080139373,-0.214634146341463,0.405400696864112,0.410452961672474,-0.020383275261324,-0.198257839721254,-0.100348432055749,-0.168466898954704,0.118466898954704,-0.0876306620209059,-0.174564459930314,-0.117421602787456,0.157317073170732,-0.0689895470383275,-0.260452961672474,-0.0611498257839721,-0.21794425087108,0.00470383275261324,0.0682926829268293,-0.203658536585366,-0.218641114982578,0.043205574912892,0.035191637630662,-0.251219512195122,0.233101045296167,-0.121428571428571,-0.196515679442509,0.303135888501742,-0.303484320557491,0.122996515679443,-0.183449477351916,0.0270034843205575,0.0306620209059234,-0.171602787456446,-0.209756097560976,-0.147909407665505,-0.11411149825784,-0.178048780487805,-0.106620209059233,0.0184668989547038,-0.162717770034843,0.610104529616725,-0.199303135888502,-0.201567944250871,-0.243554006968641,-0.205923344947735,0.0226480836236934,0.620905923344948,0.0304878048780488,-0.0916376306620209,-0.489198606271777,-0.144076655052265,-0.333275261324042,-0.421777003484321,0.277003484320558,0.00191637630662021,0.103484320557491,-0.231707317073171,-0.0270034843205575,0.0282229965156794,-0.00191637630662021,-0.0501742160278746,0.142334494773519,0.00557491289198606,0.0759581881533101,-0.0573170731707317,0.0329268292682927,-0.255400696864112,0.0764808362369338,-0.235714285714286
OTU_123,0.146689895470383,-0.426306620209059,0.0616724738675958,-0.605226480836237,0.0770034843205575,-0.0980836236933798,-0.700696864111498,-0.443205574912892,0.0702090592334495,-0.65,-0.398954703832753,0.772822299651568,0.0252613240418119,0.194599303135889,-0.731881533101046,-0.780836236933798,0.305749128919861,-0.603832752613241,-0.0538327526132404,-0.69616724738676,0.296515679442509,-0.236759581881533,0.755052264808363,-0.350522648083624,0.372996515679443,0.111149825783972,-0.40993031358885,0.630313588850174,0.542334494773519,-0.330836236933798,-0.695296167247387,-0.267073170731707,-0.200348432055749,0.258536585365854,0.241811846689896,-0.578397212543554,0.145644599303136,-0.121777003484321,-0.128919860627178,0.231358885017422,0.376132404181185,-0.34198606271777,0.393205574912892,-0.735540069686411,-0.739547038327526,-0.00487804878048781,0.799128919860627,-0.040418118466899,-0.476655052264808,-0.201393728222997,-0.39808362369338,-0.718292682926829,0.794947735191638,-0.745818815331011,-0.0489547038327526,0.811672473867596,0.806968641114983,0.763066202090593,0.574738675958188,0.879616724738676,0.182229965156794,-0.23397212543554,-0.672473867595819,-0.0825783972125436,0.515853658536585,-0.553310104529617,-0.568292682926829,-0.176132404181185,0.380487804878049,0.40418118466899,0.461672473867596,-0.459059233449477,-0.340243902439024,-0.158710801393728,-0.501219512195122,0.345121951219512,-0.315679442508711,0.0569686411149826,0.28588850174216,0.455574912891986,0.414982578397213,-0.0775261324041812,-0.09198606271777,0.326829268292683,0.593379790940767,0.734494773519164,-0.820557491289199,0.678571428571429,-0.369512195121951,-0.510975609756098,-0.628571428571429,-0.373693379790941,-0.310278745644599,0.747386759581882,-0.0984320557491289,0.0494773519163763,0.863937282229965,0.821602787456446,-0.49616724738676,-0.142508710801394,-0.392857142857143,-0.647909407665505,-0.425087108013937,0.696689895470383,0.0264808362369338,0.893554006968641,0.163588850174216,-0.0637630662020906,0.882404181184669,0.253135888501742,0.0430313588850174,0.853832752613241,-0.0308362369337979,0.386933797909408,0.243379790940767,-0.460627177700349,-0.368466898954704,-0.160278745644599,NA,0.744947735191638,-0.339024390243903,0.367770034843206,-0.14198606271777,-0.527177700348432,-0.1198606271777,-0.177177700348432,-0.189372822299652,0.902439024390244,-0.414285714285714,0.724912891986063,0.129442508710801,0.857665505226481,0.859059233449478,0.88815331010453,0.0533101045296167,0.00121951219512195,0.302264808362369,0.154006968641115,0.834843205574913,-0.612369337979094,0.692334494773519,-0.330313588850174,-0.384668989547038,0.813414634146342,-0.341637630662021,0.136062717770035,0.853310104529617,0.863240418118467,0.524390243902439,-0.153484320557491,-0.740766550522648,0.769163763066202,0.652961672473868,0.757665505226481,-0.617073170731707,-0.260278745644599,0.830662020905924,-0.0506968641114983,-0.687282229965157,-0.406445993031359,0.833275261324042,0.828571428571429,0.825609756097561,-0.0564459930313589,0.00209059233449477,0.618989547038328,0.885017421602788,-0.397386759581882,-0.370383275261324,0.852090592334495,0.795296167247387,0.855400696864112,-0.606794425087108,0.241637630662021,0.711324041811847,0.80418118466899,0.725609756097561,0.570731707317073,0.840766550522648,0.220557491289199,0.774390243902439,0.769163763066202,-0.597212543554007,0.831707317073171,0.651219512195122,0.762369337979094,0.683623693379791,0.104006968641115,0.816550522648084,0.556445993031359,0.288327526132404,0.641114982578397,0.745121951219512,0.694076655052265,0.631881533101045,0.749651567944251,-0.132404181184669,0.20191637630662,0.7698606271777,0.451045296167247,0.510278745644599,0.569512195121951,-0.410801393728223,-0.1198606271777,0.519163763066202,0.418815331010453,0.56411149825784,0.408362369337979,0.497038327526133,0.330313588850174,0.198780487804878,0.457142857142857,0.768641114982578,0.75609756097561,0.679790940766551,0.418118466898955,0.603658536585366,0.343379790940767,0.744425087108014,0.626829268292683,0.763588850174216,0.66219512195122,0.411672473867596,-0.335191637630662,-0.185365853658537
OTU_124,0.00156794425087108,-0.405923344947735,0.215679442508711,-0.676132404181185,0.0970383275261324,-0.384843205574913,-0.855052264808363,-0.533275261324042,-0.0625435540069686,-0.769686411149826,-0.366550522648084,0.774738675958188,0.403135888501742,-0.0980836236933798,-0.86794425087108,-0.740592334494774,0.314459930313589,-0.441114982578397,-0.16184668989547,-0.695296167247387,-0.146341463414634,-0.294947735191638,0.645818815331011,-0.389547038327526,0.295470383275261,-0.0327526132404181,-0.357491289198606,0.543554006968641,0.844425087108014,-0.222648083623693,-0.695470383275261,-0.36794425087108,0.161498257839721,0.132578397212544,0.0219512195121951,-0.700871080139373,-0.025609756097561,-0.0750871080139373,-0.252439024390244,0.0872822299651568,0.579442508710801,-0.454355400696864,0.286062717770035,-0.663066202090593,-0.765679442508711,0.0155052264808362,0.950348432055749,-0.0834494773519164,-0.413588850174216,-0.185017421602788,-0.603484320557491,-0.715156794425087,0.934843205574913,-0.797212543554007,-0.0142857142857143,0.758362369337979,0.722648083623694,0.836062717770035,0.436759581881533,0.715156794425087,-0.0674216027874565,-0.186236933797909,-0.656794425087108,-0.259059233449477,0.422996515679443,-0.33397212543554,-0.632926829268293,-0.1801393728223,0.292682926829268,0.217247386759582,0.4301393728223,-0.288850174216028,-0.412717770034843,-0.031184668989547,-0.587804878048781,0.186933797909408,-0.381707317073171,0.0837979094076655,0.313588850174216,0.376829268292683,0.267247386759582,-0.0172473867595819,-0.363414634146342,0.203310104529617,0.854529616724739,0.597212543554007,-0.723519163763066,0.760104529616725,-0.192160278745645,-0.344947735191638,-0.628397212543554,-0.504529616724739,-0.33397212543554,0.638327526132404,0.0486062717770035,0.0736933797909408,0.828048780487805,0.786585365853659,-0.448780487804878,-0.0357142857142857,-0.345993031358885,-0.646864111498258,-0.0900696864111498,0.548954703832753,0.163240418118467,0.755400696864112,0.301219512195122,-0.39390243902439,0.774912891986063,0.246864111498258,-0.0533101045296167,0.787979094076655,-0.130662020905923,0.197212543554007,0.528222996515679,-0.53588850174216,-0.0735191637630662,-0.152090592334495,0.744947735191638,NA,-0.393205574912892,0.418466898954704,-0.356445993031359,-0.532404181184669,0.314459930313589,-0.264982578397213,-0.113240418118467,0.836411149825784,-0.314634146341463,0.82020905923345,0.512369337979094,0.87787456445993,0.744599303135889,0.793031358885018,0.0425087108013937,0.0541811846689896,0.295644599303136,0.443554006968641,0.877003484320558,-0.587456445993031,0.548606271777004,-0.126132404181185,-0.413414634146342,0.745121951219512,-0.493728222996516,0.184320557491289,0.813414634146342,0.75418118466899,0.542857142857143,-0.363066202090592,-0.651393728222997,0.684320557491289,0.499303135888502,0.790766550522648,-0.724738675958188,-0.292160278745645,0.80418118466899,-0.020383275261324,-0.56794425087108,-0.625261324041812,0.821951219512195,0.810278745644599,0.754703832752613,-0.143379790940767,0.0456445993031359,0.741811846689896,0.798606271777004,-0.604006968641115,-0.291463414634146,0.771602787456446,0.679616724738676,0.836585365853659,-0.498954703832753,0.407317073170732,0.692160278745645,0.811149825783972,0.641289198606272,0.32595818815331,0.681184668989547,0.140592334494774,0.80993031358885,0.673170731707317,-0.60418118466899,0.771080139372822,0.647735191637631,0.851219512195122,0.886062717770035,0.158362369337979,0.697560975609756,0.508536585365854,0.432926829268293,0.467247386759582,0.765156794425087,0.628919860627178,0.528397212543554,0.671777003484321,0.0024390243902439,0.191811846689896,0.735365853658537,0.601219512195122,0.697212543554007,0.769512195121951,-0.223693379790941,-0.143205574912892,0.661498257839721,0.40191637630662,0.450696864111498,0.413588850174216,0.59006968641115,0.252439024390244,-0.0083623693379791,0.367421602787457,0.726306620209059,0.612020905923345,0.725783972125436,0.495644599303136,0.524216027874565,0.386585365853659,0.602264808362369,0.703135888501742,0.60418118466899,0.609756097560976,0.196341463414634,-0.239547038327526,-0.267770034843206
OTU_125,0.0764808362369338,-0.0651567944250871,0.245993031358885,0.33205574912892,-0.00662020905923345,-0.115679442508711,0.438675958188153,-0.0151567944250871,-0.358710801393728,0.139198606271777,0.298606271777004,-0.275261324041812,-0.433101045296167,0.266898954703833,0.267247386759582,0.436411149825784,0.228048780487805,0.594947735191638,0.0574912891986063,0.12787456445993,0.0963414634146342,0.0433797909407666,-0.427351916376307,-0.029616724738676,0.0780487804878049,-0.0930313588850174,0.0930313588850174,-0.490418118466899,-0.420905923344948,-0.0797909407665505,0.243728222996516,-0.205923344947735,-0.183797909407666,-0.45993031358885,-0.419337979094077,-0.000174216027874565,-0.378397212543554,-0.171254355400697,-0.215853658536585,-0.331010452961673,-0.121080139372822,0.294599303135889,0.130487804878049,0.268118466898955,0.509059233449477,-0.0517421602787457,-0.395644599303136,-0.0510452961672474,0.0947735191637631,-0.389721254355401,0.300174216027875,0.600174216027875,-0.469686411149826,0.471428571428572,-0.193379790940767,-0.456794425087108,-0.595470383275261,-0.255923344947735,-0.621428571428572,-0.513066202090592,-0.028397212543554,-0.0775261324041812,0.367595818815331,0.0439024390243902,-0.272299651567944,0.0862369337979094,0.317421602787457,-0.247735191637631,-0.657491289198606,-0.672822299651568,-0.108362369337979,-0.0447735191637631,0.345993031358885,-0.0236933797909408,0.29390243902439,-0.281533101045296,0.507317073170732,0.0292682926829268,-0.259233449477352,-0.529790940766551,-0.25418118466899,-0.225783972125436,-0.213588850174216,-0.40801393728223,-0.429094076655052,-0.422299651567944,0.281707317073171,-0.317770034843206,0.0325783972125436,0.0494773519163763,0.443205574912892,0.187630662020906,0.0346689895470383,-0.465331010452962,0.177526132404181,0.126306620209059,-0.509581881533101,-0.479268292682927,0.294773519163763,-0.0357142857142857,0.260452961672474,0.358885017421603,-0.0872822299651568,-0.26794425087108,0.190592334494774,-0.429094076655052,-0.24006968641115,0.0862369337979094,-0.328571428571429,-0.204355400696864,-0.438327526132404,-0.546864111498258,-0.187456445993031,0.063588850174216,-0.020383275261324,0.568815331010453,0.240243902439024,0.00261324041811847,-0.339024390243903,-0.393205574912892,NA,-0.247212543554007,0.407665505226481,0.239547038327526,-0.24006968641115,-0.0174216027874564,-0.0280487804878049,-0.418466898954704,-0.00487804878048781,-0.536585365853659,-0.372473867595819,-0.328048780487805,-0.547386759581882,-0.320557491289199,-0.0693379790940767,0.116550522648084,-0.0273519163763066,-0.0951219512195122,-0.427003484320558,0.410801393728223,-0.39808362369338,0.0134146341463415,-0.0564459930313589,-0.413066202090592,0.159059233449477,-0.102264808362369,-0.282229965156794,-0.311672473867596,-0.315505226480836,0.175783972125436,0.353135888501742,-0.345121951219512,-0.471602787456446,-0.211672473867596,0.355923344947735,-0.262891986062718,-0.467595818815331,-0.139372822299652,0.128397212543554,0.360975609756098,-0.409059233449477,-0.350871080139373,-0.468815331010453,-0.0433797909407666,0.152439024390244,-0.129965156794425,-0.381881533101045,0.536411149825784,0.465331010452962,-0.343728222996516,-0.354703832752613,-0.409059233449477,0.505574912891986,0.156620209059233,-0.202787456445993,-0.337282229965157,-0.406445993031359,-0.395644599303136,-0.402439024390244,-0.410975609756098,-0.329442508710801,-0.271080139372822,0.545296167247387,-0.1801393728223,-0.45191637630662,-0.41411149825784,-0.333623693379791,-0.39581881533101,-0.430662020905923,-0.186236933797909,-0.228048780487805,-0.350522648083624,-0.221428571428571,-0.246689895470383,-0.418815331010453,-0.420731707317073,-0.0855400696864112,0.0918118466898955,-0.270383275261324,-0.0918118466898955,-0.303658536585366,-0.181533101045296,0.2801393728223,-0.138675958188153,-0.263066202090592,-0.21411149825784,-0.177177700348432,-0.183449477351916,-0.239895470383275,-0.372822299651568,-0.0322299651567944,-0.000871080139372823,-0.270731707317073,-0.174390243902439,-0.242857142857143,-0.22595818815331,-0.281707317073171,-0.100696864111498,-0.181010452961673,-0.218292682926829,-0.495470383275261,-0.251742160278746,-0.133623693379791,0.447212543554007,0.315679442508711
OTU_127,-0.382229965156795,-0.116202090592335,0.15801393728223,-0.458710801393728,0.569163763066202,-0.266724738675958,-0.276655052264808,-0.17404181184669,-0.338850174216028,-0.483449477351916,0.235365853658537,0.29616724738676,0.463414634146342,-0.226655052264808,-0.395644599303136,-0.29006968641115,0.35609756097561,-0.0886759581881533,-0.15191637630662,-0.363066202090592,0.00557491289198606,-0.544425087108014,0.196864111498258,-0.462020905923345,0.308362369337979,-0.040418118466899,-0.553135888501742,-0.00644599303135889,0.145470383275261,-0.505052264808362,-0.239198606271777,-0.0693379790940767,0.162020905923345,-0.00993031358885018,0.237108013937282,-0.393205574912892,-0.310975609756098,-0.335191637630662,-0.0371080139372822,-0.190766550522648,0.021602787456446,-0.284494773519164,0.34581881533101,-0.0834494773519164,-0.58623693379791,-0.466376306620209,0.401393728222997,-0.160278745644599,-0.310104529616725,-0.0111498257839721,-0.136236933797909,-0.591289198606272,0.337456445993031,-0.596864111498258,-0.40191637630662,0.345296167247387,0.313937282229965,0.612717770034843,0.249128919860627,0.367247386759582,-0.107665505226481,-0.538850174216028,-0.548257839721254,0.379790940766551,0.243554006968641,-0.366724738675958,-0.604878048780488,-0.371428571428571,0.428745644599303,0.214459930313589,0.00766550522648084,-0.116898954703833,0.309756097560976,0.252264808362369,-0.641463414634146,-0.159756097560976,-0.558188153310105,-0.429442508710801,-0.0554006968641115,0.0747386759581882,-0.341289198606272,-0.269686411149826,-0.0799651567944251,-0.0768292682926829,0.436585365853659,0.344425087108014,-0.195470383275261,0.638327526132404,-0.620034843205575,0.0174216027874564,-0.389721254355401,-0.507839721254356,-0.391289198606272,0.212891986062718,0.0970383275261324,0.273867595818815,0.456271777003484,0.36411149825784,-0.552787456445993,0.426132404181185,-0.32595818815331,-0.541463414634146,-0.05,0.259581881533101,0.336236933797909,0.34808362369338,0.636411149825784,0.0292682926829268,0.33588850174216,0.0729965156794425,0.201045296167247,0.357142857142857,0.0374564459930314,0.0280487804878049,0.207665505226481,-0.0684668989547038,-0.251045296167247,-0.397212543554007,0.367770034843206,0.418466898954704,-0.247212543554007,NA,-0.167421602787456,-0.661672473867596,0.0630662020905924,0.14581881533101,-0.227526132404181,0.306968641114983,-0.391114982578397,0.346689895470383,0.219163763066202,0.362717770034843,0.287456445993031,0.358188153310105,0.220557491289199,0.407491289198606,0.295296167247387,0.326655052264808,0.388327526132404,-0.351393728222997,0.272299651567944,-0.170905923344948,-0.194773519163763,0.36184668989547,-0.450696864111498,0.32404181184669,0.391463414634146,0.27595818815331,0.365853658536585,-0.0463414634146342,-0.477351916376307,0.322299651567944,0.0132404181184669,0.567770034843206,-0.269337979094077,-0.239547038327526,0.438327526132404,0.184843205574913,-0.309233449477352,-0.315853658536585,0.333797909407666,0.397735191637631,0.278745644599303,0.0290940766550523,0.0468641114982578,0.272473867595819,0.341811846689896,-0.22404181184669,-0.268466898954704,0.362717770034843,0.163414634146341,0.360452961672474,-0.25609756097561,0.336411149825784,0.485017421602787,0.39616724738676,0.167421602787456,0.252961672473868,0.316202090592335,0.0982578397212544,0.290592334494774,0.292160278745645,-0.244076655052265,0.489895470383275,0.0912891986062718,0.455400696864112,0.372822299651568,0.288327526132404,0.263937282229965,0.217770034843206,0.49616724738676,0.234494773519164,0.365853658536585,0.158362369337979,0.160975609756098,0.296341463414634,-0.179965156794425,0.14616724738676,0.358885017421603,0.222996515679443,0.370034843205575,0.368989547038328,-0.17595818815331,0.477177700348432,0.34616724738676,0.307839721254355,0.127351916376307,0.346515679442509,0.379442508710801,-0.0247386759581882,0.169337979094077,0.181010452961673,0.327526132404181,0.279965156794425,0.13397212543554,0.28205574912892,0.361498257839721,-0.217595818815331,0.235714285714286,0.202613240418119,0.42404181184669,0.294076655052265,0.23815331010453,0.0655052264808362,-0.353484320557491
OTU_128,0.533623693379791,-0.163763066202091,0.345993031358885,0.106968641114983,-0.390766550522648,0.333623693379791,0.269686411149826,-0.145470383275261,-0.28815331010453,-0.0024390243902439,0.219686411149826,-0.0440766550522648,-0.435017421602788,0.460452961672474,0.243554006968641,0.163414634146341,0.397909407665505,0.437108013937282,0.31411149825784,0.208536585365854,0.290766550522648,-0.122996515679443,-0.0398954703832753,-0.0130662020905923,-0.268989547038328,-0.151219512195122,0.349128919860627,-0.0655052264808362,-0.531707317073171,-0.143031358885017,0.195644599303136,-0.0378048780487805,-0.0665505226480836,0.276306620209059,-0.195818815331011,0.118292682926829,-0.330836236933798,-0.228397212543554,0.293031358885017,0.139547038327526,-0.370731707317073,0.717421602787457,0.271777003484321,0.174912891986063,0.35609756097561,0.0235191637630662,-0.386236933797909,0.511149825783972,-0.28397212543554,-0.163763066202091,0.542682926829268,0.427003484320558,-0.406968641114983,0.124738675958188,-0.489198606271777,-0.161324041811847,-0.220905923344948,-0.202439024390244,0.0385017421602788,-0.234843205574913,-0.110627177700348,0.131010452961672,0.329094076655052,0.224912891986063,-0.374564459930314,-0.0491289198606272,0.0104529616724739,-0.265505226480836,0.00749128919860627,-0.362020905923345,-0.202264808362369,-0.387108013937282,0.433797909407666,0.117595818815331,0.405749128919861,0.431358885017422,0.182229965156794,-0.231010452961672,-0.26794425087108,0.0341463414634146,0.0797909407665505,-0.269512195121951,0.237979094076655,-0.0252613240418119,-0.63588850174216,-0.00644599303135889,0.0834494773519164,-0.122473867595819,-0.0585365853658537,-0.350174216027875,0.307491289198606,0.392508710801394,-0.0461672473867596,-0.04198606271777,0.0895470383275262,-0.0233449477351916,-0.139024390243902,-0.243554006968641,0.115156794425087,-0.063588850174216,0.331707317073171,0.248780487804878,-0.194250871080139,-0.165853658536585,0.211672473867596,-0.101045296167247,0.0581881533101045,0.318466898954704,-0.0914634146341464,0.0632404181184669,0.120905923344948,-0.333797909407666,0.18588850174216,0.178397212543554,-0.276480836236934,0.564808362369338,-0.0104529616724739,-0.171428571428571,-0.14198606271777,-0.356445993031359,0.407665505226481,-0.167421602787456,NA,-0.160627177700348,-0.485017421602787,-0.0238675958188153,-0.0156794425087108,-0.226480836236934,-0.132578397212544,-0.273344947735192,-0.383275261324042,-0.298257839721254,-0.177351916376307,-0.173344947735192,0.155749128919861,0.0684668989547038,0.0200348432055749,0.100696864111498,-0.275783972125436,0.499477351916376,0.16602787456446,-0.147212543554007,0.00905923344947735,-0.277177700348432,-0.0083623693379791,0.0674216027874565,-0.33815331010453,-0.105923344947735,-0.301045296167247,0.418118466898955,0.114459930313589,-0.0263066202090592,0.166376306620209,-0.156445993031359,0.275261324041812,-0.160801393728223,-0.275783972125436,-0.161149825783972,0.0139372822299652,0.261498257839721,-0.275609756097561,-0.380313588850174,-0.160452961672474,0.189024390243902,0.0766550522648084,-0.368815331010453,-0.181184668989547,0.268466898954704,0.312717770034843,-0.306271777003484,-0.110104529616725,-0.151045296167247,0.279965156794425,-0.0628919860627178,-0.0489547038327526,-0.365156794425087,-0.0926829268292683,0.0874564459930314,-0.171254355400697,0.355574912891986,-0.327177700348432,-0.284668989547038,0.112891986062718,-0.137456445993031,-0.493728222996516,-0.340592334494774,-0.36184668989547,-0.489547038327526,-0.191114982578397,-0.347735191637631,-0.0710801393728223,0.148606271777004,-0.459756097560976,-0.0202090592334495,-0.397038327526132,-0.0869337979094077,-0.286062717770035,0.417073170731707,-0.188501742160279,-0.375783972125436,-0.487108013937282,-0.389198606271777,-0.140592334494774,-0.198954703832753,-0.365331010452962,0.0998257839721255,-0.272822299651568,0.116898954703833,0.194599303135889,-0.46219512195122,0.0886759581881533,-0.136759581881533,-0.293205574912892,-0.15191637630662,-0.253658536585366,-0.495296167247387,-0.432404181184669,-0.170557491289199,-0.15191637630662,-0.259233449477352,-0.167770034843206,-0.287804878048781,0.316724738675958,0.421777003484321,0.222299651567944
OTU_129,0.017595818815331,0.200696864111498,-0.24616724738676,0.57404181184669,-0.213937282229965,-0.114634146341463,0.455749128919861,0.298432055749129,0.365679442508711,0.609581881533101,-0.153135888501742,-0.510627177700349,-0.286411149825784,-0.0745644599303136,0.584320557491289,0.514285714285714,-0.478919860627178,0.143379790940767,-0.172473867595819,0.461498257839721,-0.0576655052264808,0.450696864111498,-0.481881533101045,0.288675958188153,-0.155400696864112,0.0520905923344948,0.382229965156795,-0.224564459930314,-0.233275261324042,0.535714285714286,0.2698606271777,0.106445993031359,-0.223344947735192,-0.287804878048781,-0.253310104529617,0.429094076655052,0.284843205574913,0.241289198606272,0.258188153310105,-0.120731707317073,0.0668989547038328,0.119163763066202,-0.325435540069687,0.308536585365854,0.600348432055749,0.106968641114983,-0.482926829268293,-0.0818815331010453,0.390418118466899,0.111149825783972,0.00191637630662021,0.58588850174216,-0.454878048780488,0.718292682926829,0.481707317073171,-0.437282229965157,-0.483623693379791,-0.618118466898955,-0.411324041811847,-0.445470383275261,0.0275261324041812,0.232752613240418,0.495296167247387,-0.118466898954704,-0.235365853658537,0.367247386759582,0.887979094076655,0.376829268292683,-0.455923344947735,-0.0885017421602788,-0.00679442508710802,0.229268292682927,-0.268641114982578,-0.413066202090592,0.444773519163763,-0.261498257839721,0.317595818815331,0.25383275261324,0.0294425087108014,-0.31602787456446,-0.018815331010453,0.257839721254355,-0.104006968641115,-0.122822299651568,-0.391114982578397,-0.540243902439025,0.3801393728223,-0.703135888501742,0.333449477351916,0.295644599303136,0.436411149825784,0.236062717770035,0.24808362369338,-0.509233449477352,0.103310104529617,0.0376306620209059,-0.61219512195122,-0.526132404181185,0.507491289198606,-0.368466898954704,0.191637630662021,0.605923344947735,0.0189895470383275,-0.504529616724739,-0.21794425087108,-0.547386759581882,-0.605052264808362,-0.0238675958188153,-0.443205574912892,-0.192682926829268,-0.337456445993031,-0.471602787456446,-0.228745644599303,-0.364459930313589,-0.0651567944250871,0.0895470383275262,0.310975609756098,0.261498257839721,-0.527177700348432,-0.532404181184669,0.239547038327526,-0.661672473867596,-0.160627177700348,NA,0.100522648083624,0.11602787456446,0.261324041811847,-0.52020905923345,0.424564459930314,-0.544250871080139,-0.140766550522648,-0.503310104529617,-0.486411149825784,-0.596864111498258,-0.433275261324042,-0.0940766550522648,-0.341463414634146,-0.447212543554007,-0.475783972125436,0.419163763066202,-0.625261324041812,0.193728222996516,0.295644599303136,-0.402961672473868,0.447735191637631,-0.239721254355401,-0.439895470383275,-0.562369337979094,-0.364459930313589,-0.031184668989547,0.752439024390244,-0.543031358885018,-0.453832752613241,-0.636411149825784,0.446689895470383,0.340940766550523,-0.556445993031359,-0.0937282229965157,0.377351916376307,0.473693379790941,-0.525261324041812,-0.455052264808362,-0.464459930313589,-0.278745644599303,0.0621951219512195,-0.411498257839721,-0.547560975609756,0.273519163763066,0.331881533101045,-0.395470383275261,-0.493728222996516,-0.538675958188153,0.256271777003484,-0.34006968641115,-0.591463414634146,-0.432578397212544,-0.352613240418119,-0.411149825783972,-0.474216027874565,-0.429965156794425,-0.472299651567944,-0.369163763066202,0.397909407665505,-0.560452961672474,-0.00871080139372822,-0.503310104529617,-0.486585365853659,0.144425087108014,-0.536062717770035,-0.0597560975609756,-0.40609756097561,-0.568641114982579,-0.360801393728223,-0.401219512195122,-0.208710801393728,-0.55609756097561,0.174390243902439,-0.479965156794425,-0.433797909407666,-0.229790940766551,-0.290940766550523,-0.287108013937282,0.23815331010453,-0.134320557491289,-0.241463414634146,-0.466724738675958,-0.00644599303135889,-0.498257839721254,-0.629442508710802,0.0672473867595819,-0.0475609756097561,-0.0353658536585366,-0.303658536585366,-0.392160278745645,-0.360801393728223,-0.19808362369338,-0.326829268292683,-0.0182926829268293,-0.305052264808362,-0.358362369337979,-0.476132404181185,-0.347909407665505,-0.267770034843206,-0.032404181184669,0.388501742160279
OTU_130,-0.378745644599303,0.367073170731707,-0.176132404181185,0.16219512195122,0.0270034843205575,-0.331184668989547,-0.179790940766551,0.244599303135889,0.28588850174216,0.0383275261324042,-0.0778745644599303,-0.200522648083624,0.731533101045296,-0.717421602787457,-0.0597560975609756,0.0855400696864112,-0.338501742160279,-0.0487804878048781,-0.313414634146342,0.137979094076655,-0.776132404181185,0.0663763066202091,-0.255923344947735,0.097212543554007,-0.0641114982578397,0.0895470383275262,0.154529616724739,0.00313588850174216,0.493379790940767,0.439372822299652,0.0127177700348432,0.156620209059233,0.587630662020906,-0.179616724738676,-0.197909407665505,-0.0139372822299652,0.236933797909408,0.292334494773519,0.00365853658536585,-0.413414634146342,0.327003484320558,-0.314459930313589,-0.258362369337979,0.237630662020906,-0.0301393728222997,-0.0909407665505227,0.328048780487805,-0.1801393728223,0.266550522648084,0.345296167247387,-0.379442508710801,-0.0493031358885018,0.246515679442509,-0.0594076655052265,0.240592334494774,0.0181184668989547,-0.0900696864111498,0.0515679442508711,-0.12595818815331,0.0123693379790941,-0.164459930313589,0.147909407665505,0.0810104529616725,-0.162543554006969,-0.0181184668989547,0.472822299651568,0.100522648083624,0.330487804878049,0.135191637630662,0.146689895470383,-0.161324041811847,0.523693379790941,-0.270557491289199,0.0447735191637631,0.0477351916376307,-0.287630662020906,-0.102787456445993,0.34616724738676,0.0358885017421603,-0.04198606271777,-0.101045296167247,0.371777003484321,-0.28205574912892,-0.0865853658536586,0.363763066202091,-0.345644599303136,0.15,0.018815331010453,0.102090592334495,0.603135888501742,-0.124564459930314,-0.302439024390244,0.26602787456446,-0.185191637630662,-0.191463414634146,0.178048780487805,-0.0186411149825784,-0.074390243902439,-0.0966898954703833,-0.0435540069686411,-0.149477351916376,0.140592334494774,0.598432055749129,0.105749128919861,0.0423344947735192,-0.0897212543554007,0.251742160278746,-0.481358885017422,-0.154529616724739,-0.176655052264808,0.0602787456445993,-0.0557491289198606,-0.237979094076655,-0.475261324041812,0.430836236933798,-0.459756097560976,0.39581881533101,0.238327526132404,-0.1198606271777,0.314459930313589,-0.24006968641115,0.0630662020905924,-0.485017421602787,0.100522648083624,NA,0.241811846689896,0.422299651567944,-0.039198606271777,0.448432055749129,0.118292682926829,0.655574912891986,0.0937282229965157,-0.0855400696864112,-0.0719512195121951,-0.284843205574913,0.0860627177700349,-0.343379790940767,0.377526132404181,0.0327526132404181,-0.0334494773519164,-0.2698606271777,0.684146341463415,0.341114982578397,-0.135191637630662,-0.0858885017421603,0.123519163763066,0.0736933797909408,-0.151219512195122,0.186062717770035,-0.261324041811847,0.225261324041812,-0.262020905923345,-0.200174216027875,0.085191637630662,-0.0571428571428571,0.318641114982578,-0.0191637630662021,0.444425087108014,0.0879790940766551,-0.167073170731707,-0.0588850174216028,-0.0299651567944251,-0.089198606271777,-0.290592334494774,0.0398954703832753,0.16219512195122,-0.0843205574912892,-0.242160278745645,-0.106620209059233,-0.0834494773519164,-0.232926829268293,-0.0775261324041812,0.0271777003484321,0.198257839721254,0.0353658536585366,0.0118466898954704,-0.190418118466899,-0.270905923344948,-0.200522648083624,-0.0439024390243902,-0.083623693379791,-0.175087108013937,0.108362369337979,-0.141637630662021,0.227003484320558,0.0273519163763066,0.310975609756098,0.523344947735192,-0.173170731707317,-0.0733449477351917,0.462717770034843,-0.311498257839721,-0.0282229965156794,-0.3198606271777,0.0625435540069686,-0.201567944250871,0.28205574912892,-0.401567944250871,-0.144947735191638,0.0425087108013937,0.356620209059233,0.388850174216028,0.280313588850174,0.04198606271777,0.291637630662021,-0.334146341463415,-0.109756097560976,0.0914634146341464,-0.024390243902439,0.235365853658537,-0.233101045296167,0.0362369337979094,0.0843205574912892,-0.224564459930314,-0.0621951219512195,0.146689895470383,-0.0583623693379791,-0.0466898954703833,-0.139721254355401,0.129616724738676,-0.0487804878048781,-0.0684668989547038,-0.35,0.00365853658536585,-0.247386759581882
OTU_131,-0.32404181184669,0.323693379790941,-0.218466898954704,0.44198606271777,0.0193379790940767,-0.0205574912891986,0.245644599303136,0.356794425087108,0.360104529616725,0.357142857142857,-0.154006968641115,-0.406794425087108,0.0668989547038328,-0.495993031358885,0.393205574912892,0.240418118466899,-0.32595818815331,-0.0519163763066202,-0.535191637630662,0.383275261324042,0.0121951219512195,0.0759581881533101,-0.455400696864112,-0.137630662020906,0.159756097560976,0.380487804878049,0.0879790940766551,-0.170731707317073,-0.184843205574913,0.315331010452962,-0.0378048780487805,0.0991289198606272,-0.0958188153310105,-0.191463414634146,-0.319512195121951,0.0834494773519164,0.0973867595818815,0.270905923344948,0.296689895470383,-0.456794425087108,0.0975609756097561,0.242857142857143,0.11411149825784,0.494250871080139,0.120905923344948,-0.42822299651568,-0.149477351916376,-0.0949477351916377,0.0588850174216028,0.176655052264808,-0.0738675958188153,0.121428571428571,-0.204355400696864,0.317770034843206,-0.139198606271777,0.00993031358885018,-0.329094076655052,-0.166550522648084,-0.0578397212543554,-0.0191637630662021,-0.0252613240418119,-0.071602787456446,0.30383275261324,0.344425087108014,-0.163588850174216,0.272473867595819,0.288675958188153,0.278745644599303,0.106968641114983,0.293031358885017,-0.363240418118467,0.140592334494774,0.0616724738675958,-0.36602787456446,0.0987804878048781,-0.270557491289199,-0.184320557491289,0.19006968641115,-0.187456445993031,-0.112891986062718,-0.359233449477352,0.355923344947735,-0.0986062717770035,-0.0933797909407666,-0.262891986062718,-0.498432055749129,0.29006968641115,-0.228048780487805,-0.335714285714286,0.32822299651568,0.0494773519163763,-0.321777003484321,0.272996515679443,-0.387108013937282,-0.189895470383275,0.644773519163763,-0.227177700348432,-0.336411149825784,0.0290940766550523,-0.321777003484321,-0.260627177700348,0.364982578397213,0.104355400696864,-0.0757839721254356,0.0268292682926829,-0.183275261324042,0.153135888501742,-0.103658536585366,-0.275783972125436,-0.461672473867596,-0.0374564459930314,-0.264285714285714,-0.419686411149826,-0.497909407665505,0.110452961672474,-0.112020905923345,0.218292682926829,0.302090592334495,-0.177177700348432,-0.264982578397213,-0.0174216027874564,0.14581881533101,-0.0238675958188153,0.11602787456446,0.241811846689896,NA,0.343728222996516,-0.35609756097561,0.474912891986063,-0.315331010452962,-0.150348432055749,-0.244076655052265,-0.207665505226481,-0.273519163763066,-0.471080139372822,0.563240418118467,-0.498432055749129,0.0489547038327526,-0.313588850174216,0.169512195121951,-0.381707317073171,0.344947735191638,0.595644599303136,-0.305923344947735,0.012020905923345,0.562717770034843,-0.1301393728223,-0.375783972125436,-0.159407665505227,0.322648083623693,0.370905923344948,-0.463937282229965,-0.328048780487805,-0.175261324041812,0.527177700348432,0.429094076655052,-0.216376306620209,0.458885017421603,0.222822299651568,0.395470383275261,-0.339198606271777,-0.261672473867596,-0.354529616724739,-0.409581881533101,0.465679442508711,-0.250871080139373,-0.318118466898955,0.412891986062718,0.15191637630662,-0.347909407665505,-0.388327526132404,-0.213066202090592,0.131881533101045,0.010801393728223,-0.0418118466898955,-0.362543554006969,-0.212543554006969,-0.197038327526132,-0.322473867595819,0.0405923344947735,-0.398257839721254,-0.337282229965157,0.418292682926829,-0.185714285714286,-0.102264808362369,-0.254529616724739,-0.0686411149825784,0.518118466898955,-0.343728222996516,-0.0641114982578397,0.100871080139373,-0.440766550522648,-0.364459930313589,-0.518815331010453,-0.120557491289199,-0.287804878048781,0.282752613240418,-0.395121951219512,-0.307317073170732,-0.308885017421603,-0.202961672473868,0.0350174216027875,0.120034843205575,0.419337979094077,-0.0789198606271777,-0.595644599303136,-0.215505226480836,-0.261672473867596,-0.22212543554007,0.145470383275261,0.252961672473868,0.263588850174216,-0.171254355400697,-0.052787456445993,-0.245644599303136,0.0250871080139373,-0.0198606271777004,-0.240766550522648,-0.0867595818815331,-0.164982578397213,0.0402439024390244,-0.157142857142857,0.0163763066202091,0.317421602787457,-0.0918118466898955
OTU_132,0.05801393728223,0.325087108013937,-0.240592334494774,0.505052264808362,-0.365156794425087,0.0649825783972126,0.17595818815331,0.277700348432056,0.439547038327526,0.288501742160279,-0.244947735191638,-0.278919860627178,0.158885017421603,-0.210627177700348,0.315156794425087,0.215505226480836,-0.443554006968641,-0.0343205574912892,-0.251393728222997,0.480662020905923,-0.32020905923345,-0.0398954703832753,-0.291463414634146,0.183449477351916,-0.213414634146342,0.456271777003484,0.629965156794425,0.209059233449477,0.146515679442509,0.668118466898955,0.0865853658536586,0.283797909407666,0.10418118466899,0.224216027874564,-0.24808362369338,0.274564459930314,0.299477351916376,0.309233449477352,0.377351916376307,-0.148432055749129,0.111672473867596,0.25418118466899,-0.125261324041812,0.508536585365854,0.306445993031359,0.108188153310105,-0.0452961672473868,0.379965156794425,0.116376306620209,0.550871080139373,-0.0858885017421603,0.352439024390244,-0.11602787456446,0.240766550522648,0.258362369337979,-0.00818815331010453,-0.068815331010453,-0.350174216027875,0.115505226480836,-0.0545296167247387,0.12404181184669,0.0862369337979094,0.604355400696864,-0.0177700348432056,-0.225087108013937,0.57020905923345,0.332926829268293,0.31184668989547,0.155574912891986,0.23397212543554,-0.415156794425087,0.20609756097561,-0.282404181184669,-0.289547038327526,0.409756097560976,0.185191637630662,0.232752613240418,0.436933797909408,-0.0764808362369338,0.262543554006969,0.203658536585366,0.333623693379791,0.0993031358885018,-0.111149825783972,-0.206794425087108,-0.350871080139373,0.341637630662021,-0.356794425087108,0.0444250871080139,0.390592334494774,0.349825783972126,0.175435540069686,0.497386759581882,-0.222299651567944,-0.291289198606272,0.0857142857142857,-0.0670731707317073,-0.236585365853659,0.376306620209059,-0.338675958188153,0.15801393728223,0.471254355400697,0.268815331010453,-0.0444250871080139,-0.165505226480836,-0.109233449477352,-0.104006968641115,-0.213937282229965,-0.195993031358885,-0.616202090592335,-0.0195121951219512,-0.270383275261324,-0.280487804878049,-0.275435540069686,0.212717770034843,-0.114982578397213,0.447735191637631,0.477700348432056,-0.189372822299652,-0.113240418118467,-0.0280487804878049,-0.227526132404181,-0.0156794425087108,0.261324041811847,0.422299651567944,0.343728222996516,NA,-0.206968641114983,0.716202090592335,-0.104878048780488,0.150174216027875,-0.252961672473868,-0.204355400696864,-0.215679442508711,-0.112717770034843,0.0304878048780488,-0.582578397212544,0.399128919860627,-0.204529616724739,0.409756097560976,-0.387282229965157,0.562543554006969,0.674912891986063,-0.283623693379791,0.121777003484321,0.0911149825783972,-0.266898954703833,-0.253135888501742,-0.0799651567944251,0.301045296167247,0.409059233449477,-0.292508710801394,-0.00418118466898955,-0.304529616724739,0.403484320557491,0.294773519163763,-0.269337979094077,0.653658536585366,0.179616724738676,0.255400696864112,-0.31794425087108,-0.252613240418119,-0.207665505226481,-0.198432055749129,-0.054006968641115,-0.322822299651568,-0.176306620209059,-0.0444250871080139,0.182229965156794,-0.337630662020906,-0.236062717770035,-0.228397212543554,0.34616724738676,-0.170557491289199,-0.0663763066202091,-0.298606271777004,-0.0369337979094077,-0.143728222996516,-0.312891986062718,0.184494773519164,-0.252613240418119,-0.380836236933798,0.361672473867596,-0.31184668989547,0.00749128919860627,-0.273170731707317,-0.0198606271777004,0.373867595818815,-0.299128919860627,-0.216550522648084,0.101742160278746,-0.301567944250871,-0.348606271777004,-0.236759581881533,-0.0531358885017422,-0.300522648083624,0.208885017421603,-0.389721254355401,-0.260278745644599,-0.508710801393728,-0.010801393728223,0.103484320557491,0.350696864111498,0.043205574912892,0.0592334494773519,-0.599651567944251,-0.178222996515679,-0.056794425087108,-0.199651567944251,0.235365853658537,-0.0668989547038328,0.0160278745644599,-0.137282229965157,-0.0991289198606272,-0.18397212543554,0.0212543554006969,-0.187804878048781,-0.0878048780487805,-0.17404181184669,-0.11184668989547,0.0451219512195122,-0.125435540069686,-0.0951219512195122,0.271777003484321,-0.0573170731707317
OTU_134,0.201219512195122,-0.4198606271777,0.109756097560976,-0.667421602787457,0.0114982578397213,-0.0787456445993032,-0.816202090592335,-0.478048780487805,0.0444250871080139,-0.695644599303136,-0.409756097560976,0.845818815331011,0.0961672473867596,0.22787456445993,-0.813066202090592,-0.84425087108014,0.283797909407666,-0.607491289198606,0.0639372822299652,-0.717247386759582,0.172648083623693,-0.2,0.825087108013937,-0.233797909407666,0.23588850174216,0.0113240418118467,-0.341811846689896,0.664459930313589,0.697386759581882,-0.307665505226481,-0.688501742160279,-0.271254355400697,-0.0440766550522648,0.334668989547038,0.268466898954704,-0.570034843205575,0.157142857142857,-0.0365853658536585,-0.251219512195122,0.324912891986063,0.418989547038328,-0.412543554006969,0.239547038327526,-0.807491289198606,-0.753832752613241,0.157839721254355,0.868641114982579,0.012020905923345,-0.402090592334495,-0.159407665505227,-0.449128919860627,-0.717770034843206,0.903658536585366,-0.786585365853659,0.0533101045296167,0.792160278745645,0.872996515679443,0.759581881533101,0.59425087108014,0.834668989547038,0.157665505226481,-0.0813588850174216,-0.674564459930314,-0.288501742160279,0.496515679442509,-0.491637630662021,-0.614634146341464,-0.122299651567944,0.352264808362369,0.355226480836237,0.472822299651568,-0.371080139372822,-0.446864111498258,-0.0451219512195122,-0.509581881533101,0.432229965156795,-0.303135888501742,0.117073170731707,0.376132404181185,0.514982578397213,0.476480836236934,-0.010801393728223,-0.106794425087108,0.357142857142857,0.721777003484321,0.810104529616725,-0.813066202090592,0.705574912891986,-0.18815331010453,-0.523344947735192,-0.631707317073171,-0.276655052264808,-0.265679442508711,0.80383275261324,-0.0313588850174216,-0.0850174216027875,0.871777003484321,0.914285714285714,-0.415156794425087,-0.0597560975609756,-0.310801393728223,-0.713414634146342,-0.266202090592335,0.65993031358885,-0.0182926829268293,0.894076655052265,0.126480836236934,-0.167770034843206,0.882578397212544,0.418118466898955,0.0738675958188153,0.871777003484321,0.0573170731707317,0.449825783972126,0.28588850174216,-0.489372822299652,-0.341289198606272,-0.0916376306620209,0.902439024390244,0.836411149825784,-0.418466898954704,0.306968641114983,-0.226480836236934,-0.52020905923345,-0.039198606271777,-0.35609756097561,-0.206968641114983,NA,-0.404703832752613,0.82787456445993,0.252961672473868,0.854355400696864,0.892160278745645,0.88815331010453,0.155400696864112,-0.108362369337979,0.367247386759582,0.198432055749129,0.919337979094077,-0.63815331010453,0.732926829268293,-0.291289198606272,-0.426480836236934,0.842334494773519,-0.302613240418118,0.0494773519163763,0.801742160278746,0.903484320557492,0.465505226480836,-0.245296167247387,-0.732229965156795,0.819163763066202,0.719163763066202,0.745296167247387,-0.747735191637631,-0.249825783972125,0.859233449477352,-0.116898954703833,-0.61602787456446,-0.539372822299652,0.88623693379791,0.861324041811847,0.907142857142857,0.0454703832752613,-0.117595818815331,0.67212543554007,0.877351916376307,-0.526829268292683,-0.422822299651568,0.845121951219512,0.856445993031359,0.885191637630662,-0.669337979094077,0.279965156794425,0.65801393728223,0.861149825783972,0.782404181184669,0.530487804878049,0.860801393728223,0.292857142857143,0.874564459930314,0.799303135888502,-0.653832752613241,0.805052264808363,0.678919860627178,0.837108013937282,0.75993031358885,0.00958188153310105,0.880662020905923,0.558536585365854,0.277003484320558,0.663240418118467,0.791289198606272,0.804355400696864,0.629616724738676,0.823693379790941,-0.0496515679442509,0.303484320557491,0.772473867595819,0.514285714285714,0.528571428571429,0.587804878048781,-0.299825783972126,-0.208885017421603,0.536236933797909,0.523344947735192,0.592508710801394,0.386062717770035,0.493031358885018,0.351393728222997,0.0461672473867596,0.412543554006969,0.716376306620209,0.730836236933798,0.762020905923345,0.389024390243903,0.556271777003484,0.415331010452962,0.750522648083624,0.692160278745645,0.718466898954704,0.682404181184669,0.353310104529617,-0.40801393728223,-0.265505226480836
OTU_135,-0.16602787456446,0.637108013937282,-0.419163763066202,0.718641114982579,-0.345470383275261,0.177526132404181,0.274912891986063,0.621254355400697,0.586585365853659,0.614459930313589,-0.254878048780488,-0.580836236933798,0.133623693379791,-0.378745644599303,0.444250871080139,0.418641114982578,-0.653658536585366,-0.0285714285714286,-0.228397212543554,0.541289198606272,-0.307665505226481,0.271428571428572,-0.483623693379791,0.37595818815331,-0.105749128919861,0.523867595818815,0.6301393728223,0.0524390243902439,0.0273519163763066,0.763066202090593,0.260104529616725,0.330836236933798,0.166376306620209,-0.0689895470383275,-0.328048780487805,0.422822299651568,0.414459930313589,0.573170731707317,0.154355400696864,-0.254529616724739,-0.0189895470383275,0.183101045296167,-0.322299651567944,0.543379790940767,0.457491289198606,0.153484320557491,-0.227351916376307,0.12787456445993,0.489024390243903,0.499477351916376,0.0480836236933798,0.409059233449477,-0.245296167247387,0.519686411149826,0.421428571428572,-0.215679442508711,-0.342682926829268,-0.536759581881533,-0.167770034843206,-0.208536585365854,0.292508710801394,0.335540069686411,0.668466898954704,-0.0531358885017422,-0.217247386759582,0.741463414634147,0.530313588850174,0.649477351916376,-0.0878048780487805,0.222996515679443,-0.503310104529617,0.512891986062718,-0.302439024390244,-0.257491289198606,0.499825783972126,0.0139372822299652,0.291811846689896,0.585540069686411,-0.108710801393728,-0.0200348432055749,0.173344947735192,0.580487804878049,0.0890243902439025,-0.0165505226480836,-0.280487804878049,-0.547386759581882,0.491811846689896,-0.605923344947735,0.236411149825784,0.614808362369338,0.343205574912892,0.116724738675958,0.670557491289199,-0.42822299651568,-0.359407665505227,0.0857142857142857,-0.363414634146342,-0.436585365853659,0.445121951219512,-0.31411149825784,0.122648083623693,0.593554006968641,0.40609756097561,-0.0726480836236934,-0.28815331010453,-0.306968641114983,-0.158536585365854,-0.31219512195122,-0.458885017421603,-0.45801393728223,-0.0465156794425087,-0.472299651567944,-0.288850174216028,-0.432229965156795,0.0602787456445993,-0.214459930313589,0.420383275261324,0.614808362369338,-0.414285714285714,-0.314634146341463,-0.00487804878048781,-0.391114982578397,-0.132578397212544,0.424564459930314,0.448432055749129,0.474912891986063,0.716202090592335,-0.404703832752613,NA,-0.285365853658537,0.0980836236933798,-0.396341463414634,-0.362717770034843,-0.435365853658537,-0.274216027874565,-0.0374564459930314,-0.731533101045296,0.156445993031359,-0.434668989547038,0.320383275261324,-0.518815331010453,0.718466898954704,0.814634146341464,-0.536585365853659,0.441811846689896,0.109059233449477,-0.43588850174216,-0.447735191637631,-0.341114982578397,0.24198606271777,0.484843205574913,-0.56411149825784,-0.167247386759582,-0.537979094076655,0.568815331010453,0.579442508710801,-0.477526132404181,0.705923344947735,0.419512195121951,0.369163763066202,-0.443728222996516,-0.373867595818815,-0.427003484320558,-0.231533101045296,-0.0292682926829268,-0.428919860627178,-0.415331010452962,0.262020905923345,0.264982578397213,-0.453484320557491,-0.370557491289199,-0.444773519163763,0.311324041811847,-0.193379790940767,-0.355574912891986,-0.416202090592335,-0.201045296167247,-0.334843205574913,-0.454006968641115,0.0574912891986063,-0.445993031358885,-0.532404181184669,0.555923344947735,-0.498257839721254,-0.0768292682926829,-0.418989547038328,-0.220731707317073,0.365505226480836,-0.437804878048781,-0.301045296167247,-0.0078397212543554,-0.452787456445993,-0.414808362369338,-0.500348432055749,-0.132926829268293,-0.486585365853659,0.456271777003484,-0.490243902439024,-0.418292682926829,-0.514982578397213,-0.223170731707317,-0.0947735191637631,0.447386759581882,0.215853658536585,-0.0925087108013938,-0.752090592334495,-0.279442508710801,-0.285540069686411,-0.447038327526133,0.228048780487805,0.143554006968641,-0.00714285714285714,-0.286062717770035,-0.238327526132404,-0.247038327526132,-0.047212543554007,-0.172822299651568,-0.128048780487805,-0.349651567944251,-0.205749128919861,-0.184494773519164,-0.223170731707317,-0.280313588850174,0.28588850174216,0.0905923344947735
OTU_137,0.102787456445993,-0.39616724738676,0.16219512195122,-0.645296167247387,-0.0677700348432056,-0.09198606271777,-0.85,-0.449651567944251,0.132752613240418,-0.623170731707317,-0.441463414634146,0.810278745644599,0.277003484320558,-0.0270034843205575,-0.737804878048781,-0.877003484320558,0.24198606271777,-0.584494773519164,0.0151567944250871,-0.586585365853659,0.0113240418118467,-0.14198606271777,0.799825783972126,-0.269512195121951,0.134320557491289,0.00888501742160279,-0.30609756097561,0.648606271777004,0.75,-0.163414634146341,-0.711846689895471,-0.330662020905923,0.0470383275261324,0.459233449477352,0.229094076655052,-0.525609756097561,0.243554006968641,0.056794425087108,-0.24808362369338,0.32404181184669,0.440592334494774,-0.37020905923345,0.0672473867595819,-0.655574912891986,-0.772822299651568,0.193554006968641,0.829790940766551,0.0914634146341464,-0.373344947735192,-0.0609756097560976,-0.595818815331011,-0.704703832752613,0.858536585365854,-0.80609756097561,0.0271777003484321,0.759233449477352,0.865156794425087,0.705052264808362,0.655923344947735,0.76602787456446,-0.0341463414634146,-0.0310104529616725,-0.570383275261324,-0.278222996515679,0.407142857142857,-0.364808362369338,-0.54616724738676,-0.0198606271777004,0.514285714285714,0.35,0.465505226480836,-0.240592334494774,-0.408362369337979,-0.116898954703833,-0.471777003484321,0.368641114982578,-0.253310104529617,0.0489547038327526,0.352613240418119,0.557839721254355,0.312369337979094,-0.0402439024390244,-0.145296167247387,0.321080139372822,0.801393728222997,0.731358885017422,-0.679790940766551,0.66602787456446,-0.182229965156794,-0.444076655052265,-0.648257839721255,-0.334320557491289,-0.220383275261324,0.799651567944251,-0.0252613240418119,-0.136585365853659,0.820557491289199,0.87787456445993,-0.438501742160279,-0.110104529616725,-0.401742160278746,-0.594425087108014,-0.0909407665505227,0.471602787456446,-0.116898954703833,0.771080139372822,0.160801393728223,-0.183623693379791,0.701567944250871,0.365853658536585,0.154006968641115,0.832752613240418,0.0435540069686411,0.292334494773519,0.37404181184669,-0.621080139372822,-0.220557491289199,-0.0707317073170732,0.724912891986063,0.82020905923345,-0.536585365853659,0.346689895470383,-0.273344947735192,-0.544250871080139,0.118292682926829,-0.315331010452962,-0.104878048780488,0.82787456445993,-0.285365853658537,NA,0.246689895470383,0.798432055749129,0.799825783972126,0.788850174216028,0.161149825783972,-0.143379790940767,0.39581881533101,0.279442508710801,0.876132404181185,-0.634668989547038,0.655052264808363,-0.242160278745645,-0.375435540069686,0.691463414634146,-0.434146341463415,0.0900696864111498,0.743379790940767,0.802787456445993,0.435365853658537,-0.374912891986063,-0.668989547038328,0.665853658536586,0.692160278745645,0.658362369337979,-0.639721254355401,-0.131881533101045,0.822996515679443,-0.0616724738675958,-0.458885017421603,-0.695470383275261,0.8,0.738675958188153,0.803484320557491,0.0350174216027875,-0.196689895470383,0.598257839721254,0.750871080139373,-0.616898954703833,-0.446341463414634,0.720557491289199,0.763937282229965,0.775435540069687,-0.608188153310105,0.195644599303136,0.591289198606272,0.660975609756098,0.716550522648084,0.487630662020906,0.702439024390244,0.332926829268293,0.780836236933798,0.674390243902439,-0.683101045296167,0.687804878048781,0.684320557491289,0.832578397212544,0.800696864111498,0.156620209059233,0.749825783972126,0.497038327526133,0.175087108013937,0.659581881533101,0.629965156794425,0.684320557491289,0.599303135888502,0.682752613240418,-0.0729965156794425,0.147560975609756,0.628048780487805,0.461149825783972,0.534320557491289,0.616550522648084,-0.272822299651568,-0.15191637630662,0.413414634146342,0.46602787456446,0.416550522648084,0.389721254355401,0.478048780487805,0.338675958188153,-0.105052264808362,0.342160278745645,0.582752613240418,0.562369337979094,0.705400696864112,0.415853658536585,0.51219512195122,0.464634146341463,0.535191637630662,0.565156794425087,0.598432055749129,0.641811846689896,0.235714285714286,-0.221428571428571,-0.224912891986063
OTU_138,-0.279442508710801,0.0923344947735192,-0.086411149825784,-0.292160278745645,0.2,-0.434668989547038,-0.325435540069687,-0.0668989547038328,0.0799651567944251,-0.35418118466899,0.105749128919861,0.0970383275261324,0.720557491289199,-0.270905923344948,-0.467595818815331,-0.052787456445993,0.00452961672473868,-0.0350174216027875,-0.0777003484320558,-0.304006968641115,-0.540592334494774,-0.237282229965157,0.0458188153310105,0.00313588850174216,0.0871080139372822,-0.0749128919860627,-0.0224738675958188,0.141637630662021,0.527351916376307,0.090418118466899,0.00522648083623694,0.0912891986062718,0.594947735191638,-0.153658536585366,-0.0519163763066202,-0.274564459930314,0.0726480836236934,0.0369337979094077,-0.0153310104529617,-0.120557491289199,0.198432055749129,-0.456620209059234,0.0878048780487805,-0.189372822299652,-0.244947735191638,-0.0116724738675958,0.48397212543554,-0.165156794425087,0.0024390243902439,0.168815331010453,-0.132752613240418,-0.343554006968641,0.444425087108014,-0.407839721254355,0.148954703832753,0.113240418118467,0.168989547038328,0.323519163763066,-0.0353658536585366,0.0996515679442509,-0.086411149825784,-0.0177700348432056,-0.295993031358885,-0.202787456445993,0.247735191637631,0.0733449477351917,-0.266898954703833,0.100696864111498,0.0322299651567944,0.0400696864111498,0.00940766550522648,0.160801393728223,-0.31184668989547,0.318989547038328,-0.213414634146342,-0.0782229965156795,-0.304703832752613,0.110104529616725,0.243031358885017,0.0383275261324042,0.15,0.280836236933798,-0.231533101045296,0.0238675958188153,0.467073170731707,0.0573170731707317,-0.19390243902439,0.384843205574913,-0.0212543554006969,0.324738675958188,-0.19198606271777,-0.206794425087108,-0.101045296167247,0.0445993031358885,-0.0221254355400697,0.0689895470383275,0.296515679442509,0.164982578397213,-0.130836236933798,0.285365853658537,-0.0604529616724739,-0.24616724738676,0.300871080139373,0.247909407665505,0.268292682926829,0.238327526132404,0.3301393728223,-0.537630662020906,0.239372822299652,0.0451219512195122,-0.0418118466898955,0.191637630662021,-0.0372822299651568,-0.111498257839721,0.251393728222997,-0.265853658536585,0.0742160278745645,-0.094425087108014,0.129442508710801,0.512369337979094,-0.372473867595819,0.219163763066202,-0.383275261324042,-0.140766550522648,0.655574912891986,-0.150348432055749,0.150174216027875,0.252961672473868,0.0980836236933798,0.246689895470383,NA,0.318815331010453,0.149303135888502,0.239024390243902,0.0956445993031359,0.0850174216027875,-0.0857142857142857,0.57212543554007,0.284494773519164,-0.247038327526132,0.0966898954703833,0.277700348432056,-0.0517421602787457,0.240766550522648,-0.185714285714286,0.144076655052265,0.223519163763066,0.209581881533101,0.431010452961673,-0.126655052264808,-0.206271777003484,0.224564459930314,-0.00418118466898955,0.379094076655052,-0.404878048780488,0.0571428571428571,0.223519163763066,0.270034843205575,-0.254878048780488,-0.374912891986063,0.280313588850174,0.297560975609756,0.190418118466899,-0.105749128919861,0.0134146341463415,0.360104529616725,0.275609756097561,-0.367595818815331,-0.0658536585365854,0.229094076655052,0.105749128919861,0.237630662020906,-0.156968641114983,0.233449477351916,0.336411149825784,0.422822299651568,0.095993031358885,-0.0667247386759582,0.254529616724739,-0.0576655052264808,0.216898954703833,0.131881533101045,-0.278222996515679,0.155574912891986,0.16184668989547,0.352961672473868,0.425609756097561,0.190243902439024,0.181358885017422,-0.0611498257839721,0.635191637630662,0.083623693379791,0.247735191637631,0.0515679442508711,0.103135888501742,0.144773519163763,0.178571428571429,-0.0160278745644599,0.248780487804878,0.321602787456446,0.627700348432056,0.448432055749129,0.194947735191638,0.0853658536585366,0.637282229965157,0.0508710801393728,0.128048780487805,0.476306620209059,0.387282229965157,0.158362369337979,0.0332752613240418,0.0662020905923345,0.352961672473868,-0.0442508710801394,0.192334494773519,0.248954703832753,0.00331010452961673,-0.0782229965156795,0.0501742160278746,0.396341463414634,0.118989547038328,0.13205574912892,-0.21219512195122,-0.241637630662021,-0.207317073170732
OTU_139,-0.0186411149825784,-0.429965156794425,0.106620209059233,-0.697386759581882,0.150348432055749,-0.278048780487805,-0.772648083623694,-0.509059233449477,0.0202090592334495,-0.724564459930314,-0.360104529616725,0.758885017421603,0.253135888501742,0.0552264808362369,-0.83205574912892,-0.779442508710802,0.33205574912892,-0.487108013937282,-0.0939024390243903,-0.814808362369338,0.190766550522648,-0.222822299651568,0.739547038327526,-0.391811846689896,0.497735191637631,0.105574912891986,-0.468118466898955,0.584146341463415,0.682926829268293,-0.278048780487805,-0.738675958188153,-0.403135888501742,-0.0259581881533101,0.0843205574912892,0.0785714285714286,-0.690766550522648,0.107839721254355,-0.083623693379791,-0.271080139372822,0.165505226480836,0.467421602787457,-0.487108013937282,0.402787456445993,-0.752439024390244,-0.744599303135889,0.0128919860627178,0.887282229965157,-0.216550522648084,-0.446689895470383,-0.330662020905923,-0.513937282229965,-0.747212543554007,0.883275261324042,-0.76219512195122,-0.0841463414634146,0.792508710801394,0.741463414634147,0.86411149825784,0.435191637630662,0.808188153310105,0.0465156794425087,-0.207142857142857,-0.741463414634147,-0.120383275261324,0.630836236933798,-0.511672473867596,-0.571951219512195,-0.117770034843206,0.265331010452962,0.24581881533101,0.481533101045296,-0.406620209059234,-0.420557491289199,-0.125783972125436,-0.576132404181185,0.161498257839721,-0.342857142857143,0.0662020905923345,0.364459930313589,0.312369337979094,0.252439024390244,-0.0379790940766551,-0.30609756097561,0.345644599303136,0.799303135888502,0.656794425087108,-0.80609756097561,0.807142857142857,-0.265505226480836,-0.441289198606272,-0.639895470383275,-0.451393728222997,-0.388850174216028,0.719337979094077,0.0151567944250871,0.0808362369337979,0.808710801393728,0.808710801393728,-0.433623693379791,-0.104529616724739,-0.421951219512195,-0.696341463414634,-0.304529616724739,0.585365853658537,0.12212543554007,0.850348432055749,0.197212543554007,-0.34006968641115,0.809233449477352,0.354529616724739,-0.133797909407666,0.856794425087108,-0.146515679442509,0.293379790940767,0.386759581881533,-0.541289198606272,-0.290418118466899,-0.159581881533101,0.857665505226481,0.87787456445993,-0.328048780487805,0.362717770034843,-0.298257839721254,-0.503310104529617,0.0937282229965157,-0.244076655052265,-0.252961672473868,0.854355400696864,-0.396341463414634,0.798432055749129,0.318815331010453,NA,0.771080139372822,0.877526132404181,0.0310104529616725,0.060801393728223,0.337804878048781,0.253135888501742,0.847212543554007,-0.669686411149826,0.582404181184669,-0.282752613240418,-0.484320557491289,0.800348432055749,-0.456620209059234,0.199825783972125,0.871777003484321,0.823344947735192,0.645121951219512,-0.306620209059233,-0.719686411149826,0.723170731707317,0.520731707317073,0.831881533101046,-0.676306620209059,-0.24808362369338,0.851393728222997,-0.0667247386759582,-0.67822299651568,-0.554529616724739,0.886062717770035,0.832752613240418,0.763937282229965,-0.130487804878049,0.00574912891986063,0.807665505226481,0.891637630662021,-0.450871080139373,-0.330313588850174,0.837108013937282,0.714634146341463,0.880836236933798,-0.587630662020906,0.435365853658537,0.758710801393728,0.816724738675958,0.647212543554007,0.450174216027875,0.800696864111498,0.0355400696864112,0.833275261324042,0.789895470383275,-0.593728222996516,0.824390243902439,0.670731707317073,0.849477351916377,0.806620209059234,0.114982578397213,0.778571428571429,0.521602787456446,0.317421602787457,0.566724738675958,0.805749128919861,0.624912891986063,0.639721254355401,0.727700348432056,-0.0402439024390244,0.133101045296167,0.817247386759582,0.644599303135889,0.676306620209059,0.665156794425087,-0.283449477351916,-0.133101045296167,0.65801393728223,0.409059233449477,0.569163763066202,0.453832752613241,0.589198606271777,0.383449477351916,0.114634146341463,0.447735191637631,0.723693379790941,0.64006968641115,0.735714285714286,0.507665505226481,0.662717770034843,0.34581881533101,0.659407665505227,0.705226480836237,0.615156794425087,0.641289198606272,0.263937282229965,-0.29390243902439,-0.229094076655052
OTU_141,0.215331010452962,-0.410627177700349,0.0951219512195122,-0.600871080139373,-0.0611498257839721,-0.0372822299651568,-0.767073170731707,-0.45418118466899,0.144947735191638,-0.599128919860627,-0.521602787456446,0.797212543554007,0.0162020905923345,0.180487804878049,-0.703832752613241,-0.855052264808363,0.223693379790941,-0.649825783972126,-0.00139372822299652,-0.621777003484321,0.25191637630662,-0.182229965156794,0.840766550522648,-0.226655052264808,0.210975609756098,0.0613240418118467,-0.278571428571429,0.710975609756098,0.61794425087108,-0.221951219512195,-0.725435540069686,-0.277351916376307,-0.139721254355401,0.408885017421603,0.256794425087108,-0.533101045296167,0.197386759581882,-0.00958188153310105,-0.130487804878049,0.415505226480836,0.406445993031359,-0.298954703832753,0.230836236933798,-0.758362369337979,-0.717421602787457,0.160452961672474,0.786759581881533,0.0508710801393728,-0.478571428571429,-0.120383275261324,-0.444425087108014,-0.670034843205575,0.827177700348432,-0.741463414634147,0.0560975609756098,0.819337979094077,0.893728222996516,0.691114982578397,0.694076655052265,0.839721254355401,0.199825783972125,-0.0590592334494774,-0.605749128919861,-0.207491289198606,0.470034843205575,-0.474564459930314,-0.557665505226481,-0.0843205574912892,0.477003484320558,0.487456445993031,0.437108013937282,-0.417073170731707,-0.456271777003484,-0.148954703832753,-0.463763066202091,0.490592334494774,-0.37787456445993,0.0435540069686411,0.450174216027875,0.617421602787457,0.484843205574913,0.0672473867595819,-0.124912891986063,0.336062717770035,0.619163763066202,0.79808362369338,-0.793554006968641,0.626132404181185,-0.175087108013937,-0.564808362369338,-0.549825783972126,-0.254355400696864,-0.277700348432056,0.795644599303136,-0.0344947735191638,-0.0461672473867596,0.829616724738676,0.882229965156795,-0.345296167247387,-0.180313588850174,-0.284320557491289,-0.601742160278746,-0.350522648083624,0.532229965156795,0.00452961672473868,0.87404181184669,0.0980836236933798,-0.121777003484321,0.83397212543554,0.424912891986063,0.113937282229965,0.886933797909408,0.0390243902439024,0.385714285714286,0.246689895470383,-0.507491289198606,-0.359233449477352,-0.132752613240418,0.859059233449478,0.744599303135889,-0.547386759581882,0.287456445993031,-0.177351916376307,-0.486411149825784,-0.0855400696864112,-0.207665505226481,-0.204355400696864,0.892160278745645,-0.362717770034843,0.799825783972126,0.149303135888502,0.771080139372822,NA,0.80383275261324,-0.00313588850174216,-0.0841463414634146,0.320731707317073,0.153135888501742,0.845818815331011,-0.568815331010453,0.757491289198606,-0.283623693379791,-0.347560975609756,0.786933797909408,-0.339895470383275,0.154529616724739,0.796864111498258,0.853832752613241,0.423519163763066,-0.206794425087108,-0.688850174216028,0.738850174216028,0.73205574912892,0.638850174216028,-0.615156794425087,-0.179790940766551,0.815156794425087,-0.097212543554007,-0.530487804878049,-0.388675958188153,0.837979094076655,0.812543554006969,0.901393728222997,-0.00487804878048781,0.040418118466899,0.510627177700349,0.790418118466899,-0.526132404181185,-0.420731707317073,0.805574912891986,0.830313588850174,0.844599303135889,-0.660278745644599,0.0717770034843206,0.632926829268293,0.766202090592335,0.808362369337979,0.506271777003484,0.80383275261324,0.380313588850174,0.789024390243903,0.734843205574913,-0.679094076655052,0.724912891986063,0.681358885017422,0.809059233449477,0.694250871080139,0.0362369337979094,0.862020905923345,0.592160278745645,0.218989547038328,0.603310104529617,0.705574912891986,0.732926829268293,0.667421602787457,0.779268292682927,-0.0156794425087108,0.217421602787456,0.692682926829268,0.404006968641115,0.46602787456446,0.509059233449477,-0.414459930313589,-0.150522648083624,0.413066202090592,0.463937282229965,0.494076655052265,0.271777003484321,0.476132404181185,0.306445993031359,0.0421602787456446,0.370731707317073,0.610975609756098,0.718989547038328,0.655574912891986,0.391463414634146,0.525783972125436,0.422299651567944,0.627700348432056,0.606271777003484,0.714634146341463,0.586062717770035,0.392334494773519,-0.361324041811847,-0.164982578397213
OTU_142,0.0815331010452962,-0.461498257839721,0.152439024390244,-0.718989547038328,0.11219512195122,-0.193379790940767,-0.761672473867596,-0.514634146341463,0.00871080139372822,-0.714808362369338,-0.382578397212544,0.820905923344948,0.0947735191637631,0.157665505226481,-0.800174216027875,-0.789547038327526,0.356794425087108,-0.533449477351917,-0.0850174216027875,-0.794947735191638,0.236933797909408,-0.327351916376307,0.735191637630662,-0.392682926829268,0.391289198606272,0.0639372822299652,-0.452961672473868,0.551219512195122,0.625087108013937,-0.368641114982578,-0.714808362369338,-0.39581881533101,-0.167770034843206,0.191289198606272,0.189198606271777,-0.689547038327526,0.0998257839721255,-0.169512195121951,-0.284320557491289,0.200174216027875,0.439198606271777,-0.419337979094077,0.39616724738676,-0.798954703832753,-0.778571428571429,0.0155052264808362,0.818641114982579,-0.113240418118467,-0.497560975609756,-0.30801393728223,-0.445818815331011,-0.737630662020906,0.840766550522648,-0.760627177700349,-0.0601045296167248,0.797386759581882,0.78205574912892,0.789547038327526,0.492160278745645,0.83815331010453,0.0545296167247387,-0.261324041811847,-0.695644599303136,-0.167595818815331,0.564459930313589,-0.582752613240418,-0.600174216027875,-0.226132404181185,0.279616724738676,0.305749128919861,0.571777003484321,-0.445121951219512,-0.32404181184669,-0.126829268292683,-0.576132404181185,0.264634146341463,-0.259407665505227,-0.0054006968641115,0.385540069686411,0.373693379790941,0.351219512195122,-0.0763066202090592,-0.227351916376307,0.226306620209059,0.692682926829268,0.682404181184669,-0.825783972125436,0.74198606271777,-0.293031358885017,-0.511324041811847,-0.606271777003484,-0.384320557491289,-0.37404181184669,0.760801393728223,0.0461672473867596,0.043205574912892,0.821254355400697,0.8301393728223,-0.403135888501742,-0.0994773519163763,-0.447909407665505,-0.673867595818816,-0.359233449477352,0.685714285714286,0.0710801393728223,0.88623693379791,0.163763066202091,-0.189198606271777,0.838327526132404,0.271951219512195,-0.0644599303135889,0.861324041811847,-0.127003484320558,0.392857142857143,0.319686411149826,-0.464982578397213,-0.310975609756098,-0.210278745644599,0.88815331010453,0.793031358885018,-0.320557491289199,0.358188153310105,-0.173344947735192,-0.596864111498258,-0.0719512195121951,-0.273519163763066,-0.215679442508711,0.88815331010453,-0.435365853658537,0.788850174216028,0.239024390243902,0.877526132404181,0.80383275261324,NA,0.10191637630662,-0.0301393728222997,0.45418118466899,0.234843205574913,0.846341463414634,-0.683101045296167,0.636585365853659,-0.360278745644599,-0.488675958188153,0.778397212543554,-0.440766550522648,0.183101045296167,0.821254355400697,0.912717770034843,0.553135888501742,-0.229965156794425,-0.761498257839721,0.788501742160279,0.605052264808362,0.846864111498258,-0.6698606271777,-0.263763066202091,0.878919860627178,-0.0885017421602788,-0.698954703832753,-0.523519163763066,0.89006968641115,0.823170731707317,0.805749128919861,-0.0926829268292683,-0.0106271777003484,0.754355400696864,0.871254355400697,-0.434494773519164,-0.369337979094077,0.840592334494774,0.78623693379791,0.882404181184669,-0.574564459930314,0.264459930313589,0.76794425087108,0.81602787456446,0.680836236933798,0.406271777003484,0.868989547038328,0.113240418118467,0.823693379790941,0.812717770034843,-0.632752613240418,0.843728222996516,0.617770034843206,0.830313588850174,0.747386759581882,0.0689895470383275,0.840940766550523,0.583623693379791,0.202961672473868,0.652264808362369,0.723170731707317,0.642508710801394,0.693379790940767,0.769686411149826,-0.134668989547038,0.20418118466899,0.75,0.592682926829268,0.623693379790941,0.565505226480836,-0.41411149825784,-0.0874564459930314,0.551567944250871,0.458536585365854,0.548954703832753,0.428745644599303,0.610104529616725,0.352613240418119,0,0.412717770034843,0.694425087108014,0.707839721254356,0.779965156794425,0.489024390243903,0.603658536585366,0.469337979094077,0.719163763066202,0.741114982578397,0.760104529616725,0.760278745644599,0.312020905923345,-0.238675958188153,-0.139547038327526
OTU_143,0.134146341463415,0.00714285714285714,0.0529616724738676,-0.312543554006969,0.153135888501742,0.373519163763066,-0.0024390243902439,-0.00331010452961673,-0.377177700348432,-0.206445993031359,0.46602787456446,0.145993031358885,0.206271777003484,0.40418118466899,-0.209233449477352,-0.0508710801393728,0.253484320557491,0.0963414634146342,0.667421602787457,-0.0970383275261324,-0.0235191637630662,-0.119686411149826,0.242857142857143,0.220731707317073,-0.25801393728223,-0.136933797909408,-0.0559233449477352,0.0250871080139373,-0.108188153310105,-0.401045296167247,0.335191637630662,0.283797909407666,0.362717770034843,0.357491289198606,0.504355400696864,0.183449477351916,-0.199825783972125,-0.0494773519163763,-0.104529616724739,0.351567944250871,-0.527003484320558,0.0372822299651568,-0.0672473867595819,-0.0625435540069686,-0.0782229965156795,0.272996515679443,-0.045993031358885,0.360452961672474,0.125087108013937,0.21602787456446,0.399477351916376,-0.177351916376307,-0.0167247386759582,-0.345993031358885,-0.10383275261324,-0.106794425087108,0.245993031358885,0.0700348432055749,0.137282229965157,-0.047212543554007,0.0979094076655053,-0.0498257839721254,-0.13588850174216,-0.0594076655052265,0.00557491289198606,-0.114982578397213,-0.493728222996516,-0.170557491289199,0.12787456445993,-0.15609756097561,-0.15383275261324,0.0905923344947735,0.258536585365854,0.579965156794425,-0.0329268292682927,0.353135888501742,0.0820557491289199,-0.17404181184669,-0.107665505226481,0.292857142857143,0.101393728222997,-0.15801393728223,0.565853658536586,0.230313588850174,0.082404181184669,0.404703832752613,0.0428571428571429,0.257142857142857,-0.00975609756097561,-0.082404181184669,-0.032404181184669,0.38205574912892,-0.013588850174216,0.196341463414634,-0.0505226480836237,-0.437630662020906,0.224390243902439,0.198432055749129,0.00766550522648084,0.698257839721255,0.222299651567944,-0.393728222996516,0.236933797909408,0.16794425087108,-0.17404181184669,0.113414634146341,0.181707317073171,0.233449477351916,0.0517421602787457,0.12595818815331,0.438501742160279,0.0649825783972126,0.700174216027875,0.422473867595819,-0.408536585365854,0.267247386759582,-0.273693379790941,-0.0878048780487805,0.0533101045296167,0.0425087108013937,-0.0693379790940767,0.220557491289199,0.155749128919861,-0.433275261324042,-0.284843205574913,-0.471080139372822,-0.112717770034843,0.155400696864112,-0.274216027874565,0.161149825783972,0.0956445993031359,0.0310104529616725,-0.00313588850174216,0.10191637630662,NA,-0.281707317073171,0.244250871080139,0.182752613240418,0.0372822299651568,-0.13397212543554,0.33397212543554,-0.167247386759582,-0.143205574912892,0.139198606271777,0.0083623693379791,-0.304006968641115,-0.0348432055749129,0.114634146341463,0.0423344947735192,0.169512195121951,-0.367247386759582,0.349128919860627,0.281358885017422,0.0970383275261324,-0.336062717770035,-0.271777003484321,0.0634146341463415,-0.00505226480836237,0.0674216027874565,-0.413240418118467,0.078397212543554,0.170731707317073,0.168815331010453,0.747909407665505,-0.461324041811847,0.0799651567944251,0.220905923344948,-0.0973867595818815,-0.194599303135889,0.0918118466898955,0.318466898954704,0.0965156794425087,0.0412891986062718,0.161324041811847,0.0945993031358885,0.168466898954704,0.102439024390244,0.502787456445993,0.220905923344948,0.267595818815331,0.129268292682927,-0.0378048780487805,-0.23588850174216,-0.00487804878048781,-0.217421602787456,0.0545296167247387,-0.0632404181184669,-0.43815331010453,0.235365853658537,-0.453310104529617,0.195644599303136,0.49390243902439,0.00470383275261324,0.356445993031359,-0.102787456445993,0.27020905923345,-0.157142857142857,0.562717770034843,0.0935540069686411,-0.0266550522648084,0.0123693379790941,-0.200174216027875,0.0994773519163763,0.0461672473867596,-0.052787456445993,0.448780487804878,-0.1698606271777,0.32595818815331,0.156445993031359,-0.138501742160279,-0.0461672473867596,-0.187804878048781,-0.0651567944250871,-0.10801393728223,-0.00191637630662021,-0.172996515679443,-0.0984320557491289,-0.158536585365854,-0.083623693379791,-0.0463414634146342,-0.0353658536585366,-0.0475609756097561,-0.0618466898954704,-0.0862369337979094,-0.249303135888502
OTU_144,-0.381358885017422,-0.222473867595819,0.30993031358885,-0.126655052264808,0.294947735191638,-0.453135888501742,0.0398954703832753,-0.246341463414634,-0.137282229965157,-0.286411149825784,0.122473867595819,0.00679442508710802,0.148606271777004,-0.22595818815331,-0.0329268292682927,0.0817073170731707,0.409756097560976,0.284843205574913,-0.504006968641115,-0.164808362369338,0.0848432055749129,-0.378745644599303,-0.253310104529617,-0.566202090592335,0.413066202090592,-0.040418118466899,-0.13780487804878,-0.183449477351916,-0.114285714285714,-0.223693379790941,-0.210452961672474,-0.288501742160279,-0.0317073170731707,-0.379965156794425,-0.488850174216028,-0.417247386759582,-0.330313588850174,-0.240592334494774,0.221602787456446,-0.523170731707317,0.195121951219512,0.117770034843206,0.625435540069686,0.169163763066202,-0.0554006968641115,-0.619337979094077,0.113414634146341,-0.094425087108014,-0.437804878048781,-0.286411149825784,-0.0285714285714286,-0.0975609756097561,0.020383275261324,-0.0379790940766551,-0.533449477351917,0.169337979094077,-0.17212543554007,0.37822299651568,-0.121080139372822,-0.00923344947735192,-0.384668989547038,-0.500174216027875,-0.163240418118467,0.426829268292683,-0.0547038327526133,-0.174912891986063,-0.0156794425087108,-0.289895470383275,-0.00121951219512195,-0.157491289198606,-0.0968641114982579,-0.334843205574913,0.230662020905923,-0.139198606271777,-0.371777003484321,-0.354006968641115,-0.418292682926829,-0.221080139372822,-0.00871080139372822,-0.302090592334495,-0.530487804878049,-0.11602787456446,-0.4,-0.294250871080139,0.0165505226480836,-0.228745644599303,-0.0921602787456446,0.278222996515679,-0.615679442508711,0.00191637630662021,-0.0280487804878049,-0.425783972125436,-0.308885017421603,-0.309059233449477,0.296341463414634,0.837456445993031,-0.0029616724738676,-0.198432055749129,-0.119686411149826,-0.137979094076655,-0.303484320557491,0.0109756097560976,-0.239547038327526,-0.19198606271777,0.586411149825784,0.0395470383275261,0.431358885017422,-0.165853658536585,0.0371080139372822,-0.182578397212544,-0.314982578397213,-0.00940766550522648,-0.521777003484321,-0.256445993031359,0.342508710801394,0.134146341463415,0.226480836236934,-0.199825783972125,0.00121951219512195,0.0541811846689896,0.116550522648084,0.407491289198606,0.0684668989547038,-0.0940766550522648,0.0860627177700349,0.563240418118467,0.0304878048780488,-0.108362369337979,-0.0374564459930314,-0.143379790940767,0.0850174216027875,0.060801393728223,-0.0841463414634146,-0.0301393728222997,-0.281707317073171,NA,0.0149825783972125,0.369686411149826,-0.0372822299651568,0.12020905923345,-0.204703832752613,-0.05801393728223,-0.0611498257839721,0.0545296167247387,-0.463588850174216,0.752961672473868,0.117073170731707,-0.0547038327526133,0.158188153310105,0.125609756097561,0.145296167247387,-0.189198606271777,-0.368118466898955,0.315853658536585,0.207665505226481,-0.0794425087108014,0.0466898954703833,0.139372822299652,-0.114459930313589,0.165156794425087,-0.119337979094077,-0.00696864111498258,-0.137456445993031,-0.507142857142857,0.518118466898955,0.0984320557491289,-0.0649825783972126,0.179790940766551,0.167073170731707,-0.072822299651568,-0.3,0.0677700348432056,0.19390243902439,0.264459930313589,0.259756097560976,-0.00905923344947735,-0.159756097560976,-0.117595818815331,0.0418118466898955,-0.19006968641115,-0.0362369337979094,0.0388501742160279,0.172648083623693,0.233101045296167,-0.145121951219512,0.114285714285714,0.203310104529617,0.273693379790941,-0.149825783972125,0.068815331010453,0.299825783972126,-0.307142857142857,-0.0442508710801394,-0.209756097560976,-0.141289198606272,-0.0813588850174216,-0.149651567944251,-0.174390243902439,0.168641114982578,-0.00993031358885018,0.0700348432055749,0.268641114982578,-0.0813588850174216,0.351742160278746,0.220905923344948,-0.149651567944251,-0.0125435540069686,0.20418118466899,0.224738675958188,0.0623693379790941,0.289895470383275,0.425609756097561,0.20191637630662,0.128919860627178,-0.0536585365853659,0.158710801393728,0.0397212543554007,-0.412717770034843,-0.0128919860627178,0.150174216027875,0.108885017421603,-0.10609756097561,0.286933797909408,0.213414634146342,-0.0702090592334495
OTU_145,0.0947735191637631,-0.655226480836237,0.676132404181185,-0.736062717770035,0.214808362369338,-0.286759581881533,-0.379442508710801,-0.609581881533101,-0.542508710801394,-0.602090592334495,0.0876306620209059,0.623867595818815,-0.0519163763066202,0.192682926829268,-0.405923344947735,-0.410104529616725,0.722648083623694,0.136062717770035,0.0491289198606272,-0.549303135888502,0.0937282229965157,-0.29808362369338,0.362369337979094,-0.462369337979094,-0.0153310104529617,-0.595121951219512,-0.462717770034843,-0.126655052264808,0.0885017421602788,-0.736062717770035,-0.34198606271777,-0.571254355400697,-0.11219512195122,0.0121951219512195,0.169337979094077,-0.514808362369338,-0.397212543554007,-0.567421602787457,-0.297038327526132,0.012020905923345,0.152439024390244,-0.110975609756098,0.227177700348432,-0.501742160278746,-0.41219512195122,-0.168292682926829,0.247212543554007,0.0116724738675958,-0.446864111498258,-0.476132404181185,-0.193379790940767,-0.336933797909408,0.287979094076655,-0.407142857142857,-0.300696864111498,0.271254355400697,0.372648083623693,0.538675958188153,0.0928571428571429,0.239547038327526,-0.467421602787457,-0.425609756097561,-0.508710801393728,-0.0487804878048781,0.0611498257839721,-0.618641114982579,-0.351742160278746,-0.606794425087108,0.110801393728223,-0.24808362369338,0.656794425087108,-0.341463414634146,0.299303135888502,0.0982578397212544,-0.539721254355401,-0.000522648083623693,-0.178048780487805,-0.596689895470383,0.335017421602788,0.00662020905923345,-0.208710801393728,-0.579442508710801,-0.260627177700348,-0.123867595818815,0.381184668989547,0.413240418118467,-0.473867595818815,0.538850174216028,-0.230836236933798,-0.479616724738676,-0.282752613240418,-0.139372822299652,-0.591637630662021,0.336585365853659,0.46411149825784,0.00104529616724739,0.259059233449477,0.364285714285714,-0.257839721254355,0.211324041811847,-0.3698606271777,-0.382752613240418,-0.309756097560976,-0.0378048780487805,0.291114982578397,0.28397212543554,0.167247386759582,0.262543554006969,0.33588850174216,0.325783972125436,-0.0491289198606272,0.42595818815331,0.0827526132404181,0.215156794425087,0.241289198606272,0.118989547038328,-0.0668989547038328,-0.655749128919861,0.302264808362369,0.295644599303136,-0.0273519163763066,0.295296167247387,0.0200348432055749,-0.341463414634146,-0.343379790940767,-0.498432055749129,-0.582578397212544,0.367247386759582,-0.731533101045296,0.39581881533101,-0.0857142857142857,0.337804878048781,0.320731707317073,0.45418118466899,0.244250871080139,0.0149825783972125,NA,-0.0400696864111498,0.396689895470383,-0.218641114982578,0.344076655052265,-0.593728222996516,-0.721254355400697,0.385191637630662,-0.497735191637631,-0.106620209059233,0.377351916376307,0.456794425087108,0.11602787456446,-0.350522648083624,-0.386236933797909,0.412020905923345,0.0872822299651568,0.516724738675958,-0.473344947735192,-0.532404181184669,0.379442508710801,-0.59198606271777,-0.372648083623693,-0.354703832752613,0.39390243902439,0.344947735191638,0.404878048780488,0.060801393728223,-0.0423344947735192,0.431533101045296,0.255749128919861,-0.334494773519164,-0.115853658536585,0.423344947735192,0.371951219512195,0.343379790940767,-0.216550522648084,0.0520905923344948,0.228745644599303,0.353658536585366,0.184320557491289,0.12020905923345,0.437979094076655,-0.157665505226481,0.411672473867596,0.441811846689896,-0.450174216027875,0.424564459930314,0.139198606271777,0.394773519163763,0.22787456445993,-0.151742160278746,0.412020905923345,0.383797909407666,-0.129268292682927,0.363066202090592,0.360801393728223,0.357839721254355,0.218466898954704,0.350174216027875,-0.550696864111498,0.324738675958188,0.288675958188153,0.432578397212544,0.149651567944251,0.0613240418118467,-0.521080139372822,-0.0993031358885018,-0.0641114982578397,0.648432055749129,0.246689895470383,0.193554006968641,0.33205574912892,-0.117595818815331,-0.191811846689896,0.0162020905923345,0.240592334494774,0.209581881533101,0.251567944250871,0.0583623693379791,0.150522648083624,0.151393728222997,0.220557491289199,0.176829268292683,0.14581881533101,0.229616724738676,0.201393728222997,-0.0560975609756098,0.105574912891986
OTU_146,-0.144599303135889,-0.0740418118466899,0.265156794425087,-0.26602787456446,-0.0318815331010453,-0.241463414634146,-0.289198606271777,-0.220905923344948,-0.10383275261324,-0.479094076655052,0.108536585365854,0.211672473867596,0.515853658536585,-0.136585365853659,-0.382926829268293,-0.115331010452962,0.336411149825784,0.181533101045296,-0.145470383275261,-0.228571428571429,-0.332926829268293,-0.436585365853659,0.0663763066202091,-0.292160278745645,0.100871080139373,0.082404181184669,0.237804878048781,0.210975609756098,0.313937282229965,-0.0196864111498258,-0.113763066202091,-0.0621951219512195,0.481010452961673,0.104006968641115,-0.303484320557491,-0.339547038327526,-0.183623693379791,-0.0710801393728223,0.102439024390244,-0.173693379790941,0.0686411149825784,0.0385017421602788,0.427351916376307,0.0484320557491289,-0.221254355400697,-0.139721254355401,0.401567944250871,0.312717770034843,-0.344425087108014,0.101045296167247,0.0322299651567944,-0.234146341463415,0.31794425087108,-0.439024390243903,-0.347386759581882,0.294947735191638,0.201219512195122,0.378745644599303,0.175609756097561,0.14581881533101,-0.152961672473868,-0.286236933797909,-0.0524390243902439,0.146341463414634,-0.00278745644599303,0.074390243902439,-0.420557491289199,-0.132578397212544,0.26411149825784,-0.0533101045296167,-0.253310104529617,-0.108188153310105,-0.0221254355400697,0.19198606271777,-0.19390243902439,0.189721254355401,-0.260104529616725,0.0315331010452962,-0.0217770034843206,0.221254355400697,0.0282229965156794,0.0219512195121951,-0.112717770034843,-0.0876306620209059,0.236759581881533,0.0844947735191638,-0.154355400696864,0.414459930313589,-0.234320557491289,0.107142857142857,-0.0618466898954704,-0.184494773519164,-0.0229965156794425,0.0513937282229965,-0.0825783972125436,0.231707317073171,0.372996515679443,0.118118466898955,-0.0320557491289199,0.125783972125436,-0.0632404181184669,-0.128048780487805,0.106794425087108,0.193728222996516,0.426132404181185,0.329094076655052,0.523170731707317,-0.427177700348432,0.189372822299652,-0.222996515679443,-0.00557491289198606,0.112891986062718,-0.141811846689896,-0.0524390243902439,0.354006968641115,-0.0287456445993031,0.257317073170732,-0.0513937282229965,0.154006968641115,0.443554006968641,-0.0951219512195122,0.326655052264808,0.100696864111498,-0.447212543554007,0.377526132404181,0.0489547038327526,0.399128919860627,0.198432055749129,0.156445993031359,0.279442508710801,0.57212543554007,0.253135888501742,0.153135888501742,0.234843205574913,0.182752613240418,0.369686411149826,-0.0400696864111498,NA,0.198606271777004,0.097212543554007,0.177526132404181,0.261324041811847,0.0628919860627178,0.0797909407665505,-0.463414634146342,0.495993031358885,0.159581881533101,0.223867595818815,0.339198606271777,0.194773519163763,-0.224216027874564,0.143554006968641,0.128397212543554,0.379442508710801,-0.185017421602788,-0.0773519163763066,0.166202090592335,0.470731707317073,-0.260278745644599,-0.253310104529617,0.167421602787456,0.20383275261324,0.177003484320558,-0.118466898954704,0.0822299651567944,0.154529616724739,0.229790940766551,-0.267247386759582,0.0388501742160279,0.0710801393728223,0.122473867595819,0.244076655052265,0.17595818815331,0.224390243902439,0.503484320557491,0.201742160278746,0.194773519163763,0.0264808362369338,0.192682926829268,0.254006968641115,0.217595818815331,-0.0226480836236934,0.00958188153310105,0.251567944250871,-0.0949477351916377,0.286062717770035,0.49006968641115,0.0655052264808362,0.12020905923345,-0.178222996515679,0.614982578397213,0.110278745644599,0.118292682926829,0.133623693379791,-0.0322299651567944,0.11794425087108,-0.0452961672473868,0.0806620209059234,0.268815331010453,-0.00644599303135889,0.391114982578397,0.439198606271777,0.0867595818815331,0.0768292682926829,0.421254355400697,-0.0355400696864112,-0.158362369337979,0.536585365853659,0.534494773519164,0.107665505226481,0.153658536585366,0.0965156794425087,0.213066202090592,0.120905923344948,0.203135888501742,0.168466898954704,0.0205574912891986,-0.191289198606272,-0.0322299651567944,0.309407665505227,0.244947735191638,0.0585365853658537,0.147560975609756,0.294599303135889,-0.25993031358885
OTU_147,0.151393728222997,-0.514285714285714,0.199651567944251,-0.690940766550523,-0.00696864111498258,-0.263937282229965,-0.872299651567944,-0.584320557491289,0.0257839721254355,-0.723170731707317,-0.461149825783972,0.88815331010453,0.139198606271777,0.0911149825783972,-0.84616724738676,-0.885540069686411,0.311498257839721,-0.576480836236934,-0.0745644599303136,-0.715331010452962,0.110975609756098,-0.222473867595819,0.811149825783972,-0.365156794425087,0.24198606271777,-0.0714285714285714,-0.426132404181185,0.637630662020906,0.762891986062718,-0.245470383275261,-0.788501742160279,-0.437108013937282,-0.0712543554006969,0.297560975609756,0.148780487804878,-0.652090592334495,0.10993031358885,-0.0789198606271777,-0.264808362369338,0.275261324041812,0.566202090592335,-0.438501742160279,0.218641114982578,-0.797909407665505,-0.796341463414634,0.11411149825784,0.904529616724739,-0.0318815331010453,-0.459233449477352,-0.235017421602788,-0.624564459930314,-0.740766550522648,0.921602787456446,-0.797560975609756,0.0195121951219512,0.766898954703833,0.848954703832753,0.781358885017422,0.56219512195122,0.789372822299652,0.021602787456446,-0.0998257839721255,-0.663588850174216,-0.314285714285714,0.448780487804878,-0.517073170731707,-0.555749128919861,-0.160278745644599,0.339372822299652,0.310104529616725,0.569337979094077,-0.414808362369338,-0.449651567944251,-0.169686411149826,-0.576655052264809,0.307839721254355,-0.33815331010453,0.0306620209059234,0.400348432055749,0.464285714285714,0.376655052264808,-0.0914634146341464,-0.283449477351916,0.276306620209059,0.783449477351917,0.771951219512195,-0.821777003484321,0.710627177700349,-0.282752613240418,-0.510278745644599,-0.639547038327526,-0.404355400696864,-0.364285714285714,0.780662020905924,0.0766550522648084,-0.0242160278745645,0.862543554006969,0.910104529616725,-0.502961672473868,-0.153484320557491,-0.399128919860627,-0.707839721254356,-0.261498257839721,0.52212543554007,0.0353658536585366,0.810975609756098,0.110104529616725,-0.230487804878049,0.883797909407666,0.373867595818815,-0.0292682926829268,0.855226480836237,-0.0616724738675958,0.356271777003484,0.449651567944251,-0.550871080139373,-0.249651567944251,-0.147038327526132,0.834843205574913,0.877003484320558,-0.427003484320558,0.388327526132404,-0.275783972125436,-0.475783972125436,0.0327526132404181,-0.313588850174216,-0.204529616724739,0.919337979094077,-0.434668989547038,0.876132404181185,0.284494773519164,0.847212543554007,0.845818815331011,0.846341463414634,0.0372822299651568,-0.0372822299651568,0.396689895470383,0.198606271777004,NA,-0.653135888501742,0.681010452961673,-0.354529616724739,-0.476306620209059,0.818292682926829,-0.418641114982578,0.101393728222997,0.837804878048781,0.859233449477352,0.45993031358885,-0.402264808362369,-0.671777003484321,0.76219512195122,0.641811846689896,0.738327526132404,-0.697038327526133,-0.274216027874565,0.89006968641115,-0.187630662020906,-0.616550522648084,-0.623867595818815,0.871777003484321,0.817770034843206,0.830313588850174,-0.0533101045296167,-0.0463414634146342,0.661498257839721,0.82822299651568,-0.584146341463415,-0.362020905923345,0.842334494773519,0.786411149825784,0.872822299651568,-0.643205574912892,0.238675958188153,0.600522648083624,0.830313588850174,0.759233449477352,0.405052264808362,0.774390243902439,0.19006968641115,0.847212543554007,0.791463414634146,-0.707839721254356,0.840592334494774,0.710104529616725,0.903658536585366,0.825087108013937,0.120383275261324,0.774738675958188,0.67020905923345,0.23205574912892,0.602090592334495,0.79390243902439,0.759407665505227,0.626132404181185,0.691114982578397,-0.0609756097560976,0.236062717770035,0.733101045296167,0.542160278745645,0.552613240418119,0.722996515679443,-0.270383275261324,-0.230313588850174,0.543205574912892,0.474912891986063,0.614634146341464,0.336585365853659,0.482229965156795,0.243205574912892,0.0496515679442509,0.446864111498258,0.731184668989547,0.716724738675958,0.756620209059234,0.455923344947735,0.565156794425087,0.486759581881533,0.735714285714286,0.678048780487805,0.686933797909408,0.745818815331011,0.323170731707317,-0.303658536585366,-0.233797909407666
OTU_149,0.277700348432056,0.0987804878048781,0.251742160278746,0.485191637630662,-0.386411149825784,0.0501742160278746,0.563937282229965,0.109233449477352,-0.144773519163763,0.331358885017422,0.200871080139373,-0.464634146341463,-0.218118466898955,0.0731707317073171,0.61794425087108,0.605052264808362,0.014808362369338,0.669337979094077,-0.0357142857142857,0.564634146341464,-0.136062717770035,-0.0576655052264808,-0.549477351916376,0.085191637630662,-0.40418118466899,-0.0747386759581882,0.69808362369338,-0.321777003484321,-0.524216027874565,0.231533101045296,0.414459930313589,0.0911149825783972,0.0646341463414634,-0.0128919860627178,-0.446515679442509,0.394599303135889,-0.298432055749129,-0.135365853658537,0.457665505226481,-0.258710801393728,-0.243728222996516,0.699477351916376,0.0329268292682927,0.626480836236934,0.700871080139373,-0.0956445993031359,-0.609756097560976,0.450348432055749,-0.0219512195121951,0.105749128919861,0.382404181184669,0.789895470383275,-0.653832752613241,0.581707317073171,-0.206271777003484,-0.440766550522648,-0.550174216027875,-0.52787456445993,-0.264808362369338,-0.575435540069687,-0.190418118466899,0.0337979094076655,0.720557491289199,0.270034843205575,-0.607491289198606,0.388850174216028,0.453310104529617,-0.0918118466898955,-0.125435540069686,-0.34616724738676,-0.366724738675958,0.00435540069686411,0.342682926829268,-0.0257839721254355,0.510975609756098,0.111672473867596,0.2198606271777,-0.094425087108014,-0.209407665505227,-0.146689895470383,-0.184320557491289,-0.159233449477352,0.0949477351916377,-0.302787456445993,-0.732752613240418,-0.514459930313589,0.546341463414634,-0.494076655052265,0.175435540069686,0.189895470383275,0.679965156794425,0.421777003484321,0.199477351916376,-0.552787456445993,0.0470383275261324,0.0989547038327526,-0.519686411149826,-0.683449477351917,0.539024390243902,-0.129268292682927,0.465156794425087,0.711324041811847,0.0325783972125436,-0.573519163763066,0.283623693379791,-0.523519163763066,-0.068815331010453,0.123519163763066,-0.507142857142857,-0.381010452961673,-0.11411149825784,-0.687456445993032,-0.124738675958188,-0.306968641114983,-0.0360627177700348,0.612020905923345,0.489895470383275,0.00331010452961673,-0.612369337979094,-0.587456445993031,0.410801393728223,-0.351393728222997,0.499477351916376,0.419163763066202,-0.0334494773519164,0.169512195121951,0.409756097560976,-0.63815331010453,0.320383275261324,-0.634668989547038,-0.247038327526132,-0.669686411149826,-0.568815331010453,-0.683101045296167,-0.13397212543554,0.12020905923345,-0.218641114982578,0.097212543554007,-0.653135888501742,NA,-0.505400696864112,0.26219512195122,0.383797909407666,-0.631707317073171,0.0940766550522648,-0.0740418118466899,-0.679790940766551,-0.629616724738676,-0.491463414634147,0.40191637630662,0.672473867595819,-0.56602787456446,-0.379965156794425,-0.570034843205575,0.559407665505227,0.0278745644599303,-0.725783972125436,0.0867595818815331,0.291811846689896,0.552613240418119,-0.697038327526133,-0.687630662020906,-0.511149825783972,-0.0803135888501742,0.0777003484320558,-0.693031358885018,-0.66184668989547,0.267421602787457,0.491289198606272,-0.699825783972126,-0.571428571428572,-0.607317073170732,0.642160278745645,-0.285540069686411,-0.432404181184669,-0.680313588850174,-0.395993031358885,-0.347735191637631,-0.648954703832753,0.00905923344947735,-0.636759581881533,-0.686759581881533,0.586411149825784,-0.603310104529617,-0.57020905923345,-0.71219512195122,-0.550174216027875,-0.142334494773519,-0.664459930313589,-0.382404181184669,-0.0907665505226481,-0.462717770034843,-0.620905923344948,-0.425087108013937,-0.645296167247387,-0.589024390243903,-0.0782229965156795,-0.09198606271777,-0.580836236933798,-0.580487804878049,-0.464634146341463,-0.465679442508711,0.127351916376307,-0.00435540069686411,-0.39198606271777,-0.412891986062718,-0.393728222996516,-0.188850174216028,-0.263240418118467,-0.437282229965157,-0.00975609756097561,-0.347909407665505,-0.570905923344948,-0.426306620209059,-0.597560975609756,-0.566376306620209,-0.683101045296167,-0.43205574912892,-0.544076655052265,-0.602787456445993,-0.476829268292683,-0.639198606271777,-0.00609756097560976,0.41794425087108,0.197386759581882
OTU_150,0.290418118466899,-0.339198606271777,0.128048780487805,-0.62404181184669,-0.0660278745644599,0.198257839721254,-0.627351916376307,-0.431707317073171,-0.123867595818815,-0.579268292682927,-0.110104529616725,0.689547038327526,-0.0290940766550523,0.356271777003484,-0.653484320557492,-0.697560975609756,0.37212543554007,-0.378571428571429,0.371951219512195,-0.552439024390244,0.251567944250871,-0.146864111498258,0.819163763066202,-0.159407665505227,0.0439024390243902,-0.12595818815331,-0.292508710801394,0.543554006968641,0.296515679442509,-0.377351916376307,-0.379790940766551,-0.101045296167247,0.0660278745644599,0.496341463414634,0.401045296167247,-0.341114982578397,0.0189895470383275,-0.0933797909407666,-0.139721254355401,0.572822299651568,-0.00522648083623694,-0.154529616724739,0.217595818815331,-0.681881533101045,-0.640243902439025,0.189895470383275,0.526480836236934,0.153658536585366,-0.393205574912892,-0.163240418118467,-0.000174216027874565,-0.63397212543554,0.552090592334495,-0.78397212543554,-0.188327526132404,0.514982578397213,0.698257839721255,0.520905923344948,0.643554006968641,0.571254355400697,0.121254355400697,0.0158536585365854,-0.585714285714286,-0.0677700348432056,0.387979094076655,-0.536236933797909,-0.698432055749129,-0.169163763066202,0.435714285714286,0.200696864111498,0.241811846689896,-0.393728222996516,-0.136933797909408,0.206620209059233,-0.332578397212544,0.541463414634146,-0.333101045296167,-0.176132404181185,0.0670731707317073,0.503658536585366,0.432926829268293,-0.143554006968641,0.187979094076655,0.463240418118467,0.393031358885018,0.833623693379791,-0.650174216027875,0.613763066202091,-0.132578397212544,-0.560801393728223,-0.547560975609756,-0.0763066202090592,-0.297560975609756,0.810278745644599,-0.0890243902439025,-0.271428571428572,0.713763066202091,0.747212543554007,-0.46219512195122,0.125609756097561,-0.171777003484321,-0.697386759581882,-0.270383275261324,0.501393728222997,0.0257839721254355,0.684668989547038,0.202787456445993,0.100696864111498,0.695296167247387,0.526655052264808,0.352787456445993,0.650348432055749,0.4301393728223,0.532752613240418,-0.114634146341463,-0.214808362369338,-0.524216027874565,-0.22787456445993,0.692334494773519,0.548606271777004,-0.39808362369338,0.272299651567944,0.16602787456446,-0.625261324041812,-0.2698606271777,-0.381707317073171,-0.387282229965157,0.732926829268293,-0.518815331010453,0.655052264808363,0.0966898954703833,0.582404181184669,0.757491289198606,0.636585365853659,0.33397212543554,-0.204703832752613,0.344076655052265,0.177526132404181,0.681010452961673,-0.505400696864112,NA,-0.34808362369338,-0.44808362369338,0.636585365853659,-0.273170731707317,0.00522648083623694,0.58815331010453,0.696341463414634,0.399128919860627,-0.119337979094077,-0.70993031358885,0.757491289198606,0.754006968641115,0.518815331010453,-0.618118466898955,-0.285017421602787,0.656445993031359,-0.263240418118467,-0.423519163763066,-0.486585365853659,0.715156794425087,0.612717770034843,0.729442508710802,0.294425087108014,-0.142160278745645,0.362369337979094,0.684668989547038,-0.403484320557491,-0.374912891986063,0.624738675958188,0.775261324041812,0.688850174216028,-0.556968641114983,0.0979094076655053,0.516724738675958,0.595818815331011,0.627177700348432,0.587804878048781,0.693205574912892,0.499128919860627,0.617421602787457,0.502961672473868,-0.658885017421603,0.594599303135889,0.318118466898955,0.621428571428572,0.462369337979094,-0.267421602787457,0.765331010452962,0.195296167247387,0.252961672473868,0.664285714285714,0.505400696864112,0.744947735191638,0.381533101045296,0.682229965156795,-0.167770034843206,0.509756097560976,0.601742160278746,0.331010452961673,0.266898954703833,0.26794425087108,-0.371080139372822,-0.332229965156794,0.186759581881533,0.647909407665505,0.250871080139373,0.421080139372822,0.563763066202091,0.0440766550522648,0.0831010452961673,0.141811846689896,0.402787456445993,0.482578397212544,0.537282229965157,0.166550522648084,0.342334494773519,0.226480836236934,0.471602787456446,0.431184668989547,0.490766550522648,0.446864111498258,0.421602787456446,-0.298432055749129,-0.232578397212544
OTU_151,-0.201567944250871,0.661149825783972,-0.363937282229965,0.624216027874565,-0.205574912891986,0.155574912891986,0.201742160278746,0.577700348432056,0.382404181184669,0.443379790940767,-0.0383275261324042,-0.538327526132404,0.415331010452962,-0.454878048780488,0.301219512195122,0.318118466898955,-0.507491289198606,0.0433797909407666,-0.0571428571428571,0.46602787456446,-0.581184668989547,0.208885017421603,-0.417770034843206,0.457665505226481,-0.225261324041812,0.335714285714286,0.491289198606272,-0.0242160278745645,0.0777003484320558,0.598606271777004,0.290766550522648,0.448954703832753,0.521080139372822,-0.10191637630662,-0.185191637630662,0.370034843205575,0.285540069686411,0.496864111498258,0.0536585365853659,-0.25609756097561,-0.0702090592334495,0.0266550522648084,-0.39198606271777,0.521254355400697,0.359233449477352,0.141463414634146,-0.0750871080139373,-0.0130662020905923,0.521951219512195,0.512891986062718,0.0592334494773519,0.314459930313589,-0.152787456445993,0.319163763066202,0.256271777003484,-0.226306620209059,-0.300174216027875,-0.360278745644599,-0.210801393728223,-0.214459930313589,0.216898954703833,0.293031358885017,0.467595818815331,-0.0263066202090592,-0.11219512195122,0.688501742160279,0.243379790940767,0.515156794425087,0.0874564459930314,0.165505226480836,-0.581358885017422,0.635191637630662,-0.190418118466899,0.063588850174216,0.438675958188153,-0.0754355400696864,0.16411149825784,0.465331010452962,-0.218118466898955,-0.0498257839721254,0.0817073170731707,0.501567944250871,0.0621951219512195,0.0101045296167247,-0.132926829268293,-0.476655052264808,0.490243902439024,-0.364459930313589,0.345644599303136,0.698606271777004,0.23815331010453,0.0792682926829268,0.651045296167247,-0.347560975609756,-0.470383275261324,0.0686411149825784,-0.316898954703833,-0.339372822299652,0.217247386759582,-0.0439024390243902,0.151742160278746,0.349128919860627,0.617247386759582,-0.0386759581881533,-0.163240418118467,-0.280836236933798,0.0731707317073171,-0.276132404181185,-0.405400696864112,-0.327351916376307,0.187282229965157,-0.400348432055749,-0.0709059233449478,-0.308362369337979,0.0883275261324042,-0.207491289198606,0.274216027874565,0.487456445993031,-0.330313588850174,-0.126132404181185,0.0134146341463415,-0.170905923344948,-0.147212543554007,0.193728222996516,0.684146341463415,0.344947735191638,0.562543554006969,-0.291289198606272,0.718466898954704,-0.242160278745645,0.277700348432056,-0.282752613240418,-0.283623693379791,-0.360278745644599,-0.167247386759582,-0.05801393728223,-0.593728222996516,0.261324041811847,-0.354529616724739,0.26219512195122,-0.34808362369338,NA,0.698432055749129,-0.486062717770035,0.319163763066202,-0.0252613240418119,-0.267595818815331,-0.399303135888502,-0.129268292682927,0.0477351916376307,0.32404181184669,-0.419337979094077,-0.186759581881533,-0.298257839721254,0.272822299651568,0.410801393728223,-0.374738675958188,0.67822299651568,0.369337979094077,0.214982578397213,-0.346864111498258,-0.340418118466899,-0.35418118466899,-0.0587108013937282,-0.0149825783972125,-0.25418118466899,-0.325261324041812,0.156445993031359,0.0714285714285714,-0.372996515679443,-0.349825783972126,-0.370905923344948,0.283101045296167,0.0425087108013937,-0.220557491289199,-0.277526132404181,-0.296515679442509,-0.228222996515679,-0.425609756097561,0.1698606271777,-0.419512195121951,-0.554703832752613,0.459756097560976,-0.442160278745645,-0.0398954703832753,-0.386062717770035,-0.145644599303136,0.323867595818815,-0.346864111498258,-0.336411149825784,0.292508710801394,-0.440243902439024,-0.349651567944251,-0.495818815331011,-0.0548780487804878,-0.382752613240418,0.390940766550523,-0.321428571428572,-0.412020905923345,-0.387456445993031,-0.0902439024390244,-0.0111498257839721,0.362543554006969,0.102961672473868,-0.104703832752613,-0.579094076655052,-0.395121951219512,-0.193205574912892,-0.340592334494774,0.102264808362369,-0.0984320557491289,-0.0956445993031359,-0.271428571428572,-0.312020905923345,-0.385365853658537,-0.118989547038328,-0.24808362369338,-0.182404181184669,-0.359059233449477,-0.126829268292683,-0.186585365853659,-0.355400696864112,-0.41219512195122,0.268118466898955,-0.114982578397213
OTU_152,-0.0825783972125436,0.657665505226481,-0.436411149825784,0.73623693379791,-0.31602787456446,0.383623693379791,0.358885017421603,0.693379790940767,0.477526132404181,0.683449477351917,-0.163588850174216,-0.616550522648084,0.157665505226481,-0.332926829268293,0.557665505226481,0.402961672473868,-0.671777003484321,-0.0642857142857143,-0.15,0.721428571428572,-0.237456445993031,0.270557491289199,-0.473693379790941,0.412369337979094,-0.294425087108014,0.506271777003484,0.567421602787457,-0.0254355400696864,-0.161149825783972,0.675087108013937,0.336236933797909,0.482926829268293,0.191114982578397,0.121951219512195,-0.154878048780488,0.599303135888502,0.329616724738676,0.534494773519164,0.309581881533101,-0.197038327526132,-0.195818815331011,0.341811846689896,-0.372299651567944,0.679790940766551,0.408188153310105,0.0574912891986063,-0.320905923344948,0.250522648083624,0.499825783972126,0.637804878048781,0.126480836236934,0.397386759581882,-0.348780487804878,0.479442508710801,0.245470383275261,-0.21794425087108,-0.322822299651568,-0.601567944250871,-0.0945993031358885,-0.190592334494774,0.283449477351916,0.348954703832753,0.719686411149826,0.0773519163763066,-0.315331010452962,0.763240418118467,0.39616724738676,0.574738675958188,0.130662020905923,0.387108013937282,-0.620557491289199,0.510801393728223,-0.0998257839721255,-0.164808362369338,0.513937282229965,0.101742160278746,0.170731707317073,0.466202090592335,-0.250522648083624,0.134668989547038,0.0698606271777004,0.489895470383275,0.322822299651568,0.0844947735191638,-0.419163763066202,-0.498432055749129,0.587108013937282,-0.581533101045296,0.102961672473868,0.593728222996516,0.341289198606272,0.179790940766551,0.664459930313589,-0.42787456445993,-0.485540069686411,0.0388501742160279,-0.350522648083624,-0.417247386759582,0.310801393728223,-0.179268292682927,0.113763066202091,0.549303135888502,0.434320557491289,-0.0954703832752613,-0.337804878048781,-0.336236933797909,-0.0909407665505227,-0.0855400696864112,-0.481707317073171,-0.513240418118467,0.21184668989547,-0.502787456445993,-0.05,-0.42212543554007,-0.0566202090592335,-0.122822299651568,0.318815331010453,0.571602787456446,-0.384668989547038,-0.413414634146342,-0.0564459930313589,-0.194773519163763,0.00905923344947735,0.295644599303136,0.341114982578397,0.595644599303136,0.674912891986063,-0.426480836236934,0.814634146341464,-0.375435540069686,-0.0517421602787457,-0.484320557491289,-0.347560975609756,-0.488675958188153,-0.143205574912892,-0.0611498257839721,-0.721254355400697,0.0628919860627178,-0.476306620209059,0.383797909407666,-0.44808362369338,0.698432055749129,NA,-0.560627177700349,0.426132404181185,0.00261324041811847,-0.481533101045296,-0.511324041811847,-0.358710801393728,0.374912891986063,0.478571428571429,-0.528397212543554,-0.100522648083624,-0.571602787456446,0.572299651567944,0.523170731707317,-0.510801393728223,0.694773519163763,0.451219512195122,0.366550522648084,-0.510801393728223,-0.460452961672474,-0.425261324041812,0.000174216027874565,-0.0376306620209059,-0.586062717770035,-0.460627177700349,0.303310104529617,0.0810104529616725,-0.518641114982578,-0.379268292682927,-0.486585365853659,0.305400696864112,-0.193554006968641,-0.389547038327526,-0.522473867595819,-0.202613240418119,-0.174912891986063,-0.51219512195122,0.238850174216028,-0.592334494773519,-0.625087108013937,0.579965156794425,-0.562543554006969,-0.151219512195122,-0.547909407665505,-0.350348432055749,0.374912891986063,-0.447038327526133,-0.369512195121951,0.0421602787456446,-0.390940766550523,-0.548257839721254,-0.494947735191638,-0.186236933797909,-0.405226480836237,0.434146341463415,-0.313937282229965,-0.553484320557491,-0.672299651567944,-0.408710801393728,-0.196341463414634,0.390592334494774,0.221254355400697,-0.263414634146341,-0.685540069686411,-0.352787456445993,-0.369163763066202,-0.478571428571429,0.159407665505227,0.0898954703832753,-0.0810104529616725,-0.395470383275261,-0.346341463414634,-0.452961672473868,-0.191637630662021,-0.22787456445993,-0.195296167247387,-0.314982578397213,-0.406445993031359,-0.148954703832753,-0.364982578397213,-0.201567944250871,0.347038327526132,-0.060801393728223
OTU_153,0.136062717770035,-0.556445993031359,0.112891986062718,-0.721254355400697,0.228571428571429,-0.273867595818815,-0.655749128919861,-0.609059233449478,-0.047212543554007,-0.736759581881533,-0.308362369337979,0.789547038327526,0.0318815331010453,0.269337979094077,-0.74390243902439,-0.714634146341463,0.324912891986063,-0.526132404181185,-0.0179442508710801,-0.708710801393728,0.295470383275261,-0.285714285714286,0.738501742160279,-0.371080139372822,0.331533101045296,-0.068815331010453,-0.519163763066202,0.552613240418119,0.554355400696864,-0.376829268292683,-0.636062717770035,-0.272996515679443,-0.232229965156795,0.227003484320558,0.269337979094077,-0.587630662020906,0.0533101045296167,-0.234494773519164,-0.0843205574912892,0.298257839721254,0.412717770034843,-0.405574912891986,0.397386759581882,-0.771428571428572,-0.705226480836237,0.00905923344947735,0.732752613240418,-0.124738675958188,-0.54198606271777,-0.235017421602788,-0.405749128919861,-0.697735191637631,0.768292682926829,-0.73588850174216,0.0376306620209059,0.68623693379791,0.787282229965157,0.754355400696864,0.590766550522648,0.684494773519164,0.0315331010452962,-0.240592334494774,-0.763588850174216,-0.179094076655052,0.526829268292683,-0.654355400696864,-0.546341463414634,-0.292682926829268,0.262369337979094,0.228571428571429,0.505226480836237,-0.537108013937282,-0.406620209059234,-0.0860627177700349,-0.604006968641115,0.244599303135889,-0.419337979094077,-0.0811846689895471,0.351045296167247,0.44006968641115,0.314634146341463,-0.125087108013937,-0.137979094076655,0.205400696864112,0.665853658536586,0.719163763066202,-0.787282229965157,0.733449477351917,-0.269686411149826,-0.592508710801394,-0.597560975609756,-0.312369337979094,-0.528919860627178,0.699303135888502,0.131707317073171,0.0501742160278746,0.816898954703833,0.820034843205575,-0.350174216027875,-0.0440766550522648,-0.297735191637631,-0.673693379790941,-0.452787456445993,0.463937282229965,0.126829268292683,0.770383275261324,0.0803135888501742,-0.0437282229965157,0.891811846689896,0.345470383275261,-0.0801393728222997,0.845121951219512,0.00174216027874565,0.415156794425087,0.21602787456446,-0.345296167247387,-0.379616724738676,-0.245993031358885,0.813414634146342,0.745121951219512,-0.413066202090592,0.36184668989547,-0.277177700348432,-0.402961672473868,-0.135191637630662,-0.305923344947735,-0.283623693379791,0.842334494773519,-0.536585365853659,0.691463414634146,0.240766550522648,0.800348432055749,0.786933797909408,0.778397212543554,0.139198606271777,0.0545296167247387,0.385191637630662,0.0797909407665505,0.818292682926829,-0.631707317073171,0.636585365853659,-0.486062717770035,-0.560627177700349,NA,-0.450174216027875,0.0808362369337979,0.815156794425087,0.783101045296167,0.591289198606272,-0.119337979094077,-0.64808362369338,0.807142857142857,0.507491289198606,0.739547038327526,-0.674738675958188,-0.353135888501742,0.808885017421603,-0.302613240418118,-0.581707317073171,-0.451567944250871,0.820557491289199,0.848606271777004,0.813763066202091,-0.0541811846689896,0.0785714285714286,0.655749128919861,0.838501742160279,-0.437108013937282,-0.360627177700349,0.801393728222997,0.74006968641115,0.841114982578397,-0.609581881533101,0.212543554006969,0.679965156794425,0.833797909407666,0.720557491289199,0.458885017421603,0.851219512195122,0.130313588850174,0.849825783972126,0.80418118466899,-0.715853658536585,0.790766550522648,0.59616724738676,0.803135888501742,0.631010452961673,0.00121951219512195,0.843554006968641,0.509233449477352,0.232229965156795,0.494425087108014,0.753832752613241,0.800871080139373,0.491811846689896,0.835714285714286,-0.0998257839721255,0.262369337979094,0.792334494773519,0.626480836236934,0.562543554006969,0.521951219512195,-0.340592334494774,-0.133797909407666,0.598257839721254,0.532578397212544,0.624912891986063,0.370731707317073,0.546515679442509,0.301045296167247,0.0379790940766551,0.445818815331011,0.688850174216028,0.687282229965157,0.658885017421603,0.506620209059234,0.537630662020906,0.252613240418119,0.673344947735192,0.671777003484321,0.648954703832753,0.585191637630662,0.454355400696864,-0.540243902439025,-0.0709059233449478
OTU_156,0.083623693379791,0.625435540069686,-0.62020905923345,0.670905923344948,-0.134843205574913,0.504355400696864,0.42212543554007,0.679442508710801,0.356445993031359,0.711672473867596,0.0611498257839721,-0.581010452961673,-0.224216027874564,0.152787456445993,0.424738675958188,0.37787456445993,-0.612369337979094,-0.0871080139372822,0.375261324041812,0.453832752613241,0.0146341463414634,0.477700348432056,-0.244773519163763,0.754703832752613,-0.162717770034843,0.30191637630662,0.291637630662021,-0.094425087108014,-0.241463414634146,0.402264808362369,0.502613240418119,0.532752613240418,0.0259581881533101,-0.101219512195122,0.241289198606272,0.605226480836237,0.363763066202091,0.518989547038328,-0.0980836236933798,0.224390243902439,-0.376829268292683,-0.0477351916376307,-0.573693379790941,0.271428571428572,0.505400696864112,0.434494773519164,-0.434668989547038,-0.107839721254355,0.773170731707317,0.338501742160279,0.321080139372822,0.439372822299652,-0.389895470383275,0.512020905923345,0.561324041811847,-0.50609756097561,-0.329268292682927,-0.654703832752613,-0.328745644599303,-0.326132404181185,0.617770034843206,0.478397212543554,0.387108013937282,-0.147386759581882,0.0184668989547038,0.485540069686411,0.410975609756098,0.535191637630662,-0.341114982578397,0.0670731707317073,-0.372648083623693,0.506794425087108,-0.188850174216028,0.118815331010453,0.618641114982579,0.0231707317073171,0.427700348432056,0.438675958188153,-0.197560975609756,-0.201742160278746,0.331184668989547,0.546864111498258,0.38397212543554,0.186759581881533,-0.401742160278746,-0.198432055749129,0.441637630662021,-0.667421602787457,0.476306620209059,0.391289198606272,0.396515679442509,0.498432055749129,0.613414634146342,-0.242160278745645,-0.270383275261324,-0.468466898954704,-0.494076655052265,-0.307665505226481,0.304703832752613,0.114808362369338,0.428745644599303,0.24616724738676,0.321080139372822,-0.0770034843205575,-0.523519163763066,-0.381358885017422,-0.435365853658537,0.0346689895470383,-0.389895470383275,0.0601045296167248,0.132229965156794,-0.445121951219512,0.322299651567944,0.0609756097560976,-0.486411149825784,0.0303135888501742,-0.169163763066202,0.463066202090592,-0.341637630662021,-0.493728222996516,0.159059233449477,-0.450696864111498,-0.0083623693379791,0.447735191637631,-0.0858885017421603,0.012020905923345,0.121777003484321,-0.302613240418118,0.441811846689896,-0.434146341463415,-0.185714285714286,-0.456620209059234,-0.339895470383275,-0.440766550522648,0.0083623693379791,-0.463588850174216,-0.497735191637631,-0.463414634146342,-0.418641114982578,0.0940766550522648,-0.273170731707317,0.319163763066202,0.426132404181185,-0.450174216027875,NA,-0.467595818815331,-0.461498257839721,-0.387456445993031,-0.39390243902439,0.0794425087108014,0.224564459930314,-0.262020905923345,-0.0879790940766551,-0.621428571428572,0.312891986062718,0.34808362369338,-0.453832752613241,0.199128919860627,0.389895470383275,0.397038327526132,-0.336236933797909,-0.313588850174216,-0.390418118466899,0.291289198606272,-0.241637630662021,-0.402090592334495,-0.287456445993031,0.328745644599303,0.192334494773519,-0.263066202090592,-0.183275261324042,-0.462717770034843,-0.033623693379791,-0.0536585365853659,-0.549825783972126,-0.271602787456446,-0.258710801393728,-0.00627177700348432,-0.429094076655052,-0.0266550522648084,-0.389721254355401,-0.326829268292683,0.313414634146342,-0.521602787456446,-0.142508710801394,-0.486759581881533,-0.549477351916376,-0.0642857142857143,-0.264285714285714,-0.262891986062718,-0.244773519163763,-0.144425087108014,-0.293031358885017,-0.30609756097561,-0.0554006968641115,-0.279442508710801,0.355226480836237,-0.0956445993031359,-0.347560975609756,-0.351393728222997,-0.427003484320558,-0.405400696864112,0.434320557491289,0.0353658536585366,-0.328397212543554,-0.291114982578397,-0.0702090592334495,-0.409756097560976,-0.622822299651568,-0.0794425087108014,0.104878048780488,-0.199128919860627,-0.267770034843206,-0.306794425087108,-0.274216027874565,-0.163763066202091,-0.123693379790941,0.0142857142857143,-0.188327526132404,-0.287804878048781,-0.353484320557491,-0.188327526132404,-0.399128919860627,0.0128919860627178,0.0885017421602788
OTU_157,-0.345644599303136,-0.12595818815331,0.142160278745645,-0.152787456445993,0.112020905923345,-0.291811846689896,-0.123867595818815,-0.138850174216028,0.125783972125436,-0.255226480836237,-0.117770034843206,0.0979094076655053,0.14808362369338,-0.288675958188153,-0.120034843205575,-0.102090592334495,0.213588850174216,-0.0449477351916376,-0.494947735191638,-0.200348432055749,0.156620209059233,-0.236933797909408,-0.0487804878048781,-0.489895470383275,0.451045296167247,0.189547038327526,-0.0501742160278746,0.0952961672473868,0.0649825783972126,-0.0388501742160279,-0.336933797909408,-0.214634146341463,-0.0817073170731707,-0.103484320557491,-0.391811846689896,-0.402264808362369,-0.0494773519163763,-0.0646341463414634,0.198432055749129,-0.3,0.197038327526132,0.0634146341463415,0.565331010452962,0.0322299651567944,-0.219512195121951,-0.430836236933798,0.2198606271777,-0.0226480836236934,-0.443205574912892,-0.141811846689896,-0.0921602787456446,-0.290766550522648,0.191289198606272,-0.162891986062718,-0.412543554006969,0.378745644599303,0.0329268292682927,0.389024390243903,0.177177700348432,0.240243902439024,-0.19808362369338,-0.360278745644599,-0.148606271777004,0.359059233449477,0.0282229965156794,-0.144773519163763,-0.108188153310105,-0.0747386759581882,0.180313588850174,0.141289198606272,-0.128397212543554,-0.283623693379791,0.0228222996515679,-0.279965156794425,-0.349128919860627,-0.128571428571429,-0.337456445993031,-0.0484320557491289,0.0585365853658537,-0.0397212543554007,-0.244599303135889,0.0621951219512195,-0.286411149825784,-0.148257839721254,0.112717770034843,-0.0555749128919861,-0.247560975609756,0.271254355400697,-0.481881533101045,-0.0522648083623693,-0.214808362369338,-0.544076655052265,-0.149825783972125,-0.0533101045296167,0.0649825783972126,0.716724738675958,0.21411149825784,0.0350174216027875,-0.0951219512195122,-0.25418118466899,-0.335017421602788,-0.0541811846689896,-0.19808362369338,0.117421602787456,0.362891986062718,0.255574912891986,0.448432055749129,-0.271602787456446,0.0977351916376307,-0.163937282229965,-0.149303135888502,0.176829268292683,-0.480662020905923,-0.187282229965157,0.255749128919861,-0.131533101045296,0.0832752613240418,-0.033623693379791,0.136062717770035,0.184320557491289,-0.102264808362369,0.32404181184669,0.0674216027874565,-0.239721254355401,0.123519163763066,0.562717770034843,0.0911149825783972,0.0494773519163763,0.109059233449477,0.0900696864111498,0.144076655052265,0.199825783972125,0.154529616724739,0.183101045296167,-0.304006968641115,0.752961672473868,-0.106620209059233,0.495993031358885,0.101393728222997,-0.0740418118466899,0.00522648083623694,-0.0252613240418119,0.00261324041811847,0.0808362369337979,-0.467595818815331,NA,0.195470383275261,0.130836236933798,0.1801393728223,0.186062717770035,-0.0222996515679443,-0.0365853658536585,-0.0554006968641115,0.328571428571429,0.133101045296167,0.186933797909408,0.268989547038328,0.291811846689896,-0.127526132404181,0.0292682926829268,0.0679442508710802,0.115679442508711,0.0560975609756098,-0.433797909407666,0.474738675958188,0.150522648083624,0.117073170731707,0.0372822299651568,-0.0322299651567944,0.0470383275261324,-0.101393728222997,0.261498257839721,0.0486062717770035,0.132926829268293,0.459407665505227,0.0902439024390244,0.0862369337979094,-0.0503484320557491,0.219337979094077,0.0700348432055749,0.127003484320558,0.106271777003484,0.060801393728223,0.35418118466899,0.000522648083623693,0.291289198606272,0.398606271777004,0.218641114982578,0.00905923344947735,0.105923344947735,0.304355400696864,-0.0623693379790941,0.0724738675958188,-0.104355400696864,0.097212543554007,0.00888501742160279,-0.0412891986062718,-0.252961672473868,0.233101045296167,0.045993031358885,0.202787456445993,0.33588850174216,-0.134494773519164,0.258710801393728,0.318989547038328,-0.147038327526132,0.0444250871080139,0.240592334494774,0.363414634146342,0.250696864111498,0.318466898954704,0.471951219512195,0.167770034843206,0.224216027874564,0.19198606271777,0.116202090592335,0.172996515679443,-0.105574912891986,0.0698606271777004,0.282926829268293,0.292857142857143,0.105400696864112,0.360627177700349,0.231533101045296,-0.164808362369338
OTU_158,-0.0111498257839721,-0.508885017421603,0.179790940766551,-0.659233449477352,0.18205574912892,-0.37020905923345,-0.757142857142857,-0.537282229965157,0.0231707317073171,-0.706968641114983,-0.41184668989547,0.775609756097561,0.142160278745645,0.0198606271777004,-0.806620209059234,-0.774216027874565,0.354529616724739,-0.503310104529617,-0.168292682926829,-0.757317073170732,0.132578397212544,-0.204703832752613,0.684146341463415,-0.431533101045296,0.406968641114983,-0.0280487804878049,-0.528397212543554,0.497212543554007,0.660278745644599,-0.32020905923345,-0.760452961672474,-0.44616724738676,-0.128919860627178,0.0486062717770035,0.102613240418118,-0.700871080139373,0.086411149825784,-0.103484320557491,-0.286759581881533,0.108362369337979,0.565331010452962,-0.445470383275261,0.348257839721254,-0.750348432055749,-0.732752613240418,-0.0198606271777004,0.852439024390244,-0.211324041811847,-0.448954703832753,-0.329616724738676,-0.587804878048781,-0.708536585365854,0.83205574912892,-0.7301393728223,-0.00749128919860627,0.720557491289199,0.752961672473868,0.832926829268293,0.421602787456446,0.731533101045296,0.0320557491289199,-0.291289198606272,-0.720383275261324,-0.185714285714286,0.532229965156795,-0.567073170731707,-0.511324041811847,-0.219512195121951,0.237282229965157,0.206968641114983,0.543554006968641,-0.391289198606272,-0.413588850174216,-0.206445993031359,-0.598780487804878,0.102264808362369,-0.342682926829268,0.0134146341463415,0.349128919860627,0.329965156794425,0.218292682926829,-0.00975609756097561,-0.34616724738676,0.16794425087108,0.75418118466899,0.606968641114983,-0.832752613240418,0.695818815331011,-0.311672473867596,-0.43205574912892,-0.60418118466899,-0.475261324041812,-0.395993031358885,0.640940766550523,0.0655052264808362,0.174390243902439,0.745296167247387,0.809407665505227,-0.435017421602788,-0.170383275261324,-0.505574912891986,-0.663240418118467,-0.329094076655052,0.479965156794425,0.147386759581882,0.763588850174216,0.120731707317073,-0.178571428571429,0.814459930313589,0.25,-0.140766550522648,0.823344947735192,-0.147560975609756,0.289721254355401,0.418989547038328,-0.524390243902439,-0.221428571428571,-0.2,0.853310104529617,0.813414634146342,-0.282229965156794,0.391463414634146,-0.33815331010453,-0.439895470383275,0.0736933797909408,-0.1301393728223,-0.266898954703833,0.801742160278746,-0.43588850174216,0.743379790940767,0.223519163763066,0.871777003484321,0.796864111498258,0.821254355400697,-0.0348432055749129,0.117073170731707,0.377351916376307,0.159581881533101,0.837804878048781,-0.679790940766551,0.58815331010453,-0.267595818815331,-0.481533101045296,0.815156794425087,-0.461498257839721,0.195470383275261,NA,0.789372822299652,0.557317073170732,-0.343379790940767,-0.654529616724739,0.663937282229965,0.437456445993031,0.809756097560976,-0.627351916376307,-0.32787456445993,0.840766550522648,-0.160452961672474,-0.6,-0.469337979094077,0.811324041811847,0.864285714285715,0.754006968641115,-0.155574912891986,0.226829268292683,0.725609756097561,0.797038327526133,-0.351219512195122,-0.350174216027875,0.859059233449478,0.734494773519164,0.832926829268293,-0.527526132404181,0.319512195121951,0.679094076655052,0.83205574912892,0.639721254355401,0.381184668989547,0.764285714285714,0.00888501742160279,0.801393728222997,0.732926829268293,-0.625435540069686,0.822996515679443,0.691463414634146,0.80609756097561,0.771254355400697,0.157491289198606,0.806968641114983,0.620905923344948,0.293728222996516,0.433449477351916,0.759581881533101,0.625783972125436,0.644773519163763,0.681010452961673,-0.0496515679442509,0.13397212543554,0.707665505226481,0.623693379790941,0.582578397212544,0.718641114982579,-0.345470383275261,-0.160278745644599,0.485714285714286,0.389372822299652,0.554878048780488,0.326480836236934,0.453658536585366,0.269686411149826,0.010801393728223,0.585191637630662,0.740940766550523,0.68205574912892,0.68588850174216,0.554006968641115,0.589547038327526,0.386062717770035,0.620731707317073,0.685714285714286,0.617247386759582,0.587108013937282,0.284494773519164,-0.243554006968641,-0.0890243902439025
OTU_159,0.151393728222997,-0.50801393728223,0.188850174216028,-0.694599303135889,0.040418118466899,-0.136062717770035,-0.738850174216028,-0.587804878048781,0.0114982578397213,-0.731010452961673,-0.353135888501742,0.851219512195122,-0.0285714285714286,0.319163763066202,-0.813937282229965,-0.826480836236934,0.4,-0.508188153310105,0.0616724738675958,-0.780836236933798,0.255400696864112,-0.257665505226481,0.80993031358885,-0.288501742160279,0.347212543554007,-0.0222996515679443,-0.425609756097561,0.608188153310105,0.600696864111498,-0.352787456445993,-0.687282229965157,-0.42212543554007,-0.175261324041812,0.254878048780488,0.153310104529617,-0.66602787456446,0.107317073170732,-0.175435540069686,-0.368466898954704,0.32212543554007,0.378048780487805,-0.398954703832753,0.325261324041812,-0.818815331010453,-0.694947735191638,0.165331010452962,0.8,-0.0681184668989547,-0.523693379790941,-0.321951219512195,-0.380313588850174,-0.672473867595819,0.822822299651568,-0.753832752613241,-0.0327526132404181,0.718815331010453,0.813414634146342,0.75993031358885,0.489024390243903,0.745644599303136,0.0966898954703833,-0.144250871080139,-0.67020905923345,-0.246689895470383,0.528397212543554,-0.552090592334495,-0.615156794425087,-0.247386759581882,0.273344947735192,0.228745644599303,0.522648083623694,-0.468292682926829,-0.365853658536585,-0.0705574912891986,-0.529268292682927,0.347909407665505,-0.189895470383275,-0.0130662020905923,0.449651567944251,0.401742160278746,0.431707317073171,-0.102961672473868,-0.206271777003484,0.196515679442509,0.648432055749129,0.75993031358885,-0.823170731707317,0.688501742160279,-0.257839721254355,-0.562717770034843,-0.505052264808362,-0.259233449477352,-0.417421602787456,0.777003484320558,0.0905923344947735,-0.04198606271777,0.784146341463415,0.827351916376307,-0.35,-0.107491289198606,-0.311498257839721,-0.634668989547038,-0.415853658536585,0.546689895470383,0.109233449477352,0.844425087108014,0.110975609756098,-0.110801393728223,0.836411149825784,0.397386759581882,-0.0519163763066202,0.834146341463415,-0.0289198606271777,0.529094076655052,0.27595818815331,-0.424390243902439,-0.344076655052265,-0.226132404181185,0.863240418118467,0.75418118466899,-0.311672473867596,0.27595818815331,-0.105923344947735,-0.562369337979094,-0.151219512195122,-0.375783972125436,-0.253135888501742,0.903484320557492,-0.447735191637631,0.802787456445993,0.209581881533101,0.823344947735192,0.853832752613241,0.912717770034843,0.114634146341463,-0.0547038327526133,0.456794425087108,0.223867595818815,0.859233449477352,-0.629616724738676,0.696341463414634,-0.399303135888502,-0.511324041811847,0.783101045296167,-0.387456445993031,0.130836236933798,0.789372822299652,NA,0.491289198606272,-0.230313588850174,-0.781533101045296,0.783449477351917,0.631533101045296,0.765679442508711,-0.65,-0.304355400696864,0.842334494773519,-0.155226480836237,-0.687979094076655,-0.477526132404181,0.853658536585366,0.790766550522648,0.831358885017422,0.0320557491289199,-0.0369337979094077,0.68623693379791,0.814459930313589,-0.484320557491289,-0.391463414634146,0.802264808362369,0.806271777003485,0.832926829268293,-0.572648083623693,0.238501742160279,0.677351916376307,0.794773519163763,0.75226480836237,0.413937282229965,0.85801393728223,0.152613240418118,0.818815331010453,0.85191637630662,-0.613588850174216,0.80801393728223,0.548432055749129,0.825261324041812,0.742682926829269,-0.086411149825784,0.859407665505227,0.549651567944251,0.174738675958188,0.659407665505227,0.720034843205575,0.727177700348432,0.642334494773519,0.764285714285714,-0.126480836236934,0.247386759581882,0.75,0.508536585365854,0.495296167247387,0.560627177700349,-0.370034843205575,-0.196515679442509,0.494773519163763,0.535191637630662,0.557839721254355,0.498606271777004,0.636585365853659,0.29808362369338,0.0299651567944251,0.442857142857143,0.743031358885018,0.685540069686411,0.706620209059234,0.435017421602788,0.562891986062718,0.390243902439024,0.658362369337979,0.708362369337979,0.68815331010453,0.674216027874565,0.312543554006969,-0.312369337979094,-0.047212543554007
OTU_160,-0.318815331010453,-0.162020905923345,-0.192682926829268,-0.463240418118467,0.4,-0.246341463414634,-0.342857142857143,-0.296689895470383,0.0634146341463415,-0.497212543554007,0.0515679442508711,0.325609756097561,0.366202090592335,0.0466898954703833,-0.51794425087108,-0.381358885017422,0.156445993031359,-0.2801393728223,-0.0229965156794425,-0.543554006968641,0.127177700348432,-0.241463414634146,0.4301393728223,-0.229442508710801,0.507839721254356,0.187282229965157,-0.430313588850174,0.358362369337979,0.335191637630662,-0.14006968641115,-0.280836236933798,0.0308362369337979,0.0844947735191638,-0.0247386759581882,0.188675958188153,-0.373170731707317,0.172648083623693,-0.109059233449477,-0.0649825783972126,0.188327526132404,0.0980836236933798,-0.587979094076655,0.369512195121951,-0.38815331010453,-0.481358885017422,-0.0641114982578397,0.526480836236934,-0.370383275261324,-0.32212543554007,-0.167595818815331,-0.140243902439024,-0.597386759581882,0.481184668989547,-0.580487804878049,-0.128919860627178,0.405226480836237,0.409059233449477,0.539372822299652,0.279790940766551,0.419163763066202,0.0209059233449477,-0.294250871080139,-0.663066202090593,0.189721254355401,0.73205574912892,-0.374390243902439,-0.48397212543554,-0.0933797909407666,0.237804878048781,0.185017421602788,0.0952961672473868,-0.24581881533101,-0.264808362369338,0.125261324041812,-0.448432055749129,-0.156620209059233,-0.331707317073171,-0.0411149825783972,0.132404181184669,0.0799651567944251,0.040418118466899,-0.0346689895470383,-0.09198606271777,0.159059233449477,0.541463414634146,0.364634146341464,-0.409581881533101,0.625261324041812,-0.173867595818815,-0.0954703832752613,-0.334146341463415,-0.279094076655052,-0.320034843205575,0.390592334494774,-0.0689895470383275,0.00452961672473868,0.48397212543554,0.426306620209059,-0.301742160278746,0.114459930313589,-0.18205574912892,-0.517421602787457,-0.266202090592335,0.377351916376307,0.224390243902439,0.506794425087108,0.18815331010453,-0.233275261324042,0.504878048780488,0.165853658536585,-0.0862369337979094,0.566724738675958,-0.0510452961672474,0.245296167247387,0.085191637630662,-0.37595818815331,-0.36602787456446,-0.116898954703833,0.524390243902439,0.542857142857143,-0.315505226480836,0.365853658536585,-0.301045296167247,-0.364459930313589,0.186062717770035,-0.159407665505227,-0.0799651567944251,0.465505226480836,-0.341114982578397,0.435365853658537,0.431010452961673,0.645121951219512,0.423519163763066,0.553135888501742,0.0423344947735192,0.158188153310105,0.11602787456446,0.339198606271777,0.45993031358885,-0.491463414634147,0.399128919860627,-0.129268292682927,-0.358710801393728,0.591289198606272,-0.39390243902439,0.1801393728223,0.557317073170732,0.491289198606272,NA,-0.138675958188153,-0.510104529616725,0.458885017421603,0.181533101045296,0.635540069686411,-0.484146341463415,-0.0466898954703833,0.524564459930314,0.0557491289198606,-0.459407665505227,-0.335191637630662,0.585365853658537,0.532578397212544,0.356794425087108,-0.170557491289199,-0.0393728222996516,0.50191637630662,0.601742160278746,-0.370731707317073,-0.393379790940767,0.471602787456446,0.297909407665505,0.507317073170732,-0.304006968641115,0.298257839721254,0.646515679442509,0.534668989547038,0.284668989547038,0.276829268292683,0.553310104529617,-0.0285714285714286,0.536759581881533,0.516550522648084,-0.324912891986063,0.494947735191638,0.325609756097561,0.549651567944251,0.527003484320558,0.14198606271777,0.490766550522648,0.133275261324042,0.320034843205575,0.259407665505227,0.526132404181185,0.343205574912892,0.420731707317073,0.497386759581882,-0.111672473867596,-0.100871080139373,0.643554006968641,0.492508710801394,0.683623693379791,0.446864111498258,-0.129094076655052,-0.00278745644599303,0.575783972125436,0.247909407665505,0.338850174216028,0.509059233449477,0.600871080139373,0.406620209059234,-0.0719512195121951,0.175261324041812,0.489547038327526,0.270557491289199,0.432404181184669,0.65,0.552264808362369,-0.0513937282229965,0.352439024390244,0.567247386759582,0.446864111498258,0.39198606271777,0.178048780487805,-0.256271777003484,-0.230836236933798
OTU_161,0.124390243902439,0.132752613240418,-0.15418118466899,0.289547038327526,-0.0503484320557491,0.277177700348432,0.466376306620209,0.208885017421603,0.0209059233449477,0.164634146341463,0.229616724738676,-0.305400696864112,-0.227351916376307,0.339372822299652,0.308536585365854,0.34198606271777,-0.0639372822299652,0.20191637630662,0.110975609756098,0.285191637630662,0.302613240418118,-0.00853658536585366,-0.214285714285714,0.0815331010452962,0.0114982578397213,0.336062717770035,0.340592334494774,-0.00731707317073171,-0.437804878048781,0.0951219512195122,0.339372822299652,0.364634146341464,-0.147735191637631,0.173344947735192,-0.0945993031358885,0.284320557491289,-0.0989547038327526,-0.00609756097560976,0.39581881533101,-0.00156794425087108,-0.427177700348432,0.45418118466899,0.324564459930314,0.346341463414634,0.32787456445993,-0.0515679442508711,-0.356445993031359,0.288501742160279,-0.127351916376307,0.21411149825784,0.505052264808362,0.330836236933798,-0.351045296167247,0.19390243902439,-0.218292682926829,-0.158536585365854,-0.201219512195122,-0.271602787456446,0.126480836236934,-0.208536585365854,0.205226480836237,-0.0348432055749129,0.350174216027875,0.275261324041812,-0.160452961672474,0.125435540069686,0.00452961672473868,-0.00226480836236934,-0.00888501742160279,-0.05,-0.482752613240418,-0.165505226480836,0.146341463414634,0.0696864111498258,0.341637630662021,0.273867595818815,-0.00418118466898955,0.0618466898954704,-0.227003484320558,0.255052264808362,0.11602787456446,0.0973867595818815,0.400522648083624,-0.128571428571429,-0.537979094076655,-0.168641114982578,0.270905923344948,-0.148780487804878,-0.0662020905923345,-0.0233449477351916,0.293379790940767,0.30191637630662,0.164808362369338,-0.190243902439024,-0.24198606271777,0.159059233449477,-0.05801393728223,-0.264459930313589,0.473170731707317,0.0792682926829268,0.350696864111498,0.364634146341464,-0.117073170731707,-0.0128919860627178,0.0949477351916377,-0.0639372822299652,0.018815331010453,0.0970383275261324,-0.110627177700348,-0.356445993031359,-0.0369337979094077,-0.339198606271777,0.0506968641114983,0.0662020905923345,-0.373867595818815,0.471428571428572,-0.0696864111498258,0.156968641114983,-0.153484320557491,-0.363066202090592,0.175783972125436,-0.0463414634146342,0.418118466898955,-0.031184668989547,-0.261324041811847,0.322648083623693,0.301045296167247,-0.245296167247387,0.24198606271777,-0.374912891986063,-0.126655052264808,-0.306620209059233,-0.206794425087108,-0.229965156794425,0.169512195121951,0.125609756097561,-0.350522648083624,0.194773519163763,-0.402264808362369,0.40191637630662,-0.119337979094077,0.0477351916376307,0.374912891986063,-0.119337979094077,0.0794425087108014,0.186062717770035,-0.343379790940767,-0.230313588850174,-0.138675958188153,NA,0.138675958188153,-0.0515679442508711,-0.0780487804878049,-0.252090592334495,0.316376306620209,0.102961672473868,-0.310452961672474,0.231184668989547,0.0209059233449477,0.350696864111498,-0.298606271777004,-0.18205574912892,-0.172299651567944,0.109407665505227,0.155400696864112,-0.399477351916376,-0.136062717770035,0.446515679442509,0.262891986062718,-0.35993031358885,-0.111498257839721,-0.164808362369338,0.233797909407666,-0.119686411149826,0.10383275261324,-0.247038327526132,0.0475609756097561,-0.0268292682926829,-0.160627177700348,0.316724738675958,-0.269163763066202,-0.320383275261324,0.32212543554007,-0.198257839721254,-0.514285714285714,-0.332404181184669,-0.314285714285714,-0.242682926829268,-0.0918118466898955,-0.447560975609756,0.170905923344948,-0.0313588850174216,-0.347909407665505,-0.079616724738676,-0.425783972125436,-0.00400696864111498,0.139372822299652,0.0587108013937282,-0.14616724738676,-0.314285714285714,-0.237630662020906,-0.278919860627178,0.245993031358885,0.217595818815331,0.0670731707317073,-0.280836236933798,-0.151219512195122,0.086411149825784,0.0897212543554007,-0.0358885017421603,0.175435540069686,-0.040418118466899,-0.268466898954704,-0.0989547038327526,-0.211498257839721,-0.152613240418118,-0.24616724738676,-0.38397212543554,-0.152787456445993,-0.249825783972125,-0.0310104529616725,-0.281358885017422,0.269512195121951,0.129616724738676,0.093205574912892
OTU_162,-0.0383275261324042,0.251742160278746,-0.00470383275261324,0.640418118466899,-0.224390243902439,-0.0609756097560976,0.568815331010453,0.333275261324042,0.143205574912892,0.588327526132404,0.0531358885017422,-0.62595818815331,-0.145296167247387,-0.260452961672474,0.759407665505227,0.672473867595819,-0.34808362369338,0.44390243902439,-0.244773519163763,0.696515679442509,-0.259233449477352,0.278048780487805,-0.728048780487805,0.149825783972125,-0.355052264808362,-0.0421602787456446,0.521080139372822,-0.45609756097561,-0.405400696864112,0.464808362369338,0.411498257839721,0.134843205574913,-0.0144599303135889,-0.217595818815331,-0.402613240418119,0.468466898954704,0.0113240418118467,0.149825783972125,0.367073170731707,-0.402613240418119,-0.0421602787456446,0.435017421602788,-0.270731707317073,0.659233449477352,0.69198606271777,-0.143379790940767,-0.60993031358885,0.15609756097561,0.302613240418118,0.178745644599303,0.1301393728223,0.72212543554007,-0.643728222996516,0.758536585365854,0.129616724738676,-0.515505226480836,-0.706445993031359,-0.669337979094077,-0.434320557491289,-0.607665505226481,-0.263414634146341,0.201742160278746,0.722996515679443,0.0186411149825784,-0.590243902439025,0.522473867595819,0.813763066202091,0.197386759581882,-0.321428571428572,-0.220557491289199,-0.254878048780488,0.293379790940767,0.144773519163763,-0.254006968641115,0.466376306620209,-0.270034843205575,0.321080139372822,0.126655052264808,-0.141114982578397,-0.343205574912892,-0.327526132404181,0.0858885017421603,-0.0801393728222997,-0.352264808362369,-0.545818815331011,-0.748606271777004,0.616898954703833,-0.683623693379791,0.120731707317073,0.395993031358885,0.463763066202091,0.202264808362369,0.303658536585366,-0.705052264808362,0.0991289198606272,0.234494773519164,-0.707142857142857,-0.74006968641115,0.454529616724739,-0.300871080139373,0.191463414634146,0.76602787456446,0.236411149825784,-0.543379790940767,-0.047212543554007,-0.729790940766551,-0.307491289198606,0.083623693379791,-0.669337979094077,-0.379442508710801,-0.16602787456446,-0.69198606271777,-0.252787456445993,-0.530662020905924,-0.00574912891986063,0.306968641114983,0.551742160278746,0.232229965156795,-0.740766550522648,-0.651393728222997,0.353135888501742,-0.477351916376307,0.114459930313589,0.752439024390244,0.225261324041812,0.370905923344948,0.409059233449477,-0.732229965156795,0.484843205574913,-0.668989547038328,-0.206271777003484,-0.719686411149826,-0.688850174216028,-0.761498257839721,-0.367247386759582,0.145296167247387,-0.386236933797909,-0.224216027874564,-0.671777003484321,0.672473867595819,-0.70993031358885,0.32404181184669,0.478571428571429,-0.64808362369338,0.224564459930314,-0.0222996515679443,-0.654529616724739,-0.781533101045296,-0.510104529616725,0.138675958188153,NA,-0.787108013937282,-0.541289198606272,-0.651393728222997,0.662543554006969,0.29616724738676,-0.736585365853659,0.0383275261324042,0.567595818815331,0.501742160278746,-0.779965156794425,-0.706794425087108,-0.656794425087108,-0.310801393728223,0.148780487804878,-0.564808362369338,-0.798606271777004,0.348257839721254,0.332578397212544,-0.707665505226481,-0.750174216027875,-0.718641114982579,0.563937282229965,-0.288327526132404,-0.597212543554007,-0.744599303135889,-0.621254355400697,-0.547212543554007,-0.709581881533101,-0.230313588850174,-0.71602787456446,-0.643031358885018,0.626306620209059,-0.683449477351917,-0.326132404181185,-0.668815331010453,-0.544773519163763,0.127526132404181,-0.77787456445993,-0.306794425087108,-0.263937282229965,-0.720905923344948,-0.672822299651568,-0.584146341463415,-0.503135888501742,-0.740592334494774,0.0916376306620209,-0.39581881533101,-0.693379790940767,-0.456968641114983,-0.438327526132404,-0.37822299651568,0.293031358885017,-0.0508710801393728,-0.434320557491289,-0.537630662020906,-0.303310104529617,-0.462369337979094,-0.562369337979094,-0.120557491289199,-0.203135888501742,-0.119686411149826,-0.584494773519164,-0.537108013937282,-0.559059233449477,-0.412543554006969,-0.560278745644599,-0.222996515679443,-0.498780487804878,-0.573693379790941,-0.606794425087108,-0.560104529616725,-0.172473867595819,0.258536585365854,0.186933797909408
OTU_163,0.289547038327526,-0.448432055749129,0.0547038327526133,-0.67595818815331,0.117421602787456,-0.0465156794425087,-0.601393728222997,-0.485017421602787,-0.126480836236934,-0.659233449477352,-0.20383275261324,0.756271777003484,0.0189895470383275,0.395470383275261,-0.712543554006969,-0.689895470383275,0.330313588850174,-0.491637630662021,0.219512195121951,-0.637282229965157,0.290592334494774,-0.267595818815331,0.794076655052265,-0.222299651567944,0.222648083623693,-0.0386759581881533,-0.400348432055749,0.551567944250871,0.473344947735192,-0.384494773519164,-0.500174216027875,-0.123693379790941,-0.110975609756098,0.383623693379791,0.416376306620209,-0.508188153310105,-0.0235191637630662,-0.220557491289199,-0.0987804878048781,0.486411149825784,0.168292682926829,-0.310975609756098,0.321602787456446,-0.731010452961673,-0.675435540069687,0.16602787456446,0.634843205574913,0.0182926829268293,-0.42212543554007,-0.127351916376307,-0.212369337979094,-0.626829268292683,0.699651567944251,-0.777526132404181,-0.000174216027874565,0.61794425087108,0.787456445993032,0.655574912891986,0.59390243902439,0.67595818815331,0.106445993031359,-0.21602787456446,-0.693728222996516,-0.0867595818815331,0.520731707317073,-0.54390243902439,-0.675783972125436,-0.294947735191638,0.347560975609756,0.24390243902439,0.398780487804878,-0.47595818815331,-0.27212543554007,0.0350174216027875,-0.430836236933798,0.425435540069686,-0.310627177700349,-0.147212543554007,0.216898954703833,0.487979094076655,0.488327526132404,-0.163240418118467,0.0656794425087108,0.318815331010453,0.533623693379791,0.826829268292683,-0.738675958188153,0.710278745644599,-0.15,-0.574912891986063,-0.515679442508711,-0.142508710801394,-0.410801393728223,0.836585365853659,0.0233449477351916,-0.168118466898955,0.810801393728223,0.835191637630662,-0.322996515679443,0.141463414634146,-0.155923344947735,-0.724738675958188,-0.345470383275261,0.50418118466899,0.0128919860627178,0.775783972125436,0.160104529616725,0.0315331010452962,0.807665505226481,0.334668989547038,0.118292682926829,0.783101045296167,0.257491289198606,0.542682926829268,0.0054006968641115,-0.232404181184669,-0.502264808362369,-0.278397212543554,0.769163763066202,0.684320557491289,-0.345121951219512,0.322299651567944,-0.0263066202090592,-0.543031358885018,-0.262020905923345,-0.463937282229965,-0.292508710801394,0.819163763066202,-0.56411149825784,0.665853658536586,0.224564459930314,0.723170731707317,0.738850174216028,0.788501742160279,0.349128919860627,-0.189198606271777,0.412020905923345,0.143554006968641,0.76219512195122,-0.56602787456446,0.757491289198606,-0.419337979094077,-0.528397212543554,0.807142857142857,-0.262020905923345,-0.0365853658536585,0.663937282229965,0.783449477351917,0.458885017421603,-0.0515679442508711,-0.787108013937282,NA,0.64198606271777,0.662717770034843,-0.711149825783972,-0.466202090592335,0.8,-0.229094076655052,-0.543379790940767,-0.497386759581882,0.83588850174216,0.734146341463415,0.781184668989547,0.226480836236934,-0.0850174216027875,0.55383275261324,0.867247386759582,-0.457317073170732,-0.305749128919861,0.790243902439025,0.827003484320558,0.803135888501742,-0.604529616724739,0.198606271777004,0.694947735191638,0.791637630662021,0.713937282229965,0.620034843205575,0.790243902439025,0.305923344947735,0.736062717770035,0.678048780487805,-0.731881533101046,0.728397212543554,0.474216027874565,0.7198606271777,0.498257839721254,-0.160627177700348,0.823344947735192,0.3698606271777,0.237456445993031,0.691289198606272,0.649825783972126,0.74425087108014,0.506445993031359,0.828397212543554,-0.187108013937282,0.379268292682927,0.723519163763066,0.53588850174216,0.484494773519164,0.397909407665505,-0.331707317073171,-0.213066202090592,0.507665505226481,0.631010452961673,0.537282229965157,0.350174216027875,0.559756097560976,0.124216027874564,0.0257839721254355,0.253484320557491,0.581881533101045,0.571080139372822,0.590592334494774,0.316898954703833,0.453658536585366,0.3301393728223,0.61219512195122,0.556620209059234,0.581184668989547,0.5698606271777,0.386933797909408,-0.330662020905923,-0.159059233449477
OTU_164,0.525087108013937,-0.233275261324042,-0.0118466898954704,-0.377700348432056,-0.455052264808362,0.423170731707317,-0.63815331010453,-0.233797909407666,0.232229965156795,-0.325609756097561,-0.469163763066202,0.62787456445993,-0.0242160278745645,0.320905923344948,-0.496864111498258,-0.730836236933798,0.0651567944250871,-0.604878048780488,0.302439024390244,-0.296864111498258,0.233449477351916,0.0139372822299652,0.813240418118467,0.0644599303135889,-0.145644599303136,0.150871080139373,0.0926829268292683,0.781881533101045,0.435540069686411,-0.0142857142857143,-0.44198606271777,-0.0106271777003484,-0.00993031358885018,0.75609756097561,0.309233449477352,-0.104878048780488,0.338327526132404,0.223693379790941,0.0275261324041812,0.639547038327526,0.104355400696864,0.0306620209059234,0.00365853658536585,-0.563763066202091,-0.49808362369338,0.418292682926829,0.513066202090592,0.452961672473868,-0.233449477351916,0.0961672473867596,-0.184494773519164,-0.450696864111498,0.577526132404181,-0.586585365853659,0.0501742160278746,0.63815331010453,0.762020905923345,0.320731707317073,0.73623693379791,0.665331010452962,0.271428571428572,0.286933797909408,-0.237630662020906,-0.262891986062718,0.213066202090592,-0.215505226480836,-0.465331010452962,0.129616724738676,0.499825783972126,0.432229965156795,0.193554006968641,-0.308188153310105,-0.375783972125436,-0.0707317073170732,-0.0832752613240418,0.807839721254356,-0.105226480836237,0.228571428571429,0.0878048780487805,0.725783972125436,0.666550522648084,0.0738675958188153,0.31184668989547,0.573170731707317,0.314459930313589,0.764982578397213,-0.57020905923345,0.352613240418119,0.00749128919860627,-0.544076655052265,-0.45993031358885,0.052787456445993,0.0642857142857143,0.787979094076655,-0.267247386759582,-0.394076655052265,0.727003484320558,0.751219512195122,-0.271254355400697,-0.173867595818815,-0.0792682926829268,-0.479268292682927,-0.125435540069686,0.526306620209059,-0.328048780487805,0.721951219512195,-0.0142857142857143,-0.0334494773519164,0.620383275261324,0.36184668989547,0.378919860627178,0.639547038327526,0.306271777003484,0.446864111498258,-0.020383275261324,-0.406968641114983,-0.329094076655052,0.147212543554007,0.652961672473868,0.499303135888502,-0.471602787456446,0.0132404181184669,0.166376306620209,-0.453832752613241,-0.200174216027875,-0.328048780487805,-0.00418118466898955,0.719163763066202,-0.167247386759582,0.692160278745645,-0.00418118466898955,0.520731707317073,0.73205574912892,0.605052264808362,0.281358885017422,-0.368118466898955,0.0872822299651568,0.128397212543554,0.641811846689896,-0.379965156794425,0.754006968641115,-0.186759581881533,-0.100522648083624,0.507491289198606,-0.0879790940766551,-0.0554006968641115,0.437456445993031,0.631533101045296,0.181533101045296,-0.0780487804878049,-0.541289198606272,0.64198606271777,NA,0.324390243902439,-0.47595818815331,-0.0770034843205575,0.597560975609756,-0.0263066202090592,-0.275261324041812,-0.478919860627178,0.619512195121951,0.509059233449477,0.723344947735192,0.284146341463415,-0.269686411149826,0.192508710801394,0.669686411149826,-0.432578397212544,-0.403658536585366,0.546864111498258,0.764285714285714,0.625435540069686,-0.496515679442509,-0.0221254355400697,0.371602787456446,0.447038327526133,0.69616724738676,0.661149825783972,0.585017421602788,0.638501742160279,0.54808362369338,0.429790940766551,-0.599128919860627,0.470557491289199,0.500348432055749,0.506794425087108,0.422822299651568,-0.152961672473868,0.662717770034843,0.255400696864112,0.0951219512195122,0.719337979094077,0.345121951219512,0.7,0.434668989547038,0.650522648083624,0.0271777003484321,0.37595818815331,0.478571428571429,0.090418118466899,0.147560975609756,0.267073170731707,-0.245993031358885,-0.314459930313589,0.13397212543554,0.407839721254355,0.275609756097561,0.211672473867596,0.31219512195122,0.161498257839721,0.0357142857142857,0.179616724738676,0.330836236933798,0.500871080139373,0.550696864111498,0.0649825783972126,0.239024390243902,0.471254355400697,0.478919860627178,0.386759581881533,0.547735191637631,0.410975609756098,0.371951219512195,-0.207839721254355,-0.25993031358885
OTU_165,-0.110975609756098,-0.531184668989547,0.324912891986063,-0.789547038327526,0.342508710801394,-0.443728222996516,-0.69006968641115,-0.607317073170732,-0.204006968641115,-0.861846689895471,-0.108536585365854,0.731010452961673,0.312891986062718,0.00592334494773519,-0.788675958188153,-0.635540069686411,0.565679442508711,-0.249128919860627,-0.171428571428571,-0.813240418118467,0.0651567944250871,-0.484668989547038,0.53205574912892,-0.556968641114983,0.440592334494774,-0.159407665505227,-0.537282229965157,0.309233449477352,0.512543554006969,-0.56184668989547,-0.635365853658537,-0.431358885017422,0.0505226480836237,-0.0548780487804878,0.0566202090592335,-0.813414634146342,-0.15383275261324,-0.343205574912892,-0.215679442508711,-0.101567944250871,0.418641114982578,-0.427351916376307,0.545993031358885,-0.660627177700349,-0.72787456445993,-0.285540069686411,0.795121951219512,-0.208710801393728,-0.566724738675958,-0.408188153310105,-0.368989547038328,-0.713763066202091,0.763588850174216,-0.78397212543554,-0.287979094076655,0.694773519163763,0.600522648083624,0.926829268292683,0.290243902439024,0.654878048780488,-0.200348432055749,-0.439721254355401,-0.797735191637631,0.0114982578397213,0.502613240418119,-0.631184668989547,-0.633101045296167,-0.423867595818815,0.277003484320558,0.0672473867595819,0.479268292682927,-0.408536585365854,-0.095993031358885,0.0327526132404181,-0.708710801393728,0.00104529616724739,-0.422822299651568,-0.187804878048781,0.336236933797909,0.13397212543554,0.0127177700348432,-0.199303135888502,-0.381184668989547,0.00905923344947735,0.700174216027875,0.521254355400697,-0.764982578397213,0.889721254355401,-0.456445993031359,-0.378571428571429,-0.624390243902439,-0.531358885017422,-0.518989547038328,0.535365853658537,0.223693379790941,0.297038327526132,0.720731707317073,0.666724738675958,-0.490592334494774,0.0508710801393728,-0.45418118466899,-0.665679442508711,-0.310627177700349,0.518815331010453,0.397909407665505,0.75,0.434320557491289,-0.16184668989547,0.746515679442509,0.256271777003484,-0.114982578397213,0.760278745644599,-0.176480836236934,0.216376306620209,0.422473867595819,-0.313588850174216,-0.189024390243902,-0.414285714285714,0.757665505226481,0.790766550522648,-0.211672473867596,0.567770034843206,-0.156445993031359,-0.636411149825784,0.085191637630662,-0.175261324041812,-0.304529616724739,0.745296167247387,-0.537979094076655,0.658362369337979,0.379094076655052,0.831881533101046,0.638850174216028,0.846864111498258,0.0970383275261324,0.315853658536585,0.516724738675958,0.379442508710801,0.738327526132404,-0.570034843205575,0.518815331010453,-0.298257839721254,-0.571602787456446,0.739547038327526,-0.621428571428572,0.328571428571429,0.809756097560976,0.765679442508711,0.635540069686411,-0.252090592334495,-0.651393728222997,0.662717770034843,0.324390243902439,NA,-0.660627177700349,-0.386585365853659,0.788675958188153,-0.0926829268292683,-0.64425087108014,-0.488327526132404,0.763240418118467,0.714982578397213,0.65801393728223,-0.205574912891986,0.154703832752613,0.792160278745645,0.751742160278746,-0.394425087108014,-0.323170731707317,0.74006968641115,0.561149825783972,0.791811846689896,-0.434320557491289,0.447038327526133,0.795121951219512,0.772996515679443,0.435714285714286,0.327003484320558,0.788850174216028,0.00871080139372822,0.718815331010453,0.698257839721255,-0.544425087108014,0.834494773519164,0.454878048780488,0.779790940766551,0.723344947735192,0.114459930313589,0.703310104529617,0.484843205574913,0.454529616724739,0.47404181184669,0.656445993031359,0.517247386759582,0.482404181184669,0.681707317073171,-0.248432055749129,0.226829268292683,0.703832752613241,0.639024390243903,0.680487804878049,0.618641114982579,-0.367421602787457,-0.0228222996515679,0.585714285714286,0.485017421602787,0.460452961672474,0.518466898954704,0.656620209059234,0.205226480836237,-0.00574912891986063,0.439895470383275,0.706968641114983,0.550696864111498,0.600522648083624,0.452264808362369,0.470731707317073,0.184494773519164,0.539024390243902,0.674738675958188,0.574216027874565,0.523867595818815,0.353135888501742,-0.165156794425087,-0.200696864111498
OTU_166,-0.136062717770035,0.351393728222997,-0.134668989547038,0.708188153310105,-0.153310104529617,0.164634146341463,0.685714285714286,0.414634146341464,0.134668989547038,0.660801393728223,0.0186411149825784,-0.6801393728223,-0.310278745644599,-0.161324041811847,0.77404181184669,0.614285714285714,-0.31411149825784,0.344250871080139,-0.244773519163763,0.639721254355401,0.128222996515679,0.020383275261324,-0.669163763066202,0.0832752613240418,-0.0444250871080139,0.301567944250871,0.396341463414634,-0.328397212543554,-0.580662020905923,0.461672473867596,0.332926829268293,0.14808362369338,-0.266202090592335,-0.195818815331011,-0.368815331010453,0.420383275261324,-0.00679442508710802,0.0374564459930314,0.298257839721254,-0.336236933797909,-0.204006968641115,0.500871080139373,-0.0806620209059234,0.734320557491289,0.66219512195122,-0.153135888501742,-0.665505226480836,0.0677700348432056,0.175783972125436,0.151219512195122,0.284320557491289,0.674738675958188,-0.724738675958188,0.732752613240418,-0.0179442508710801,-0.442857142857143,-0.655052264808363,-0.62787456445993,-0.306968641114983,-0.510452961672474,0.0029616724738676,0.0721254355400697,0.715505226480836,0.325435540069687,-0.367595818815331,0.512369337979094,0.646689895470383,0.143031358885017,-0.235191637630662,-0.0768292682926829,-0.441289198606272,0.118292682926829,0.247909407665505,-0.284668989547038,0.492682926829268,-0.219686411149826,0.338501742160279,-0.0337979094076655,-0.18588850174216,-0.307142857142857,-0.261672473867596,0.0641114982578397,0.0625435540069686,-0.231010452961672,-0.698954703832753,-0.695818815331011,0.589547038327526,-0.672299651567944,0.00174216027874565,0.381010452961673,0.646864111498258,0.194076655052265,0.224216027874564,-0.637282229965157,-0.0292682926829268,0.26184668989547,-0.670034843205575,-0.746515679442509,0.376306620209059,-0.335714285714286,0.1301393728223,0.742160278745645,0.0270034843205575,-0.51411149825784,-0.00209059233449477,-0.632404181184669,-0.150871080139373,0.128571428571429,-0.629790940766551,-0.445296167247387,-0.164634146341463,-0.714285714285714,-0.336933797909408,-0.360801393728223,-0.0954703832752613,0.265853658536585,0.32212543554007,0.135191637630662,-0.617073170731707,-0.724738675958188,0.355923344947735,-0.269337979094077,0.275261324041812,0.446689895470383,-0.0571428571428571,0.527177700348432,0.403484320557491,-0.747735191637631,0.568815331010453,-0.639721254355401,-0.404878048780488,-0.676306620209059,-0.615156794425087,-0.6698606271777,-0.336062717770035,0.207665505226481,-0.473344947735192,-0.185017421602788,-0.697038327526133,0.559407665505227,-0.618118466898955,0.272822299651568,0.572299651567944,-0.674738675958188,0.312891986062718,0.133101045296167,-0.627351916376307,-0.65,-0.484146341463415,0.316376306620209,0.662543554006969,-0.711149825783972,-0.47595818815331,-0.660627177700349,NA,0.263937282229965,-0.651219512195122,0.279616724738676,0.44006968641115,0.711149825783972,-0.715505226480836,-0.710975609756098,-0.737630662020906,-0.23205574912892,0.0559233449477352,-0.665331010452962,-0.68397212543554,0.570383275261324,0.426306620209059,-0.726132404181185,-0.699477351916376,-0.633101045296167,0.549651567944251,-0.35609756097561,-0.54390243902439,-0.736933797909408,-0.488327526132404,-0.464808362369338,-0.665156794425087,-0.159756097560976,-0.722299651567944,-0.657142857142857,0.662020905923345,-0.540592334494774,-0.456271777003484,-0.70191637630662,-0.604006968641115,0.215156794425087,-0.690940766550523,-0.302787456445993,-0.357142857142857,-0.617421602787457,-0.647212543554007,-0.690592334494774,-0.393554006968641,-0.693379790940767,-0.00679442508710802,-0.419337979094077,-0.589024390243903,-0.71602787456446,-0.58397212543554,-0.413763066202091,0.202613240418119,0.206271777003484,-0.450696864111498,-0.666376306620209,-0.312543554006969,-0.350174216027875,-0.469512195121951,-0.100174216027875,0.0855400696864112,-0.0928571428571429,-0.516898954703833,-0.389198606271777,-0.568118466898955,-0.235714285714286,-0.303658536585366,-0.299477351916376,-0.465331010452962,-0.592857142857143,-0.42020905923345,-0.493379790940767,-0.0939024390243903,0.453832752613241,0.34581881533101
OTU_167,-0.203135888501742,0.564459930313589,-0.546515679442509,0.517247386759582,-0.225783972125436,0.283449477351916,0.211324041811847,0.57595818815331,0.703832752613241,0.563066202090592,-0.142857142857143,-0.484843205574913,0.130836236933798,-0.311324041811847,0.381010452961673,0.185540069686411,-0.612369337979094,-0.251567944250871,-0.0430313588850174,0.399825783972126,-0.0524390243902439,0.492682926829268,-0.240592334494774,0.445993031358885,-0.0787456445993032,0.418641114982578,0.284668989547038,0.0698606271777004,-0.0806620209059234,0.586933797909408,0.185540069686411,0.382578397212544,0.0935540069686411,0.0616724738675958,-0.0317073170731707,0.474216027874565,0.647212543554007,0.637804878048781,0.162543554006969,0.0334494773519164,-0.130487804878049,-0.0682926829268293,-0.387108013937282,0.29006968641115,0.255574912891986,0.176132404181185,-0.214808362369338,-0.0956445993031359,0.421777003484321,0.371080139372822,0.0207317073170732,0.121951219512195,-0.175435540069686,0.355400696864112,0.247212543554007,-0.151393728222997,-0.221080139372822,-0.426132404181185,-0.00452961672473868,-0.0646341463414634,0.26794425087108,0.467421602787457,0.326480836236934,-0.0423344947735192,0.0165505226480836,0.365331010452962,0.423344947735192,0.773519163763066,0.0510452961672474,0.388327526132404,-0.336411149825784,0.451567944250871,-0.309059233449477,-0.142682926829268,0.377003484320558,-0.0740418118466899,0.140592334494774,0.490766550522648,0.0101045296167247,-0.0308362369337979,0.0325783972125436,0.593379790940767,0.158710801393728,0.227700348432056,-0.160627177700348,-0.297560975609756,0.381881533101045,-0.43623693379791,0.261149825783972,0.379094076655052,0.0684668989547038,0.0235191637630662,0.576480836236934,-0.256271777003484,-0.375261324041812,-0.00801393728222997,-0.25801393728223,-0.245993031358885,0.190592334494774,-0.178397212543554,0.101219512195122,0.361672473867596,0.341463414634146,0.0473867595818815,-0.421951219512195,-0.177177700348432,-0.212020905923345,-0.24198606271777,-0.329442508710801,-0.0242160278745645,0.16219512195122,-0.242160278745645,-0.0609756097560976,-0.258885017421603,-0.163588850174216,-0.344076655052265,-0.0569686411149826,0.600871080139373,-0.260278745644599,-0.292160278745645,-0.262891986062718,-0.239547038327526,-0.160801393728223,0.340940766550523,0.318641114982578,0.429094076655052,0.294773519163763,-0.249825783972125,0.579442508710801,-0.131881533101045,0.0571428571428571,-0.24808362369338,-0.179790940766551,-0.263763066202091,-0.271777003484321,-0.0794425087108014,-0.532404181184669,-0.0773519163763066,-0.274216027874565,0.0278745644599303,-0.285017421602787,0.410801393728223,0.523170731707317,-0.353135888501742,0.34808362369338,0.186933797909408,-0.32787456445993,-0.304355400696864,-0.0466898954703833,0.102961672473868,0.29616724738676,-0.466202090592335,-0.0770034843205575,-0.386585365853659,0.263937282229965,NA,-0.273170731707317,0.378048780487805,0.283275261324042,0.131707317073171,-0.289198606271777,-0.259581881533101,-0.279094076655052,-0.103658536585366,-0.116202090592335,-0.244076655052265,-0.28205574912892,0.157317073170732,-0.0672473867595819,-0.364459930313589,-0.336759581881533,-0.262020905923345,-0.0815331010452962,-0.103484320557491,-0.239547038327526,-0.315505226480836,-0.122996515679443,-0.131881533101045,-0.228397212543554,0.14616724738676,-0.302613240418118,-0.274390243902439,0.276655052264808,-0.399128919860627,0.0538327526132404,-0.242334494773519,-0.0850174216027875,0.296864111498258,-0.317770034843206,-0.200871080139373,-0.106445993031359,-0.0787456445993032,-0.291289198606272,-0.373170731707317,0.0153310104529617,-0.309407665505227,0.37822299651568,-0.404878048780488,-0.304878048780488,-0.257317073170732,-0.113240418118467,-0.179094076655052,0.271602787456446,0.276480836236934,-0.0707317073170732,-0.48205574912892,-0.162891986062718,-0.12020905923345,-0.261324041811847,0.368466898954704,0.111498257839721,-0.00470383275261324,-0.268641114982578,-0.273170731707317,-0.106620209059233,-0.115505226480836,-0.0878048780487805,-0.0250871080139373,-0.111149825783972,-0.0771777003484321,-0.0277003484320558,-0.0214285714285714,-0.277177700348432,0.0186411149825784,-0.0393728222996516
OTU_168,-0.0083623693379791,-0.456794425087108,0.0757839721254356,-0.711149825783972,0.159756097560976,-0.183797909407666,-0.757317073170732,-0.50609756097561,0.0289198606271777,-0.681881533101045,-0.376829268292683,0.80383275261324,0.156271777003484,0.0479094076655052,-0.773344947735192,-0.826829268292683,0.283797909407666,-0.629616724738676,-0.0857142857142857,-0.741637630662021,0.248257839721254,-0.265505226480836,0.780662020905924,-0.390592334494774,0.427003484320558,0.0703832752613241,-0.486062717770035,0.626480836236934,0.633275261324042,-0.336585365853659,-0.741289198606272,-0.303135888501742,-0.158710801393728,0.268989547038328,0.258188153310105,-0.621951219512195,0.121254355400697,-0.16794425087108,-0.19198606271777,0.253484320557491,0.435191637630662,-0.475087108013937,0.347386759581882,-0.749477351916376,-0.820731707317073,-0.0174216027874564,0.815679442508711,-0.139895470383275,-0.491637630662021,-0.223867595818815,-0.514634146341463,-0.814808362369338,0.844773519163763,-0.81602787456446,-0.0641114982578397,0.79808362369338,0.819512195121951,0.813763066202091,0.598606271777004,0.813763066202091,0.0268292682926829,-0.255574912891986,-0.758885017421603,-0.0703832752613241,0.558536585365854,-0.570731707317073,-0.610104529616725,-0.219163763066202,0.4198606271777,0.383797909407666,0.505226480836237,-0.437630662020906,-0.343728222996516,-0.168815331010453,-0.603832752613241,0.210975609756098,-0.387108013937282,-0.090418118466899,0.31184668989547,0.430662020905923,0.304878048780488,-0.107491289198606,-0.145296167247387,0.263414634146341,0.723344947735192,0.741811846689896,-0.844947735191638,0.740766550522648,-0.32020905923345,-0.497560975609756,-0.674564459930314,-0.478919860627178,-0.412717770034843,0.801567944250871,0.0212543554006969,0.0642857142857143,0.859407665505227,0.884146341463415,-0.49616724738676,-0.115331010452962,-0.459581881533101,-0.765505226480836,-0.324216027874564,0.56602787456446,0.0440766550522648,0.83205574912892,0.27787456445993,-0.160801393728223,0.80383275261324,0.327700348432056,0.0562717770034843,0.905400696864112,-0.0670731707317073,0.379094076655052,0.269337979094077,-0.539721254355401,-0.395644599303136,-0.214634146341463,0.830662020905924,0.80418118466899,-0.467595818815331,0.438327526132404,-0.275783972125436,-0.556445993031359,-0.0191637630662021,-0.216376306620209,-0.269337979094077,0.859233449477352,-0.477526132404181,0.822996515679443,0.223519163763066,0.851393728222997,0.815156794425087,0.878919860627178,0.0634146341463415,0.0466898954703833,0.379442508710801,0.166202090592335,0.89006968641115,-0.725783972125436,0.656445993031359,-0.374738675958188,-0.510801393728223,0.808885017421603,-0.453832752613241,0.268989547038328,0.840766550522648,0.842334494773519,0.524564459930314,-0.310452961672474,-0.736585365853659,0.8,0.597560975609756,0.788675958188153,-0.651219512195122,-0.273170731707317,NA,-0.134668989547038,-0.595644599303136,-0.583275261324042,0.860801393728223,0.76219512195122,0.806968641114983,-0.0182926829268293,-0.0242160278745645,0.671777003484321,0.888850174216028,-0.486411149825784,-0.49616724738676,0.842334494773519,0.757665505226481,0.904878048780488,-0.631010452961673,0.223519163763066,0.716376306620209,0.819337979094077,0.695296167247387,0.494773519163763,0.822648083623694,0.177351916376307,0.84390243902439,0.788850174216028,-0.699477351916376,0.884494773519164,0.643205574912892,0.875261324041812,0.760278745644599,0.142334494773519,0.809581881533101,0.62212543554007,0.26602787456446,0.616202090592335,0.746864111498258,0.65801393728223,0.705749128919861,0.751567944250871,-0.136585365853659,0.0966898954703833,0.763240418118467,0.547909407665505,0.59425087108014,0.614808362369338,-0.426306620209059,-0.163414634146341,0.57822299651568,0.459581881533101,0.605226480836237,0.387456445993031,0.529616724738676,0.323867595818815,-0.00104529616724739,0.45993031358885,0.712020905923345,0.651742160278746,0.694773519163763,0.464634146341463,0.611672473867596,0.455052264808362,0.642682926829268,0.68815331010453,0.72787456445993,0.66219512195122,0.39581881533101,-0.346689895470383,-0.289721254355401
OTU_169,-0.365156794425087,0.658188153310105,-0.438327526132404,0.423170731707317,0.00609756097560976,0.15993031358885,0.111498257839721,0.563414634146342,0.390766550522648,0.288675958188153,-0.0456445993031359,-0.39581881533101,0.456794425087108,-0.39808362369338,0.158188153310105,0.202090592334495,-0.434320557491289,-0.14390243902439,-0.179442508710801,0.254006968641115,-0.260104529616725,-0.106620209059233,-0.266376306620209,0.227177700348432,0.139895470383275,0.619860627177701,0.343205574912892,0.156620209059233,0.113937282229965,0.42020905923345,0.151045296167247,0.417421602787456,0.366724738675958,-0.018815331010453,-0.0604529616724739,0.198432055749129,0.278397212543554,0.371080139372822,0.126306620209059,-0.242508710801394,-0.143205574912892,-0.0421602787456446,-0.0599303135888502,0.466898954703833,0.0778745644599303,-0.0477351916376307,0.0693379790940767,0.0623693379790941,0.311672473867596,0.550696864111498,0.107317073170732,-0.00627177700348432,-0.000871080139372823,0.0695121951219512,0.154703832752613,0.0689895470383275,-0.063588850174216,-0.115505226480836,0.00801393728222997,0.129268292682927,0.400871080139373,-0.0195121951219512,0.275783972125436,0.270731707317073,0.0778745644599303,0.517421602787457,0.0151567944250871,0.437630662020906,0.277700348432056,0.444076655052265,-0.611149825783972,0.450348432055749,-0.103484320557491,-0.00348432055749129,0.147212543554007,0.028397212543554,0.000174216027874565,0.3801393728223,-0.152961672473868,0.0804878048780488,0.0994773519163763,0.438501742160279,0.171602787456446,0.0655052264808362,-0.0222996515679443,-0.235365853658537,0.332926829268293,-0.129965156794425,-0.108710801393728,0.647386759581882,0.144250871080139,-0.0885017421602788,0.521777003484321,-0.210627177700348,-0.448954703832753,0.132404181184669,0.00121951219512195,-0.142334494773519,0.0940766550522648,0.045993031358885,0.0242160278745645,0.126480836236934,0.36219512195122,0.264808362369338,-0.114285714285714,0.0590592334494774,0.312891986062718,-0.315679442508711,-0.217247386759582,-0.425435540069686,0.178048780487805,-0.15609756097561,-0.15993031358885,-0.27595818815331,0.0576655052264808,-0.268641114982578,0.126829268292683,0.405400696864112,-0.0506968641114983,-0.020383275261324,-0.139372822299652,0.184843205574913,-0.161149825783972,-0.0937282229965157,0.444425087108014,0.458885017421603,0.653658536585366,-0.116898954703833,0.705923344947735,-0.0616724738675958,0.270034843205575,-0.0667247386759582,-0.097212543554007,-0.0885017421602788,-0.00505226480836237,0.139372822299652,-0.59198606271777,0.470731707317073,-0.187630662020906,0.0867595818815331,-0.263240418118467,0.67822299651568,0.694773519163763,-0.302613240418118,0.199128919860627,0.291811846689896,-0.160452961672474,-0.155226480836237,0.0557491289198606,0.231184668989547,0.0383275261324042,-0.229094076655052,-0.0263066202090592,-0.0926829268292683,0.279616724738676,0.378048780487805,-0.134668989547038,NA,0.181707317073171,0.202264808362369,-0.170731707317073,-0.0979094076655053,-0.165679442508711,-0.0491289198606272,-0.104878048780488,-0.193031358885017,-0.0456445993031359,0.0270034843205575,-0.0367595818815331,-0.147909407665505,-0.179094076655052,-0.144076655052265,0.183101045296167,0.0679442508710802,0.09198606271777,-0.0825783972125436,-0.0623693379790941,0.0292682926829268,-0.129965156794425,0.189198606271777,-0.216202090592335,-0.297909407665505,0.416202090592335,-0.185191637630662,-0.0167247386759582,-0.113763066202091,0.0350174216027875,0.430836236933798,-0.186585365853659,-0.257142857142857,0.410627177700349,-0.178919860627178,-0.140940766550523,-0.346689895470383,0.127177700348432,-0.200348432055749,0.336411149825784,-0.3698606271777,-0.124390243902439,-0.397386759581882,0.1301393728223,0.101219512195122,0.318989547038328,0.45418118466899,0.200696864111498,-0.513937282229965,-0.247560975609756,0.0235191637630662,-0.144250871080139,0.3198606271777,0.244250871080139,0.0250871080139373,-0.0522648083623693,-0.0893728222996516,-0.196341463414634,0.093205574912892,0.0949477351916377,-0.251742160278746,-0.228571428571429,-0.0249128919860627,0.136062717770035,-0.0398954703832753,-0.161672473867596,0.293554006968641,-0.30191637630662
OTU_170,-0.078397212543554,0.526132404181185,-0.261498257839721,0.59616724738676,-0.123170731707317,0.323519163763066,0.45418118466899,0.591811846689896,0.148606271777004,0.691289198606272,0.112717770034843,-0.611846689895471,0.0123693379790941,-0.25191637630662,0.654355400696864,0.521602787456446,-0.473344947735192,0.0945993031358885,0.14390243902439,0.744599303135889,-0.254529616724739,0.409581881533101,-0.51602787456446,0.476306620209059,-0.439372822299652,0.00139372822299652,0.30801393728223,-0.413240418118467,-0.32822299651568,0.373519163763066,0.508536585365854,0.448780487804878,0.203135888501742,0.0360627177700348,0.0982578397212544,0.588850174216028,0.130313588850174,0.418815331010453,0.121777003484321,-0.0242160278745645,-0.343031358885018,0.287282229965157,-0.603658536585366,0.626132404181185,0.488850174216028,0.171602787456446,-0.598954703832753,0.190243902439024,0.641114982578397,0.459756097560976,0.265679442508711,0.477351916376307,-0.556968641114983,0.568118466898955,0.306968641114983,-0.518989547038328,-0.514459930313589,-0.643728222996516,-0.246689895470383,-0.508885017421603,0.000174216027874565,0.347560975609756,0.542508710801394,0.0118466898954704,-0.449477351916376,0.610452961672474,0.430487804878049,0.362369337979094,-0.0818815331010453,0.00731707317073171,-0.499128919860627,0.602090592334495,0.229268292682927,0.0310104529616725,0.412717770034843,-0.140766550522648,0.37787456445993,0.182404181184669,-0.298954703832753,-0.200871080139373,-0.249651567944251,0.163588850174216,0.303310104529617,-0.0367595818815331,-0.34616724738676,-0.460627177700349,0.665331010452962,-0.609233449477352,0.279965156794425,0.439721254355401,0.293205574912892,0.242508710801394,0.500871080139373,-0.536585365853659,-0.168815331010453,-0.136236933797909,-0.597909407665505,-0.48205574912892,0.265505226480836,0.109581881533101,0.273867595818815,0.443205574912892,0.541114982578397,-0.354355400696864,-0.445296167247387,-0.651393728222997,-0.127351916376307,0.23588850174216,-0.740940766550523,-0.231358885017422,0.312891986062718,-0.51411149825784,0.234494773519164,-0.275261324041812,-0.338501742160279,0.095993031358885,0.210104529616725,0.410452961672474,-0.687282229965157,-0.56794425087108,0.128397212543554,-0.309233449477352,0.0139372822299652,0.377351916376307,0.0879790940766551,0.222822299651568,0.179616724738676,-0.61602787456446,0.419512195121951,-0.458885017421603,-0.254878048780488,-0.67822299651568,-0.530487804878049,-0.698954703832753,0.0674216027874565,-0.114459930313589,-0.372648083623693,-0.260278745644599,-0.616550522648084,0.291811846689896,-0.423519163763066,0.369337979094077,0.451219512195122,-0.581707317073171,0.389895470383275,-0.127526132404181,-0.6,-0.687979094076655,-0.459407665505227,0.0209059233449477,0.567595818815331,-0.543379790940767,-0.275261324041812,-0.64425087108014,0.44006968641115,0.283275261324042,-0.595644599303136,0.181707317073171,NA,0.238850174216028,-0.606968641114983,-0.558362369337979,-0.560627177700349,0.210278745644599,-0.105749128919861,-0.538850174216028,-0.641637630662021,0.214634146341463,-0.0165505226480836,-0.582229965156794,-0.481533101045296,-0.682578397212544,0.415156794425087,-0.329790940766551,-0.574390243902439,-0.602787456445993,-0.504878048780488,-0.129442508710801,-0.550522648083624,0.119686411149826,-0.584668989547038,-0.650522648083624,0.409581881533101,-0.669337979094077,-0.272648083623693,-0.552090592334495,-0.527351916376307,-0.0362369337979094,-0.588675958188153,-0.516376306620209,-0.306968641114983,-0.465505226480836,-0.543728222996516,-0.43205574912892,-0.381010452961673,-0.479616724738676,0.122648083623693,-0.162891986062718,-0.639547038327526,-0.39581881533101,-0.440243902439024,-0.440592334494774,0.345993031358885,0.1301393728223,-0.584146341463415,-0.258885017421603,-0.511149825783972,-0.617247386759582,-0.656620209059234,-0.102961672473868,-0.247038327526132,-0.246515679442509,-0.686933797909408,-0.568815331010453,-0.52212543554007,-0.373170731707317,-0.448432055749129,-0.177003484320558,-0.536062717770035,-0.473344947735192,-0.630487804878049,-0.464285714285714,-0.290592334494774,0.209059233449477,-0.047212543554007
OTU_172,-0.00958188153310105,0.317421602787457,-0.131010452961672,0.603484320557491,-0.0168989547038328,0.0742160278745645,0.647038327526132,0.316724738675958,0.0437282229965157,0.497386759581882,0.0498257839721254,-0.593205574912892,-0.46602787456446,0.0182926829268293,0.682229965156795,0.589895470383275,-0.240766550522648,0.312717770034843,-0.197560975609756,0.447386759581882,0.177526132404181,-0.0308362369337979,-0.581010452961673,0.136933797909408,0.0445993031358885,0.194250871080139,0.323519163763066,-0.28397212543554,-0.536236933797909,0.215156794425087,0.308710801393728,0.159407665505227,-0.283449477351916,-0.341114982578397,-0.213414634146342,0.282752613240418,-0.106968641114983,-0.134668989547038,0.270383275261324,-0.267770034843206,-0.153135888501742,0.369337979094077,0.064808362369338,0.505574912891986,0.616898954703833,-0.192334494773519,-0.567073170731707,-0.0834494773519164,0.0787456445993032,0.0426829268292683,0.373867595818815,0.620905923344948,-0.60801393728223,0.686411149825784,0.107491289198606,-0.355923344947735,-0.544076655052265,-0.486062717770035,-0.285714285714286,-0.371254355400697,0.183101045296167,-0.0397212543554007,0.445993031358885,0.335365853658537,-0.189721254355401,0.260452961672474,0.549477351916376,0.031184668989547,-0.255052264808362,-0.0850174216027875,-0.344250871080139,0.0461672473867596,0.184146341463415,-0.179094076655052,0.419163763066202,-0.156445993031359,0.178571428571429,-0.0548780487804878,-0.116202090592335,-0.310975609756098,-0.0876306620209059,0.141637630662021,-0.00923344947735192,-0.268466898954704,-0.683275261324042,-0.571428571428572,0.442857142857143,-0.55383275261324,0.138327526132404,0.276655052264808,0.636236933797909,0.228919860627178,0.169512195121951,-0.540592334494774,0.0789198606271777,0.231881533101045,-0.595296167247387,-0.612543554006969,0.394773519163763,-0.221777003484321,0.280836236933798,0.586933797909408,-0.177177700348432,-0.328397212543554,0.173344947735192,-0.437456445993031,-0.147386759581882,0.213240418118467,-0.415679442508711,-0.270034843205575,-0.215331010452962,-0.562543554006969,-0.286062717770035,-0.293031358885017,-0.202090592334495,0.373519163763066,0.155226480836237,-0.020383275261324,-0.406445993031359,-0.625261324041812,0.360975609756098,-0.315853658536585,0.261498257839721,0.473693379790941,-0.167073170731707,0.395470383275261,0.255400696864112,-0.539372822299652,0.369163763066202,-0.695470383275261,-0.374912891986063,-0.554529616724739,-0.388675958188153,-0.523519163763066,-0.413240418118467,0.165156794425087,-0.354703832752613,-0.253310104529617,-0.623867595818815,0.552613240418119,-0.486585365853659,0.214982578397213,0.366550522648084,-0.451567944250871,0.397038327526132,0.0292682926829268,-0.469337979094077,-0.477526132404181,-0.335191637630662,0.350696864111498,0.501742160278746,-0.497386759581882,-0.478919860627178,-0.488327526132404,0.711149825783972,0.131707317073171,-0.583275261324042,0.202264808362369,0.238850174216028,NA,-0.580487804878049,-0.497560975609756,-0.481358885017422,-0.271254355400697,0.230487804878049,-0.52404181184669,-0.526655052264808,0.429965156794425,0.489547038327526,-0.495818815331011,-0.543379790940767,-0.46411149825784,0.366724738675958,-0.234146341463415,-0.39581881533101,-0.454529616724739,-0.366724738675958,-0.38205574912892,-0.467421602787457,-0.169163763066202,-0.543554006968641,-0.442857142857143,0.567073170731707,-0.490418118466899,-0.368466898954704,-0.614808362369338,-0.595993031358885,0.0597560975609756,-0.448432055749129,-0.155923344947735,-0.21794425087108,-0.613937282229965,-0.429094076655052,-0.530313588850174,-0.247909407665505,-0.439721254355401,0.0710801393728223,-0.306968641114983,-0.420034843205575,-0.468292682926829,-0.42020905923345,-0.489024390243903,0.0331010452961673,0.167421602787456,-0.29808362369338,-0.45,-0.179965156794425,-0.356794425087108,-0.375435540069686,-0.106445993031359,0.0966898954703833,-0.179442508710801,-0.343379790940767,-0.252090592334495,-0.521254355400697,-0.186062717770035,-0.217770034843206,-0.332229965156794,-0.361498257839721,-0.474738675958188,-0.278397212543554,-0.44616724738676,-0.017595818815331,0.208536585365854,0.367421602787457
OTU_173,0.0749128919860627,-0.442334494773519,0.0318815331010453,-0.711846689895471,0.124738675958188,-0.182404181184669,-0.774390243902439,-0.511149825783972,0.0548780487804878,-0.672473867595819,-0.385017421602788,0.801742160278746,0.132752613240418,0.185017421602788,-0.824912891986063,-0.800522648083624,0.244773519163763,-0.588327526132404,0.00993031358885018,-0.778745644599303,0.243554006968641,-0.246689895470383,0.814982578397213,-0.314634146341463,0.39581881533101,0.0738675958188153,-0.473519163763066,0.595296167247387,0.655574912891986,-0.281707317073171,-0.693031358885018,-0.310627177700349,-0.112891986062718,0.20609756097561,0.259059233449477,-0.637804878048781,0.144599303135889,-0.0757839721254356,-0.288501742160279,0.355226480836237,0.398954703832753,-0.531358885017422,0.290418118466899,-0.830662020905924,-0.772996515679443,0.129965156794425,0.810975609756098,-0.19390243902439,-0.397735191637631,-0.270383275261324,-0.442682926829268,-0.757839721254356,0.855400696864112,-0.778397212543554,0.0559233449477352,0.749477351916376,0.795470383275262,0.744773519163763,0.512369337979094,0.778919860627178,0.114634146341463,-0.173867595818815,-0.736759581881533,-0.15801393728223,0.667073170731707,-0.538327526132404,-0.608885017421603,-0.139721254355401,0.270731707317073,0.337108013937282,0.528745644599303,-0.40191637630662,-0.454529616724739,-0.090418118466899,-0.56602787456446,0.247735191637631,-0.296515679442509,0.0196864111498258,0.370034843205575,0.370731707317073,0.374738675958188,-0.0155052264808362,-0.190592334494774,0.326480836236934,0.740592334494774,0.764634146341464,-0.815331010452962,0.74808362369338,-0.17787456445993,-0.497735191637631,-0.625435540069686,-0.352613240418119,-0.397038327526132,0.82404181184669,0.0310104529616725,-0.0876306620209059,0.805226480836237,0.864982578397213,-0.387630662020906,-0.05801393728223,-0.352787456445993,-0.729094076655052,-0.339547038327526,0.571428571428572,0.0247386759581882,0.831881533101046,0.0869337979094077,-0.229616724738676,0.846864111498258,0.401567944250871,-0.0418118466898955,0.895644599303136,0.00452961672473868,0.422648083623693,0.248606271777004,-0.508536585365854,-0.417595818815331,-0.198257839721254,0.833275261324042,0.821951219512195,-0.409059233449477,0.333797909407666,-0.275609756097561,-0.525261324041812,-0.0588850174216028,-0.339198606271777,-0.31794425087108,0.88623693379791,-0.443728222996516,0.8,0.280313588850174,0.886062717770035,0.837979094076655,0.89006968641115,0.078397212543554,-0.119337979094077,0.39390243902439,0.167421602787456,0.871777003484321,-0.697038327526133,0.715156794425087,-0.346864111498258,-0.510801393728223,0.820557491289199,-0.336236933797909,0.0679442508710802,0.811324041811847,0.853658536585366,0.585365853658537,-0.298606271777004,-0.779965156794425,0.83588850174216,0.619512195121951,0.763240418118467,-0.715505226480836,-0.289198606271777,0.860801393728223,-0.170731707317073,-0.606968641114983,-0.580487804878049,NA,0.837630662020906,0.778571428571429,-0.0621951219512195,-0.0465156794425087,0.689895470383275,0.884146341463415,-0.471602787456446,-0.37020905923345,0.873867595818816,0.835714285714286,0.843205574912892,-0.668292682926829,0.204703832752613,0.716898954703833,0.820905923344948,0.691463414634146,0.443728222996516,0.818989547038328,0.149128919860627,0.861672473867596,0.787630662020906,-0.681358885017422,0.830836236933798,0.644076655052265,0.864634146341464,0.706445993031359,0.0482578397212544,0.852961672473868,0.564808362369338,0.194947735191638,0.621602787456446,0.819337979094077,0.720557491289199,0.635017421602788,0.809059233449477,-0.0874564459930314,0.223170731707317,0.797560975609756,0.666202090592335,0.645470383275261,0.603484320557491,-0.347038327526132,-0.167421602787456,0.541289198606272,0.495993031358885,0.595644599303136,0.321080139372822,0.551045296167248,0.262020905923345,0.0719512195121951,0.362369337979094,0.638675958188153,0.707665505226481,0.795121951219512,0.542334494773519,0.644599303135889,0.421777003484321,0.729442508710802,0.73815331010453,0.641114982578397,0.719337979094077,0.275087108013937,-0.32822299651568,-0.181358885017422
OTU_174,0.0193379790940767,-0.386411149825784,0.0790940766550523,-0.667595818815331,0.227700348432056,-0.255923344947735,-0.725609756097561,-0.414982578397213,0.0221254355400697,-0.675783972125436,-0.331358885017422,0.751393728222997,0.151393728222997,0.180487804878049,-0.82595818815331,-0.716550522648084,0.29006968641115,-0.525435540069687,-0.00383275261324042,-0.75226480836237,0.166376306620209,-0.183797909407666,0.726306620209059,-0.299303135888502,0.382404181184669,0.0547038327526133,-0.460452961672474,0.535191637630662,0.682404181184669,-0.331010452961673,-0.602264808362369,-0.285017421602787,-0.0763066202090592,0.134320557491289,0.247735191637631,-0.597909407665505,0.0947735191637631,0.00209059233449477,-0.293554006968641,0.27212543554007,0.403484320557491,-0.479790940766551,0.304703832752613,-0.771777003484321,-0.725783972125436,0.129616724738676,0.821951219512195,-0.110627177700348,-0.345296167247387,-0.199303135888502,-0.452439024390244,-0.725261324041812,0.854006968641115,-0.74198606271777,0.119686411149826,0.694425087108014,0.793728222996516,0.766898954703833,0.479094076655052,0.744773519163763,0.187282229965157,-0.256445993031359,-0.727526132404181,-0.256620209059233,0.54616724738676,-0.504006968641115,-0.585191637630662,-0.125783972125436,0.16411149825784,0.256271777003484,0.469512195121951,-0.334668989547038,-0.45,-0.040418118466899,-0.602090592334495,0.252439024390244,-0.343554006968641,0.114285714285714,0.35191637630662,0.415331010452962,0.343728222996516,0.0869337979094077,-0.191637630662021,0.232404181184669,0.79006968641115,0.727177700348432,-0.73623693379791,0.68623693379791,-0.224216027874564,-0.431010452961673,-0.560104529616725,-0.319512195121951,-0.314285714285714,0.66411149825784,0.0604529616724739,0.00209059233449477,0.794425087108014,0.843031358885018,-0.293031358885017,0.060801393728223,-0.320905923344948,-0.702613240418119,-0.274216027874565,0.596341463414634,0.0341463414634146,0.817770034843206,0.0508710801393728,-0.240766550522648,0.828919860627178,0.328571428571429,-0.0876306620209059,0.8301393728223,0.0111498257839721,0.392160278745645,0.246864111498258,-0.434494773519164,-0.310278745644599,-0.100348432055749,0.828571428571429,0.810278745644599,-0.350871080139373,0.397735191637631,-0.380313588850174,-0.455052264808362,-0.0299651567944251,-0.261672473867596,-0.252613240418119,0.861324041811847,-0.373867595818815,0.738675958188153,0.297560975609756,0.832752613240418,0.812543554006969,0.823170731707317,0.170731707317073,-0.00696864111498258,0.344947735191638,0.20383275261324,0.817770034843206,-0.687630662020906,0.612717770034843,-0.340418118466899,-0.460452961672474,0.848606271777004,-0.313588850174216,0.115679442508711,0.864285714285715,0.790766550522648,0.532578397212544,-0.18205574912892,-0.706794425087108,0.734146341463415,0.509059233449477,0.714982578397213,-0.710975609756098,-0.259581881533101,0.76219512195122,-0.0979094076655053,-0.558362369337979,-0.497560975609756,0.837630662020906,NA,0.818641114982579,-0.0362369337979094,0.0799651567944251,0.676306620209059,0.813937282229965,-0.398606271777004,-0.3198606271777,0.871951219512195,0.809233449477352,0.815505226480836,-0.586585365853659,0.335714285714286,0.696864111498258,0.888501742160279,0.725087108013937,0.458362369337979,0.804006968641115,0.0918118466898955,0.848432055749129,0.783101045296167,-0.622299651567944,0.74808362369338,0.645644599303136,0.853832752613241,0.745470383275261,0.00139372822299652,0.838327526132404,0.502613240418119,0.289024390243903,0.536759581881533,0.810452961672474,0.724912891986063,0.568118466898955,0.757665505226481,0.062020905923345,0.222299651567944,0.783101045296167,0.652264808362369,0.621428571428572,0.612543554006969,-0.20993031358885,0.0458188153310105,0.57822299651568,0.483797909407666,0.545818815331011,0.344076655052265,0.482752613240418,0.299128919860627,0.0820557491289199,0.478745644599303,0.68815331010453,0.74616724738676,0.795644599303136,0.570034843205575,0.625609756097561,0.334843205574913,0.658710801393728,0.698954703832753,0.660452961672474,0.69006968641115,0.234843205574913,-0.326480836236934,-0.138850174216028
OTU_175,0.318815331010453,-0.46411149825784,0.216550522648084,-0.7,-0.0630662020905924,-0.0897212543554007,-0.804878048780488,-0.50801393728223,0.00696864111498258,-0.69006968641115,-0.429442508710801,0.847735191637631,0.0618466898954704,0.203658536585366,-0.739547038327526,-0.798780487804878,0.302090592334495,-0.544076655052265,0.0479094076655052,-0.64616724738676,0.163414634146341,-0.212369337979094,0.820905923344948,-0.263066202090592,0.107665505226481,-0.0721254355400697,-0.23205574912892,0.641463414634146,0.643031358885018,-0.357665505226481,-0.656445993031359,-0.293205574912892,-0.0644599303135889,0.439024390243903,0.283101045296167,-0.523867595818815,0.10191637630662,-0.102961672473868,-0.0879790940766551,0.359059233449477,0.400696864111498,-0.221602787456446,0.266550522648084,-0.780487804878049,-0.759233449477352,0.0872822299651568,0.768118466898955,0.17020905923345,-0.479965156794425,-0.11411149825784,-0.412891986062718,-0.657317073170732,0.824564459930314,-0.790243902439025,0.0344947735191638,0.781881533101045,0.891637630662021,0.709407665505227,0.6801393728223,0.805923344947735,0.0956445993031359,-0.0984320557491289,-0.621428571428572,-0.247212543554007,0.345121951219512,-0.54390243902439,-0.571777003484321,-0.154878048780488,0.45,0.348606271777004,0.501567944250871,-0.405923344947735,-0.369512195121951,-0.0750871080139373,-0.488327526132404,0.547735191637631,-0.418466898954704,0.00940766550522648,0.321602787456446,0.618292682926829,0.452613240418119,-0.0517421602787457,-0.0693379790940767,0.315156794425087,0.631184668989547,0.816898954703833,-0.786759581881533,0.659059233449477,-0.159233449477352,-0.59425087108014,-0.614808362369338,-0.23397212543554,-0.305574912891986,0.80801393728223,0.0193379790940767,-0.114285714285714,0.871951219512195,0.909581881533101,-0.343379790940767,-0.0592334494773519,-0.273344947735192,-0.642682926829268,-0.332752613240418,0.563066202090592,0.0371080139372822,0.895470383275262,0.138501742160279,-0.0627177700348432,0.822822299651568,0.428397212543554,0.141114982578397,0.855052264808363,0.115505226480836,0.347386759581882,0.231881533101045,-0.358536585365854,-0.273867595818815,-0.168466898954704,0.825609756097561,0.754703832752613,-0.468815331010453,0.278745644599303,-0.160452961672474,-0.464459930313589,-0.089198606271777,-0.354529616724739,-0.207665505226481,0.907142857142857,-0.427003484320558,0.803484320557491,0.190418118466899,0.763937282229965,0.901393728222997,0.805749128919861,0.168815331010453,-0.137456445993031,0.404878048780488,0.177003484320558,0.830313588850174,-0.511149825783972,0.729442508710802,-0.35418118466899,-0.425261324041812,0.813763066202091,-0.390418118466899,0.0560975609756098,0.754006968641115,0.831358885017422,0.356794425087108,-0.172299651567944,-0.656794425087108,0.781184668989547,0.723344947735192,0.65801393728223,-0.737630662020906,-0.279094076655052,0.806968641114983,-0.165679442508711,-0.560627177700349,-0.481358885017422,0.778571428571429,0.818641114982579,NA,0.0939024390243903,-0.0304878048780488,0.551393728222997,0.789024390243903,-0.57787456445993,-0.409756097560976,0.799303135888502,0.851567944250871,0.83815331010453,-0.665853658536586,0.199128919860627,0.662891986062718,0.77212543554007,0.822299651567944,0.558710801393728,0.828397212543554,0.322473867595819,0.820034843205575,0.752439024390244,-0.702439024390244,0.696864111498258,0.664982578397213,0.781881533101045,0.68815331010453,-0.0742160278745645,0.858188153310105,0.55383275261324,0.262369337979094,0.630313588850174,0.683797909407666,0.806968641114983,0.546341463414634,0.811846689895471,0.00557491289198606,0.327700348432056,0.690592334494774,0.496515679442509,0.504355400696864,0.436411149825784,-0.400174216027875,-0.197038327526132,0.476829268292683,0.583623693379791,0.490418118466899,0.357317073170732,0.494250871080139,0.258885017421603,-0.0193379790940767,0.313066202090592,0.612020905923345,0.664459930313589,0.654355400696864,0.250871080139373,0.398954703832753,0.410975609756098,0.585191637630662,0.569686411149826,0.674912891986063,0.554006968641115,0.431707317073171,-0.423519163763066,-0.201393728222997
OTU_177,0.275609756097561,0.242682926829268,-0.152613240418118,-0.000696864111498258,-0.0745644599303136,0.619686411149826,0.0874564459930314,0.208710801393728,-0.200871080139373,0.104006968641115,0.387804878048781,-0.0385017421602788,0.00923344947735192,0.400871080139373,-0.0479094076655052,-0.0780487804878049,-0.00627177700348432,-0.0407665505226481,0.820731707317073,0.116724738675958,0.0196864111498258,0.213240418118467,0.280313588850174,0.571080139372822,-0.379094076655052,-0.0813588850174216,-0.0278745644599303,0.0358885017421603,-0.185365853658537,-0.158188153310105,0.393205574912892,0.394599303135889,0.299303135888502,0.444599303135889,0.537804878048781,0.432578397212544,0.013588850174216,0.131010452961672,-0.214634146341463,0.536236933797909,-0.621428571428572,0.0508710801393728,-0.39390243902439,0.0179442508710801,0.0461672473867596,0.494947735191638,-0.186236933797909,0.256620209059233,0.326829268292683,0.282926829268293,0.393554006968641,0.00644599303135889,-0.132578397212544,-0.166724738675958,0.0177700348432056,-0.295121951219512,0.15,-0.175609756097561,0.112717770034843,-0.142334494773519,0.347560975609756,0.328397212543554,0.0414634146341464,-0.118118466898955,-0.0503484320557491,0.0722996515679443,-0.386236933797909,0.0470383275261324,0.162891986062718,-0.0463414634146342,-0.30609756097561,0.24581881533101,0.198257839721254,0.55191637630662,0.246689895470383,0.4,0.169337979094077,-0.0428571428571429,-0.209233449477352,0.291637630662021,0.233275261324042,-0.0240418118466899,0.668989547038328,0.362020905923345,-0.0897212543554007,0.378745644599303,0.168989547038328,-0.0162020905923345,0.252787456445993,-0.012020905923345,0.0998257839721255,0.514285714285714,0.196864111498258,0.199825783972125,-0.306794425087108,-0.646515679442509,0.0376306620209059,0.171602787456446,0.00400696864111498,0.610104529616725,0.354355400696864,-0.285714285714286,0.340766550522648,0.0465156794425087,-0.333797909407666,-0.0407665505226481,0.0641114982578397,0.22212543554007,-0.108710801393728,0.265156794425087,0.576829268292683,-0.075609756097561,0.821777003484321,0.52212543554007,-0.532752613240418,0.165853658536585,-0.431707317073171,0.118466898954704,-0.0564459930313589,-0.143379790940767,-0.0433797909407666,0.0290940766550523,0.189024390243902,-0.278745644599303,-0.290592334494774,-0.409581881533101,-0.198432055749129,0.0454703832752613,-0.231533101045296,0.0350174216027875,-0.105749128919861,-0.130487804878049,-0.00487804878048781,-0.0926829268292683,0.747909407665505,-0.507142857142857,0.060801393728223,-0.118466898954704,-0.0533101045296167,-0.0803135888501742,0.294425087108014,-0.0587108013937282,0.000174216027874565,-0.0541811846689896,0.291289198606272,-0.433797909407666,-0.155574912891986,0.0320557491289199,-0.170557491289199,0.109407665505227,-0.310801393728223,0.226480836236934,0.284146341463415,-0.205574912891986,-0.23205574912892,-0.103658536585366,-0.0182926829268293,-0.0491289198606272,0.210278745644599,-0.271254355400697,-0.0621951219512195,-0.0362369337979094,0.0939024390243903,NA,-0.465331010452962,-0.114982578397213,0.0733449477351917,-0.0477351916376307,-0.328745644599303,-0.0506968641114983,0.252439024390244,-0.0705574912891986,-0.0909407665505227,0.0405923344947735,-0.159233449477352,0.0160278745644599,0.122299651567944,0.462020905923345,-0.00696864111498258,0.33588850174216,-0.0439024390243902,-0.115505226480836,-0.139024390243902,-0.205226480836237,-0.263240418118467,-0.128397212543554,-0.20801393728223,-0.518466898954704,0.125783972125436,-0.42787456445993,0.0785714285714286,0.405574912891986,-0.0963414634146342,0.222648083623693,-0.0491289198606272,0.133101045296167,0.0759581881533101,0.468292682926829,-0.163066202090592,-0.19198606271777,-0.277177700348432,-0.334146341463415,0.201742160278746,-0.0700348432055749,-0.245993031358885,0.308710801393728,-0.242334494773519,0.086411149825784,-0.0761324041811847,-0.215156794425087,-0.0538327526132404,-0.267595818815331,-0.247909407665505,-0.267073170731707,-0.246341463414634,-0.38588850174216,-0.197735191637631,-0.0334494773519164,-0.210801393728223,-0.173519163763066,-0.170034843205575,-0.151393728222997,-0.189198606271777,-0.140592334494774,-0.242160278745645
OTU_178,0.00644599303135889,-0.297560975609756,0.273519163763066,-0.0155052264808362,0.0853658536585366,-0.494947735191638,-0.0130662020905923,-0.238501742160279,0.00958188153310105,-0.177351916376307,-0.178048780487805,0.0573170731707317,-0.131358885017422,-0.13815331010453,-0.0604529616724739,0.0489547038327526,0.179094076655052,0.139895470383275,-0.509581881533101,-0.0494773519163763,-0.0182926829268293,-0.0846689895470383,-0.186933797909408,-0.36219512195122,0.121602787456446,-0.216898954703833,-0.108188153310105,-0.232926829268293,0.0554006968641115,-0.0721254355400697,-0.227351916376307,-0.36219512195122,-0.216724738675958,-0.348257839721254,-0.466898954703833,-0.379094076655052,-0.224216027874564,-0.086411149825784,0.0949477351916377,-0.301045296167247,0.395644599303136,0.171777003484321,0.35,-0.0292682926829268,-0.013588850174216,-0.327177700348432,0.0634146341463415,-0.16602787456446,-0.290940766550523,-0.26219512195122,-0.194076655052265,0.0407665505226481,0.0383275261324042,0.116550522648084,-0.149303135888502,0.035191637630662,-0.101393728222997,0.160801393728223,-0.151567944250871,-0.0834494773519164,-0.191463414634146,-0.250348432055749,-0.0320557491289199,-0.0310104529616725,-0.157317073170732,-0.195121951219512,0.086411149825784,-0.224912891986063,-0.197212543554007,-0.204878048780488,0.0811846689895471,-0.278571428571429,-0.086411149825784,-0.251219512195122,-0.228397212543554,-0.21184668989547,-0.254355400696864,-0.0160278745644599,0.0367595818815331,-0.201567944250871,-0.199303135888502,0.121951219512195,-0.498780487804878,-0.442160278745645,-0.0606271777003484,-0.222822299651568,-0.145296167247387,-0.00121951219512195,-0.193728222996516,-0.15993031358885,-0.0590592334494774,-0.277177700348432,-0.169163763066202,-0.189372822299652,0.231358885017422,0.580662020905923,-0.0695121951219512,-0.0777003484320558,0.079616724738676,-0.284668989547038,-0.147038327526132,0.0935540069686411,-0.252613240418119,-0.209581881533101,0.410975609756098,-0.0292682926829268,-0.047212543554007,-0.0195121951219512,0.0839721254355401,-0.235714285714286,-0.424216027874565,-0.0221254355400697,-0.380836236933798,-0.224912891986063,0.284843205574913,0.150348432055749,0.266202090592335,-0.0876306620209059,0.00209059233449477,0.0456445993031359,0.152439024390244,0.0468641114982578,0.0766550522648084,0.0621951219512195,0.0398954703832753,0.465679442508711,-0.054006968641115,-0.117595818815331,-0.0292682926829268,-0.196689895470383,0.0134146341463415,0.00574912891986063,0.040418118466899,-0.0106271777003484,-0.461324041811847,0.518118466898955,-0.0423344947735192,0.0822299651567944,-0.0463414634146342,0.0777003484320558,-0.142160278745645,-0.0149825783972125,-0.0376306620209059,0.0785714285714286,-0.241637630662021,0.474738675958188,0.226829268292683,-0.0369337979094077,-0.0393728222996516,0.155400696864112,0.148780487804878,-0.0850174216027875,-0.269686411149826,0.154703832752613,0.0559233449477352,-0.116202090592335,-0.0242160278745645,-0.104878048780488,-0.105749128919861,0.230487804878049,-0.0465156794425087,0.0799651567944251,-0.0304878048780488,-0.465331010452962,NA,0.108362369337979,-0.103135888501742,0.212717770034843,0.243379790940767,0.0541811846689896,-0.122299651567944,0.0289198606271777,0.131881533101045,0.16602787456446,0.216550522648084,-0.00174216027874565,-0.0442508710801394,-0.289372822299652,-0.0341463414634146,-0.169512195121951,-0.00348432055749129,0.083623693379791,0.020383275261324,0.110452961672474,-0.0195121951219512,0.0414634146341464,0.0993031358885018,0.0191637630662021,0.00400696864111498,0.21602787456446,0.0956445993031359,-0.342334494773519,-0.0628919860627178,-0.100348432055749,-0.0656794425087108,-0.00592334494773519,0.197560975609756,0.0202090592334495,-0.0132404181184669,0.26411149825784,0.000348432055749129,0.230662020905923,-0.112020905923345,0.0433797909407666,0.0439024390243902,-0.0872822299651568,0.0412891986062718,-0.12787456445993,0.15609756097561,-0.148954703832753,0.134320557491289,0.381707317073171,0.0797909407665505,0.195993031358885,0.0331010452961673,0.0905923344947735,-0.0292682926829268,-0.0170731707317073,0.032404181184669,0.158362369337979,0.0398954703832753,-0.0522648083623693,0.189372822299652,0.206620209059233,0.269686411149826
OTU_180,-0.117247386759582,-0.395121951219512,0.172299651567944,-0.644773519163763,0.323867595818815,-0.407491289198606,-0.628571428571429,-0.5,-0.133797909407666,-0.687804878048781,-0.134320557491289,0.634320557491289,0.220383275261324,-0.00731707317073171,-0.745818815331011,-0.583623693379791,0.348432055749129,-0.277003484320558,-0.093205574912892,-0.747212543554007,-0.0334494773519164,-0.181533101045296,0.471777003484321,-0.325435540069687,0.402090592334495,-0.174564459930314,-0.621080139372822,0.188850174216028,0.597038327526133,-0.400522648083624,-0.554006968641115,-0.458710801393728,0.0125435540069686,-0.196341463414634,0.0609756097560976,-0.732229965156795,-0.0548780487804878,-0.135714285714286,-0.48397212543554,-0.0369337979094077,0.468989547038328,-0.570731707317073,0.255400696864112,-0.671428571428571,-0.607491289198606,-0.0667247386759582,0.72822299651568,-0.415853658536585,-0.280836236933798,-0.409233449477352,-0.466202090592335,-0.613414634146342,0.724912891986063,-0.591289198606272,-0.0343205574912892,0.486062717770035,0.493205574912892,0.749651567944251,0.0810104529616725,0.532578397212544,-0.11219512195122,-0.227700348432056,-0.704878048780488,-0.313763066202091,0.492334494773519,-0.515156794425087,-0.46602787456446,-0.237979094076655,-0.0128919860627178,-0.0331010452961673,0.517247386759582,-0.19390243902439,-0.271254355400697,0.0289198606271777,-0.578571428571429,-0.15383275261324,-0.191114982578397,0.0290940766550523,0.421951219512195,-0.00574912891986063,0.0294425087108014,-0.0282229965156794,-0.479268292682927,0.0646341463414634,0.772996515679443,0.414285714285714,-0.634843205574913,0.694250871080139,-0.185191637630662,-0.326306620209059,-0.597038327526133,-0.418815331010453,-0.395121951219512,0.491289198606272,0.242160278745645,0.162020905923345,0.532578397212544,0.582926829268293,-0.354006968641115,0.0560975609756098,-0.375087108013937,-0.594773519163763,-0.123867595818815,0.4801393728223,0.132926829268293,0.562020905923345,0.154703832752613,-0.251219512195122,0.581881533101045,0.316376306620209,-0.199825783972125,0.65801393728223,-0.134494773519164,0.234320557491289,0.405749128919861,-0.368989547038328,-0.146864111498258,-0.174564459930314,0.618989547038328,0.741811846689896,-0.129965156794425,0.272473867595819,-0.368815331010453,-0.411498257839721,0.16219512195122,-0.250871080139373,-0.322822299651568,0.67212543554007,-0.428919860627178,0.598257839721254,0.360104529616725,0.807665505226481,0.510627177700349,0.754355400696864,0.0799651567944251,0.0984320557491289,0.431533101045296,0.154529616724739,0.661498257839721,-0.693031358885018,0.362369337979094,-0.25418118466899,-0.586062717770035,0.655749128919861,-0.402090592334495,0.150522648083624,0.725609756097561,0.68623693379791,0.50191637630662,-0.399477351916376,-0.564808362369338,0.55383275261324,0.192508710801394,0.792160278745645,-0.665331010452962,-0.244076655052265,0.671777003484321,-0.193031358885017,-0.538850174216028,-0.52404181184669,0.689895470383275,0.676306620209059,0.551393728222997,-0.114982578397213,0.108362369337979,NA,0.667247386759582,-0.373693379790941,-0.228048780487805,0.661498257839721,0.493728222996516,0.689721254355401,-0.474564459930314,0.556794425087108,0.608536585365854,0.707665505226481,0.331881533101045,0.193379790940767,0.65418118466899,-0.220905923344948,0.707317073170732,0.731358885017422,-0.498954703832753,0.655749128919861,0.506271777003484,0.707491289198606,0.705400696864112,0.0303135888501742,0.613066202090592,0.405574912891986,0.221254355400697,0.391463414634146,0.660278745644599,0.434146341463415,0.532752613240418,0.541637630662021,-0.0806620209059234,0.197212543554007,0.622473867595819,0.697909407665505,0.611324041811847,0.536062717770035,-0.154878048780488,-0.133623693379791,0.538675958188153,0.427351916376307,0.376480836236934,0.391463414634146,0.50383275261324,0.330836236933798,-0.0273519163763066,0.363763066202091,0.640766550522648,0.477351916376307,0.602961672473868,0.421951219512195,0.521777003484321,0.3198606271777,0.550696864111498,0.70191637630662,0.405923344947735,0.594947735191638,0.00557491289198606,-0.343205574912892,-0.129790940766551
OTU_182,0.11794425087108,-0.375087108013937,-0.0367595818815331,-0.635365853658537,0.109059233449477,-0.0614982578397213,-0.689721254355401,-0.453310104529617,0.0346689895470383,-0.671080139372822,-0.301045296167247,0.734843205574913,0.151567944250871,0.25609756097561,-0.8,-0.765505226480836,0.267595818815331,-0.576480836236934,0.101567944250871,-0.747386759581882,0.298954703832753,-0.257317073170732,0.815679442508711,-0.232229965156795,0.428048780487805,0.207142857142857,-0.36794425087108,0.709059233449478,0.585017421602788,-0.290592334494774,-0.619686411149826,-0.16219512195122,-0.0878048780487805,0.272299651567944,0.28588850174216,-0.536236933797909,0.140940766550523,-0.0834494773519164,-0.151567944250871,0.368815331010453,0.281358885017422,-0.439721254355401,0.394773519163763,-0.747038327526133,-0.700871080139373,0.127526132404181,0.792334494773519,-0.0782229965156795,-0.413937282229965,-0.184146341463415,-0.329094076655052,-0.726132404181185,0.804703832752613,-0.798257839721255,-0.0125435540069686,0.755923344947735,0.810278745644599,0.754355400696864,0.575435540069687,0.793379790940767,0.247909407665505,-0.188327526132404,-0.702613240418119,-0.0827526132404181,0.64808362369338,-0.522299651567944,-0.641637630662021,-0.142857142857143,0.32212543554007,0.318292682926829,0.366550522648084,-0.453484320557491,-0.42404181184669,-0.0452961672473868,-0.437456445993031,0.35609756097561,-0.297909407665505,0.0590592334494774,0.265156794425087,0.469686411149826,0.491114982578397,0.00940766550522648,-0.0113240418118467,0.406445993031359,0.643205574912892,0.789198606271777,-0.807665505226481,0.736585365853659,-0.224564459930314,-0.497038327526133,-0.57787456445993,-0.276655052264808,-0.299303135888502,0.8,-0.110104529616725,-0.0879790940766551,0.886062717770035,0.851045296167248,-0.373170731707317,-0.0106271777003484,-0.25418118466899,-0.763763066202091,-0.316550522648084,0.659059233449477,0.00261324041811847,0.88397212543554,0.196864111498258,-0.243379790940767,0.868815331010453,0.317770034843206,0.025609756097561,0.852613240418119,0.0468641114982578,0.497560975609756,0.148954703832753,-0.445818815331011,-0.47020905923345,-0.117421602787456,0.885017421602788,0.798606271777004,-0.381881533101045,0.341811846689896,-0.181184668989547,-0.547560975609756,-0.0843205574912892,-0.318118466898955,-0.176306620209059,0.877351916376307,-0.415331010452962,0.750871080139373,0.275609756097561,0.891637630662021,0.790418118466899,0.871254355400697,0.220905923344948,-0.0649825783972126,0.255749128919861,0.229790940766551,0.82822299651568,-0.66184668989547,0.684668989547038,-0.325261324041812,-0.460627177700349,0.838501742160279,-0.287456445993031,0.117073170731707,0.797038327526133,0.814459930313589,0.601742160278746,-0.136062717770035,-0.798606271777004,0.867247386759582,0.669686411149826,0.751742160278746,-0.68397212543554,-0.28205574912892,0.888850174216028,-0.0456445993031359,-0.641637630662021,-0.526655052264808,0.884146341463415,0.813937282229965,0.789024390243903,0.0733449477351917,-0.103135888501742,0.667247386759582,NA,-0.442160278745645,-0.342508710801394,0.855574912891986,0.829616724738676,0.905226480836237,-0.62404181184669,0.311324041811847,0.757491289198606,0.85801393728223,0.727700348432056,0.613588850174216,0.8301393728223,0.213240418118467,0.851045296167248,0.739024390243903,-0.672648083623694,0.831707317073171,0.586933797909408,0.809233449477352,0.674738675958188,0.021602787456446,0.844773519163763,0.443031358885018,0.34808362369338,0.699303135888502,0.765853658536586,0.733623693379791,0.660801393728223,0.807839721254356,-0.0700348432055749,0.226306620209059,0.840243902439025,0.511846689895471,0.615156794425087,0.539721254355401,-0.287630662020906,-0.155749128919861,0.641811846689896,0.411324041811847,0.592334494773519,0.452787456445993,0.548257839721254,0.302090592334495,0.149477351916376,0.387630662020906,0.707142857142857,0.651219512195122,0.698780487804878,0.472996515679443,0.595121951219512,0.375783972125436,0.660278745644599,0.71219512195122,0.676655052264808,0.635191637630662,0.35418118466899,-0.367421602787457,-0.278397212543554
OTU_183,-0.113588850174216,0.209407665505227,-0.161149825783972,0.477700348432056,0.0602787456445993,0.195818815331011,0.606620209059234,0.378919860627178,0.0334494773519164,0.49006968641115,0.208710801393728,-0.55191637630662,-0.337456445993031,0.0841463414634146,0.473693379790941,0.520905923344948,-0.10801393728223,0.317595818815331,-0.00104529616724739,0.311672473867596,0.296341463414634,0.178919860627178,-0.513414634146342,0.100696864111498,0.115679442508711,0.213763066202091,0.151742160278746,-0.368466898954704,-0.596515679442509,0.123867595818815,0.365679442508711,0.151742160278746,-0.22595818815331,-0.356620209059233,-0.245993031358885,0.321428571428572,-0.0712543554006969,0.131533101045296,0.0867595818815331,-0.271254355400697,-0.283449477351916,0.314285714285714,0.0702090592334495,0.379442508710801,0.521777003484321,-0.0848432055749129,-0.54808362369338,-0.126480836236934,0.234843205574913,-0.0850174216027875,0.370034843205575,0.481358885017422,-0.55383275261324,0.563066202090592,-0.131184668989547,-0.453832752613241,-0.578919860627178,-0.44616724738676,-0.446341463414634,-0.49616724738676,0.135191637630662,0.0778745644599303,0.393205574912892,0.154878048780488,-0.165331010452962,0.198954703832753,0.411149825783972,0.141811846689896,-0.494076655052265,-0.283797909407666,-0.246515679442509,0.0315331010452962,0.180487804878049,-0.0560975609756098,0.41411149825784,-0.239198606271777,0.202613240418119,0.102264808362369,-0.24581881533101,-0.30609756097561,-0.206794425087108,0.183275261324042,0.135540069686411,-0.12595818815331,-0.59808362369338,-0.548780487804878,0.385191637630662,-0.439547038327526,0.101393728222997,0.16184668989547,0.416550522648084,0.24198606271777,0.195818815331011,-0.523693379790941,-0.0857142857142857,0.26411149825784,-0.538327526132404,-0.545296167247387,0.311149825783972,-0.0850174216027875,0.0801393728222997,0.414982578397213,-0.0113240418118467,-0.284320557491289,-0.0318815331010453,-0.445296167247387,-0.249303135888502,0.014808362369338,-0.39616724738676,-0.24581881533101,-0.240766550522648,-0.573867595818815,-0.116202090592335,-0.0794425087108014,-0.31794425087108,0.352787456445993,0.00226480836236934,0.157317073170732,-0.397386759581882,-0.604006968641115,0.536411149825784,-0.22404181184669,0.268466898954704,0.273519163763066,-0.242160278745645,0.412891986062718,-0.0444250871080139,-0.526829268292683,0.262020905923345,-0.616898954703833,-0.367595818815331,-0.450871080139373,-0.526132404181185,-0.434494773519164,-0.0973867595818815,0.179790940766551,-0.334494773519164,-0.267247386759582,-0.584146341463415,0.267421602787457,-0.403484320557491,0.156445993031359,0.303310104529617,-0.437108013937282,0.328745644599303,0.0372822299651568,-0.351219512195122,-0.484320557491289,-0.370731707317073,0.446515679442509,0.348257839721254,-0.457317073170732,-0.432578397212544,-0.394425087108014,0.570383275261324,0.157317073170732,-0.486411149825784,0.0270034843205575,0.214634146341463,0.429965156794425,-0.471602787456446,-0.398606271777004,-0.57787456445993,-0.0477351916376307,0.212717770034843,-0.373693379790941,-0.442160278745645,NA,0.328397212543554,-0.472648083623693,-0.379094076655052,-0.414634146341464,0.393205574912892,-0.0834494773519164,-0.325261324041812,-0.423693379790941,-0.370383275261324,-0.287108013937282,-0.405923344947735,-0.147212543554007,-0.515156794425087,-0.451219512195122,0.492857142857143,-0.336759581881533,-0.487979094076655,-0.52595818815331,-0.544599303135889,-0.122996515679443,-0.392160278745645,-0.307839721254355,-0.188327526132404,-0.325609756097561,-0.473170731707317,-0.43397212543554,-0.448606271777004,-0.333797909407666,0.168292682926829,-0.0369337979094077,-0.437979094076655,-0.282229965156794,-0.467770034843206,-0.354703832752613,0.225435540069686,0.211498257839721,-0.275435540069686,-0.508536585365854,-0.301045296167247,-0.294947735191638,-0.393554006968641,-0.162717770034843,0.168989547038328,0.0303135888501742,-0.405574912891986,-0.186759581881533,-0.314285714285714,-0.14390243902439,-0.220557491289199,-0.157665505226481,-0.283449477351916,-0.361149825783972,-0.321951219512195,-0.386585365853659,-0.160801393728223,0.301742160278746,0.35191637630662
OTU_185,0.159581881533101,-0.05,0.240766550522648,0.289895470383275,-0.18815331010453,-0.210801393728223,0.353484320557491,-0.0397212543554007,-0.183623693379791,0.142160278745645,0.0665505226480836,-0.25418118466899,-0.266550522648084,0.0876306620209059,0.265505226480836,0.417770034843206,0.115331010452962,0.560975609756098,-0.179790940766551,0.168118466898955,-0.0151567944250871,-0.0745644599303136,-0.438675958188153,-0.0834494773519164,-0.0358885017421603,-0.0533101045296167,0.332578397212544,-0.285017421602787,-0.245993031358885,0.104355400696864,0.145993031358885,-0.239721254355401,-0.0811846689895471,-0.379790940766551,-0.495470383275261,-0.0557491289198606,-0.378919860627178,-0.109233449477352,0.106271777003484,-0.26602787456446,0.0966898954703833,0.415679442508711,0.209756097560976,0.239895470383275,0.502090592334495,-0.0834494773519164,-0.309407665505227,0.0771777003484321,-0.0245644599303136,-0.206968641114983,0.177700348432056,0.553310104529617,-0.370557491289199,0.475783972125436,-0.0820557491289199,-0.315679442508711,-0.460104529616725,-0.262717770034843,-0.388501742160279,-0.405574912891986,-0.0841463414634146,-0.0398954703832753,0.407839721254355,-0.025609756097561,-0.297038327526132,0.085191637630662,0.410452961672474,-0.0303135888501742,-0.515679442508711,-0.484320557491289,-0.047212543554007,-0.145644599303136,0.111498257839721,-0.121080139372822,0.373693379790941,-0.0801393728222997,0.167421602787456,-0.0242160278745645,-0.0371080139372822,-0.28588850174216,-0.0813588850174216,0.0595818815331011,-0.34616724738676,-0.218292682926829,-0.451393728222997,-0.429094076655052,0.246689895470383,-0.295818815331011,0.0630662020905924,0.0331010452961673,0.469686411149826,0.182229965156794,0.0517421602787457,-0.41602787456446,0.261324041811847,0.226132404181185,-0.395296167247387,-0.503658536585366,0.356271777003484,-0.142508710801394,0.25418118466899,0.467595818815331,-0.0508710801393728,-0.362369337979094,0.24390243902439,-0.322299651567944,-0.20191637630662,-0.110975609756098,-0.206620209059233,-0.212369337979094,-0.484843205574913,-0.525087108013937,-0.335017421602788,-0.271080139372822,0.103135888501742,0.519337979094077,0.367073170731707,-0.0689895470383275,-0.370383275261324,-0.291463414634146,0.465331010452962,-0.268466898954704,0.312717770034843,0.331881533101045,-0.106620209059233,0.15191637630662,0.182229965156794,-0.422822299651568,0.264982578397213,-0.446341463414634,-0.0658536585365854,-0.330313588850174,-0.420731707317073,-0.369337979094077,-0.194599303135889,0.167073170731707,-0.115853658536585,0.0388501742160279,-0.362020905923345,0.491289198606272,-0.374912891986063,0.0714285714285714,0.0810104529616725,-0.360627177700349,0.192334494773519,-0.0322299651567944,-0.350174216027875,-0.391463414634146,-0.393379790940767,0.262891986062718,0.332578397212544,-0.305749128919861,-0.403658536585366,-0.323170731707317,0.426306620209059,-0.0672473867595819,-0.49616724738676,-0.0367595818815331,-0.0165505226480836,0.489547038327526,-0.37020905923345,-0.3198606271777,-0.409756097560976,-0.328745644599303,0.243379790940767,-0.228048780487805,-0.342508710801394,0.328397212543554,NA,-0.35,-0.329965156794425,-0.287456445993031,0.303310104529617,0.0198606271777004,-0.276480836236934,-0.310452961672474,-0.278571428571429,-0.446864111498258,-0.444076655052265,-0.279268292682927,-0.328919860627178,-0.36219512195122,0.232752613240418,-0.262891986062718,-0.322473867595819,-0.362020905923345,-0.292160278745645,-0.0750871080139373,-0.402439024390244,-0.104703832752613,-0.174738675958188,-0.311672473867596,-0.262717770034843,-0.354878048780488,-0.422299651567944,-0.421777003484321,0.0484320557491289,0.0702090592334495,-0.16794425087108,-0.186933797909408,-0.227526132404181,-0.180662020905923,0.213588850174216,0.0604529616724739,-0.102090592334495,-0.305052264808362,-0.120034843205575,-0.128745644599303,-0.157665505226481,-0.403310104529617,0.260104529616725,-0.194773519163763,-0.163414634146341,-0.106968641114983,-0.182926829268293,-0.127003484320558,-0.336933797909408,-0.197560975609756,-0.0925087108013938,-0.256445993031359,-0.349477351916376,-0.244076655052265,-0.174912891986063,0.316898954703833,0.34390243902439
OTU_187,0.0242160278745645,-0.426306620209059,0.0745644599303136,-0.6801393728223,0.236933797909408,-0.274912891986063,-0.725087108013937,-0.440243902439024,-0.0104529616724739,-0.642334494773519,-0.353310104529617,0.773867595818815,0.110452961672474,0.152787456445993,-0.788675958188153,-0.704529616724739,0.284146341463415,-0.550696864111498,-0.0294425087108014,-0.774912891986063,0.198780487804878,-0.215679442508711,0.742160278745645,-0.313937282229965,0.407491289198606,-0.0054006968641115,-0.478048780487805,0.531707317073171,0.638501742160279,-0.394599303135889,-0.624738675958188,-0.320557491289199,-0.128919860627178,0.0940766550522648,0.307142857142857,-0.604703832752613,0.0848432055749129,-0.131358885017422,-0.260104529616725,0.253484320557491,0.407142857142857,-0.53397212543554,0.293031358885017,-0.812369337979094,-0.722473867595819,0.0515679442508711,0.785365853658537,-0.166202090592335,-0.313066202090592,-0.228571428571429,-0.439372822299652,-0.75226480836237,0.814982578397213,-0.737456445993032,0.160452961672474,0.70609756097561,0.796341463414634,0.760278745644599,0.406620209059234,0.789024390243903,0.181707317073171,-0.296341463414634,-0.763588850174216,-0.162020905923345,0.562891986062718,-0.573867595818815,-0.497560975609756,-0.204006968641115,0.219686411149826,0.312891986062718,0.587804878048781,-0.347735191637631,-0.402961672473868,-0.115679442508711,-0.598954703832753,0.206271777003484,-0.302090592334495,-0.0226480836236934,0.35609756097561,0.325609756097561,0.397735191637631,-0.0304878048780488,-0.198606271777004,0.197386759581882,0.732404181184669,0.76219512195122,-0.827177700348432,0.644599303135889,-0.307317073170732,-0.439024390243903,-0.616376306620209,-0.36411149825784,-0.401742160278746,0.72822299651568,0.14198606271777,-0.0470383275261324,0.769686411149826,0.848257839721254,-0.396864111498258,-0.0165505226480836,-0.368118466898955,-0.76219512195122,-0.354878048780488,0.587804878048781,0.0163763066202091,0.797038327526133,0.0879790940766551,-0.110452961672474,0.814982578397213,0.373867595818815,-0.0454703832752613,0.869512195121951,0.0242160278745645,0.340418118466899,0.237804878048781,-0.447909407665505,-0.344773519163763,-0.260452961672474,0.852090592334495,0.771602787456446,-0.343728222996516,0.362717770034843,-0.306271777003484,-0.395470383275261,-0.0834494773519164,-0.347909407665505,-0.337630662020906,0.845121951219512,-0.453484320557491,0.720557491289199,0.229094076655052,0.837108013937282,0.805574912891986,0.840592334494774,0.0918118466898955,-0.072822299651568,0.423344947735192,0.0710801393728223,0.842334494773519,-0.699825783972126,0.624738675958188,-0.372996515679443,-0.518641114982578,0.801393728222997,-0.263066202090592,0.0470383275261324,0.859059233449478,0.802264808362369,0.471602787456446,-0.35993031358885,-0.707665505226481,0.790243902439025,0.546864111498258,0.74006968641115,-0.726132404181185,-0.364459930313589,0.842334494773519,-0.147909407665505,-0.582229965156794,-0.495818815331011,0.873867595818816,0.871951219512195,0.799303135888502,-0.0506968641114983,0.0541811846689896,0.661498257839721,0.855574912891986,-0.472648083623693,-0.35,NA,0.805400696864112,0.799128919860627,-0.596689895470383,0.2301393728223,0.644947735191638,0.891114982578397,0.62787456445993,0.473519163763066,0.815156794425087,0.0219512195121951,0.827177700348432,0.817073170731707,-0.6698606271777,0.80993031358885,0.695993031358885,0.849477351916377,0.623519163763066,0.0817073170731707,0.81794425087108,0.611149825783972,0.260975609756098,0.581358885017422,0.824738675958188,0.697038327526133,0.720383275261324,0.721602787456446,-0.115505226480836,0.175435540069686,0.793728222996516,0.631010452961673,0.599651567944251,0.573170731707317,-0.409059233449477,-0.139024390243902,0.518815331010453,0.540766550522648,0.636062717770035,0.2698606271777,0.413937282229965,0.253310104529617,0.105226480836237,0.437804878048781,0.748257839721254,0.664982578397213,0.691637630662021,0.511498257839721,0.65191637630662,0.399303135888502,0.650522648083624,0.690766550522648,0.635365853658537,0.697212543554007,0.320557491289199,-0.324216027874564,-0.122822299651568
OTU_189,0.331358885017422,-0.400348432055749,0.0961672473867596,-0.609581881533101,-0.113588850174216,0.0930313588850174,-0.748606271777004,-0.431010452961673,0.0318815331010453,-0.573519163763066,-0.394250871080139,0.790418118466899,-0.0263066202090592,0.361149825783972,-0.761672473867596,-0.787630662020906,0.255749128919861,-0.563066202090592,0.244250871080139,-0.635540069686411,0.241114982578397,-0.0808362369337979,0.855923344947735,-0.118292682926829,0.134146341463415,0.0609756097560976,-0.239372822299652,0.659756097560976,0.568292682926829,-0.295121951219512,-0.565505226480836,-0.229965156794425,-0.0853658536585366,0.429094076655052,0.329094076655052,-0.436062717770035,0.128222996515679,0.043205574912892,-0.271951219512195,0.485540069686411,0.240940766550523,-0.244425087108014,0.174216027874564,-0.790418118466899,-0.663937282229965,0.316376306620209,0.692857142857143,0.161672473867596,-0.300696864111498,-0.144947735191638,-0.305923344947735,-0.602961672473868,0.758536585365854,-0.734668989547038,0.115505226480836,0.665156794425087,0.846864111498258,0.580313588850174,0.582752613240418,0.712717770034843,0.259233449477352,-0.0139372822299652,-0.528397212543554,-0.294250871080139,0.432229965156795,-0.442160278745645,-0.602090592334495,-0.0818815331010453,0.29198606271777,0.278571428571429,0.453484320557491,-0.352439024390244,-0.407665505226481,-0.0550522648083624,-0.326480836236934,0.579616724738676,-0.197560975609756,0.10993031358885,0.277003484320558,0.623519163763066,0.589547038327526,0.0520905923344948,0.0841463414634146,0.425609756097561,0.55801393728223,0.8301393728223,-0.75993031358885,0.578571428571429,-0.0907665505226481,-0.568815331010453,-0.510627177700349,-0.0754355400696864,-0.188327526132404,0.820034843205575,-0.118989547038328,-0.270731707317073,0.805574912891986,0.87822299651568,-0.236933797909408,-0.00574912891986063,-0.249303135888502,-0.654006968641115,-0.25609756097561,0.564808362369338,-0.135540069686411,0.821254355400697,0.0101045296167247,-0.118292682926829,0.801742160278746,0.341637630662021,0.118118466898955,0.782578397212544,0.236236933797909,0.533797909407666,0.0790940766550523,-0.380313588850174,-0.369686411149826,-0.0611498257839721,0.795296167247387,0.679616724738676,-0.354703832752613,0.163414634146341,-0.110104529616725,-0.493728222996516,-0.232926829268293,-0.388327526132404,-0.236062717770035,0.856445993031359,-0.370557491289199,0.763937282229965,0.105749128919861,0.714634146341463,0.830313588850174,0.78623693379791,0.318466898954704,-0.3,0.371951219512195,0.122473867595819,0.786411149825784,-0.571428571428572,0.775261324041812,-0.349825783972126,-0.379268292682927,0.74006968641115,-0.183275261324042,-0.101393728222997,0.734494773519164,0.806271777003485,0.297909407665505,-0.111498257839721,-0.750174216027875,0.827003484320558,0.764285714285714,0.561149825783972,-0.699477351916376,-0.336759581881533,0.757665505226481,-0.179094076655052,-0.481533101045296,-0.543379790940767,0.835714285714286,0.809233449477352,0.851567944250871,0.252439024390244,-0.122299651567944,0.493728222996516,0.829616724738676,-0.379094076655052,-0.329965156794425,0.805400696864112,NA,0.785540069686411,-0.618641114982579,0.116724738675958,0.568641114982579,0.760975609756098,0.832578397212544,0.593205574912892,0.768815331010453,0.329268292682927,0.779965156794425,0.638501742160279,-0.663066202090593,0.676132404181185,0.541637630662021,0.731184668989547,0.577003484320558,-0.156620209059233,0.887456445993032,0.422996515679443,0.172996515679443,0.71411149825784,0.659581881533101,0.829790940766551,0.55418118466899,0.815505226480836,0.031184668989547,0.397909407665505,0.639198606271777,0.453484320557491,0.387282229965157,0.404878048780488,-0.281358885017422,-0.235365853658537,0.345993031358885,0.471080139372822,0.456620209059234,0.240766550522648,0.384843205574913,0.150348432055749,0.0559233449477352,0.31411149825784,0.540418118466899,0.641811846689896,0.686411149825784,0.350348432055749,0.441463414634146,0.489198606271777,0.577700348432056,0.576480836236934,0.565156794425087,0.582578397212544,0.287456445993031,-0.298780487804878,-0.146341463414634
OTU_190,0.138327526132404,-0.508710801393728,0.175435540069686,-0.712717770034843,0.0496515679442509,-0.17787456445993,-0.76794425087108,-0.595818815331011,-0.0388501742160279,-0.746689895470383,-0.413588850174216,0.818815331010453,0.0655052264808362,0.172473867595819,-0.798257839721255,-0.811846689895471,0.378571428571429,-0.517247386759582,-0.0717770034843206,-0.779790940766551,0.305923344947735,-0.315505226480836,0.776480836236934,-0.421602787456446,0.405923344947735,0.0831010452961673,-0.376306620209059,0.684146341463415,0.590592334494774,-0.342857142857143,-0.76602787456446,-0.380313588850174,-0.147386759581882,0.23815331010453,0.11411149825784,-0.663588850174216,-0.00470383275261324,-0.164808362369338,-0.131881533101045,0.253658536585366,0.455749128919861,-0.310278745644599,0.481358885017422,-0.794599303135889,-0.754878048780488,0.00313588850174216,0.827177700348432,-0.0510452961672474,-0.59808362369338,-0.329442508710801,-0.441811846689896,-0.725087108013937,0.84616724738676,-0.780487804878049,-0.142508710801394,0.843379790940767,0.800174216027875,0.825261324041812,0.601742160278746,0.813414634146342,0.0722996515679443,-0.216550522648084,-0.708536585365854,-0.116898954703833,0.548954703832753,-0.592508710801394,-0.621254355400697,-0.223344947735192,0.325087108013937,0.289721254355401,0.491114982578397,-0.565331010452962,-0.382404181184669,-0.160801393728223,-0.544425087108014,0.354703832752613,-0.42020905923345,-0.0520905923344948,0.384843205574913,0.491289198606272,0.38815331010453,-0.0388501742160279,-0.198432055749129,0.352961672473868,0.643379790940767,0.724912891986063,-0.85191637630662,0.771428571428572,-0.238850174216028,-0.606968641114983,-0.590243902439025,-0.397560975609756,-0.41411149825784,0.765505226480836,0.0674216027874565,0.124564459930314,0.891289198606272,0.843031358885018,-0.368641114982578,-0.147386759581882,-0.347735191637631,-0.699128919860627,-0.394076655052265,0.590592334494774,0.144250871080139,0.887630662020906,0.224564459930314,-0.249303135888502,0.901567944250871,0.32822299651568,-0.0682926829268293,0.84808362369338,-0.118989547038328,0.374564459930314,0.297735191637631,-0.436759581881533,-0.334320557491289,-0.21794425087108,0.855400696864112,0.836585365853659,-0.409059233449477,0.360452961672474,-0.151045296167247,-0.538675958188153,-0.0775261324041812,-0.213066202090592,-0.228397212543554,0.885191637630662,-0.444773519163763,0.775435540069687,0.237630662020906,0.880836236933798,0.844599303135889,0.882404181184669,0.0965156794425087,0.0677700348432056,0.343379790940767,0.244076655052265,0.872822299651568,-0.607317073170732,0.688850174216028,-0.370905923344948,-0.486585365853659,0.841114982578397,-0.462717770034843,0.261498257839721,0.832926829268293,0.832926829268293,0.507317073170732,-0.164808362369338,-0.718641114982579,0.803135888501742,0.625435540069686,0.791811846689896,-0.633101045296167,-0.262020905923345,0.904878048780488,-0.144076655052265,-0.682578397212544,-0.46411149825784,0.843205574912892,0.815505226480836,0.83815331010453,-0.0705574912891986,0.0289198606271777,0.689721254355401,0.905226480836237,-0.414634146341464,-0.287456445993031,0.799128919860627,0.785540069686411,NA,-0.595121951219512,0.298432055749129,0.727526132404181,0.852961672473868,0.787979094076655,0.485191637630662,0.849303135888502,0.212543554006969,0.831881533101046,0.725435540069686,-0.672996515679443,0.848954703832753,0.607839721254355,0.839372822299652,0.761498257839721,0.0468641114982578,0.837282229965157,0.575609756097561,0.308710801393728,0.631358885017422,0.728745644599303,0.720557491289199,0.625609756097561,0.784494773519164,-0.0646341463414634,0.25191637630662,0.789198606271777,0.513066202090592,0.575783972125436,0.559233449477352,-0.39390243902439,-0.154878048780488,0.618292682926829,0.415505226480836,0.558188153310105,0.424390243902439,0.609407665505227,0.294076655052265,0.0912891986062718,0.437804878048781,0.711846689895471,0.709581881533101,0.751393728222997,0.422996515679443,0.559407665505227,0.446341463414634,0.663414634146342,0.649128919860627,0.739895470383275,0.634320557491289,0.415156794425087,-0.313414634146342,-0.189895470383275
OTU_191,-0.166550522648084,0.126132404181185,0.201045296167247,0.400348432055749,-0.00400696864111498,-0.0627177700348432,0.618466898954704,0.176132404181185,-0.278745644599303,0.315156794425087,0.311324041811847,-0.478745644599303,-0.0890243902439025,-0.0517421602787457,0.516724738675958,0.686062717770035,0.0451219512195122,0.636236933797909,-0.125435540069686,0.453658536585366,-0.20993031358885,-0.0898954703832753,-0.679442508710801,-0.0024390243902439,-0.176132404181185,-0.0655052264808362,0.415679442508711,-0.47787456445993,-0.448432055749129,0.14616724738676,0.486759581881533,0.0674216027874565,0.0853658536585366,-0.26794425087108,-0.413937282229965,0.314459930313589,-0.362717770034843,-0.15801393728223,0.140243902439024,-0.394599303135889,-0.225261324041812,0.43397212543554,0.021602787456446,0.644599303135889,0.64616724738676,-0.0890243902439025,-0.552439024390244,0.224738675958188,0.112717770034843,0.0848432055749129,0.35993031358885,0.561498257839721,-0.636411149825784,0.582404181184669,-0.168641114982578,-0.505226480836237,-0.606620209059234,-0.440766550522648,-0.49006968641115,-0.651045296167247,-0.211149825783972,-0.155923344947735,0.598606271777004,0.163066202090592,-0.524390243902439,0.41219512195122,0.341289198606272,-0.200174216027875,-0.357142857142857,-0.42822299651568,-0.366724738675958,0.121428571428571,0.398780487804878,0.0606271777003484,0.263240418118467,-0.232404181184669,0.436411149825784,-0.116550522648084,-0.167421602787456,-0.315679442508711,-0.339895470383275,-0.248432055749129,0.0304878048780488,-0.482926829268293,-0.521602787456446,-0.63397212543554,0.556445993031359,-0.482229965156795,0.0371080139372822,0.334320557491289,0.610104529616725,0.255923344947735,0.124564459930314,-0.710801393728223,0.071602787456446,0.183623693379791,-0.561498257839721,-0.715505226480836,0.428919860627178,-0.0141114982578397,0.297560975609756,0.527700348432056,0.148606271777004,-0.432578397212544,0.177351916376307,-0.641289198606272,-0.0430313588850174,0.15,-0.609233449477352,-0.606620209059234,-0.213763066202091,-0.656794425087108,-0.189024390243902,-0.25418118466899,-0.0524390243902439,0.495121951219512,0.524390243902439,0.00470383275261324,-0.606794425087108,-0.498954703832753,0.505574912891986,-0.25609756097561,0.279965156794425,0.256271777003484,0.0271777003484321,0.131881533101045,0.34616724738676,-0.669337979094077,0.311324041811847,-0.608188153310105,-0.156968641114983,-0.587630662020906,-0.660278745644599,-0.574564459930314,0.0412891986062718,0.19390243902439,-0.216550522648084,0.17595818815331,-0.643205574912892,0.642160278745645,-0.556968641114983,0.283101045296167,0.305400696864112,-0.609581881533101,-0.033623693379791,0.0486062717770035,-0.527526132404181,-0.572648083623693,-0.304006968641115,0.233797909407666,0.563937282229965,-0.604529616724739,-0.496515679442509,-0.434320557491289,0.549651567944251,-0.0815331010452962,-0.631010452961673,0.183101045296167,0.415156794425087,0.366724738675958,-0.668292682926829,-0.586585365853659,-0.665853658536586,-0.0909407665505227,0.131881533101045,-0.474564459930314,-0.62404181184669,0.393205574912892,0.303310104529617,-0.596689895470383,-0.618641114982579,-0.595121951219512,NA,-0.268118466898955,-0.397560975609756,-0.571777003484321,-0.578571428571429,-0.48815331010453,-0.544599303135889,-0.194425087108014,-0.539372822299652,-0.624390243902439,0.638850174216028,-0.47595818815331,-0.614285714285714,-0.58588850174216,-0.435540069686411,-0.154878048780488,-0.647909407665505,-0.497386759581882,-0.134146341463415,-0.515156794425087,-0.502613240418119,-0.437979094076655,-0.506620209059234,-0.637108013937282,-0.168466898954704,-0.1301393728223,-0.508188153310105,-0.444425087108014,-0.318118466898955,-0.281707317073171,0.142160278745645,0.00662020905923345,-0.363937282229965,-0.390592334494774,-0.459407665505227,-0.145121951219512,-0.232578397212544,-0.224738675958188,-0.132926829268293,-0.233449477351916,-0.490243902439024,-0.440592334494774,-0.478571428571429,-0.285191637630662,-0.41184668989547,-0.376829268292683,-0.552961672473868,-0.475261324041812,-0.481881533101045,-0.52212543554007,-0.157665505226481,0.458885017421603,0.181881533101045
OTU_193,-0.111672473867596,-0.0534843205574913,0.103658536585366,-0.217073170731707,0.248780487804878,-0.154878048780488,-0.274738675958188,-0.171428571428571,-0.178919860627178,-0.417421602787456,0.1801393728223,0.17212543554007,0.322648083623693,-0.00644599303135889,-0.437282229965157,-0.232752613240418,0.277526132404181,0.090418118466899,0.0867595818815331,-0.355052264808362,-0.132752613240418,-0.0280487804878049,0.162543554006969,-0.0862369337979094,0.271602787456446,-0.0165505226480836,-0.300522648083624,0.00923344947735192,0.25801393728223,-0.297212543554007,-0.154878048780488,-0.159233449477352,0.305052264808362,-0.26411149825784,-0.130836236933798,-0.363240418118467,-0.196864111498258,0.0844947735191638,-0.337456445993031,-0.124390243902439,0.0921602787456446,-0.228222996515679,0.199477351916376,-0.178222996515679,-0.241114982578397,-0.101045296167247,0.408362369337979,-0.257839721254355,-0.00975609756097561,-0.282926829268293,-0.124216027874564,-0.257317073170732,0.347212543554007,-0.309059233449477,-0.259756097560976,0.141289198606272,0.0902439024390244,0.452264808362369,-0.160278745644599,0.153658536585366,-0.0146341463414634,-0.0857142857142857,-0.390243902439024,-0.0731707317073171,0.259059233449477,-0.167770034843206,-0.381358885017422,-0.060801393728223,-0.0878048780487805,-0.264285714285714,-0.0486062717770035,0.0029616724738676,-0.040418118466899,0.255749128919861,-0.254529616724739,-0.15,-0.190418118466899,0.162891986062718,-0.115156794425087,-0.217073170731707,-0.136933797909408,0.118118466898955,-0.247212543554007,0.0818815331010453,0.389372822299652,0.178919860627178,-0.142508710801394,0.423170731707317,-0.124564459930314,-0.0376306620209059,-0.275609756097561,-0.216898954703833,-0.0414634146341464,0.150696864111498,0.05801393728223,0.122299651567944,0.205226480836237,0.213066202090592,-0.238501742160279,0.271951219512195,-0.0541811846689896,-0.415331010452962,0.0930313588850174,0.221428571428571,0.206968641114983,0.260801393728223,0.219337979094077,-0.233623693379791,0.23588850174216,0.249303135888502,-0.0731707317073171,0.165331010452962,0.0367595818815331,0.137979094076655,0.178397212543554,-0.0407665505226481,-0.0754355400696864,0.0682926829268293,0.241637630662021,0.407317073170732,0.156620209059233,0.336411149825784,-0.0628919860627178,-0.34006968641115,0.198257839721254,0.010801393728223,-0.170557491289199,0.279965156794425,-0.193379790940767,0.195644599303136,0.233449477351916,0.435365853658537,0.0717770034843206,0.264459930313589,0.161324041811847,0.264459930313589,0.0520905923344948,0.224390243902439,0.238675958188153,-0.285540069686411,0.0979094076655053,0.0425087108013937,-0.193554006968641,0.212543554006969,-0.0536585365853659,0.132926829268293,0.319512195121951,0.238501742160279,0.298257839721254,-0.119686411149826,-0.288327526132404,0.198606271777004,-0.0221254355400697,0.447038327526133,-0.35609756097561,-0.103484320557491,0.223519163763066,0.0679442508710802,-0.329790940766551,-0.234146341463415,0.204703832752613,0.335714285714286,0.199128919860627,0.0405923344947735,0.16602787456446,0.556794425087108,0.311324041811847,-0.0834494773519164,0.0198606271777004,0.2301393728223,0.116724738675958,0.298432055749129,-0.268118466898955,NA,0.391114982578397,0.292857142857143,0.0790940766550523,0.240766550522648,0.163588850174216,-0.148606271777004,0.255749128919861,0.332578397212544,-0.0407665505226481,0.263240418118467,0.138850174216028,0.282752613240418,0.402961672473868,-0.090418118466899,0.202613240418119,0.0428571428571429,0.358536585365854,0.141289198606272,0.23205574912892,0.113240418118467,0.11794425087108,0.257142857142857,0.255226480836237,0.24006968641115,0.35191637630662,0.367073170731707,0.216550522648084,0.261149825783972,0.188675958188153,0.0733449477351917,0.327526132404181,0.214634146341463,0.145121951219512,0.361149825783972,0.349477351916376,-0.0299651567944251,0.106794425087108,0.279094076655052,0.382578397212544,0.175783972125436,0.215156794425087,0.143205574912892,0.264634146341463,-0.0421602787456446,0.221080139372822,0.321951219512195,0.11411149825784,0.135365853658537,-0.0956445993031359,0.072822299651568,-0.252961672473868
OTU_197,-0.054006968641115,-0.385714285714286,0.105226480836237,-0.596341463414634,0.267073170731707,-0.306794425087108,-0.523170731707317,-0.454006968641115,-0.0240418118466899,-0.725087108013937,-0.151219512195122,0.608362369337979,0.242160278745645,0.0907665505226481,-0.646341463414634,-0.533449477351917,0.370034843205575,-0.315853658536585,-0.129268292682927,-0.636411149825784,0.200348432055749,-0.415679442508711,0.535017421602788,-0.463763066202091,0.481358885017422,0.167073170731707,-0.313066202090592,0.422996515679443,0.464808362369338,-0.322648083623693,-0.551393728222997,-0.189895470383275,-0.0465156794425087,0.140592334494774,0.0719512195121951,-0.671428571428571,-0.0308362369337979,-0.194425087108014,0.0184668989547038,0.0850174216027875,0.265853658536585,-0.281881533101045,0.611324041811847,-0.492334494773519,-0.647386759581882,-0.17787456445993,0.678745644599303,-0.0677700348432056,-0.5698606271777,-0.170557491289199,-0.236236933797909,-0.612369337979094,0.664634146341464,-0.74198606271777,-0.239547038327526,0.698606271777004,0.596515679442509,0.762020905923345,0.482578397212544,0.659756097560976,-0.0289198606271777,-0.432404181184669,-0.626480836236934,0.152264808362369,0.500522648083624,-0.488327526132404,-0.589547038327526,-0.265331010452962,0.34006968641115,0.2198606271777,0.231533101045296,-0.459233449477352,-0.212891986062718,-0.0524390243902439,-0.518815331010453,0.166550522648084,-0.380487804878049,-0.0503484320557491,0.193728222996516,0.299825783972126,0.146864111498258,-0.068815331010453,-0.192334494773519,0.0515679442508711,0.548780487804878,0.543205574912892,-0.631010452961673,0.769337979094077,-0.391289198606272,-0.396864111498258,-0.518641114982578,-0.402439024390244,-0.37787456445993,0.582926829268293,-0.0193379790940767,0.252787456445993,0.763588850174216,0.640243902439025,-0.264459930313589,0.0168989547038328,-0.261149825783972,-0.547212543554007,-0.360104529616725,0.538501742160279,0.281881533101045,0.784843205574913,0.342334494773519,-0.191637630662021,0.683797909407666,0.106620209059233,-0.0538327526132404,0.717595818815331,-0.106620209059233,0.281533101045296,0.199651567944251,-0.211498257839721,-0.292508710801394,-0.203658536585366,0.711324041811847,0.692160278745645,-0.202787456445993,0.485017421602787,-0.0489547038327526,-0.591463414634146,0.0353658536585366,-0.0418118466898955,-0.0663763066202091,0.65801393728223,-0.355574912891986,0.591289198606272,0.336411149825784,0.758710801393728,0.632926829268293,0.76794425087108,0.0945993031358885,0.259756097560976,0.228745644599303,0.503484320557491,0.600522648083624,-0.432404181184669,0.516724738675958,-0.220557491289199,-0.389547038327526,0.679965156794425,-0.549825783972126,0.459407665505227,0.679094076655052,0.677351916376307,0.646515679442509,0.10383275261324,-0.597212543554007,0.694947735191638,0.371602787456446,0.795121951219512,-0.54390243902439,-0.239547038327526,0.716376306620209,0.09198606271777,-0.574390243902439,-0.39581881533101,0.716898954703833,0.696864111498258,0.662891986062718,-0.159233449477352,0.216550522648084,0.608536585365854,0.757491289198606,-0.325261324041812,-0.276480836236934,0.644947735191638,0.568641114982579,0.727526132404181,-0.397560975609756,0.391114982578397,NA,0.637456445993031,0.55,0.41794425087108,0.726132404181185,0.195296167247387,0.676829268292683,0.629094076655052,-0.417421602787456,0.739721254355401,0.393205574912892,0.738501742160279,0.679965156794425,0.0101045296167247,0.636236933797909,0.299303135888502,0.436062717770035,0.463937282229965,0.580487804878049,0.525783972125436,0.41794425087108,0.67595818815331,-0.0994773519163763,0.111498257839721,0.707665505226481,0.577526132404181,0.721602787456446,0.51411149825784,-0.293379790940767,0.0397212543554007,0.683275261324042,0.338850174216028,0.401742160278746,0.5198606271777,0.722299651567944,0.273867595818815,0.0625435540069686,0.419686411149826,0.520731707317073,0.57020905923345,0.5698606271777,0.410452961672474,0.466202090592335,0.13588850174216,0.501045296167248,0.643728222996516,0.584668989547038,0.515679442508711,0.40993031358885,-0.0970383275261324,-0.222822299651568
OTU_200,-0.0189895470383275,-0.345644599303136,0.0498257839721254,-0.664982578397213,0.274390243902439,-0.312543554006969,-0.697909407665505,-0.436062717770035,-0.0747386759581882,-0.699128919860627,-0.23815331010453,0.706271777003484,0.169686411149826,0.186411149825784,-0.851045296167248,-0.65191637630662,0.316202090592335,-0.476132404181185,0.0303135888501742,-0.822822299651568,0.142682926829268,-0.288850174216028,0.681358885017422,-0.246515679442509,0.440243902439024,-0.00905923344947735,-0.469512195121951,0.537630662020906,0.644425087108014,-0.385365853658537,-0.555226480836237,-0.250871080139373,-0.00505226480836237,0.0186411149825784,0.252961672473868,-0.619512195121951,0.0172473867595819,-0.149825783972125,-0.305574912891986,0.195818815331011,0.373519163763066,-0.581707317073171,0.345644599303136,-0.804355400696864,-0.673693379790941,0.0790940766550523,0.81602787456446,-0.223170731707317,-0.335365853658537,-0.240766550522648,-0.361149825783972,-0.715505226480836,0.839547038327526,-0.74808362369338,0.124738675958188,0.626655052264808,0.747212543554007,0.792160278745645,0.373867595818815,0.7,0.237456445993031,-0.259756097560976,-0.786585365853659,-0.199477351916376,0.618466898954704,-0.544773519163763,-0.595818815331011,-0.21219512195122,0.151219512195122,0.22212543554007,0.457839721254356,-0.321602787456446,-0.40993031358885,0.0362369337979094,-0.574912891986063,0.192857142857143,-0.365679442508711,0.00331010452961673,0.418989547038328,0.32787456445993,0.435017421602788,0.0331010452961673,-0.199303135888502,0.205226480836237,0.73588850174216,0.705052264808362,-0.788850174216028,0.705400696864112,-0.187804878048781,-0.344250871080139,-0.506445993031359,-0.322299651567944,-0.378397212543554,0.628745644599303,0.104006968641115,0.0113240418118467,0.776655052264809,0.806271777003485,-0.316724738675958,0.109756097560976,-0.252264808362369,-0.756271777003484,-0.27212543554007,0.616376306620209,0.155574912891986,0.793031358885018,0.197560975609756,-0.271428571428572,0.844076655052265,0.359756097560976,-0.107665505226481,0.781533101045296,-0.0141114982578397,0.405574912891986,0.254529616724739,-0.420731707317073,-0.351393728222997,-0.218641114982578,0.80418118466899,0.811149825783972,-0.337282229965157,0.39616724738676,-0.365156794425087,-0.432578397212544,0.0118466898954704,-0.362543554006969,-0.298606271777004,0.861149825783972,-0.416202090592335,0.660975609756098,0.422822299651568,0.816724738675958,0.766202090592335,0.81602787456446,0.168466898954704,-0.00905923344947735,0.353658536585366,0.201742160278746,0.830313588850174,-0.680313588850174,0.595818815331011,-0.277526132404181,-0.522473867595819,0.833797909407666,-0.271602787456446,0.0902439024390244,0.83205574912892,0.794773519163763,0.534668989547038,-0.247038327526132,-0.744599303135889,0.791637630662021,0.447038327526133,0.772996515679443,-0.736933797909408,-0.315505226480836,0.819337979094077,-0.0825783972125436,-0.602787456445993,-0.454529616724739,0.820905923344948,0.888501742160279,0.77212543554007,0.0160278745644599,-0.00174216027874565,0.707665505226481,0.85801393728223,-0.423693379790941,-0.310452961672474,0.891114982578397,0.760975609756098,0.852961672473868,-0.571777003484321,0.292857142857143,0.637456445993031,NA,0.673867595818816,0.394947735191638,0.839721254355401,0.0329268292682927,0.830313588850174,0.742682926829269,-0.633101045296167,0.788675958188153,0.582229965156794,0.82822299651568,0.675261324041812,0.0242160278745645,0.822822299651568,0.518815331010453,0.419163763066202,0.536759581881533,0.849825783972126,0.674738675958188,0.636585365853659,0.70993031358885,-0.0346689895470383,0.219163763066202,0.779790940766551,0.596341463414634,0.649651567944251,0.583623693379791,-0.225435540069686,-0.0473867595818815,0.681707317073171,0.450348432055749,0.599477351916376,0.377351916376307,0.462891986062718,0.266550522648084,0.104703832752613,0.411149825783972,0.767247386759582,0.637804878048781,0.676829268292683,0.521254355400697,0.569686411149826,0.306620209059233,0.593728222996516,0.733275261324042,0.64198606271777,0.661672473867596,0.264982578397213,-0.40191637630662,-0.151742160278746
OTU_201,0.367247386759582,-0.379442508710801,0.0885017421602788,-0.447038327526133,-0.262020905923345,0.0229965156794425,-0.694425087108014,-0.448954703832753,0.170731707317073,-0.509756097560976,-0.571777003484321,0.711672473867596,-0.108362369337979,0.305052264808362,-0.646515679442509,-0.765679442508711,0.172996515679443,-0.595993031358885,0.0477351916376307,-0.509407665505227,0.336933797909408,-0.105749128919861,0.785365853658537,-0.18205574912892,0.168466898954704,0.201567944250871,-0.118466898954704,0.774738675958188,0.552961672473868,-0.0606271777003484,-0.675261324041812,-0.26219512195122,-0.23397212543554,0.495296167247387,0.0801393728222997,-0.399825783972126,0.186411149825784,0.0486062717770035,-0.0695121951219512,0.442682926829268,0.332926829268293,-0.0862369337979094,0.256445993031359,-0.658536585365854,-0.61411149825784,0.272822299651568,0.663066202090593,0.20993031358885,-0.465505226480836,-0.103484320557491,-0.38815331010453,-0.503135888501742,0.730836236933798,-0.616202090592335,0.063588850174216,0.717770034843206,0.811149825783972,0.528222996515679,0.708710801393728,0.709059233449478,0.266376306620209,0.0259581881533101,-0.391114982578397,-0.20383275261324,0.374216027874565,-0.346341463414634,-0.485365853658537,-0.00226480836236934,0.369512195121951,0.389895470383275,0.323519163763066,-0.478571428571429,-0.518118466898955,-0.276132404181185,-0.305749128919861,0.624564459930314,-0.294947735191638,0.138675958188153,0.293205574912892,0.683797909407666,0.608536585365854,0.0543554006968641,0.0252613240418119,0.421777003484321,0.456620209059234,0.731881533101046,-0.6698606271777,0.476829268292683,-0.0618466898954704,-0.566202090592335,-0.374390243902439,-0.152090592334495,-0.188327526132404,0.721428571428572,-0.17787456445993,-0.104703832752613,0.814459930313589,0.808536585365854,-0.124738675958188,-0.221428571428571,-0.193205574912892,-0.45801393728223,-0.391811846689896,0.422996515679443,-0.032404181184669,0.808362369337979,-0.0114982578397213,-0.20191637630662,0.811498257839721,0.206271777003484,-0.0101045296167247,0.687979094076655,0.00313588850174216,0.443379790940767,0.211672473867596,-0.427003484320558,-0.281010452961673,0.043205574912892,0.725609756097561,0.641289198606272,-0.406445993031359,0.167421602787456,-0.0926829268292683,-0.352613240418119,-0.190418118466899,-0.212543554006969,-0.0369337979094077,0.782404181184669,-0.201045296167247,0.716550522648084,0.095993031358885,0.647212543554007,0.808362369337979,0.680836236933798,0.102439024390244,-0.159756097560976,0.184320557491289,0.194773519163763,0.759233449477352,-0.395993031358885,0.627177700348432,-0.296515679442509,-0.202613240418119,0.720557491289199,-0.258710801393728,0.0862369337979094,0.639721254355401,0.75226480836237,0.284668989547038,0.0475609756097561,-0.621254355400697,0.713937282229965,0.69616724738676,0.435714285714286,-0.488327526132404,-0.122996515679443,0.695296167247387,-0.0623693379790941,-0.504878048780488,-0.366724738675958,0.691463414634146,0.725087108013937,0.822299651567944,0.122299651567944,-0.0442508710801394,0.331881533101045,0.727700348432056,-0.370383275261324,-0.278571428571429,0.62787456445993,0.832578397212544,0.787979094076655,-0.578571428571429,0.0790940766550523,0.55,0.673867595818816,NA,0.484146341463415,0.714634146341463,0.367595818815331,0.690940766550523,0.576306620209059,-0.509407665505227,0.622473867595819,0.55418118466899,0.671254355400697,0.612717770034843,-0.0433797909407666,0.750871080139373,0.489198606271777,0.130662020905923,0.56219512195122,0.590766550522648,0.761846689895471,0.496689895470383,0.708362369337979,0.162717770034843,0.218815331010453,0.583449477351916,0.300522648083624,0.310452961672474,0.411498257839721,-0.234843205574913,-0.117770034843206,0.462717770034843,0.243205574912892,0.495644599303136,0.23588850174216,0.426132404181185,0.251567944250871,0.153484320557491,0.407839721254355,0.522299651567944,0.656968641114983,0.613588850174216,0.308536585365854,0.4198606271777,0.446864111498258,0.529268292682927,0.501393728222997,0.66219512195122,0.559059233449477,0.409059233449477,-0.214808362369338,-0.00801393728222997
OTU_203,0.289721254355401,-0.0921602787456446,-0.157317073170732,-0.345121951219512,-0.0334494773519164,0.412891986062718,-0.355052264808362,-0.0644599303135889,0.109407665505227,-0.26219512195122,-0.0782229965156795,0.390940766550523,0.137630662020906,0.270905923344948,-0.327177700348432,-0.513414634146342,0.137282229965157,-0.484843205574913,0.430487804878049,-0.226306620209059,0.271777003484321,0.0149825783972125,0.643205574912892,0.0818815331010453,0.00627177700348432,0.144599303135889,-0.128571428571429,0.512717770034843,0.153658536585366,-0.241811846689896,-0.221254355400697,0.243379790940767,0.0930313588850174,0.570557491289199,0.547560975609756,-0.0205574912891986,0.203135888501742,0.163066202090592,0.173170731707317,0.547038327526132,-0.207491289198606,-0.039198606271777,0.0621951219512195,-0.326306620209059,-0.439372822299652,0.210104529616725,0.324738675958188,0.298432055749129,-0.0956445993031359,0.186759581881533,0.00104529616724739,-0.453832752613241,0.381358885017422,-0.576132404181185,-0.0581881533101045,0.472648083623693,0.619337979094077,0.373693379790941,0.59425087108014,0.560452961672474,0.201567944250871,-0.0264808362369338,-0.439547038327526,0.145121951219512,0.310278745644599,-0.236759581881533,-0.489372822299652,0.0627177700348432,0.561324041811847,0.374738675958188,0.0214285714285714,-0.17787456445993,-0.101567944250871,0.094425087108014,-0.135017421602787,0.517421602787457,-0.244425087108014,0.0341463414634146,-0.0942508710801394,0.482752613240418,0.30418118466899,0.0101045296167247,0.496689895470383,0.619686411149826,0.283101045296167,0.709059233449478,-0.37212543554007,0.439895470383275,-0.131881533101045,-0.366376306620209,-0.406794425087108,0.0513937282229965,0.0078397212543554,0.619337979094077,-0.244250871080139,-0.262543554006969,0.598954703832753,0.595470383275261,-0.335365853658537,0.215331010452962,-0.0574912891986063,-0.569337979094077,-0.0813588850174216,0.369337979094077,-0.300348432055749,0.587804878048781,0.203135888501742,0.154355400696864,0.437630662020906,0.321602787456446,0.538675958188153,0.582229965156794,0.528222996515679,0.408536585365854,-0.297212543554007,-0.246689895470383,-0.5198606271777,0.035191637630662,0.570731707317073,0.32595818815331,-0.395644599303136,0.252961672473868,0.0874564459930314,-0.411149825783972,-0.270905923344948,-0.197038327526132,-0.143728222996516,0.530487804878049,-0.334843205574913,0.487630662020906,-0.0667247386759582,0.450174216027875,0.506271777003484,0.406271777003484,0.502787456445993,-0.117595818815331,0.12020905923345,0.0264808362369338,0.405052264808362,-0.347735191637631,0.587804878048781,-0.228222996515679,-0.174912891986063,0.458885017421603,-0.00627177700348432,-0.0503484320557491,0.381184668989547,0.413937282229965,0.276829268292683,-0.0268292682926829,-0.547212543554007,0.620034843205575,0.661149825783972,0.327003484320558,-0.464808362369338,-0.131881533101045,0.494773519163763,0.0292682926829268,-0.129442508710801,-0.38205574912892,0.443728222996516,0.458362369337979,0.558710801393728,0.462020905923345,-0.289372822299652,0.193379790940767,0.613588850174216,-0.287108013937282,-0.446864111498258,0.473519163763066,0.593205574912892,0.485191637630662,-0.48815331010453,0.240766550522648,0.41794425087108,0.394947735191638,0.484146341463415,NA,0.51602787456446,0.498257839721254,0.367595818815331,0.333797909407666,-0.499825783972126,0.322648083623693,0.378745644599303,0.370557491289199,0.229268292682927,-0.0925087108013938,0.499303135888502,0.0132404181184669,0.2198606271777,0.65993031358885,0.24616724738676,0.511846689895471,0.314982578397213,0.611149825783972,-0.102961672473868,0.27212543554007,0.42822299651568,0.113240418118467,0.156794425087108,0.0794425087108014,-0.230662020905923,0.020383275261324,0.142857142857143,0.463414634146342,0.161498257839721,0.247560975609756,0.201567944250871,0.119337979094077,0.147386759581882,0.187108013937282,0.300696864111498,0.295993031358885,0.250696864111498,-0.0181184668989547,0.234494773519164,0.107491289198606,0.266202090592335,0.189721254355401,0.371428571428571,0.200348432055749,0.243031358885017,-0.220034843205575,-0.37822299651568
OTU_204,0.0604529616724739,-0.468815331010453,0.12787456445993,-0.744599303135889,0.170034843205575,-0.172473867595819,-0.691637630662021,-0.50993031358885,0.00383275261324042,-0.699303135888502,-0.317770034843206,0.769512195121951,0.054006968641115,0.255052264808362,-0.741114982578397,-0.687804878048781,0.380662020905923,-0.523519163763066,0.00766550522648084,-0.778397212543554,0.344425087108014,-0.308536585365854,0.715331010452962,-0.351393728222997,0.369337979094077,-0.0231707317073171,-0.41184668989547,0.545296167247387,0.485714285714286,-0.435191637630662,-0.620557491289199,-0.289721254355401,-0.146864111498258,0.205052264808362,0.256794425087108,-0.610627177700349,0.108885017421603,-0.184494773519164,-0.1301393728223,0.256271777003484,0.291463414634146,-0.367073170731707,0.436062717770035,-0.805574912891986,-0.724216027874565,-0.00801393728222997,0.70418118466899,-0.0426829268292683,-0.487108013937282,-0.247386759581882,-0.249825783972125,-0.759581881533101,0.757142857142857,-0.741289198606272,-0.024390243902439,0.743379790940767,0.784320557491289,0.763937282229965,0.520557491289199,0.767421602787457,0.0827526132404181,-0.257317073170732,-0.749825783972126,-0.0902439024390244,0.552613240418119,-0.646689895470383,-0.550348432055749,-0.204006968641115,0.302787456445993,0.319512195121951,0.491114982578397,-0.462369337979094,-0.322648083623693,-0.0848432055749129,-0.62020905923345,0.314634146341463,-0.341637630662021,-0.0841463414634146,0.443728222996516,0.3698606271777,0.361672473867596,-0.110801393728223,-0.0848432055749129,0.299825783972126,0.620731707317073,0.736933797909408,-0.835191637630662,0.720034843205575,-0.310627177700349,-0.527351916376307,-0.604703832752613,-0.320034843205575,-0.442857142857143,0.672473867595819,0.062020905923345,0.0594076655052265,0.810104529616725,0.794425087108014,-0.344773519163763,-0.0233449477351916,-0.377700348432056,-0.694425087108014,-0.467770034843206,0.601219512195122,0.100522648083624,0.868989547038328,0.183449477351916,-0.0531358885017422,0.823344947735192,0.337979094076655,-0.00574912891986063,0.85418118466899,0.0114982578397213,0.401045296167247,0.154355400696864,-0.386062717770035,-0.380836236933798,-0.251219512195122,0.840766550522648,0.681184668989547,-0.402439024390244,0.316202090592335,-0.171254355400697,-0.474216027874565,-0.200522648083624,-0.322473867595819,-0.312891986062718,0.860801393728223,-0.454006968641115,0.702439024390244,0.254529616724739,0.800696864111498,0.80383275261324,0.868989547038328,0.220905923344948,0.0418118466898955,0.437979094076655,0.192682926829268,0.774390243902439,-0.648954703832753,0.693205574912892,-0.425609756097561,-0.51219512195122,0.851219512195122,-0.429094076655052,0.219337979094077,0.764285714285714,0.85801393728223,0.553310104529617,-0.160627177700348,-0.709581881533101,0.790243902439025,0.585017421602788,0.788850174216028,-0.665156794425087,-0.228397212543554,0.822648083623694,-0.129965156794425,-0.550522648083624,-0.467421602787457,0.818989547038328,0.804006968641115,0.828397212543554,-0.00696864111498258,-0.0341463414634146,0.65418118466899,0.8301393728223,-0.405923344947735,-0.444076655052265,0.815156794425087,0.768815331010453,0.849303135888502,-0.544599303135889,0.163588850174216,0.726132404181185,0.839721254355401,0.714634146341463,0.51602787456446,NA,0.150871080139373,0.807665505226481,0.762891986062718,-0.623867595818815,0.798606271777004,0.578571428571429,0.808188153310105,0.631184668989547,-0.0282229965156794,0.840592334494774,0.461149825783972,0.224912891986063,0.624216027874565,0.731184668989547,0.742508710801394,0.606794425087108,0.784146341463415,-0.185191637630662,0.255574912891986,0.767770034843206,0.550174216027875,0.576655052264809,0.418466898954704,-0.440940766550523,-0.0933797909407666,0.547735191637631,0.522996515679443,0.563414634146342,0.430836236933798,0.55418118466899,0.418466898954704,0.124564459930314,0.449825783972126,0.663763066202091,0.625435540069686,0.673170731707317,0.376306620209059,0.526480836236934,0.291114982578397,0.601393728222997,0.679268292682927,0.657491289198606,0.623693379790941,0.462543554006969,-0.398432055749129,-0.107142857142857
OTU_208,0.399651567944251,0.0970383275261324,-0.0897212543554007,0.00522648083623694,-0.363066202090592,0.547735191637631,-0.176829268292683,0.137630662020906,0.186759581881533,-0.0214285714285714,-0.135191637630662,0.164285714285714,0.0825783972125436,0.0792682926829268,-0.00226480836236934,-0.301567944250871,-0.0662020905923345,-0.351219512195122,0.309059233449477,0.241637630662021,0.0149825783972125,0.0736933797909408,0.339895470383275,0.202613240418119,-0.396515679442509,0.124216027874564,0.31411149825784,0.448606271777004,0.0928571428571429,0.120383275261324,-0.0447735191637631,0.399303135888502,0.231184668989547,0.802961672473868,0.336933797909408,0.213588850174216,0.194947735191638,0.262369337979094,0.339721254355401,0.421777003484321,-0.196341463414634,0.291811846689896,-0.131010452961672,0.0418118466898955,-0.155400696864112,0.267247386759582,0.124564459930314,0.578745644599303,-0.0893728222996516,0.504355400696864,0.0817073170731707,-0.116724738675958,0.182752613240418,-0.310975609756098,-0.0714285714285714,0.296515679442509,0.398954703832753,0.00592334494773519,0.7,0.295644599303136,0.130313588850174,0.324216027874564,0.0689895470383275,-0.0142857142857143,-0.144076655052265,0.127526132404181,-0.326655052264808,0.194250871080139,0.668292682926829,0.397212543554007,-0.29616724738676,-0.0167247386759582,-0.0560975609756098,0.131881533101045,0.227003484320558,0.691811846689896,-0.157665505226481,0.162369337979094,-0.155749128919861,0.71794425087108,0.380487804878049,0.115331010452962,0.522473867595819,0.334494773519164,-0.0437282229965157,0.364634146341464,-0.0466898954703833,0.132578397212544,0.101567944250871,-0.225609756097561,-0.211498257839721,0.18205574912892,0.320731707317073,0.381358885017422,-0.41411149825784,-0.215156794425087,0.402613240418119,0.357491289198606,-0.160975609756098,0.0318815331010453,0.147735191637631,-0.0935540069686411,0.223344947735192,0.278745644599303,-0.294425087108014,0.306794425087108,0.212369337979094,0.141289198606272,0.179965156794425,0.117770034843206,0.656620209059234,0.204529616724739,0.445818815331011,0.178222996515679,-0.226306620209059,-0.147735191637631,-0.250871080139373,0.233101045296167,0.220557491289199,0.140592334494774,-0.410975609756098,0.0982578397212544,0.355574912891986,-0.429965156794425,-0.0439024390243902,0.0405923344947735,0.184494773519164,0.292857142857143,0.0574912891986063,0.332926829268293,-0.0576655052264808,0.0355400696864112,0.380313588850174,0.113240418118467,0.267595818815331,-0.19006968641115,-0.157665505226481,0.254006968641115,0.19006968641115,0.00905923344947735,0.499128919860627,0.1698606271777,0.238850174216028,0.130313588850174,-0.0266550522648084,0.0700348432055749,0.00888501742160279,0.152613240418118,-0.0285714285714286,0.316724738675958,-0.230313588850174,0.305923344947735,0.638501742160279,0.00871080139372822,-0.159756097560976,0.14616724738676,0.177351916376307,0.189198606271777,0.119686411149826,-0.169163763066202,0.149128919860627,0.0918118466898955,0.322473867595819,0.33588850174216,-0.169512195121951,-0.220905923344948,0.213240418118467,-0.147212543554007,-0.279268292682927,0.0219512195121951,0.329268292682927,0.212543554006969,-0.194425087108014,-0.148606271777004,0.195296167247387,0.0329268292682927,0.367595818815331,0.498257839721254,0.150871080139373,NA,0.0888501742160279,-0.0862369337979094,-0.256620209059233,0.0486062717770035,0.0597560975609756,0.113414634146341,0.0905923344947735,-0.110801393728223,0.237282229965157,-0.198954703832753,0.22595818815331,0.418815331010453,-0.0963414634146342,0.321602787456446,-0.0290940766550523,0.372996515679443,0.0254355400696864,0.297212543554007,0.00313588850174216,-0.229442508710801,-0.120383275261324,-0.00853658536585366,-0.0564459930313589,-0.0609756097560976,-0.0526132404181185,0.155226480836237,-0.179965156794425,0.0329268292682927,0.131010452961672,0.0235191637630662,-0.04198606271777,-0.0925087108013938,-0.122996515679443,0.153135888501742,0.0691637630662021,-0.186585365853659,-0.0787456445993032,0.0649825783972126,0.0979094076655053,-0.0219512195121951,0.29390243902439,0.00627177700348432,0.311672473867596,0.020383275261324,-0.312717770034843
OTU_209,0.0806620209059234,-0.525435540069687,0.166898954703833,-0.726132404181185,0.14808362369338,-0.252961672473868,-0.744947735191638,-0.579268292682927,-0.062020905923345,-0.739895470383275,-0.345470383275261,0.839721254355401,0.0630662020905924,0.223519163763066,-0.82595818815331,-0.75,0.327700348432056,-0.48815331010453,-0.0308362369337979,-0.781358885017422,0.230662020905923,-0.269512195121951,0.759407665505227,-0.337282229965157,0.366376306620209,-0.0193379790940767,-0.397212543554007,0.544773519163763,0.688327526132404,-0.375087108013937,-0.673344947735192,-0.37212543554007,-0.154703832752613,0.183449477351916,0.20383275261324,-0.633101045296167,0.0681184668989547,-0.136933797909408,-0.308710801393728,0.286585365853659,0.473170731707317,-0.481358885017422,0.336236933797909,-0.797560975609756,-0.709059233449478,0.0994773519163763,0.782752613240418,-0.0923344947735192,-0.446515679442509,-0.273693379790941,-0.462891986062718,-0.703135888501742,0.820383275261324,-0.730836236933798,0.0442508710801394,0.690766550522648,0.812543554006969,0.761846689895471,0.501219512195122,0.684320557491289,0.124738675958188,-0.236933797909408,-0.695644599303136,-0.260104529616725,0.511149825783972,-0.607839721254355,-0.572822299651568,-0.240418118466899,0.175783972125436,0.17404181184669,0.497212543554007,-0.433449477351916,-0.444773519163763,-0.0524390243902439,-0.588675958188153,0.245296167247387,-0.267770034843206,0.0425087108013937,0.378048780487805,0.383101045296167,0.320905923344948,-0.0794425087108014,-0.208188153310105,0.161498257839721,0.73623693379791,0.747560975609756,-0.809756097560976,0.662717770034843,-0.146689895470383,-0.56184668989547,-0.565156794425087,-0.295470383275261,-0.363414634146342,0.705923344947735,0.0987804878048781,-0.101567944250871,0.790592334494774,0.850871080139373,-0.298954703832753,-0.0581881533101045,-0.255574912891986,-0.714808362369338,-0.357839721254355,0.522822299651568,0.079616724738676,0.797386759581882,0.0621951219512195,-0.197909407665505,0.799825783972126,0.366724738675958,-0.131881533101045,0.836759581881533,-0.0452961672473868,0.421254355400697,0.320731707317073,-0.375783972125436,-0.265331010452962,-0.121428571428571,0.774390243902439,0.80993031358885,-0.329442508710801,0.290592334494774,-0.327177700348432,-0.472299651567944,-0.083623693379791,-0.398257839721254,-0.252613240418119,0.874564459930314,-0.445993031358885,0.780836236933798,0.216898954703833,0.833275261324042,0.789024390243903,0.823693379790941,0.129268292682927,-0.0362369337979094,0.411672473867596,0.217595818815331,0.847212543554007,-0.636759581881533,0.617421602787457,-0.419512195121951,-0.592334494773519,0.849825783972126,-0.389721254355401,0.127003484320558,0.801393728222997,0.818815331010453,0.536759581881533,-0.269163763066202,-0.71602787456446,0.736062717770035,0.54808362369338,0.718815331010453,-0.722299651567944,-0.302613240418118,0.84390243902439,-0.216202090592335,-0.584668989547038,-0.543554006968641,0.861672473867596,0.848432055749129,0.820034843205575,-0.0439024390243902,-0.00348432055749129,0.707317073170732,0.851045296167248,-0.515156794425087,-0.328919860627178,0.827177700348432,0.779965156794425,0.831881533101046,-0.539372822299652,0.255749128919861,0.676829268292683,0.830313588850174,0.690940766550523,0.367595818815331,0.807665505226481,0.0888501742160279,NA,0.829965156794425,-0.641114982578397,0.839198606271777,0.593379790940767,0.850174216027875,0.774564459930314,-0.0557491289198606,0.838501742160279,0.572299651567944,0.150696864111498,0.564634146341464,0.881533101045296,0.813240418118467,0.579094076655052,0.767421602787457,-0.0973867595818815,0.268118466898955,0.84390243902439,0.635365853658537,0.618292682926829,0.592160278745645,-0.282578397212544,-0.231533101045296,0.560278745644599,0.510104529616725,0.607839721254355,0.376829268292683,0.506271777003484,0.322473867595819,0.0172473867595819,0.351742160278746,0.665156794425087,0.719337979094077,0.819512195121951,0.530313588850174,0.606445993031359,0.38397212543554,0.689895470383275,0.76794425087108,0.625783972125436,0.682578397212544,0.38397212543554,-0.403484320557491,-0.212020905923345
OTU_210,0.0277003484320558,-0.514459930313589,0.102613240418118,-0.668641114982578,0.264285714285714,-0.28397212543554,-0.631010452961673,-0.537979094076655,-0.000696864111498258,-0.652961672473868,-0.291637630662021,0.767421602787457,-0.0566202090592335,0.252787456445993,-0.726829268292683,-0.709233449477352,0.310278745644599,-0.48623693379791,-0.0621951219512195,-0.75993031358885,0.321951219512195,-0.185191637630662,0.70993031358885,-0.330313588850174,0.464634146341463,-0.0681184668989547,-0.571951219512195,0.433275261324042,0.574564459930314,-0.406620209059234,-0.632578397212544,-0.424216027874565,-0.31411149825784,0.0576655052264808,0.194773519163763,-0.650174216027875,0.0954703832752613,-0.179965156794425,-0.334146341463415,0.264459930313589,0.442334494773519,-0.544599303135889,0.310801393728223,-0.799477351916376,-0.677700348432056,0.024390243902439,0.713066202090592,-0.281358885017422,-0.436411149825784,-0.377351916376307,-0.464459930313589,-0.67020905923345,0.757839721254356,-0.637456445993031,0.0388501742160279,0.615156794425087,0.700696864111498,0.716376306620209,0.342334494773519,0.675087108013937,0.0621951219512195,-0.212543554006969,-0.766202090592335,-0.249477351916376,0.536236933797909,-0.641811846689896,-0.451567944250871,-0.245121951219512,0.102090592334495,0.189198606271777,0.61794425087108,-0.46219512195122,-0.367073170731707,-0.0951219512195122,-0.624738675958188,0.079616724738676,-0.282404181184669,-0.00853658536585366,0.413588850174216,0.186411149825784,0.240940766550523,-0.120034843205575,-0.32212543554007,0.0602787456445993,0.686759581881533,0.687282229965157,-0.746864111498258,0.61794425087108,-0.283449477351916,-0.572648083623693,-0.554529616724739,-0.305923344947735,-0.483275261324042,0.678745644599303,0.25383275261324,-0.0207317073170732,0.664459930313589,0.756968641114983,-0.375783972125436,-0.0844947735191638,-0.291463414634146,-0.652787456445993,-0.483449477351916,0.460104529616725,0.0773519163763066,0.72787456445993,-0.0367595818815331,-0.0937282229965157,0.754878048780488,0.477351916376307,-0.184494773519164,0.829616724738676,-0.0872822299651568,0.413937282229965,0.250696864111498,-0.348432055749129,-0.355052264808362,-0.196515679442509,0.769163763066202,0.673170731707317,-0.271080139372822,0.292160278745645,-0.284668989547038,-0.369163763066202,-0.175087108013937,-0.337282229965157,-0.380836236933798,0.799303135888502,-0.532404181184669,0.674390243902439,0.131881533101045,0.789895470383275,0.734843205574913,0.812717770034843,-0.0378048780487805,0.0388501742160279,0.441811846689896,-0.0226480836236934,0.791463414634146,-0.686759581881533,0.502961672473868,-0.554703832752613,-0.625087108013937,0.80418118466899,-0.326829268292683,0.106271777003484,0.732926829268293,0.85191637630662,0.516550522648084,-0.320383275261324,-0.643031358885018,0.678048780487805,0.429790940766551,0.698257839721255,-0.657142857142857,-0.274390243902439,0.788850174216028,-0.297909407665505,-0.650522648083624,-0.442857142857143,0.787630662020906,0.783101045296167,0.752439024390244,-0.115505226480836,0.083623693379791,0.731358885017422,0.739024390243903,-0.451219512195122,-0.36219512195122,0.817073170731707,0.638501742160279,0.725435540069686,-0.624390243902439,0.332578397212544,0.629094076655052,0.742682926829269,0.576306620209059,0.333797909407666,0.762891986062718,-0.0862369337979094,0.829965156794425,NA,-0.597735191637631,0.765853658536586,0.594076655052265,0.835714285714286,0.667770034843206,-0.0541811846689896,0.737630662020906,0.64425087108014,0.0332752613240418,0.524564459930314,0.76219512195122,0.653832752613241,0.6,0.705574912891986,-0.0712543554006969,0.14390243902439,0.794773519163763,0.665679442508711,0.534843205574913,0.505574912891986,-0.324216027874564,-0.10383275261324,0.555923344947735,0.564459930313589,0.6301393728223,0.358885017421603,0.522473867595819,0.321777003484321,0.0271777003484321,0.396341463414634,0.737108013937282,0.69808362369338,0.696515679442509,0.533275261324042,0.663588850174216,0.364808362369338,0.696864111498258,0.715331010452962,0.636062717770035,0.723344947735192,0.298954703832753,-0.456620209059234,-0.0653310104529617
OTU_211,-0.340766550522648,0.492160278745645,-0.154529616724739,0.71411149825784,0.00156794425087108,0.118989547038328,0.622996515679443,0.460278745644599,0.0236933797909408,0.552264808362369,0.24808362369338,-0.717770034843206,-0.141289198606272,-0.150871080139373,0.627351916376307,0.674390243902439,-0.292334494773519,0.45801393728223,-0.138327526132404,0.513588850174216,-0.097212543554007,0.172822299651568,-0.708885017421603,0.174564459930314,0.0538327526132404,0.31219512195122,0.367770034843206,-0.434494773519164,-0.508362369337979,0.323867595818815,0.471602787456446,0.220557491289199,0.0186411149825784,-0.408188153310105,-0.42404181184669,0.414459930313589,-0.1,0.127177700348432,-0.00400696864111498,-0.477526132404181,-0.342682926829268,0.259581881533101,-0.102264808362369,0.72595818815331,0.607317073170732,-0.166376306620209,-0.554355400696864,-0.0696864111498258,0.359233449477352,0.0834494773519164,0.386062717770035,0.571602787456446,-0.627351916376307,0.69198606271777,-0.0637630662020906,-0.494076655052265,-0.73588850174216,-0.556271777003484,-0.557839721254355,-0.534843205574913,0.101567944250871,0.00871080139372822,0.621080139372822,0.330313588850174,-0.285191637630662,0.571428571428572,0.453484320557491,0.157491289198606,-0.323344947735192,-0.175087108013937,-0.577177700348432,0.380836236933798,0.275087108013937,-0.0494773519163763,0.342682926829268,-0.355226480836237,0.378048780487805,0.160975609756098,-0.299477351916376,-0.479268292682927,-0.304878048780488,0.043205574912892,0.0656794425087108,-0.316550522648084,-0.534668989547038,-0.687630662020906,0.700871080139373,-0.58205574912892,0.0677700348432056,0.568466898954704,0.536933797909408,0.128048780487805,0.383275261324042,-0.697386759581882,-0.189895470383275,0.194773519163763,-0.662543554006969,-0.746864111498258,0.449825783972126,-0.0583623693379791,0.227177700348432,0.601567944250871,0.143031358885017,-0.298432055749129,0.0595818815331011,-0.614982578397213,-0.0681184668989547,0.00470383275261324,-0.662543554006969,-0.512543554006969,-0.186933797909408,-0.722648083623694,-0.246515679442509,-0.290418118466899,-0.0958188153310105,0.294250871080139,0.351219512195122,0.303135888501742,-0.597212543554007,-0.60418118466899,0.545296167247387,-0.244076655052265,0.112891986062718,0.397909407665505,0.108362369337979,0.418292682926829,0.361672473867596,-0.653832752613241,0.555923344947735,-0.683101045296167,-0.278222996515679,-0.593728222996516,-0.679094076655052,-0.632752613240418,-0.23588850174216,0.172648083623693,-0.450174216027875,0.00958188153310105,-0.707839721254356,0.586411149825784,-0.658885017421603,0.459756097560976,0.579965156794425,-0.715853658536585,0.313414634146342,0.060801393728223,-0.625435540069686,-0.613588850174216,-0.324912891986063,0.32212543554007,0.626306620209059,-0.731881533101046,-0.599128919860627,-0.544425087108014,0.662020905923345,0.276655052264808,-0.699477351916376,0.416202090592335,0.409581881533101,0.567073170731707,-0.681358885017422,-0.622299651567944,-0.702439024390244,-0.139024390243902,0.020383275261324,-0.498954703832753,-0.672648083623694,0.492857142857143,0.232752613240418,-0.6698606271777,-0.663066202090593,-0.672996515679443,0.638850174216028,-0.0407665505226481,-0.417421602787456,-0.633101045296167,-0.509407665505227,-0.499825783972126,-0.623867595818815,-0.256620209059233,-0.641114982578397,-0.597735191637631,NA,-0.551393728222997,-0.547560975609756,-0.640592334494774,-0.470557491289199,0.0602787456445993,-0.680836236933798,-0.415331010452962,-0.114634146341463,-0.661149825783972,-0.473170731707317,-0.585365853658537,-0.371602787456446,-0.673693379790941,0.164808362369338,-0.408885017421603,-0.546689895470383,-0.506968641114983,-0.423693379790941,-0.378571428571429,0.351393728222997,0.167073170731707,-0.316724738675958,-0.665679442508711,-0.371254355400697,-0.299651567944251,-0.403135888501742,-0.00365853658536585,0.0663763066202091,-0.12787456445993,-0.485191637630662,-0.441637630662021,-0.536236933797909,-0.2301393728223,-0.194947735191638,-0.396864111498258,-0.516550522648084,-0.484146341463415,-0.462717770034843,-0.432578397212544,-0.192857142857143,0.458885017421603,0.0994773519163763
OTU_212,-0.0217770034843206,-0.625087108013937,0.263240418118467,-0.712020905923345,0.199303135888502,-0.34198606271777,-0.691289198606272,-0.636759581881533,-0.136759581881533,-0.779965156794425,-0.323344947735192,0.821080139372823,0.0306620209059234,0.156445993031359,-0.791463414634146,-0.7301393728223,0.482578397212544,-0.417073170731707,-0.203310104529617,-0.806271777003485,0.344076655052265,-0.395296167247387,0.663937282229965,-0.59425087108014,0.533623693379791,0.0128919860627178,-0.490766550522648,0.490766550522648,0.513937282229965,-0.445993031358885,-0.765853658536586,-0.469686411149826,-0.277003484320558,0.0785714285714286,0.0236933797909408,-0.767073170731707,-0.0834494773519164,-0.307665505226481,-0.20801393728223,0.0627177700348432,0.466898954703833,-0.368118466898955,0.570731707317073,-0.732578397212544,-0.73815331010453,-0.167247386759582,0.773867595818815,-0.135365853658537,-0.608536585365854,-0.427177700348432,-0.428397212543554,-0.7198606271777,0.763937282229965,-0.732752613240418,-0.22787456445993,0.768989547038328,0.681533101045296,0.860278745644599,0.436933797909408,0.716898954703833,-0.0228222996515679,-0.40801393728223,-0.706271777003484,-0.0137630662020906,0.481184668989547,-0.651742160278746,-0.570383275261324,-0.397909407665505,0.210452961672474,0.179616724738676,0.506968641114983,-0.59425087108014,-0.236411149825784,-0.203484320557491,-0.670034843205575,0.121080139372822,-0.331533101045296,-0.126306620209059,0.294425087108014,0.256445993031359,0.200174216027875,-0.259407665505227,-0.307665505226481,0.0759581881533101,0.624738675958188,0.660975609756098,-0.872996515679443,0.742160278745645,-0.475783972125436,-0.560104529616725,-0.621602787456446,-0.547386759581882,-0.521428571428572,0.642682926829268,0.128048780487805,0.231358885017422,0.801393728222997,0.750871080139373,-0.458710801393728,-0.170557491289199,-0.439721254355401,-0.669686411149826,-0.504878048780488,0.510452961672474,0.244250871080139,0.787456445993032,0.253658536585366,-0.138675958188153,0.836759581881533,0.232404181184669,-0.186585365853659,0.797038327526133,-0.230487804878049,0.368466898954704,0.399651567944251,-0.331707317073171,-0.264285714285714,-0.303484320557491,0.831707317073171,0.771080139372822,-0.1801393728223,0.489895470383275,-0.137456445993031,-0.560452961672474,-0.141637630662021,-0.185714285714286,-0.31184668989547,0.805052264808363,-0.498257839721254,0.687804878048781,0.155574912891986,0.824390243902439,0.724912891986063,0.843728222996516,-0.00487804878048781,0.233101045296167,0.424564459930314,0.251567944250871,0.840592334494774,-0.603310104529617,0.594599303135889,-0.442160278745645,-0.562543554006969,0.790766550522648,-0.521602787456446,0.35418118466899,0.822996515679443,0.80801393728223,0.494947735191638,-0.198257839721254,-0.683449477351917,0.728397212543554,0.470557491289199,0.834494773519164,-0.540592334494774,-0.399128919860627,0.884494773519164,-0.185191637630662,-0.669337979094077,-0.490418118466899,0.830836236933798,0.74808362369338,0.696864111498258,-0.205226480836237,0.110452961672474,0.655749128919861,0.831707317073171,-0.336759581881533,-0.262891986062718,0.80993031358885,0.676132404181185,0.848954703832753,-0.47595818815331,0.263240418118467,0.739721254355401,0.788675958188153,0.622473867595819,0.322648083623693,0.798606271777004,0.0486062717770035,0.839198606271777,0.765853658536586,-0.551393728222997,NA,0.521254355400697,0.838675958188153,0.734320557491289,0.0757839721254356,0.729616724738676,0.649651567944251,0.24198606271777,0.52787456445993,0.808710801393728,0.663763066202091,0.533101045296167,0.663588850174216,-0.264982578397213,0.193205574912892,0.839547038327526,0.541289198606272,0.539721254355401,0.67404181184669,-0.391637630662021,-0.15993031358885,0.566376306620209,0.412020905923345,0.651045296167247,0.399825783972126,0.558885017421603,0.206794425087108,0.170383275261324,0.537979094076655,0.752613240418119,0.755749128919861,0.733797909407666,0.493379790940767,0.599651567944251,0.339198606271777,0.729965156794425,0.709233449477352,0.664634146341464,0.645121951219512,0.528571428571429,-0.186759581881533,-0.156271777003484
OTU_213,0.115853658536585,-0.250871080139373,-0.0928571428571429,-0.328397212543554,-0.104006968641115,-0.21794425087108,-0.692682926829268,-0.206794425087108,0.421602787456446,-0.278048780487805,-0.746689895470383,0.569512195121951,0.168641114982578,-0.192160278745645,-0.457839721254356,-0.662717770034843,-0.14198606271777,-0.746341463414634,-0.276132404181185,-0.35993031358885,0.0196864111498258,0.0700348432055749,0.542857142857143,-0.156620209059233,0.133101045296167,0.128397212543554,-0.213937282229965,0.555226480836237,0.741811846689896,0.115156794425087,-0.727526132404181,-0.242160278745645,-0.163066202090592,0.216898954703833,0.177526132404181,-0.39198606271777,0.455749128919861,0.24390243902439,-0.032404181184669,0.188675958188153,0.656620209059234,-0.374216027874565,-0.0750871080139373,-0.572473867595819,-0.584320557491289,0.123170731707317,0.698432055749129,-0.0792682926829268,-0.095993031358885,0.0358885017421603,-0.755749128919861,-0.509407665505227,0.748954703832753,-0.425783972125436,0.412020905923345,0.71602787456446,0.684320557491289,0.476829268292683,0.452961672473868,0.772996515679443,0.0698606271777004,0.0109756097560976,-0.429965156794425,-0.327526132404181,0.38205574912892,-0.219163763066202,-0.0618466898954704,0.230662020905923,0.313240418118467,0.562369337979094,0.536411149825784,-0.100696864111498,-0.641637630662021,-0.502264808362369,-0.349477351916376,0.160975609756098,-0.193728222996516,0.313937282229965,0.361498257839721,0.357142857142857,0.322648083623693,0.203658536585366,-0.290243902439024,0.340766550522648,0.688501742160279,0.457665505226481,-0.598606271777004,0.32595818815331,-0.0493031358885018,-0.267595818815331,-0.56411149825784,-0.407665505226481,-0.0639372822299652,0.559233449477352,-0.0139372822299652,0.0116724738675958,0.57822299651568,0.704703832752613,-0.32404181184669,-0.39581881533101,-0.425783972125436,-0.37787456445993,-0.14006968641115,0.397909407665505,-0.31184668989547,0.633101045296167,-0.174390243902439,-0.165156794425087,0.585540069686411,0.230487804878049,0.00627177700348432,0.749303135888502,-0.17020905923345,-0.00365853658536585,0.427526132404181,-0.730313588850174,-0.0691637630662021,0.122996515679443,0.651219512195122,0.647735191637631,-0.45191637630662,0.0912891986062718,-0.493728222996516,-0.00871080139372822,0.227003484320558,-0.102264808362369,0.00749128919860627,0.678919860627178,-0.0768292682926829,0.684320557491289,0.16184668989547,0.670731707317073,0.681358885017422,0.617770034843206,-0.217421602787456,-0.145121951219512,0.139198606271777,-0.0949477351916377,0.710104529616725,-0.57020905923345,0.318118466898955,-0.0398954703832753,-0.151219512195122,0.59616724738676,-0.142508710801394,0.000522648083623693,0.691463414634146,0.548432055749129,0.325609756097561,-0.514285714285714,-0.326132404181185,0.474216027874565,0.500348432055749,0.454878048780488,-0.456271777003484,0.0538327526132404,0.643205574912892,-0.0167247386759582,-0.272648083623693,-0.368466898954704,0.644076655052265,0.645644599303136,0.664982578397213,-0.263240418118467,-0.0195121951219512,0.506271777003484,0.586933797909408,-0.487979094076655,-0.322473867595819,0.695993031358885,0.541637630662021,0.607839721254355,-0.614285714285714,0.138850174216028,0.393205574912892,0.582229965156794,0.55418118466899,0.378745644599303,0.578571428571429,0.0597560975609756,0.593379790940767,0.594076655052265,-0.547560975609756,0.521254355400697,NA,0.623344947735192,0.592160278745645,0.408710801393728,0.531533101045296,0.680836236933798,-0.040418118466899,0.310975609756098,0.584146341463415,0.425783972125436,0.672996515679443,0.496689895470383,0.0771777003484321,-0.125783972125436,0.511498257839721,0.432229965156795,0.473344947735192,0.540418118466899,-0.263066202090592,-0.13780487804878,0.352090592334495,0.224390243902439,0.543554006968641,-0.0616724738675958,0.0536585365853659,0.447909407665505,-0.0834494773519164,0.433101045296167,0.567073170731707,0.556271777003484,0.575783972125436,0.387979094076655,0.480836236933798,0.56219512195122,0.62212543554007,0.520731707317073,0.540243902439025,0.552961672473868,0.118989547038328,-0.265679442508711,-0.0797909407665505
OTU_214,-0.097212543554007,-0.466724738675958,0.153310104529617,-0.725783972125436,0.213240418118467,-0.335365853658537,-0.78623693379791,-0.539372822299652,0.0127177700348432,-0.738501742160279,-0.324912891986063,0.807839721254356,0.220731707317073,0.0489547038327526,-0.834494773519164,-0.784146341463415,0.337979094076655,-0.510278745644599,-0.0963414634146342,-0.783797909407666,0.144250871080139,-0.238327526132404,0.739372822299652,-0.409756097560976,0.444425087108014,0.00627177700348432,-0.47404181184669,0.564634146341464,0.709407665505227,-0.323170731707317,-0.709756097560976,-0.398780487804878,-0.0461672473867596,0.148257839721254,0.141289198606272,-0.716898954703833,0.0588850174216028,-0.0787456445993032,-0.286759581881533,0.2301393728223,0.467073170731707,-0.537108013937282,0.333449477351916,-0.763763066202091,-0.791463414634146,0.0327526132404181,0.869512195121951,-0.142857142857143,-0.458188153310105,-0.267073170731707,-0.515331010452962,-0.809059233449477,0.891811846689896,-0.800174216027875,-0.0177700348432056,0.753658536585366,0.767770034843206,0.826480836236934,0.47787456445993,0.744425087108014,0.00627177700348432,-0.230487804878049,-0.760104529616725,-0.206968641114983,0.529616724738676,-0.541811846689896,-0.571777003484321,-0.153135888501742,0.269512195121951,0.279965156794425,0.519686411149826,-0.389024390243903,-0.393728222996516,-0.110104529616725,-0.675783972125436,0.157142857142857,-0.384843205574913,-0.00766550522648084,0.427700348432056,0.354355400696864,0.258188153310105,-0.0470383275261324,-0.340592334494774,0.163066202090592,0.833623693379791,0.72787456445993,-0.769337979094077,0.776132404181185,-0.362020905923345,-0.462020905923345,-0.657491289198606,-0.468989547038328,-0.41602787456446,0.702787456445993,0.137456445993031,0.0874564459930314,0.827351916376307,0.840243902439025,-0.42822299651568,-0.0346689895470383,-0.386759581881533,-0.736585365853659,-0.283101045296167,0.531881533101045,0.0890243902439025,0.801045296167248,0.184843205574913,-0.301567944250871,0.804703832752613,0.384320557491289,-0.0806620209059234,0.886585365853659,-0.0933797909407666,0.34006968641115,0.335714285714286,-0.484668989547038,-0.317595818815331,-0.183449477351916,0.762369337979094,0.851219512195122,-0.41411149825784,0.455400696864112,-0.340592334494774,-0.503310104529617,0.0273519163763066,-0.254529616724739,-0.273170731707317,0.837108013937282,-0.418989547038328,0.832578397212544,0.352961672473868,0.849477351916377,0.809059233449477,0.830313588850174,0.0545296167247387,0.114285714285714,0.394773519163763,0.286062717770035,0.903658536585366,-0.71219512195122,0.621428571428572,-0.386062717770035,-0.547909407665505,0.803135888501742,-0.486759581881533,0.291289198606272,0.80609756097561,0.825261324041812,0.549651567944251,-0.332404181184669,-0.668815331010453,0.7198606271777,0.506794425087108,0.779790940766551,-0.70191637630662,-0.242334494773519,0.875261324041812,-0.113763066202091,-0.552090592334495,-0.614808362369338,0.864634146341464,0.853832752613241,0.781881533101045,-0.128397212543554,0.0414634146341464,0.707491289198606,0.809233449477352,-0.52595818815331,-0.362020905923345,0.849477351916377,0.731184668989547,0.839372822299652,-0.58588850174216,0.282752613240418,0.738501742160279,0.82822299651568,0.671254355400697,0.370557491289199,0.808188153310105,0.113414634146341,0.850174216027875,0.835714285714286,-0.640592334494774,0.838675958188153,0.623344947735192,NA,0.833797909407666,0.05801393728223,0.740418118466899,0.5801393728223,0.283449477351916,0.558885017421603,0.80801393728223,0.702787456445993,0.613588850174216,0.684320557491289,-0.0224738675958188,0.133623693379791,0.795993031358885,0.65801393728223,0.698954703832753,0.673170731707317,-0.263588850174216,-0.0498257839721254,0.650522648083624,0.47404181184669,0.54390243902439,0.372473867595819,0.560104529616725,0.297560975609756,0.0714285714285714,0.448780487804878,0.689721254355401,0.694773519163763,0.752090592334495,0.558536585365854,0.636585365853659,0.399825783972126,0.622822299651568,0.725435540069686,0.632578397212544,0.730836236933798,0.281881533101045,-0.312020905923345,-0.259407665505227
OTU_219,-0.0890243902439025,-0.399651567944251,0.21602787456446,-0.59425087108014,0.0179442508710801,-0.378745644599303,-0.805052264808363,-0.506794425087108,0.0883275261324042,-0.707317073170732,-0.39006968641115,0.736933797909408,0.329616724738676,-0.124564459930314,-0.80191637630662,-0.74808362369338,0.288675958188153,-0.424564459930314,-0.244425087108014,-0.655400696864112,-0.086411149825784,-0.17595818815331,0.588501742160279,-0.404006968641115,0.337804878048781,0.0299651567944251,-0.3198606271777,0.499303135888502,0.803658536585366,-0.135017421602787,-0.73815331010453,-0.45418118466899,0.0886759581881533,0.125435540069686,-0.124738675958188,-0.700522648083624,0.0958188153310105,0.0526132404181185,-0.313588850174216,0.0484320557491289,0.611672473867596,-0.406968641114983,0.289721254355401,-0.596341463414634,-0.718641114982579,0.0163763066202091,0.908710801393728,-0.0642857142857143,-0.442857142857143,-0.236411149825784,-0.635017421602788,-0.674738675958188,0.878919860627178,-0.704355400696864,-0.117073170731707,0.720034843205575,0.653658536585366,0.787108013937282,0.409233449477352,0.66602787456446,-0.0928571428571429,-0.154703832752613,-0.545121951219512,-0.274390243902439,0.365853658536585,-0.338675958188153,-0.540766550522648,-0.064808362369338,0.249128919860627,0.205574912891986,0.369512195121951,-0.278397212543554,-0.410627177700349,-0.148432055749129,-0.569686411149826,0.12020905923345,-0.294599303135889,0.187108013937282,0.350522648083624,0.322822299651568,0.128397212543554,0.0315331010452962,-0.443728222996516,0.149128919860627,0.807665505226481,0.514459930313589,-0.662717770034843,0.674216027874565,-0.289372822299652,-0.324216027874564,-0.578745644599303,-0.534320557491289,-0.219337979094077,0.539372822299652,-0.000174216027874565,0.190940766550523,0.746689895470383,0.712369337979094,-0.384146341463415,-0.163066202090592,-0.386585365853659,-0.534320557491289,-0.101219512195122,0.495296167247387,0.144773519163763,0.723867595818815,0.224390243902439,-0.442508710801394,0.671428571428571,0.176132404181185,-0.138850174216028,0.723170731707317,-0.269512195121951,0.183797909407666,0.558362369337979,-0.541114982578397,-0.0158536585365854,0.0270034843205575,0.683623693379791,0.886062717770035,-0.333623693379791,0.372822299651568,-0.36184668989547,-0.486585365853659,0.310975609756098,-0.0686411149825784,-0.0198606271777004,0.75993031358885,-0.220731707317073,0.800696864111498,0.425609756097561,0.806620209059234,0.694250871080139,0.747386759581882,-0.0632404181184669,0.203310104529617,0.22787456445993,0.49006968641115,0.825087108013937,-0.550174216027875,0.462369337979094,-0.145644599303136,-0.350348432055749,0.631010452961673,-0.549477351916376,0.398606271777004,0.771254355400697,0.742682926829269,0.527003484320558,-0.314285714285714,-0.544773519163763,0.498257839721254,0.422822299651568,0.723344947735192,-0.604006968641115,-0.0850174216027875,0.760278745644599,0.0350174216027875,-0.527351916376307,-0.595993031358885,0.706445993031359,0.745470383275261,0.68815331010453,-0.20801393728223,0.0993031358885018,0.705400696864112,0.674738675958188,-0.544599303135889,-0.292160278745645,0.623519163763066,0.577003484320558,0.761498257839721,-0.435540069686411,0.402961672473868,0.679965156794425,0.675261324041812,0.612717770034843,0.229268292682927,0.631184668989547,0.0905923344947735,0.774564459930314,0.667770034843206,-0.470557491289199,0.734320557491289,0.592160278745645,0.833797909407666,NA,0.149825783972125,0.60191637630662,0.511324041811847,0.323693379790941,0.421777003484321,0.70191637630662,0.547735191637631,0.492857142857143,0.524390243902439,0.0740418118466899,0.0662020905923345,0.674564459930314,0.541289198606272,0.661149825783972,0.816202090592335,-0.100871080139373,-0.0961672473867596,0.608710801393728,0.283275261324042,0.424564459930314,0.464634146341463,0.56219512195122,0.34616724738676,0.00261324041811847,0.479442508710801,0.66794425087108,0.603484320557491,0.754703832752613,0.468641114982578,0.480487804878049,0.353135888501742,0.605052264808362,0.696864111498258,0.578919860627178,0.62787456445993,0.160104529616725,-0.175261324041812,-0.344599303135889
OTU_220,-0.435714285714286,0.210627177700348,-0.220034843205575,0.125261324041812,0.14616724738676,-0.274390243902439,-0.152613240418118,0.206968641114983,0.381707317073171,0.145993031358885,-0.359233449477352,-0.102439024390244,0.417421602787456,-0.711846689895471,0.108710801393728,-0.0421602787456446,-0.333797909407666,-0.32822299651568,-0.648432055749129,0.105400696864112,-0.225783972125436,-0.154703832752613,-0.204878048780488,-0.255400696864112,0.178222996515679,0.294425087108014,-0.0815331010452962,0.062020905923345,0.269686411149826,0.30609756097561,-0.296341463414634,0.0222996515679443,-0.00696864111498258,-0.139895470383275,-0.0400696864111498,-0.0885017421602788,0.289721254355401,0.0965156794425087,0.239372822299652,-0.450348432055749,0.392857142857143,-0.236062717770035,-0.0447735191637631,0.215679442508711,-0.238327526132404,-0.42212543554007,0.239721254355401,-0.218641114982578,0.062020905923345,0.289372822299652,-0.484843205574913,-0.22020905923345,0.186759581881533,-0.0210801393728223,0.188850174216028,0.306968641114983,0.0721254355400697,0.109407665505227,0.102090592334495,0.333275261324042,-0.12595818815331,-0.240418118466899,-0.028397212543554,0.251219512195122,0.140418118466899,0.213066202090592,0.243205574912892,0.223867595818815,0.34808362369338,0.549651567944251,0.0545296167247387,0.216724738675958,-0.193728222996516,-0.416550522648084,-0.175435540069686,-0.330662020905923,-0.280662020905923,0.0360627177700348,0.0858885017421603,-0.0202090592334495,-0.188850174216028,0.199651567944251,-0.202264808362369,0.0271777003484321,0.246864111498258,-0.253310104529617,-0.00714285714285714,0.00888501742160279,-0.311324041811847,0.413414634146342,-0.191114982578397,-0.505400696864112,0.0613240418118467,-0.0857142857142857,-0.093205574912892,0.396515679442509,0.0609756097560976,-0.00191637630662021,-0.264634146341463,-0.312891986062718,-0.57020905923345,0.101045296167247,0.116202090592335,0.0529616724738676,-0.0588850174216028,0.0475609756097561,0.22020905923345,-0.177003484320558,0.00261324041811847,-0.342160278745645,0.0029616724738676,0.114285714285714,-0.452264808362369,-0.565331010452962,0.466202090592335,-0.563937282229965,0.242508710801394,0.0306620209059234,0.104006968641115,0.158362369337979,-0.39581881533101,0.288327526132404,-0.489547038327526,0.144425087108014,0.523344947735192,0.518118466898955,0.373867595818815,0.00958188153310105,0.365505226480836,0.156620209059233,0.190243902439024,0.114982578397213,0.0362369337979094,0.0689895470383275,-0.43815331010453,0.273693379790941,-0.151742160278746,0.0655052264808362,0.120383275261324,-0.142334494773519,-0.267421602787457,0.323867595818815,0.374912891986063,0.00121951219512195,-0.0642857142857143,0.218641114982578,0.157491289198606,-0.086411149825784,0.14198606271777,-0.242682926829268,0.127526132404181,-0.160627177700348,-0.152961672473868,0.114459930313589,0.215156794425087,0.296864111498258,0.142334494773519,0.430836236933798,-0.0362369337979094,0.0597560975609756,0.0482578397212544,0.00139372822299652,-0.0742160278745645,-0.518466898954704,0.0191637630662021,0.0303135888501742,0.021602787456446,-0.122996515679443,-0.0750871080139373,0.0817073170731707,-0.156620209059233,0.0468641114982578,-0.154878048780488,-0.090418118466899,0.0101045296167247,0.0242160278745645,-0.0433797909407666,-0.0925087108013938,-0.0282229965156794,-0.110801393728223,-0.0557491289198606,-0.0541811846689896,0.0602787456445993,0.0757839721254356,0.408710801393728,0.05801393728223,0.149825783972125,NA,-0.0771777003484321,0.304703832752613,0.119686411149826,-0.255923344947735,0.0270034843205575,-0.32822299651568,0.34006968641115,-0.100174216027875,-0.0445993031358885,-0.587979094076655,-0.0198606271777004,-0.122648083623693,0.181010452961673,0.319163763066202,-0.128919860627178,0.290940766550523,0.157142857142857,-0.402961672473868,0.145121951219512,-0.132752613240418,-0.194250871080139,0.455400696864112,0.0803135888501742,0.217595818815331,0.2301393728223,0.0182926829268293,-0.0198606271777004,0.352439024390244,0.299477351916376,0.00104529616724739,0.102264808362369,0.0397212543554007,0.276306620209059,0.165331010452962,0.00627177700348432,0.100871080139373,-0.0717770034843206
OTU_222,0.168815331010453,-0.420731707317073,0.0686411149825784,-0.67787456445993,0.0925087108013938,-0.00627177700348432,-0.71411149825784,-0.470383275261324,0.0174216027874564,-0.652439024390244,-0.316898954703833,0.768989547038328,0.0113240418118467,0.341289198606272,-0.780836236933798,-0.786933797909408,0.293031358885017,-0.533797909407666,0.156794425087108,-0.739198606271777,0.287804878048781,-0.195644599303136,0.832404181184669,-0.185540069686411,0.269512195121951,0.0229965156794425,-0.390940766550523,0.605226480836237,0.538850174216028,-0.379268292682927,-0.574912891986063,-0.23397212543554,-0.118989547038328,0.288501742160279,0.335191637630662,-0.511672473867596,0.143728222996516,-0.0738675958188153,-0.292857142857143,0.412369337979094,0.268292682926829,-0.381358885017422,0.28397212543554,-0.818989547038328,-0.699303135888502,0.172648083623693,0.724390243902439,-0.067595818815331,-0.405749128919861,-0.223519163763066,-0.282229965156794,-0.676306620209059,0.765853658536586,-0.762717770034843,0.0371080139372822,0.6698606271777,0.846864111498258,0.686759581881533,0.570383275261324,0.706620209059234,0.234146341463415,-0.129616724738676,-0.687979094076655,-0.217770034843206,0.600348432055749,-0.576306620209059,-0.650696864111498,-0.178745644599303,0.306445993031359,0.252090592334495,0.418641114982578,-0.400348432055749,-0.411324041811847,0.0346689895470383,-0.478048780487805,0.418118466898955,-0.328571428571429,-0.0181184668989547,0.34390243902439,0.516550522648084,0.477526132404181,0.0538327526132404,-0.012020905923345,0.305400696864112,0.610975609756098,0.787108013937282,-0.795121951219512,0.669512195121951,-0.126306620209059,-0.548606271777004,-0.545470383275261,-0.146864111498258,-0.315331010452962,0.804703832752613,-0.0102787456445993,-0.138327526132404,0.768989547038328,0.868641114982579,-0.250522648083624,0.0101045296167247,-0.292334494773519,-0.702787456445993,-0.351219512195122,0.537979094076655,0.0430313588850174,0.835540069686411,0.0770034843205575,-0.0709059233449478,0.825435540069687,0.418118466898955,0.0224738675958188,0.812543554006969,0.13780487804878,0.51794425087108,0.118466898954704,-0.380836236933798,-0.432752613240418,-0.171602787456446,0.816550522648084,0.697560975609756,-0.430662020905923,0.263937282229965,-0.191114982578397,-0.536062717770035,-0.173170731707317,-0.343728222996516,-0.299128919860627,0.880662020905923,-0.437804878048781,0.749825783972126,0.181358885017422,0.778571428571429,0.862020905923345,0.840940766550523,0.235365853658537,-0.149825783972125,0.412020905923345,0.12020905923345,0.774738675958188,-0.664459930313589,0.765331010452962,-0.346864111498258,-0.447038327526133,0.843554006968641,-0.264285714285714,0.00905923344947735,0.806968641114983,0.859407665505227,0.490766550522648,-0.0918118466898955,-0.77787456445993,0.823344947735192,0.662717770034843,0.703310104529617,-0.690940766550523,-0.317770034843206,0.809581881533101,-0.186585365853659,-0.588675958188153,-0.448432055749129,0.852961672473868,0.838327526132404,0.858188153310105,0.125783972125436,0.00400696864111498,0.613066202090592,0.844773519163763,-0.392160278745645,-0.402439024390244,0.81794425087108,0.887456445993032,0.837282229965157,-0.647909407665505,0.202613240418119,0.636236933797909,0.822822299651568,0.750871080139373,0.499303135888502,0.840592334494774,0.237282229965157,0.838501742160279,0.737630662020906,-0.680836236933798,0.729616724738676,0.531533101045296,0.740418118466899,0.60191637630662,-0.0771777003484321,NA,0.467770034843206,0.244250871080139,0.619163763066202,0.68205574912892,0.770905923344948,0.639024390243903,0.879616724738676,-0.0144599303135889,0.32822299651568,0.734843205574913,0.521254355400697,0.454878048780488,0.447735191637631,-0.328745644599303,-0.200348432055749,0.411149825783972,0.541114982578397,0.543031358885018,0.386411149825784,0.521080139372822,0.313763066202091,-0.036411149825784,0.381358885017422,0.629965156794425,0.622299651567944,0.694773519163763,0.475783972125436,0.534320557491289,0.348780487804878,0.583449477351916,0.646689895470383,0.635365853658537,0.551742160278746,0.388501742160279,-0.407839721254355,-0.104355400696864
OTU_223,0.0977351916376307,-0.541289198606272,0.24390243902439,-0.402090592334495,-0.0270034843205575,-0.423170731707317,-0.598432055749129,-0.489198606271777,0.112020905923345,-0.405400696864112,-0.640418118466899,0.625087108013937,-0.165679442508711,-0.0722996515679443,-0.462369337979094,-0.622648083623694,0.152439024390244,-0.444947735191638,-0.485017421602787,-0.525261324041812,0.230487804878049,-0.207665505226481,0.436411149825784,-0.46602787456446,0.299477351916376,-0.0557491289198606,-0.330487804878049,0.338675958188153,0.508710801393728,-0.185540069686411,-0.817421602787457,-0.609059233449478,-0.484668989547038,-0.0571428571428571,-0.1,-0.605400696864112,0.0754355400696864,-0.174564459930314,-0.176132404181185,-0.0371080139372822,0.745818815331011,-0.289895470383275,0.205923344947735,-0.627351916376307,-0.567073170731707,-0.163588850174216,0.57595818815331,-0.229616724738676,-0.420731707317073,-0.410627177700349,-0.7198606271777,-0.404529616724739,0.602264808362369,-0.306271777003484,0.0768292682926829,0.623170731707317,0.510627177700349,0.529790940766551,0.246864111498258,0.581184668989547,-0.0193379790940767,-0.235191637630662,-0.430836236933798,-0.196689895470383,0.298257839721254,-0.494250871080139,-0.0843205574912892,-0.180836236933798,0.093205574912892,0.281184668989547,0.701567944250871,-0.40993031358885,-0.362543554006969,-0.531881533101045,-0.527177700348432,-0.00662020905923345,-0.278048780487805,-0.0386759581881533,0.403310104529617,0.110801393728223,0.136411149825784,-0.0937282229965157,-0.556968641114983,-0.0461672473867596,0.461498257839721,0.367073170731707,-0.644947735191638,0.320731707317073,-0.192160278745645,-0.431707317073171,-0.404355400696864,-0.502439024390244,-0.321777003484321,0.437282229965157,0.245644599303136,0.198606271777004,0.455749128919861,0.562717770034843,-0.297735191637631,-0.473344947735192,-0.43588850174216,-0.330662020905923,-0.491114982578397,0.171428571428571,0.109407665505227,0.527526132404181,-0.135017421602787,-0.121254355400697,0.612717770034843,0.176306620209059,-0.359233449477352,0.609756097560976,-0.469512195121951,0.0430313588850174,0.566376306620209,-0.387630662020906,-0.0198606271777004,-0.209756097560976,0.556445993031359,0.508536585365854,-0.186236933797909,0.217770034843206,-0.347735191637631,-0.0597560975609756,-0.0733449477351917,-0.0641114982578397,-0.216550522648084,0.558536585365854,-0.301045296167247,0.497038327526133,-0.0611498257839721,0.521602787456446,0.592160278745645,0.583623693379791,-0.453310104529617,0.068815331010453,0.383797909407666,-0.178222996515679,0.67020905923345,-0.382404181184669,0.195296167247387,-0.336411149825784,-0.369512195121951,0.509233449477352,-0.262891986062718,0.105923344947735,0.620905923344948,0.549651567944251,0.133275261324042,-0.447560975609756,-0.306794425087108,0.3698606271777,0.255400696864112,0.484843205574913,-0.302787456445993,-0.200871080139373,0.62212543554007,-0.257142857142857,-0.516376306620209,-0.155923344947735,0.564808362369338,0.502613240418119,0.55383275261324,-0.42787456445993,0.21602787456446,0.405574912891986,0.443031358885018,-0.307839721254355,-0.104703832752613,0.611149825783972,0.422996515679443,0.575609756097561,-0.497386759581882,0.0428571428571429,0.299303135888502,0.518815331010453,0.489198606271777,0.0132404181184669,0.461149825783972,-0.198954703832753,0.572299651567944,0.64425087108014,-0.415331010452962,0.649651567944251,0.680836236933798,0.5801393728223,0.511324041811847,0.304703832752613,0.467770034843206,NA,-0.147386759581882,0.19006968641115,0.595121951219512,0.363588850174216,0.546341463414634,0.364459930313589,-0.00679442508710802,-0.0712543554006969,0.45609756097561,0.433275261324042,0.348954703832753,0.507142857142857,-0.385365853658537,-0.0989547038327526,0.290243902439024,0.168466898954704,0.63397212543554,-0.0881533101045296,0.0890243902439025,0.115331010452962,0.00557491289198606,0.392682926829268,0.563240418118467,0.665331010452962,0.549477351916376,0.375261324041812,0.428048780487805,0.583449477351916,0.579094076655052,0.410278745644599,0.532578397212544,0.535365853658537,0.274390243902439,-0.145644599303136,0.072822299651568
OTU_224,-0.225435540069686,0.136411149825784,-0.0127177700348432,-0.238675958188153,0.232229965156795,-0.173344947735192,-0.253310104529617,-0.0292682926829268,-0.0994773519163763,-0.422822299651568,0.301742160278746,0.0808362369337979,0.60993031358885,-0.177003484320558,-0.416550522648084,-0.103484320557491,0.19006968641115,0.0466898954703833,0.0587108013937282,-0.299128919860627,-0.352787456445993,-0.297212543554007,0.129094076655052,-0.0829268292682927,0.174390243902439,0.0508710801393728,-0.0170731707317073,0.226829268292683,0.23397212543554,-0.176655052264808,0.0355400696864112,0.202264808362369,0.599303135888502,-0.0289198606271777,0.017595818815331,-0.186062717770035,-0.129094076655052,-0.0763066202090592,0.0925087108013938,-0.192682926829268,-0.0803135888501742,-0.22595818815331,0.324216027874564,-0.0559233449477352,-0.269337979094077,-0.226655052264808,0.444425087108014,-0.00888501742160279,-0.145644599303136,0.142334494773519,0.108536585365854,-0.36602787456446,0.350522648083624,-0.529442508710801,-0.218466898954704,0.215853658536585,0.195470383275261,0.444773519163763,0.136236933797909,0.217421602787456,0.0907665505226481,-0.183797909407666,-0.313763066202091,0.198257839721254,0.178048780487805,-0.0449477351916376,-0.487630662020906,-0.0871080139372822,0.331358885017422,0.0585365853658537,-0.25801393728223,0.0700348432055749,0.00522648083623694,0.403658536585366,-0.20801393728223,0.105923344947735,-0.4801393728223,-0.00818815331010453,-0.0926829268292683,0.197038327526132,0.109233449477352,0.158362369337979,0.0470383275261324,0.0329268292682927,0.279094076655052,0.189024390243902,-0.184146341463415,0.506968641114983,-0.293031358885017,0.253135888501742,-0.273867595818815,-0.247560975609756,-0.045993031358885,0.137282229965157,-0.149651567944251,0.226655052264808,0.419337979094077,0.216724738675958,-0.229442508710801,0.363937282229965,-0.0445993031358885,-0.364982578397213,0.212369337979094,0.390940766550523,0.406968641114983,0.339721254355401,0.665156794425087,-0.344947735191638,0.293031358885017,0.0440766550522648,0.207665505226481,0.176132404181185,0.0968641114982579,-0.00853658536585366,0.105923344947735,-0.0865853658536586,-0.100871080139373,-0.147909407665505,0.288327526132404,0.432926829268293,-0.228048780487805,0.49616724738676,-0.0710801393728223,-0.40609756097561,0.462717770034843,0.100871080139373,0.101742160278746,0.277003484320558,-0.0078397212543554,0.175087108013937,0.635191637630662,0.317421602787457,0.218989547038328,0.202961672473868,0.195644599303136,0.299825783972126,-0.129268292682927,0.614982578397213,0.23205574912892,-0.0907665505226481,0.252961672473868,0.292508710801394,0.0421602787456446,0.232229965156795,-0.244773519163763,0.304355400696864,0.293728222996516,0.174738675958188,0.320034843205575,0.170905923344948,-0.263937282229965,0.237456445993031,0.0951219512195122,0.454529616724739,-0.357142857142857,-0.106445993031359,0.26602787456446,0.410627177700349,-0.306968641114983,-0.21794425087108,0.194947735191638,0.289024390243903,0.262369337979094,0.0785714285714286,0.0956445993031359,0.221254355400697,0.34808362369338,-0.188327526132404,-0.174738675958188,0.260975609756098,0.172996515679443,0.308710801393728,-0.134146341463415,0.358536585365854,0.436062717770035,0.419163763066202,0.130662020905923,0.2198606271777,0.224912891986063,0.22595818815331,0.150696864111498,0.0332752613240418,-0.114634146341463,0.24198606271777,-0.040418118466899,0.283449477351916,0.323693379790941,0.119686411149826,0.244250871080139,-0.147386759581882,NA,0.139372822299652,0.178919860627178,0.12212543554007,0.0611498257839721,0.20383275261324,0.136933797909408,0.0865853658536586,0.241114982578397,0.086411149825784,0.411149825783972,0.367595818815331,0.0956445993031359,0.146515679442509,0.525783972125436,0.0489547038327526,-0.0257839721254355,0.515679442508711,0.384494773519164,0.00278745644599303,0.231358885017422,0.168815331010453,0.326480836236934,0.0503484320557491,0.0142857142857143,0.0662020905923345,0.0170731707317073,-0.297212543554007,-0.0655052264808362,0.24006968641115,0.238675958188153,-0.021602787456446,0.118641114982578,-0.11184668989547,-0.421080139372822
OTU_225,0.308188153310105,-0.340592334494774,0.0411149825783972,-0.568815331010453,-0.071602787456446,0.257317073170732,-0.477351916376307,-0.27595818815331,-0.0130662020905923,-0.452961672473868,-0.0735191637630662,0.61794425087108,0.0557491289198606,0.404878048780488,-0.560975609756098,-0.622648083623694,0.31219512195122,-0.403135888501742,0.421428571428572,-0.485191637630662,0.308188153310105,-0.0498257839721254,0.735017421602788,-0.0101045296167247,0.0493031358885018,-0.00383275261324042,-0.191811846689896,0.513937282229965,0.276132404181185,-0.362717770034843,-0.314285714285714,-0.0677700348432056,0.0101045296167247,0.51794425087108,0.42595818815331,-0.225783972125436,0.118466898954704,0.0149825783972125,-0.100871080139373,0.51602787456446,-0.0555749128919861,-0.182578397212544,0.126306620209059,-0.614285714285714,-0.475261324041812,0.299128919860627,0.445470383275261,0.235714285714286,-0.248780487804878,-0.0594076655052265,-0.0956445993031359,-0.507317073170732,0.517421602787457,-0.664459930313589,-0.130662020905923,0.481358885017422,0.689372822299652,0.467073170731707,0.486062717770035,0.564285714285714,0.168815331010453,0.0630662020905924,-0.463763066202091,-0.183797909407666,0.319163763066202,-0.444599303135889,-0.557839721254355,-0.0590592334494774,0.336236933797909,0.220383275261324,0.358536585365854,-0.302787456445993,-0.136411149825784,0.168292682926829,-0.166376306620209,0.531358885017422,-0.0827526132404181,-0.00557491289198606,0.285714285714286,0.527700348432056,0.415679442508711,-0.0646341463414634,0.245644599303136,0.409059233449477,0.354878048780488,0.782926829268293,-0.564459930313589,0.516376306620209,-0.125435540069686,-0.554878048780488,-0.434668989547038,0.0554006968641115,-0.146341463414634,0.689547038327526,-0.0569686411149826,-0.357665505226481,0.691114982578397,0.676655052264808,-0.291811846689896,0.185017421602788,0,-0.540766550522648,-0.130487804878049,0.517073170731707,-0.21411149825784,0.67212543554007,0.0867595818815331,0.00557491289198606,0.582229965156794,0.450871080139373,0.291289198606272,0.620383275261324,0.408188153310105,0.496864111498258,-0.134843205574913,-0.198780487804878,-0.483449477351916,-0.11411149825784,0.641114982578397,0.467247386759582,-0.350522648083624,0.234494773519164,0.148606271777004,-0.568641114982579,-0.311498257839721,-0.440766550522648,-0.301567944250871,0.663240418118467,-0.452787456445993,0.659581881533101,0.083623693379791,0.566724738675958,0.603310104529617,0.652264808362369,0.49390243902439,-0.307142857142857,0.363066202090592,0.110278745644599,0.602090592334495,-0.462717770034843,0.664285714285714,-0.440243902439024,-0.390940766550523,0.494425087108014,-0.144425087108014,-0.0623693379790941,0.433449477351916,0.659407665505227,0.259407665505227,-0.0313588850174216,-0.720905923344948,0.691289198606272,0.719337979094077,0.47404181184669,-0.617421602787457,-0.0787456445993032,0.616202090592335,-0.178919860627178,-0.465505226480836,-0.613937282229965,0.621602787456446,0.536759581881533,0.630313588850174,0.405574912891986,-0.342334494773519,0.391463414634146,0.699303135888502,-0.325609756097561,-0.311672473867596,0.581358885017422,0.71411149825784,0.631358885017422,-0.515156794425087,0.141289198606272,0.463937282229965,0.536759581881533,0.56219512195122,0.65993031358885,0.624216027874565,0.418815331010453,0.564634146341464,0.524564459930314,-0.661149825783972,0.52787456445993,0.310975609756098,0.558885017421603,0.421777003484321,-0.255923344947735,0.619163763066202,0.19006968641115,0.139372822299652,NA,0.434320557491289,0.635540069686411,0.346341463414634,0.632752613240418,-0.205749128919861,0.460975609756098,0.521428571428572,0.277526132404181,0.306620209059233,0.212543554006969,-0.227003484320558,-0.108188153310105,0.28815331010453,0.548780487804878,0.321080139372822,0.457839721254356,0.43623693379791,0.0585365853658537,0.0893728222996516,0.0831010452961673,0.422648083623693,0.371080139372822,0.535540069686411,0.0691637630662021,0.256445993031359,0.342160278745645,0.49616724738676,0.35609756097561,0.456968641114983,0.479965156794425,0.204355400696864,-0.233275261324042,-0.231358885017422
OTU_227,-0.116202090592335,-0.381010452961673,0.0703832752613241,-0.615331010452962,0.293379790940767,-0.363066202090592,-0.641811846689896,-0.447386759581882,-0.116202090592335,-0.631358885017422,-0.28397212543554,0.69006968641115,0.0890243902439025,0.124738675958188,-0.764285714285714,-0.610452961672474,0.247560975609756,-0.452961672473868,-0.0923344947735192,-0.777700348432056,0.212020905923345,-0.230313588850174,0.62020905923345,-0.330836236933798,0.511324041811847,0.0287456445993031,-0.503310104529617,0.424564459930314,0.625435540069686,-0.34581881533101,-0.611672473867596,-0.347909407665505,-0.133449477351916,-0.056794425087108,0.184146341463415,-0.623344947735192,0.00662020905923345,-0.179616724738676,-0.393031358885018,0.143205574912892,0.431533101045296,-0.615331010452962,0.301567944250871,-0.730662020905923,-0.65418118466899,0.0273519163763066,0.746864111498258,-0.299651567944251,-0.306968641114983,-0.302264808362369,-0.435017421602788,-0.688675958188153,0.761149825783972,-0.616724738675958,0.110627177700348,0.605574912891986,0.649477351916376,0.739198606271777,0.307317073170732,0.658362369337979,0.206620209059233,-0.287282229965157,-0.710104529616725,-0.149651567944251,0.571080139372822,-0.531533101045296,-0.498954703832753,-0.200522648083624,0.0663763066202091,0.228745644599303,0.46602787456446,-0.299477351916376,-0.370034843205575,-0.0693379790940767,-0.623344947735192,0.0344947735191638,-0.233275261324042,0.0179442508710801,0.396864111498258,0.18815331010453,0.247212543554007,-0.133623693379791,-0.301219512195122,0.155400696864112,0.740418118466899,0.653832752613241,-0.718815331010453,0.618641114982579,-0.199303135888502,-0.343379790940767,-0.509756097560976,-0.424564459930314,-0.388501742160279,0.555400696864112,0.0637630662020906,-0.0486062717770035,0.684146341463415,0.73397212543554,-0.352961672473868,0.0196864111498258,-0.24808362369338,-0.681010452961673,-0.349128919860627,0.547560975609756,0.113240418118467,0.690243902439025,0.0947735191637631,-0.226829268292683,0.728048780487805,0.323170731707317,-0.200871080139373,0.750522648083624,-0.109581881533101,0.328571428571429,0.322473867595819,-0.391289198606272,-0.289372822299652,-0.178048780487805,0.745121951219512,0.765156794425087,-0.221428571428571,0.365853658536585,-0.459756097560976,-0.360801393728223,-0.0282229965156794,-0.364459930313589,-0.348606271777004,0.791289198606272,-0.414808362369338,0.629965156794425,0.247735191637631,0.805749128919861,0.705574912891986,0.723170731707317,0.00470383275261324,-0.0442508710801394,0.360801393728223,0.118292682926829,0.79390243902439,-0.620905923344948,0.505400696864112,-0.349651567944251,-0.548257839721254,0.753832752613241,-0.293031358885017,0.0724738675958188,0.759581881533101,0.720034843205575,0.526132404181185,-0.347909407665505,-0.672822299651568,0.649825783972126,0.345121951219512,0.656445993031359,-0.647212543554007,-0.291289198606272,0.746864111498258,-0.140940766550523,-0.543728222996516,-0.429094076655052,0.819337979094077,0.810452961672474,0.683797909407666,-0.0963414634146342,-0.0628919860627178,0.660278745644599,0.765853658536586,-0.473170731707317,-0.262717770034843,0.824738675958188,0.659581881533101,0.728745644599303,-0.502613240418119,0.23205574912892,0.580487804878049,0.849825783972126,0.590766550522648,0.24616724738676,0.731184668989547,-0.0963414634146342,0.881533101045296,0.76219512195122,-0.473170731707317,0.808710801393728,0.584146341463415,0.80801393728223,0.70191637630662,0.0270034843205575,0.68205574912892,0.595121951219512,0.178919860627178,0.434320557491289,NA,0.667073170731707,0.569163763066202,0.579790940766551,-0.0939024390243903,0.134843205574913,0.802439024390244,0.636759581881533,0.650871080139373,0.590766550522648,-0.217421602787456,-0.128222996515679,0.605574912891986,0.410278745644599,0.657491289198606,0.262369337979094,0.3698606271777,0.2801393728223,0.159059233449477,0.306620209059233,0.663240418118467,0.657665505226481,0.705226480836237,0.523867595818815,0.673170731707317,0.284668989547038,0.682578397212544,0.665331010452962,0.514808362369338,0.686062717770035,0.262369337979094,-0.389372822299652,-0.228048780487805
OTU_228,0.384494773519164,-0.566376306620209,0.222473867595819,-0.631881533101045,-0.0630662020905924,-0.0106271777003484,-0.648606271777004,-0.606445993031359,-0.124216027874564,-0.662020905923345,-0.267421602787457,0.813414634146342,-0.140592334494774,0.495993031358885,-0.698606271777004,-0.692508710801394,0.353658536585366,-0.409581881533101,0.25993031358885,-0.579094076655052,0.286236933797909,-0.154703832752613,0.802961672473868,-0.198780487804878,0.0613240418118467,-0.125435540069686,-0.225783972125436,0.580487804878049,0.463763066202091,-0.360801393728223,-0.50383275261324,-0.252264808362369,-0.142682926829268,0.44808362369338,0.256271777003484,-0.393728222996516,0.00644599303135889,-0.101219512195122,-0.153310104529617,0.492682926829268,0.233449477351916,-0.182752613240418,0.226306620209059,-0.733797909407666,-0.576655052264809,0.262891986062718,0.590940766550523,0.228919860627178,-0.429965156794425,-0.192334494773519,-0.225087108013937,-0.533623693379791,0.639198606271777,-0.684668989547038,0.013588850174216,0.564808362369338,0.771602787456446,0.545296167247387,0.572648083623693,0.533275261324042,0.158710801393728,-0.0287456445993031,-0.506968641114983,-0.31184668989547,0.300522648083624,-0.542857142857143,-0.55191637630662,-0.252264808362369,0.208710801393728,0.101393728222997,0.404878048780488,-0.486062717770035,-0.356445993031359,0.0163763066202091,-0.406445993031359,0.541114982578397,-0.158536585365854,0.0149825783972125,0.25609756097561,0.550174216027875,0.464459930313589,-0.178745644599303,0.0672473867595819,0.253658536585366,0.485017421602787,0.830662020905924,-0.679442508710801,0.539895470383275,-0.116898954703833,-0.695993031358885,-0.485365853658537,-0.0325783972125436,-0.321951219512195,0.709407665505227,0.0444250871080139,-0.281707317073171,0.777003484320558,0.803658536585366,-0.213588850174216,-0.00714285714285714,-0.0320557491289199,-0.62787456445993,-0.378745644599303,0.427177700348432,-0.0277003484320558,0.688675958188153,-0.0777003484320558,0.040418118466899,0.792334494773519,0.371080139372822,0.0346689895470383,0.701742160278746,0.263240418118467,0.563763066202091,0.0731707317073171,-0.163937282229965,-0.323170731707317,-0.106620209059233,0.694076655052265,0.628919860627178,-0.246689895470383,0.158362369337979,-0.0202090592334495,-0.401219512195122,-0.3198606271777,-0.518815331010453,-0.236759581881533,0.804355400696864,-0.500348432055749,0.684320557491289,0.0515679442508711,0.624912891986063,0.732926829268293,0.642508710801394,0.356445993031359,-0.209756097560976,0.357839721254355,0.133623693379791,0.759407665505227,-0.425087108013937,0.744947735191638,-0.495818815331011,-0.494947735191638,0.800871080139373,-0.30609756097561,-0.104355400696864,0.625783972125436,0.727177700348432,0.343205574912892,-0.079616724738676,-0.584146341463415,0.74425087108014,0.7,0.517247386759582,-0.690592334494774,-0.373170731707317,0.65801393728223,-0.346689895470383,-0.43205574912892,-0.530313588850174,0.720557491289199,0.724912891986063,0.806968641114983,0.222648083623693,-0.100348432055749,0.434146341463415,0.733623693379791,-0.43397212543554,-0.354878048780488,0.697038327526133,0.829790940766551,0.720557491289199,-0.437979094076655,0.113240418118467,0.525783972125436,0.674738675958188,0.761846689895471,0.511846689895471,0.742508710801394,0.321602787456446,0.813240418118467,0.653832752613241,-0.585365853658537,0.663763066202091,0.425783972125436,0.702787456445993,0.547735191637631,-0.32822299651568,0.770905923344948,0.363588850174216,0.12212543554007,0.635540069686411,0.667073170731707,NA,0.343031358885018,0.753658536585366,-0.0810104529616725,0.515331010452962,0.664459930313589,0.459407665505227,0.373170731707317,0.386933797909408,-0.240243902439024,-0.391463414634146,0.347560975609756,0.576132404181185,0.470557491289199,0.311149825783972,0.439024390243903,0.121602787456446,0.0189895470383275,0.292857142857143,0.484843205574913,0.607142857142857,0.660452961672474,0.25,0.361149825783972,0.360278745644599,0.560801393728223,0.503310104529617,0.468118466898955,0.522822299651568,0.463763066202091,-0.390940766550523,-0.129965156794425
OTU_233,-0.147560975609756,-0.0630662020905924,-0.190243902439024,-0.282404181184669,0.0886759581881533,-0.0238675958188153,-0.545818815331011,-0.159059233449477,0.289895470383275,-0.264808362369338,-0.476655052264808,0.457839721254356,0.0773519163763066,-0.0222996515679443,-0.480836236933798,-0.64616724738676,-0.0538327526132404,-0.636933797909408,-0.0777003484320558,-0.521777003484321,0.177177700348432,-0.0358885017421603,0.58588850174216,-0.0292682926829268,0.381881533101045,0.310278745644599,-0.338850174216028,0.550348432055749,0.525087108013937,-0.0221254355400697,-0.575087108013937,-0.180313588850174,-0.173170731707317,0.0763066202090592,0.247560975609756,-0.352787456445993,0.381184668989547,0.095993031358885,-0.339024390243903,0.259407665505227,0.315853658536585,-0.544076655052265,0.0219512195121951,-0.536411149825784,-0.523867595818815,0.171254355400697,0.617247386759582,-0.300522648083624,-0.107665505226481,-0.0930313588850174,-0.435365853658537,-0.584843205574913,0.620034843205575,-0.440418118466899,0.260278745644599,0.602264808362369,0.638501742160279,0.474564459930314,0.347386759581882,0.719163763066202,0.340592334494774,-0.128048780487805,-0.483623693379791,-0.094425087108014,0.64390243902439,-0.2698606271777,-0.269337979094077,0.0841463414634146,0.297212543554007,0.524216027874565,0.321777003484321,-0.100696864111498,-0.487456445993031,-0.271777003484321,-0.369337979094077,0.0968641114982579,-0.0871080139372822,0.0763066202090592,0.405574912891986,0.240243902439024,0.417421602787456,0.198432055749129,-0.152090592334495,0.291637630662021,0.592508710801394,0.516898954703833,-0.55383275261324,0.347909407665505,-0.129965156794425,-0.159756097560976,-0.376480836236934,-0.278222996515679,-0.0869337979094077,0.59198606271777,-0.109233449477352,-0.045993031358885,0.493379790940767,0.637456445993031,-0.211149825783972,-0.2,-0.399303135888502,-0.549477351916376,-0.185365853658537,0.462717770034843,-0.186411149825784,0.603135888501742,0.0101045296167247,-0.188327526132404,0.528745644599303,0.210452961672474,0.00574912891986063,0.679268292682927,-0.124912891986063,0.303484320557491,0.225609756097561,-0.66411149825784,-0.341637630662021,0.0184668989547038,0.631881533101045,0.528397212543554,-0.418815331010453,0.160975609756098,-0.397038327526132,-0.208710801393728,0.0625435540069686,-0.120557491289199,-0.0531358885017422,0.629616724738676,-0.132926829268293,0.599303135888502,0.103135888501742,0.639721254355401,0.667421602787457,0.693379790940767,-0.102787456445993,-0.141289198606272,0.218466898954704,-0.0322299651567944,0.626132404181185,-0.645296167247387,0.381533101045296,-0.0548780487804878,-0.186236933797909,0.491811846689896,-0.0554006968641115,0.097212543554007,0.644773519163763,0.642334494773519,0.420731707317073,-0.425783972125436,-0.503135888501742,0.506445993031359,0.434668989547038,0.482404181184669,-0.393554006968641,0.0153310104529617,0.705749128919861,0.127177700348432,-0.381010452961673,-0.247909407665505,0.635017421602788,0.568118466898955,0.546341463414634,-0.0491289198606272,-0.0656794425087108,0.532752613240418,0.660801393728223,-0.448606271777004,-0.422299651567944,0.720383275261324,0.55418118466899,0.625609756097561,-0.506620209059234,0.11794425087108,0.41794425087108,0.636585365853659,0.496689895470383,0.314982578397213,0.606794425087108,-0.0290940766550523,0.579094076655052,0.6,-0.371602787456446,0.533101045296167,0.672996515679443,0.613588850174216,0.492857142857143,0.34006968641115,0.639024390243903,0.546341463414634,0.0611498257839721,0.346341463414634,0.569163763066202,0.343031358885018,NA,0.443728222996516,0.00888501742160279,-0.220731707317073,0.518815331010453,0.284320557491289,0.404355400696864,0.370557491289199,-0.341637630662021,-0.0937282229965157,0.292334494773519,0.151045296167247,0.515679442508711,0.105749128919861,0.206794425087108,0.537108013937282,-0.0395470383275261,0.406620209059234,0.526132404181185,0.405226480836237,0.433449477351916,0.476306620209059,0.670383275261324,0.461846689895471,0.427003484320558,0.568466898954704,0.569686411149826,0.599477351916376,0.108710801393728,-0.191463414634146,-0.123693379790941
OTU_234,0.237108013937282,-0.413763066202091,0.0421602787456446,-0.666724738675958,0.136062717770035,0.0437282229965157,-0.628397212543554,-0.426829268292683,-0.0228222996515679,-0.604006968641115,-0.273693379790941,0.706968641114983,0.0677700348432056,0.308188153310105,-0.652787456445993,-0.68815331010453,0.26184668989547,-0.555400696864112,0.14616724738676,-0.578048780487805,0.315331010452962,-0.218466898954704,0.740940766550523,-0.194250871080139,0.219686411149826,0.0327526132404181,-0.35801393728223,0.542682926829268,0.48205574912892,-0.395644599303136,-0.518292682926829,-0.107142857142857,-0.0987804878048781,0.368641114982578,0.387630662020906,-0.452613240418119,0.0703832752613241,-0.0825783972125436,-0.0710801393728223,0.401045296167247,0.227700348432056,-0.273693379790941,0.305923344947735,-0.687108013937282,-0.674912891986063,0.0886759581881533,0.639547038327526,0.0249128919860627,-0.398954703832753,-0.111672473867596,-0.258885017421603,-0.622822299651568,0.7198606271777,-0.729268292682927,0.00261324041811847,0.690940766550523,0.775609756097561,0.641114982578397,0.593554006968641,0.680836236933798,0.0991289198606272,-0.0968641114982579,-0.678048780487805,-0.129268292682927,0.493205574912892,-0.482752613240418,-0.636236933797909,-0.176480836236934,0.357839721254355,0.294599303135889,0.379965156794425,-0.423867595818815,-0.322299651567944,0.0564459930313589,-0.415331010452962,0.417073170731707,-0.396515679442509,0.0123693379790941,0.212717770034843,0.535540069686411,0.358362369337979,0.0299651567944251,0.0905923344947735,0.338501742160279,0.53815331010453,0.713414634146342,-0.700871080139373,0.681707317073171,-0.104355400696864,-0.602439024390244,-0.541289198606272,-0.136933797909408,-0.332752613240418,0.731707317073171,0.014808362369338,-0.132578397212544,0.757142857142857,0.818989547038328,-0.314634146341463,0.0634146341463415,-0.2198606271777,-0.644076655052265,-0.312717770034843,0.510452961672474,-0.0102787456445993,0.796864111498258,0.132404181184669,-0.028397212543554,0.761149825783972,0.409756097560976,0.139024390243902,0.803484320557491,0.208710801393728,0.418118466898955,0.0275261324041812,-0.321777003484321,-0.431010452961673,-0.162717770034843,0.749651567944251,0.671777003484321,-0.420731707317073,0.296341463414634,-0.0869337979094077,-0.55609756097561,-0.201567944250871,-0.287804878048781,-0.300522648083624,0.823693379790941,-0.486585365853659,0.682752613240418,0.144773519163763,0.727700348432056,0.779268292682927,0.769686411149826,0.27020905923345,-0.0813588850174216,0.350174216027875,0.11794425087108,0.691114982578397,-0.589024390243903,0.682229965156795,-0.382752613240418,-0.405226480836237,0.835714285714286,-0.279442508710801,0.00888501742160279,0.681010452961673,0.764285714285714,0.497386759581882,-0.00400696864111498,-0.740592334494774,0.828397212543554,0.650522648083624,0.681707317073171,-0.693379790940767,-0.309407665505227,0.751567944250871,-0.200348432055749,-0.479616724738676,-0.439721254355401,0.809059233449477,0.757665505226481,0.811846689895471,0.133101045296167,-0.00592334494773519,0.541637630662021,0.807839721254356,-0.333797909407666,-0.421777003484321,0.721602787456446,0.815505226480836,0.784494773519164,-0.637108013937282,0.257142857142857,0.67595818815331,0.70993031358885,0.708362369337979,0.611149825783972,0.784146341463415,0.372996515679443,0.767421602787457,0.705574912891986,-0.673693379790941,0.663588850174216,0.496689895470383,0.684320557491289,0.524390243902439,-0.100174216027875,0.879616724738676,0.364459930313589,0.20383275261324,0.632752613240418,0.579790940766551,0.753658536585366,0.443728222996516,NA,-0.0280487804878049,0.405923344947735,0.689895470383275,0.544076655052265,0.43205574912892,0.355749128919861,-0.358188153310105,-0.110975609756098,0.450348432055749,0.572299651567944,0.442682926829268,0.288327526132404,0.525435540069687,0.273519163763066,-0.0682926829268293,0.271254355400697,0.546864111498258,0.574216027874565,0.627351916376307,0.431881533101045,0.485017421602787,0.32020905923345,0.602613240418119,0.593728222996516,0.621080139372822,0.465853658536585,0.403484320557491,-0.382578397212544,-0.139721254355401
OTU_238,0.010801393728223,0.431533101045296,-0.379442508710801,0.373867595818815,-0.24198606271777,0.166202090592335,-0.0604529616724739,0.343728222996516,0.463414634146342,0.289895470383275,-0.221080139372822,-0.268118466898955,0.1301393728223,-0.141114982578397,-0.033623693379791,-0.0163763066202091,-0.513414634146342,-0.208536585365854,0.0236933797909408,0.145644599303136,-0.172822299651568,0.417073170731707,-0.0231707317073171,0.445296167247387,-0.0412891986062718,0.364459930313589,0.200348432055749,0.18588850174216,0.241289198606272,0.449128919860627,0.0576655052264808,0.160104529616725,0.199825783972125,-0.0677700348432056,-0.186411149825784,0.223867595818815,0.352090592334495,0.624738675958188,-0.189895470383275,0.114808362369338,0.0789198606271777,-0.0623693379790941,-0.29616724738676,0.0350174216027875,0.0559233449477352,0.313240418118467,0.0961672473867596,-0.142160278745645,0.380662020905923,0.154006968641115,-0.10801393728223,0.0614982578397213,0.110278745644599,0.197909407665505,0.304878048780488,-0.100174216027875,-0.0881533101045296,-0.236933797909408,-0.0855400696864112,-0.0757839721254356,0.465853658536585,0.516724738675958,0.218989547038328,-0.360104529616725,0.0667247386759582,0.305226480836237,0.0740418118466899,0.636759581881533,-0.170034843205575,0.12595818815331,-0.291289198606272,0.320557491289199,-0.447386759581882,-0.0369337979094077,0.214459930313589,0.101219512195122,-0.0524390243902439,0.623519163763066,-0.151219512195122,0.0881533101045296,0.254355400696864,0.673867595818816,-0.0268292682926829,0.230313588850174,0.025609756097561,-0.134668989547038,0.24390243902439,-0.211324041811847,0.330487804878049,0.26411149825784,0.0322299651567944,0.0491289198606272,0.530836236933798,-0.0691637630662021,-0.412891986062718,-0.105749128919861,-0.0662020905923345,0.0297909407665505,0.196864111498258,-0.0449477351916376,0.133101045296167,0.0179442508710801,0.312543554006969,0.0846689895470383,-0.234146341463415,0.00487804878048781,-0.264982578397213,-0.483623693379791,-0.0430313588850174,-0.0209059233449477,-0.0874564459930314,-0.135714285714286,-0.0477351916376307,-0.0277003484320558,-0.0592334494773519,-0.217247386759582,-0.0435540069686411,0.610104529616725,-0.132404181184669,0.0024390243902439,-0.0855400696864112,-0.179965156794425,-0.286062717770035,0.174390243902439,0.28205574912892,0.282752613240418,0.208885017421603,-0.0496515679442509,0.456271777003484,-0.0729965156794425,0.178571428571429,-0.0402439024390244,-0.0156794425087108,-0.134668989547038,-0.157142857142857,-0.149651567944251,-0.550696864111498,-0.0452961672473868,-0.0609756097560976,-0.0782229965156795,-0.167770034843206,0.390940766550523,0.434146341463415,-0.0998257839721255,0.355226480836237,-0.0412891986062718,-0.0496515679442509,-0.126480836236934,-0.111672473867596,0.139372822299652,0.0916376306620209,-0.187108013937282,0.0271777003484321,-0.248432055749129,-0.00679442508710802,0.37822299651568,-0.136585365853659,0.336411149825784,0.122648083623693,0.0710801393728223,-0.0874564459930314,0.062020905923345,0.00557491289198606,0.0759581881533101,0.197560975609756,-0.0806620209059234,-0.0700348432055749,0.168292682926829,0.0484320557491289,-0.115505226480836,0.031184668989547,-0.0646341463414634,-0.168466898954704,0.255226480836237,-0.0994773519163763,-0.0346689895470383,0.162717770034843,-0.102961672473868,-0.185191637630662,0.0254355400696864,-0.0973867595818815,-0.0712543554006969,0.164808362369338,-0.264982578397213,0.0771777003484321,-0.0224738675958188,0.0740418118466899,-0.0445993031358885,-0.0144599303135889,-0.00679442508710802,0.136933797909408,-0.205749128919861,-0.0939024390243903,-0.0810104529616725,0.00888501742160279,-0.0280487804878049,NA,-0.0526132404181185,-0.179965156794425,0.0662020905923345,-0.000522648083623693,0.0430313588850174,0.506271777003484,0.185365853658537,0.141114982578397,-0.38397212543554,-0.0857142857142857,-0.232752613240418,-0.216550522648084,0.0142857142857143,0.122648083623693,0.0808362369337979,-0.140592334494774,0.0193379790940767,0.00209059233449477,0.0378048780487805,-0.0442508710801394,0.179616724738676,-0.106271777003484,0.0294425087108014,-0.0369337979094077,-0.0465156794425087,-0.379268292682927,-0.0710801393728223,-0.140592334494774
OTU_242,0.537979094076655,-0.355400696864112,0.422822299651568,-0.428571428571429,-0.104878048780488,0.154529616724739,-0.265331010452962,-0.36184668989547,-0.513937282229965,-0.411149825783972,0.180487804878049,0.411672473867596,-0.109407665505227,0.453832752613241,-0.385365853658537,-0.229790940766551,0.473344947735192,0.153135888501742,0.414285714285714,-0.216550522648084,0.0735191637630662,-0.21602787456446,0.313763066202091,-0.0165505226480836,-0.364808362369338,-0.497212543554007,-0.10993031358885,-0.0506968641114983,0.00226480836236934,-0.527700348432056,-0.00766550522648084,-0.186933797909408,0.189198606271777,0.237282229965157,0.167770034843206,-0.172822299651568,-0.42212543554007,-0.156968641114983,-0.136933797909408,0.269163763066202,-0.0803135888501742,0.249651567944251,0.0968641114982579,-0.352613240418119,-0.189721254355401,0.119337979094077,0.0986062717770035,0.334320557491289,-0.15418118466899,-0.178222996515679,0.203310104529617,-0.109407665505227,0.129616724738676,-0.333797909407666,-0.269686411149826,0.00505226480836237,0.247386759581882,0.189895470383275,0.0815331010452962,-0.0078397212543554,0.00888501742160279,0.150348432055749,-0.159233449477352,-0.329268292682927,-0.172473867595819,-0.38588850174216,-0.481533101045296,-0.320731707317073,-0.052787456445993,-0.324912891986063,0.128048780487805,-0.255923344947735,0.195993031358885,0.4698606271777,-0.083623693379791,0.448954703832753,-0.117421602787456,-0.137456445993031,-0.0207317073170732,0.216898954703833,0.119337979094077,-0.17787456445993,0.121254355400697,0.167770034843206,-0.0083623693379791,0.416724738675958,-0.242160278745645,0.295296167247387,0.0344947735191638,-0.491289198606272,-0.158885017421603,0.26411149825784,-0.178397212543554,0.231010452961672,0.148780487804878,-0.311498257839721,0.26219512195122,0.297909407665505,-0.218118466898955,0.367595818815331,0.192857142857143,-0.37404181184669,-0.0228222996515679,0.141637630662021,0.108188153310105,0.220383275261324,0.0411149825783972,0.188327526132404,0.311324041811847,0.353310104529617,0.176480836236934,0.0923344947735192,0.500348432055749,0.329616724738676,-0.0801393728222997,0.373170731707317,-0.118815331010453,-0.199303135888502,0.20191637630662,0.191811846689896,0.0918118466898955,0.14616724738676,0.417073170731707,-0.479965156794425,-0.401567944250871,-0.395121951219512,-0.389721254355401,0.303484320557491,-0.490243902439024,0.147560975609756,-0.0160278745644599,0.133101045296167,0.217421602787456,0.20418118466899,0.562717770034843,-0.174390243902439,0.324738675958188,0.0806620209059234,0.236062717770035,-0.09198606271777,0.509756097560976,-0.321428571428572,-0.313937282229965,0.262369337979094,-0.0956445993031359,-0.252961672473868,0.13397212543554,0.247386759581882,-0.100871080139373,0.0587108013937282,-0.39581881533101,0.379268292682927,0.37595818815331,0.226829268292683,-0.419337979094077,-0.404878048780488,0.0966898954703833,-0.3698606271777,-0.162891986062718,-0.306968641114983,0.223170731707317,0.222299651567944,0.327700348432056,0.468292682926829,0.0202090592334495,0.197212543554007,0.226306620209059,-0.0369337979094077,0.0702090592334495,0.175435540069686,0.397909407665505,0.25191637630662,-0.1301393728223,0.24006968641115,0.111498257839721,0.219163763066202,0.218815331010453,0.27212543554007,0.255574912891986,0.297212543554007,0.268118466898955,0.14390243902439,-0.408885017421603,0.193205574912892,-0.125783972125436,0.133623693379791,0.0662020905923345,-0.587979094076655,0.32822299651568,-0.0712543554006969,0.0865853658536586,0.460975609756098,0.134843205574913,0.515331010452962,-0.220731707317073,0.405923344947735,-0.0526132404181185,NA,0.153310104529617,0.161324041811847,-0.0966898954703833,-0.0552264808362369,-0.0332752613240418,-0.227526132404181,-0.0966898954703833,0.550522648083624,-0.101219512195122,0.16219512195122,0.250348432055749,-0.407839721254355,0.103135888501742,-0.16794425087108,0.0313588850174216,0.19198606271777,0.186062717770035,-0.231010452961672,-0.171080139372822,0.0850174216027875,0.246864111498258,0.10993031358885,0.0313588850174216,0.0601045296167248,0.152613240418118,-0.0724738675958188,-0.0660278745644599
OTU_246,-0.0573170731707317,-0.461149825783972,0.0576655052264808,-0.65801393728223,0.244250871080139,-0.230487804878049,-0.590766550522648,-0.534843205574913,-0.075609756097561,-0.701219512195122,-0.20418118466899,0.70609756097561,0.0679442508710802,0.30801393728223,-0.761672473867596,-0.624216027874565,0.375783972125436,-0.374564459930314,-0.0200348432055749,-0.800696864111498,0.370731707317073,-0.30383275261324,0.702090592334495,-0.395121951219512,0.595470383275261,0.137108013937282,-0.395121951219512,0.569512195121951,0.48815331010453,-0.373344947735192,-0.565679442508711,-0.274390243902439,-0.171777003484321,0.0597560975609756,0.11602787456446,-0.617247386759582,-0.00766550522648084,-0.176655052264808,-0.162543554006969,0.284668989547038,0.291637630662021,-0.444425087108014,0.55609756097561,-0.720383275261324,-0.628048780487805,-0.0168989547038328,0.71219512195122,-0.160975609756098,-0.48623693379791,-0.353484320557491,-0.231533101045296,-0.689024390243903,0.703832752613241,-0.705400696864112,-0.121951219512195,0.683449477351917,0.658536585365854,0.763414634146342,0.419337979094077,0.665156794425087,0.133101045296167,-0.357142857142857,-0.749651567944251,0.0186411149825784,0.631881533101045,-0.591289198606272,-0.562543554006969,-0.240243902439024,0.134320557491289,0.16794425087108,0.361324041811847,-0.552090592334495,-0.345993031358885,-0.032404181184669,-0.578048780487805,0.162369337979094,-0.351567944250871,-0.0452961672473868,0.231010452961672,0.233797909407666,0.290592334494774,-0.113588850174216,-0.192334494773519,0.221080139372822,0.614808362369338,0.712369337979094,-0.753658536585366,0.687979094076655,-0.32787456445993,-0.520905923344948,-0.510801393728223,-0.34390243902439,-0.464982578397213,0.652090592334495,0.152613240418118,0.0489547038327526,0.740766550522648,0.680836236933798,-0.301219512195122,-0.0290940766550523,-0.194076655052265,-0.68397212543554,-0.504703832752613,0.496864111498258,0.186236933797909,0.784320557491289,0.149651567944251,-0.198780487804878,0.78397212543554,0.386759581881533,-0.18205574912892,0.770557491289199,-0.0987804878048781,0.413937282229965,0.190940766550523,-0.263763066202091,-0.35609756097561,-0.201567944250871,0.7698606271777,0.735365853658537,-0.270383275261324,0.358885017421603,-0.188501742160279,-0.433797909407666,-0.144947735191638,-0.307317073170732,-0.260278745644599,0.772473867595819,-0.418292682926829,0.628048780487805,0.248780487804878,0.817247386759582,0.692682926829268,0.75,0.0935540069686411,0.168641114982578,0.288675958188153,0.268815331010453,0.733101045296167,-0.580836236933798,0.601742160278746,-0.412020905923345,-0.553484320557491,0.792334494773519,-0.347560975609756,0.233101045296167,0.707665505226481,0.75,0.643554006968641,-0.14616724738676,-0.693379790940767,0.723519163763066,0.478571428571429,0.703832752613241,-0.589024390243903,-0.304878048780488,0.763240418118467,-0.124390243902439,-0.639547038327526,-0.420034843205575,0.797560975609756,0.783101045296167,0.690592334494774,-0.163066202090592,-0.0132404181184669,0.622473867595819,0.840243902439025,-0.437979094076655,-0.16794425087108,0.793728222996516,0.639198606271777,0.789198606271777,-0.508188153310105,0.35191637630662,0.707665505226481,0.779790940766551,0.583449477351916,0.42822299651568,0.767770034843206,0.00313588850174216,0.84390243902439,0.794773519163763,-0.546689895470383,0.839547038327526,0.511498257839721,0.795993031358885,0.674564459930314,-0.0198606271777004,0.734843205574913,0.45609756097561,0.241114982578397,0.521428571428572,0.802439024390244,0.664459930313589,0.518815331010453,0.689895470383275,-0.179965156794425,0.153310104529617,NA,0.527351916376307,0.591463414634146,0.553135888501742,-0.298257839721254,-0.108188153310105,0.635540069686411,0.49390243902439,0.601393728222997,0.517770034843206,0.621777003484321,0.315679442508711,0.199128919860627,0.384494773519164,0.782229965156795,0.672648083623694,0.735714285714286,0.585365853658537,0.642508710801394,0.143728222996516,0.683623693379791,0.735191637630662,0.626829268292683,0.599128919860627,0.433797909407666,-0.360104529616725,-0.175609756097561
OTU_249,-0.09198606271777,-0.424564459930314,0.134843205574913,-0.626655052264808,0.37595818815331,-0.521428571428572,-0.50418118466899,-0.439198606271777,-0.0951219512195122,-0.568989547038328,-0.10383275261324,0.532926829268293,0.153135888501742,0.00418118466898955,-0.618118466898955,-0.407839721254355,0.257665505226481,-0.251567944250871,-0.103135888501742,-0.65418118466899,0.0195121951219512,-0.0494773519163763,0.394076655052265,-0.336759581881533,0.352787456445993,-0.254878048780488,-0.592857142857143,0.0578397212543554,0.517595818815331,-0.382926829268293,-0.429965156794425,-0.370731707317073,-0.0487804878048781,-0.21794425087108,0.116724738675958,-0.610627177700349,-0.0270034843205575,-0.148257839721254,-0.351045296167247,0.0775261324041812,0.432578397212544,-0.549477351916376,0.224216027874564,-0.671080139372822,-0.57020905923345,-0.0440766550522648,0.541811846689896,-0.445818815331011,-0.233449477351916,-0.405749128919861,-0.406271777003484,-0.555574912891986,0.593554006968641,-0.455923344947735,0.068815331010453,0.352613240418119,0.351567944250871,0.601742160278746,0.0832752613240418,0.35801393728223,-0.175435540069686,-0.227003484320558,-0.7198606271777,-0.233623693379791,0.447909407665505,-0.563066202090592,-0.345993031358885,-0.168118466898955,-0.133623693379791,-0.0890243902439025,0.580487804878049,-0.215853658536585,-0.258188153310105,-0.00470383275261324,-0.584320557491289,-0.209756097560976,-0.229094076655052,-0.0381533101045296,0.215156794425087,-0.0916376306620209,-0.0493031358885018,-0.0848432055749129,-0.43588850174216,-0.0149825783972125,0.666898954703833,0.36794425087108,-0.528222996515679,0.581010452961673,-0.0655052264808362,-0.33815331010453,-0.578919860627178,-0.440940766550523,-0.41184668989547,0.416898954703833,0.227177700348432,0.0513937282229965,0.422473867595819,0.547560975609756,-0.301393728222997,0.120383275261324,-0.279268292682927,-0.557839721254355,-0.213763066202091,0.333449477351916,0.131707317073171,0.436585365853659,-0.0277003484320558,-0.145296167247387,0.510104529616725,0.31219512195122,-0.271777003484321,0.596689895470383,-0.0649825783972126,0.164808362369338,0.149128919860627,-0.212717770034843,-0.258536585365854,-0.243554006968641,0.451045296167247,0.601219512195122,-0.0918118466898955,0.222996515679443,-0.375783972125436,-0.229790940766551,0.0425087108013937,-0.308885017421603,-0.508710801393728,0.514285714285714,-0.514982578397213,0.461149825783972,0.321602787456446,0.644599303135889,0.404006968641115,0.592682926829268,-0.0266550522648084,-0.00993031358885018,0.432578397212544,-0.00644599303135889,0.542160278745645,-0.580487804878049,0.331010452961673,-0.387456445993031,-0.672299651567944,0.626480836236934,-0.351393728222997,0.045993031358885,0.623693379790941,0.508536585365854,0.492508710801394,-0.314285714285714,-0.456968641114983,0.53588850174216,0.090418118466899,0.639024390243903,-0.71602787456446,-0.257317073170732,0.547909407665505,-0.397386759581882,-0.39581881533101,-0.468292682926829,0.666202090592335,0.652264808362369,0.496515679442509,-0.19198606271777,0.26411149825784,0.697909407665505,0.511846689895471,-0.282229965156794,-0.186933797909408,0.631010452961673,0.453484320557491,0.513066202090592,-0.444425087108014,0.367073170731707,0.577526132404181,0.596341463414634,0.300522648083624,0.113240418118467,0.550174216027875,-0.229442508710801,0.635365853658537,0.665679442508711,-0.506968641114983,0.541289198606272,0.432229965156795,0.65801393728223,0.541289198606272,-0.122648083623693,0.521254355400697,0.433275261324042,0.086411149825784,0.277526132404181,0.636759581881533,0.459407665505227,0.284320557491289,0.544076655052265,0.0662020905923345,0.161324041811847,0.527351916376307,NA,0.683449477351917,0.452787456445993,-0.20418118466899,-0.0794425087108014,0.494076655052265,0.513937282229965,0.472648083623693,0.193379790940767,0.425783972125436,0.0857142857142857,-0.109059233449477,0.271602787456446,0.405923344947735,0.388850174216028,0.625261324041812,0.38205574912892,0.387108013937282,0.306271777003484,0.482578397212544,0.540418118466899,0.226480836236934,0.514634146341463,0.0263066202090592,-0.32787456445993,-0.0573170731707317
OTU_251,-0.294599303135889,-0.200871080139373,-0.0693379790940767,-0.537282229965157,0.384146341463415,-0.528048780487805,-0.481707317073171,-0.313763066202091,0.0533101045296167,-0.561498257839721,-0.105226480836237,0.435191637630662,0.463763066202091,-0.16411149825784,-0.59616724738676,-0.343031358885018,0.100522648083624,-0.298954703832753,-0.20993031358885,-0.61794425087108,-0.116376306620209,-0.368292682926829,0.340418118466899,-0.313066202090592,0.461498257839721,0.0989547038327526,-0.310627177700349,0.308885017421603,0.615331010452962,-0.162543554006969,-0.405923344947735,-0.136236933797909,0.148780487804878,-0.127526132404181,0.128919860627178,-0.566898954703833,0.0806620209059234,-0.130487804878049,-0.090418118466899,-0.0209059233449477,0.408885017421603,-0.621777003484321,0.327003484320558,-0.480487804878049,-0.55993031358885,-0.116550522648084,0.666202090592335,-0.313240418118467,-0.288501742160279,-0.0958188153310105,-0.36411149825784,-0.586933797909408,0.637979094076655,-0.598257839721254,0.0963414634146342,0.506794425087108,0.440418118466899,0.62787456445993,0.219163763066202,0.500174216027875,-0.0155052264808362,-0.348780487804878,-0.619512195121951,-0.0266550522648084,0.570731707317073,-0.362717770034843,-0.377003484320558,-0.0817073170731707,0.125783972125436,0.219337979094077,0.357491289198606,-0.136062717770035,-0.323344947735192,0.0123693379790941,-0.513414634146342,-0.124738675958188,-0.273170731707317,0.00801393728222997,0.356445993031359,0.106794425087108,0.0696864111498258,0.0374564459930314,-0.364982578397213,0.000871080139372823,0.681707317073171,0.339895470383275,-0.464982578397213,0.63397212543554,-0.195818815331011,-0.0555749128919861,-0.440243902439024,-0.443205574912892,-0.30418118466899,0.379616724738676,0.0846689895470383,0.108362369337979,0.592682926829268,0.501742160278746,-0.240592334494774,0.0979094076655053,-0.168466898954704,-0.490766550522648,-0.11602787456446,0.507317073170732,0.192682926829268,0.572648083623693,0.218292682926829,-0.381010452961673,0.524216027874565,0.0977351916376307,-0.184494773519164,0.630313588850174,-0.209581881533101,0.043205574912892,0.250522648083624,-0.337804878048781,-0.173519163763066,-0.205923344947735,0.510278745644599,0.697212543554007,-0.303658536585366,0.370034843205575,-0.487108013937282,-0.290940766550523,0.356620209059233,-0.202961672473868,-0.010801393728223,0.528571428571429,-0.223170731707317,0.534320557491289,0.627700348432056,0.676306620209059,0.46602787456446,0.623693379790941,0.0123693379790941,0.0700348432055749,0.149651567944251,0.391114982578397,0.552613240418119,-0.464634146341463,0.266898954703833,-0.0902439024390244,-0.408710801393728,0.562543554006969,-0.427003484320558,0.202787456445993,0.582578397212544,0.495296167247387,0.683623693379791,-0.237630662020906,-0.438327526132404,0.484494773519164,0.147560975609756,0.680487804878049,-0.58397212543554,-0.113240418118467,0.59425087108014,0.1301393728223,-0.440243902439024,-0.42020905923345,0.645470383275261,0.621428571428572,0.504355400696864,-0.277177700348432,0.000348432055749129,0.611324041811847,0.615156794425087,-0.467770034843206,-0.227526132404181,0.599651567944251,0.387282229965157,0.575783972125436,-0.318118466898955,0.216550522648084,0.721602787456446,0.649651567944251,0.310452961672474,0.156794425087108,0.576655052264809,-0.120383275261324,0.618292682926829,0.534843205574913,-0.423693379790941,0.539721254355401,0.473344947735192,0.698954703832753,0.661149825783972,0.181010452961673,0.454878048780488,0.348954703832753,0.411149825783972,0.306620209059233,0.650871080139373,0.373170731707317,0.404355400696864,0.43205574912892,-0.000522648083623693,-0.0966898954703833,0.591463414634146,0.683449477351917,NA,0.573170731707317,-0.122996515679443,0.0763066202090592,0.775087108013937,0.241463414634146,0.395644599303136,0.432926829268293,0.471254355400697,0.292682926829268,-0.0885017421602788,0.177700348432056,0.492334494773519,0.36411149825784,0.556271777003484,0.493728222996516,0.381707317073171,0.171777003484321,0.378397212543554,0.552787456445993,0.385714285714286,0.523867595818815,0.00958188153310105,-0.33397212543554,-0.291463414634146
OTU_255,-0.14390243902439,-0.371428571428571,0.0979094076655053,-0.40609756097561,0.0686411149825784,-0.507839721254356,-0.634494773519164,-0.379442508710801,0.178571428571429,-0.539895470383275,-0.374912891986063,0.573867595818815,0.337804878048781,-0.18397212543554,-0.670383275261324,-0.581010452961673,0.158536585365854,-0.387804878048781,-0.371080139372822,-0.499303135888502,-0.148432055749129,-0.165331010452962,0.405923344947735,-0.407839721254355,0.342857142857143,0.0355400696864112,-0.30801393728223,0.385191637630662,0.746864111498258,0.0489547038327526,-0.648606271777004,-0.378919860627178,0.0418118466898955,-0.00348432055749129,-0.194425087108014,-0.613588850174216,0.152787456445993,0.0768292682926829,-0.21411149825784,-0.0717770034843206,0.654529616724739,-0.437456445993031,0.225609756097561,-0.432752613240418,-0.563763066202091,-0.010801393728223,0.814634146341464,-0.144773519163763,-0.309233449477352,-0.132229965156794,-0.663240418118467,-0.518641114982578,0.754355400696864,-0.548780487804878,0.00557491289198606,0.558710801393728,0.504878048780488,0.650522648083624,0.241811846689896,0.497038327526133,-0.0682926829268293,-0.209059233449477,-0.40418118466899,-0.238501742160279,0.318466898954704,-0.189372822299652,-0.33397212543554,-0.0573170731707317,0.130313588850174,0.163588850174216,0.296515679442509,-0.217421602787456,-0.468466898954704,-0.253310104529617,-0.487282229965157,-0.0505226480836237,-0.228571428571429,0.233275261324042,0.236062717770035,0.210452961672474,0.0846689895470383,0.0759581881533101,-0.490592334494774,-0.0285714285714286,0.698432055749129,0.317247386759582,-0.568466898954704,0.511324041811847,-0.35609756097561,-0.129094076655052,-0.468466898954704,-0.545993031358885,-0.182926829268293,0.369337979094077,0.0506968641114983,0.286933797909408,0.570731707317073,0.569337979094077,-0.352613240418119,-0.25191637630662,-0.388327526132404,-0.393728222996516,-0.0576655052264808,0.304529616724739,0.131707317073171,0.512020905923345,0.107665505226481,-0.425261324041812,0.571254355400697,-0.0106271777003484,-0.285365853658537,0.551393728222997,-0.355574912891986,0.0552264808362369,0.625087108013937,-0.523693379790941,0.0747386759581882,0.0226480836236934,0.569512195121951,0.769512195121951,-0.181533101045296,0.368989547038328,-0.389198606271777,-0.287108013937282,0.388850174216028,0.0350174216027875,0.103484320557491,0.587804878048781,-0.0947735191637631,0.616550522648084,0.448432055749129,0.665156794425087,0.509059233449477,0.565505226480836,-0.200174216027875,0.268641114982578,0.0613240418118467,0.439198606271777,0.722996515679443,-0.465679442508711,0.26794425087108,-0.0111498257839721,-0.196341463414634,0.521951219512195,-0.405400696864112,0.33588850174216,0.718641114982579,0.560627177700349,0.446864111498258,-0.278919860627178,-0.37822299651568,0.397909407665505,0.267073170731707,0.618641114982579,-0.413763066202091,-0.179094076655052,0.614808362369338,0.101219512195122,-0.440592334494774,-0.489024390243903,0.603484320557491,0.612543554006969,0.436411149825784,-0.334146341463415,0.230662020905923,0.536062717770035,0.539721254355401,-0.354703832752613,-0.180662020905923,0.573170731707317,0.404878048780488,0.559233449477352,-0.281707317073171,0.261149825783972,0.51411149825784,0.583623693379791,0.411498257839721,0.0794425087108014,0.418466898954704,-0.00853658536585366,0.592160278745645,0.505574912891986,-0.378571428571429,0.67404181184669,0.540418118466899,0.673170731707317,0.816202090592335,0.319163763066202,0.447735191637631,0.507142857142857,0.367595818815331,0.212543554006969,0.590766550522648,0.386933797909408,0.370557491289199,0.355749128919861,0.0430313588850174,-0.0552264808362369,0.553135888501742,0.452787456445993,0.573170731707317,NA,0.0766550522648084,-0.126829268292683,0.553310104529617,0.132404181184669,0.446341463414634,0.29390243902439,0.331184668989547,0.269337979094077,0.0609756097560976,0.582752613240418,0.654355400696864,0.531010452961673,0.63815331010453,0.535017421602788,0.423867595818815,0.276132404181185,0.559059233449477,0.587979094076655,0.450348432055749,0.510627177700349,0.125783972125436,-0.0393728222996516,-0.222648083623693
OTU_256,-0.068815331010453,0.425087108013937,-0.359407665505227,0.486062717770035,-0.118466898954704,0.113588850174216,0.247909407665505,0.42787456445993,0.227177700348432,0.349477351916376,0.22212543554007,-0.441637630662021,0.162369337979094,0.0137630662020906,0.14198606271777,0.272648083623693,-0.382404181184669,0.164459930313589,0.210627177700348,0.329790940766551,-0.243554006968641,0.370557491289199,-0.266550522648084,0.486062717770035,-0.123693379790941,0.184668989547038,0.230662020905923,-0.151742160278746,0.00418118466898955,0.459581881533101,0.379965156794425,0.288501742160279,0.326132404181185,-0.120731707317073,-0.155400696864112,0.313588850174216,0.205574912891986,0.547735191637631,-0.185017421602788,-0.0182926829268293,-0.183101045296167,-0.0590592334494774,-0.373519163763066,0.338850174216028,0.382578397212544,0.333623693379791,-0.154529616724739,-0.0222996515679443,0.529965156794425,0.235714285714286,0.110975609756098,0.39006968641115,-0.175783972125436,0.289547038327526,0.203310104529617,-0.49390243902439,-0.334320557491289,-0.387804878048781,-0.35609756097561,-0.430662020905923,0.313414634146342,0.431881533101045,0.413763066202091,-0.301742160278746,-0.0813588850174216,0.469163763066202,0.190418118466899,0.451393728222997,-0.339372822299652,-0.228397212543554,-0.509756097560976,0.458885017421603,-0.156794425087108,0.181358885017422,0.409059233449477,-0.110801393728223,0.260104529616725,0.560975609756098,-0.122299651567944,-0.114982578397213,0.0155052264808362,0.426829268292683,0.0348432055749129,-0.0456445993031359,-0.0968641114982579,-0.290592334494774,0.45609756097561,-0.293031358885017,0.240243902439024,0.457317073170732,0.302787456445993,0.318815331010453,0.557142857142857,-0.358710801393728,-0.23205574912892,-0.182229965156794,-0.328919860627178,-0.259756097560976,0.334494773519164,0.18397212543554,0.397038327526132,0.269163763066202,0.508188153310105,-0.139372822299652,-0.210975609756098,-0.334320557491289,-0.260278745644599,-0.374564459930314,-0.34006968641115,-0.130836236933798,-0.163240418118467,-0.460975609756098,0.072822299651568,-0.0233449477351916,-0.0400696864111498,0.0587108013937282,0.140243902439024,0.620905923344948,-0.410801393728223,-0.223693379790941,0.2801393728223,-0.17595818815331,-0.140592334494774,0.23815331010453,0.280313588850174,0.120034843205575,0.350696864111498,-0.299825783972126,0.447386759581882,-0.272822299651568,0.194947735191638,-0.283449477351916,-0.414459930313589,-0.41411149825784,0.0994773519163763,-0.0813588850174216,-0.521080139372822,0.0867595818815331,-0.270383275261324,0.127351916376307,-0.371080139372822,0.362543554006969,0.390592334494774,-0.340592334494774,0.434320557491289,-0.134494773519164,-0.345470383275261,-0.370034843205575,-0.129094076655052,0.245993031358885,0.293031358885017,-0.331707317073171,-0.245993031358885,-0.367421602787457,0.202613240418119,0.271602787456446,-0.426306620209059,0.318989547038328,0.345993031358885,0.0331010452961673,-0.347038327526132,-0.20993031358885,-0.400174216027875,0.201742160278746,-0.112020905923345,-0.154878048780488,-0.287630662020906,0.225435540069686,0.213588850174216,-0.409059233449477,-0.281358885017422,-0.39390243902439,0.142160278745645,0.188675958188153,-0.293379790940767,-0.225435540069686,-0.234843205574913,-0.230662020905923,-0.440940766550523,-0.0564459930313589,-0.282578397212544,-0.324216027874564,0.351393728222997,-0.391637630662021,-0.263066202090592,-0.263588850174216,-0.100871080139373,-0.128919860627178,-0.328745644599303,-0.385365853658537,0.0956445993031359,-0.227003484320558,-0.217421602787456,-0.240243902439024,-0.341637630662021,-0.358188153310105,0.506271777003484,-0.0332752613240418,-0.298257839721254,-0.20418118466899,-0.122996515679443,0.0766550522648084,NA,0.090418118466899,0.0360627177700348,-0.385714285714286,-0.193379790940767,-0.154529616724739,-0.378571428571429,-0.0454703832752613,0.0139372822299652,-0.0691637630662021,-0.259756097560976,-0.282404181184669,-0.159756097560976,-0.0130662020905923,-0.236236933797909,-0.144425087108014,-0.221602787456446,-0.144773519163763,-0.431358885017422,-0.16602787456446,-0.394425087108014,0.129268292682927,-0.199128919860627
OTU_257,-0.400696864111498,0.389372822299652,-0.189721254355401,0.140940766550523,0.360278745644599,-0.0317073170731707,0.223344947735192,0.379442508710801,0.094425087108014,0.17595818815331,0.183797909407666,-0.321254355400697,0.290592334494774,-0.260278745644599,0.150696864111498,0.215331010452962,-0.0782229965156795,0.0162020905923345,-0.142682926829268,0.0738675958188153,0.0172473867595819,-0.206968641114983,-0.276829268292683,-0.000174216027874565,0.226132404181185,0.276132404181185,-0.139721254355401,-0.189372822299652,-0.14390243902439,-0.047212543554007,0.160278745644599,0.195993031358885,0.0773519163763066,-0.209581881533101,0.062020905923345,0.0597560975609756,-0.0168989547038328,0.086411149825784,0.0735191637630662,-0.235714285714286,-0.194947735191638,-0.0662020905923345,0.0780487804878049,0.297386759581882,0.000348432055749129,-0.217073170731707,-0.1,-0.162891986062718,0.11219512195122,0.186759581881533,0.0979094076655053,-0.0545296167247387,-0.0979094076655053,0.0987804878048781,-0.051219512195122,-0.0428571428571429,-0.158362369337979,0.0313588850174216,-0.0639372822299652,0.0165505226480836,0.113414634146341,-0.249477351916376,-0.052787456445993,0.337979094076655,0.078397212543554,0.11219512195122,-0.0442508710801394,0.146689895470383,0.063588850174216,0.219163763066202,-0.240418118466899,0.194076655052265,0.231010452961672,0.130836236933798,-0.151219512195122,-0.214808362369338,-0.234320557491289,-0.0569686411149826,-0.0468641114982578,-0.158536585365854,-0.309756097560976,0.18397212543554,0.0341463414634146,-0.0501742160278746,0.0170731707317073,-0.176132404181185,0.341811846689896,0.0418118466898955,-0.226829268292683,0.351393728222997,0.136759581881533,-0.139895470383275,0.0883275261324042,-0.292508710801394,-0.0437282229965157,0.294947735191638,-0.0907665505226481,-0.189372822299652,0.0254355400696864,0.331707317073171,-0.0491289198606272,0.0526132404181185,0.15191637630662,0.0179442508710801,0.0595818815331011,-0.0282229965156794,0.281184668989547,-0.157665505226481,-0.159059233449477,-0.150522648083624,0.0439024390243902,-0.100174216027875,-0.149477351916376,-0.163240418118467,-0.0757839721254356,0.0083623693379791,-0.10383275261324,0.0304878048780488,-0.1198606271777,-0.143205574912892,-0.138675958188153,0.477177700348432,-0.198954703832753,-0.134320557491289,0.04198606271777,0.419337979094077,0.043205574912892,-0.208885017421603,0.215853658536585,-0.15191637630662,0.0853658536585366,-0.133101045296167,-0.150522648083624,-0.0874564459930314,0.0461672473867596,0.351742160278746,-0.0993031358885018,0.0768292682926829,-0.230313588850174,-0.00435540069686411,-0.332229965156794,0.102961672473868,0.221254355400697,-0.133797909407666,0.0353658536585366,0.258710801393728,-0.160278745644599,-0.196515679442509,-0.00278745644599303,0.217595818815331,-0.0508710801393728,-0.213066202090592,-0.314459930313589,-0.0228222996515679,0.206271777003484,0.276480836236934,-0.163414634146341,0.45418118466899,0.1301393728223,0.167421602787456,-0.167421602787456,0.0458188153310105,-0.197038327526132,-0.0700348432055749,0.0433797909407666,-0.133623693379791,-0.155749128919861,0.211498257839721,0.0604529616724739,-0.139024390243902,-0.235365853658537,-0.154878048780488,0.00662020905923345,0.0733449477351917,0.0397212543554007,-0.0473867595818815,-0.117770034843206,0.020383275261324,-0.0933797909407666,-0.0609756097560976,-0.231533101045296,-0.10383275261324,0.167073170731707,-0.15993031358885,-0.13780487804878,-0.0498257839721254,-0.0961672473867596,0.290940766550523,-0.200348432055749,-0.0989547038327526,0.146515679442509,-0.108188153310105,-0.128222996515679,-0.391463414634146,-0.0937282229965157,-0.110975609756098,0.185365853658537,-0.227526132404181,-0.108188153310105,-0.0794425087108014,0.0763066202090592,-0.126829268292683,0.090418118466899,NA,0.129616724738676,-0.220557491289199,-0.199477351916376,-0.0106271777003484,-0.0637630662020906,0.0146341463414634,0.253135888501742,0.0146341463414634,-0.117770034843206,0.0102787456445993,-0.165505226480836,0.115505226480836,0.0407665505226481,-0.358188153310105,-0.165331010452962,-0.064808362369338,0.128745644599303,0.0381533101045296,-0.22787456445993,0.151393728222997,-0.0292682926829268
OTU_261,-0.221254355400697,-0.153310104529617,-0.135365853658537,-0.413066202090592,0.3198606271777,-0.463588850174216,-0.396689895470383,-0.269163763066202,0.062020905923345,-0.529616724738676,-0.109059233449477,0.359233449477352,0.347560975609756,-0.0475609756097561,-0.582926829268293,-0.286236933797909,0.0916376306620209,-0.29198606271777,-0.229965156794425,-0.576829268292683,0.0526132404181185,-0.338327526132404,0.309581881533101,-0.3,0.590243902439025,0.238850174216028,-0.229094076655052,0.44006968641115,0.55993031358885,-0.0735191637630662,-0.372822299651568,-0.082404181184669,0.0508710801393728,-0.113763066202091,-0.0454703832752613,-0.518641114982578,0.0250871080139373,-0.141289198606272,0.033623693379791,-0.0745644599303136,0.357665505226481,-0.502961672473868,0.49808362369338,-0.418815331010453,-0.465156794425087,-0.149303135888502,0.656620209059234,-0.271777003484321,-0.357142857142857,-0.0773519163763066,-0.295296167247387,-0.507491289198606,0.650348432055749,-0.540766550522648,0.0318815331010453,0.488501742160279,0.404703832752613,0.602090592334495,0.237282229965157,0.489895470383275,0.100348432055749,-0.248432055749129,-0.550174216027875,-0.000174216027874565,0.506794425087108,-0.272822299651568,-0.35609756097561,-0.0531358885017422,0.0773519163763066,0.207491289198606,0.212891986062718,-0.289721254355401,-0.394250871080139,-0.0285714285714286,-0.392334494773519,-0.0179442508710801,-0.424912891986063,0.120034843205575,0.291289198606272,0.194076655052265,0.249303135888502,0.0900696864111498,-0.269337979094077,0.0426829268292683,0.533449477351917,0.304878048780488,-0.476829268292683,0.587630662020906,-0.227177700348432,-0.0918118466898955,-0.340766550522648,-0.382926829268293,-0.314982578397213,0.333101045296167,0.032404181184669,0.227351916376307,0.633797909407666,0.452090592334495,-0.176829268292683,0.0252613240418119,-0.104355400696864,-0.405574912891986,-0.215679442508711,0.505574912891986,0.282404181184669,0.601219512195122,0.275609756097561,-0.517595818815331,0.592508710801394,0.0763066202090592,-0.277700348432056,0.512020905923345,-0.292857142857143,0.0702090592334495,0.260452961672474,-0.295818815331011,-0.169163763066202,-0.0916376306620209,0.519163763066202,0.661498257839721,-0.263066202090592,0.34616724738676,-0.365331010452962,-0.241463414634146,0.291637630662021,-0.0789198606271777,0.0592334494773519,0.536236933797909,-0.0925087108013938,0.413414634146342,0.637282229965157,0.65801393728223,0.413066202090592,0.551567944250871,-0.052787456445993,0.220905923344948,-0.0641114982578397,0.421254355400697,0.543205574912892,-0.39198606271777,0.186759581881533,-0.104703832752613,-0.263414634146341,0.598257839721254,-0.328397212543554,0.318989547038328,0.485714285714286,0.494773519163763,0.575783972125436,0.0670731707317073,-0.434320557491289,0.507665505226481,0.13397212543554,0.585714285714286,-0.450696864111498,-0.0707317073170732,0.57822299651568,0.200696864111498,-0.584146341463415,-0.29808362369338,0.541289198606272,0.57822299651568,0.476829268292683,-0.245993031358885,0.0439024390243902,0.538675958188153,0.641811846689896,-0.275435540069686,-0.102090592334495,0.518815331010453,0.345993031358885,0.618292682926829,-0.363937282229965,0.327526132404181,0.683275261324042,0.681707317073171,0.462717770034843,0.142857142857143,0.547735191637631,-0.0526132404181185,0.560278745644599,0.555923344947735,-0.316724738675958,0.566376306620209,0.352090592334495,0.650522648083624,0.608710801393728,0.157142857142857,0.411149825783972,0.290243902439024,0.525783972125436,0.28815331010453,0.605574912891986,0.347560975609756,0.292334494773519,0.450348432055749,0.141114982578397,-0.0966898954703833,0.635540069686411,0.494076655052265,0.775087108013937,0.553310104529617,0.0360627177700348,0.129616724738676,NA,0.0634146341463415,0.457142857142857,0.477700348432056,0.512020905923345,0.344773519163763,0.200348432055749,0.265156794425087,0.626306620209059,0.430662020905923,0.481010452961673,0.494250871080139,0.435365853658537,0.0749128919860627,0.405574912891986,0.568292682926829,0.511498257839721,0.49616724738676,0.181184668989547,-0.365505226480836,-0.205400696864112
OTU_267,0.231010452961672,-0.467770034843206,0.334320557491289,-0.741463414634147,0.252439024390244,-0.0588850174216028,-0.405400696864112,-0.449825783972126,-0.430313588850174,-0.577526132404181,0.167247386759582,0.631010452961673,0.00383275261324042,0.340940766550523,-0.482578397212544,-0.431358885017422,0.496515679442509,-0.113414634146341,0.345296167247387,-0.466898954703833,0.0989547038327526,-0.175261324041812,0.558885017421603,-0.201393728222997,-0.0696864111498258,-0.554006968641115,-0.476655052264808,0.0601045296167248,0.199303135888502,-0.672822299651568,-0.166898954703833,-0.19808362369338,0.0639372822299652,0.270034843205575,0.495818815331011,-0.347560975609756,-0.241637630662021,-0.35418118466899,-0.183449477351916,0.406445993031359,-0.00400696864111498,-0.195121951219512,0.107839721254355,-0.5698606271777,-0.492334494773519,0.0444250871080139,0.302961672473868,0.0703832752613241,-0.285365853658537,-0.197909407665505,-0.0132404181184669,-0.485540069686411,0.367247386759582,-0.597386759581882,-0.129442508710801,0.260278745644599,0.498954703832753,0.501393728222997,0.308536585365854,0.318292682926829,-0.221777003484321,-0.187630662020906,-0.653135888501742,-0.126829268292683,0.144773519163763,-0.591811846689896,-0.552439024390244,-0.440766550522648,0.211149825783972,-0.0965156794425087,0.423344947735192,-0.26794425087108,0.166202090592335,0.359233449477352,-0.487282229965157,0.216898954703833,-0.224564459930314,-0.406794425087108,0.090418118466899,0.165331010452962,0.00696864111498258,-0.403310104529617,0.0273519163763066,0.0829268292682927,0.42404181184669,0.673867595818816,-0.468466898954704,0.544425087108014,-0.154006968641115,-0.52787456445993,-0.46602787456446,-0.0545296167247387,-0.50609756097561,0.557491289198606,0.411498257839721,-0.276655052264808,0.423170731707317,0.559407665505227,-0.413240418118467,0.4,-0.0433797909407666,-0.613763066202091,-0.200174216027875,0.228397212543554,0.0764808362369338,0.391114982578397,0.158362369337979,0.401393728222997,0.402961672473868,0.60418118466899,0.279442508710801,0.537630662020906,0.491289198606272,0.346689895470383,-0.128919860627178,0.0989547038327526,-0.345121951219512,-0.489198606271777,0.418815331010453,0.40191637630662,-0.21411149825784,0.307839721254355,0.0998257839721255,-0.466724738675958,-0.334146341463415,-0.595644599303136,-0.599651567944251,0.523344947735192,-0.752090592334495,0.46602787456446,0.0508710801393728,0.409059233449477,0.463937282229965,0.458536585365854,0.448780487804878,-0.149651567944251,0.648432055749129,-0.0355400696864112,0.474912891986063,-0.412891986062718,0.647909407665505,-0.579094076655052,-0.685540069686411,0.532578397212544,-0.291114982578397,-0.147038327526132,0.389372822299652,0.535191637630662,0.247909407665505,-0.280836236933798,-0.537630662020906,0.631010452961673,0.407839721254355,0.485017421602787,-0.666376306620209,-0.48205574912892,0.459581881533101,-0.513937282229965,-0.258885017421603,-0.45,0.495993031358885,0.483797909407666,0.583623693379791,0.308710801393728,-0.0872822299651568,0.427351916376307,0.411324041811847,-0.508536585365854,-0.305052264808362,0.540766550522648,0.471080139372822,0.415505226480836,-0.390592334494774,0.214634146341463,0.338850174216028,0.450348432055749,0.243205574912892,0.463414634146342,0.522996515679443,0.155226480836237,0.510104529616725,0.564459930313589,-0.665679442508711,0.412020905923345,0.224390243902439,0.47404181184669,0.283275261324042,-0.402961672473868,0.541114982578397,0.168466898954704,0.0489547038327526,0.548780487804878,0.410278745644599,0.576132404181185,0.151045296167247,0.572299651567944,-0.38397212543554,0.550522648083624,0.49390243902439,0.513937282229965,0.241463414634146,0.132404181184669,-0.385714285714286,-0.220557491289199,0.0634146341463415,NA,0.234494773519164,0.34808362369338,0.471777003484321,-0.107491289198606,-0.163763066202091,-0.013588850174216,0.335714285714286,0.243205574912892,0.376829268292683,0.00592334494773519,0.185540069686411,0.0642857142857143,0.368292682926829,0.257142857142857,0.219163763066202,0.285017421602787,0.259581881533101,-0.338501742160279,-0.131358885017422
OTU_269,0.0259581881533101,-0.434320557491289,-0.00383275261324042,-0.369686411149826,0.12020905923345,-0.3301393728223,-0.397735191637631,-0.385365853658537,0.139372822299652,-0.405226480836237,-0.415679442508711,0.512020905923345,-0.107317073170732,0.246341463414634,-0.458710801393728,-0.45993031358885,0.104878048780488,-0.415331010452962,-0.149825783972125,-0.540766550522648,0.365156794425087,-0.0993031358885018,0.471080139372822,-0.242857142857143,0.406620209059234,0.10609756097561,-0.28397212543554,0.420557491289199,0.43588850174216,-0.111324041811847,-0.566898954703833,-0.297735191637631,-0.383101045296167,-0.0200348432055749,0.0292682926829268,-0.435017421602788,0.200871080139373,-0.14581881533101,-0.131184668989547,0.1198606271777,0.439024390243903,-0.394947735191638,0.27212543554007,-0.592334494773519,-0.342857142857143,0.0592334494773519,0.519512195121951,-0.232229965156795,-0.305923344947735,-0.286759581881533,-0.431533101045296,-0.368989547038328,0.53815331010453,-0.312020905923345,0.195296167247387,0.491463414634147,0.488675958188153,0.499303135888502,0.266724738675958,0.503310104529617,0.112717770034843,-0.164459930313589,-0.456968641114983,-0.13397212543554,0.492160278745645,-0.417247386759582,-0.104529616724739,-0.127003484320558,-0.0344947735191638,0.19616724738676,0.481358885017422,-0.419163763066202,-0.464808362369338,-0.349825783972126,-0.368466898954704,0.0651567944250871,-0.035191637630662,0.0209059233449477,0.460627177700349,0.113763066202091,0.316550522648084,-0.0538327526132404,-0.256794425087108,0.0698606271777004,0.431881533101045,0.480313588850174,-0.646341463414634,0.342508710801394,-0.259756097560976,-0.348432055749129,-0.29198606271777,-0.26411149825784,-0.338850174216028,0.432404181184669,0.100174216027875,0.0578397212543554,0.473170731707317,0.539024390243902,-0.0935540069686411,-0.275435540069686,-0.209233449477352,-0.373519163763066,-0.455749128919861,0.264285714285714,0.0736933797909408,0.522648083623694,-0.170557491289199,-0.0705574912891986,0.64198606271777,0.203658536585366,-0.363763066202091,0.555052264808363,-0.254878048780488,0.279965156794425,0.233275261324042,-0.309233449477352,-0.234320557491289,-0.144076655052265,0.56411149825784,0.450696864111498,-0.177177700348432,0.127351916376307,-0.272822299651568,-0.00644599303135889,-0.109756097560976,-0.215505226480836,-0.178222996515679,0.592508710801394,-0.279442508710801,0.416550522648084,0.128048780487805,0.569163763066202,0.494076655052265,0.548954703832753,-0.1698606271777,-0.0125435540069686,0.246689895470383,-0.158362369337979,0.614634146341464,-0.393728222996516,0.250871080139373,-0.395121951219512,-0.352787456445993,0.624912891986063,-0.0702090592334495,0.0444250871080139,0.554878048780488,0.557839721254355,0.338850174216028,-0.151219512195122,-0.303310104529617,0.537282229965157,0.275609756097561,0.460452961672474,-0.312543554006969,-0.162891986062718,0.605226480836237,-0.247560975609756,-0.511149825783972,-0.179965156794425,0.595644599303136,0.545818815331011,0.490418118466899,-0.242334494773519,0.0412891986062718,0.376480836236934,0.592334494773519,-0.301045296167247,-0.120034843205575,0.636062717770035,0.456620209059234,0.558188153310105,-0.459407665505227,0.145121951219512,0.401742160278746,0.599477351916376,0.495644599303136,0.161498257839721,0.563414634146342,-0.179965156794425,0.607839721254355,0.6301393728223,-0.371254355400697,0.651045296167247,0.543554006968641,0.54390243902439,0.424564459930314,0.145121951219512,0.543031358885018,0.63397212543554,-0.0257839721254355,0.321080139372822,0.657491289198606,0.470557491289199,0.515679442508711,0.442682926829268,-0.0857142857142857,-0.101219512195122,0.601393728222997,0.472648083623693,0.395644599303136,0.446341463414634,-0.193379790940767,-0.199477351916376,0.457142857142857,0.234494773519164,NA,0.196341463414634,0.229616724738676,0.224912891986063,0.0277003484320558,0.548780487804878,0.581707317073171,0.441637630662021,0.542160278745645,0.366724738675958,0.441811846689896,0.261672473867596,0.648780487804878,0.445470383275261,0.354355400696864,0.478745644599303,0.373867595818815,-0.272473867595819,-0.00714285714285714
OTU_271,-0.117770034843206,-0.235365853658537,0.172299651567944,-0.506445993031359,0.197212543554007,-0.141637630662021,-0.247735191637631,-0.398606271777004,-0.187282229965157,-0.621951219512195,0.321951219512195,0.359581881533101,0.283623693379791,0.229094076655052,-0.528919860627178,-0.268641114982578,0.496341463414634,0.126829268292683,0.213066202090592,-0.551219512195122,-0.00139372822299652,-0.39616724738676,0.36219512195122,-0.223519163763066,0.280487804878049,-0.0566202090592335,-0.167073170731707,0.278048780487805,0.157142857142857,-0.336062717770035,-0.0865853658536586,-0.0940766550522648,0.241114982578397,0.0747386759581882,-0.0111498257839721,-0.332404181184669,-0.094425087108014,-0.309407665505227,-0.0721254355400697,0.0759581881533101,-0.0782229965156795,-0.214459930313589,0.47595818815331,-0.310104529616725,-0.285540069686411,-0.0604529616724739,0.406620209059234,-0.0116724738675958,-0.475435540069686,-0.197909407665505,0.147386759581882,-0.400174216027875,0.308710801393728,-0.598432055749129,-0.42020905923345,0.232926829268293,0.312369337979094,0.528571428571429,0.220034843205575,0.208536585365854,-0.09198606271777,-0.23815331010453,-0.440592334494774,0.112891986062718,0.323170731707317,-0.373693379790941,-0.535540069686411,-0.291463414634146,0.16219512195122,-0.174390243902439,0.0445993031358885,-0.335017421602788,0.0264808362369338,0.414634146341464,-0.278919860627178,0.145470383275261,-0.195296167247387,-0.25418118466899,0.127003484320558,0.105923344947735,0.0766550522648084,-0.186236933797909,-0.00487804878048781,0.0578397212543554,0.276829268292683,0.393205574912892,-0.352264808362369,0.557142857142857,-0.326829268292683,-0.177526132404181,-0.19808362369338,-0.0827526132404181,-0.384843205574913,0.334320557491289,0.0562717770034843,0.0515679442508711,0.464634146341463,0.247560975609756,-0.214982578397213,0.248780487804878,-0.00975609756097561,-0.377526132404181,-0.171777003484321,0.292682926829268,0.439024390243903,0.430836236933798,0.41794425087108,-0.132926829268293,0.411149825783972,0.251219512195122,0.0168989547038328,0.286585365853659,0.0628919860627178,0.340592334494774,0.028397212543554,0.0461672473867596,-0.2301393728223,-0.333275261324042,0.408362369337979,0.413588850174216,-0.183449477351916,0.346515679442509,0.116898954703833,-0.498257839721254,0.0914634146341464,-0.261672473867596,-0.056794425087108,0.386062717770035,-0.285540069686411,0.389721254355401,0.476306620209059,0.453832752613241,0.271777003484321,0.428745644599303,0.32595818815331,0.20418118466899,0.193554006968641,0.536585365853659,0.336585365853659,-0.188850174216028,0.421080139372822,-0.193205574912892,-0.369163763066202,0.370731707317073,-0.409756097560976,0.240592334494774,0.326480836236934,0.498606271777004,0.509059233449477,0.086411149825784,-0.462369337979094,0.350174216027875,0.211672473867596,0.518466898954704,-0.350174216027875,-0.12020905923345,0.387456445993031,0.0235191637630662,-0.617247386759582,-0.356794425087108,0.321080139372822,0.344076655052265,0.357317073170732,0.086411149825784,-0.12787456445993,0.391463414634146,0.452787456445993,-0.294947735191638,-0.128745644599303,0.2698606271777,0.240766550522648,0.424390243902439,-0.145121951219512,0.361149825783972,0.5198606271777,0.377351916376307,0.23588850174216,0.247560975609756,0.430836236933798,0.0329268292682927,0.376829268292683,0.358885017421603,-0.299651567944251,0.399825783972126,-0.0616724738675958,0.372473867595819,0.464634146341463,-0.132752613240418,0.386411149825784,-0.0881533101045296,0.515679442508711,0.457839721254356,0.262369337979094,0.311149825783972,0.105749128919861,0.288327526132404,-0.232752613240418,0.16219512195122,0.517770034843206,0.193379790940767,0.432926829268293,0.29390243902439,-0.154529616724739,-0.0106271777003484,0.477700348432056,0.34808362369338,0.196341463414634,NA,0.770557491289199,0.100348432055749,0.120557491289199,0.183101045296167,0.481881533101045,0.131533101045296,0.287456445993031,0.123519163763066,0.109407665505227,-0.273519163763066,0.165505226480836,0.348780487804878,0.304529616724739,0.185365853658537,0.164982578397213,-0.244425087108014,-0.140766550522648
OTU_272,0.00749128919860627,-0.435017421602788,0.310104529616725,-0.663066202090593,0.175783972125436,-0.251567944250871,-0.423519163763066,-0.626480836236934,-0.277003484320558,-0.770034843205575,0.0912891986062718,0.56602787456446,0.150696864111498,0.240418118466899,-0.629442508710802,-0.430313588850174,0.560627177700349,0.00853658536585366,0.0376306620209059,-0.622299651567944,0.12404181184669,-0.453832752613241,0.49616724738676,-0.44616724738676,0.340592334494774,-0.0954703832752613,-0.31794425087108,0.33205574912892,0.26602787456446,-0.392682926829268,-0.327177700348432,-0.290243902439024,0.045993031358885,0.134494773519164,-0.0810104529616725,-0.567770034843206,-0.267595818815331,-0.412543554006969,-0.0695121951219512,0.164808362369338,0.0921602787456446,-0.156620209059233,0.61602787456446,-0.468815331010453,-0.484494773519164,-0.118641114982578,0.506445993031359,-0.0520905923344948,-0.698257839721255,-0.367595818815331,-0.00749128919860627,-0.516376306620209,0.472822299651568,-0.67404181184669,-0.462891986062718,0.45418118466899,0.419163763066202,0.644425087108014,0.367595818815331,0.378571428571429,-0.230487804878049,-0.307317073170732,-0.565505226480836,0.124912891986063,0.365156794425087,-0.484843205574913,-0.678048780487805,-0.452439024390244,0.229616724738676,-0.0831010452961673,0.20383275261324,-0.560278745644599,-0.013588850174216,0.229790940766551,-0.478745644599303,0.183449477351916,-0.353484320557491,-0.327351916376307,0.162891986062718,0.189721254355401,0.104878048780488,-0.267247386759582,-0.168641114982578,0.0101045296167247,0.374216027874565,0.47822299651568,-0.508710801393728,0.707317073170732,-0.288675958188153,-0.451742160278746,-0.327351916376307,-0.246515679442509,-0.594076655052265,0.515853658536585,0.194599303135889,0.141114982578397,0.59425087108014,0.411149825783972,-0.221951219512195,0.112891986062718,-0.0973867595818815,-0.444250871080139,-0.37822299651568,0.328397212543554,0.521777003484321,0.552613240418119,0.394599303135889,-0.118466898954704,0.5801393728223,0.250348432055749,-0.0630662020905924,0.489895470383275,-0.0329268292682927,0.336411149825784,0.135191637630662,-0.0186411149825784,-0.220557491289199,-0.421777003484321,0.497038327526133,0.59006968641115,-0.239895470383275,0.379442508710801,0.194599303135889,-0.629442508710802,-0.024390243902439,-0.22212543554007,-0.199651567944251,0.493031358885018,-0.447038327526133,0.478048780487805,0.387282229965157,0.589198606271777,0.476132404181185,0.610104529616725,0.156445993031359,0.224738675958188,0.33205574912892,0.534494773519164,0.482229965156795,-0.263240418118467,0.563763066202091,-0.340592334494774,-0.478571428571429,0.546515679442509,-0.622822299651568,0.363414634146342,0.453658536585366,0.636585365853659,0.600871080139373,0.0897212543554007,-0.562369337979094,0.559756097560976,0.31219512195122,0.656620209059234,-0.469512195121951,-0.261324041811847,0.529616724738676,-0.144250871080139,-0.656620209059234,-0.375435540069686,0.551045296167248,0.482752613240418,0.494250871080139,-0.0761324041811847,0.15609756097561,0.50383275261324,0.548257839721254,-0.393554006968641,-0.157665505226481,0.413937282229965,0.384843205574913,0.609407665505227,-0.232578397212544,0.349477351916376,0.722299651567944,0.462891986062718,0.426132404181185,0.201567944250871,0.55418118466899,0.131010452961672,0.506271777003484,0.522473867595819,-0.403135888501742,0.558885017421603,0.0536585365853659,0.560104529616725,0.56219512195122,-0.194250871080139,0.521080139372822,0.0890243902439025,0.384494773519164,0.43623693379791,0.3698606271777,0.439024390243903,0.206794425087108,0.525435540069687,-0.216550522648084,0.250348432055749,0.621777003484321,0.425783972125436,0.471254355400697,0.331184668989547,-0.378571428571429,-0.0637630662020906,0.512020905923345,0.471777003484321,0.229616724738676,0.770557491289199,NA,0.0601045296167248,0.0428571428571429,0.187804878048781,0.475435540069686,0.347735191637631,0.452787456445993,0.285365853658537,0.312891986062718,-0.0639372822299652,0.331358885017422,0.514634146341463,0.49006968641115,0.367770034843206,0.35,-0.121777003484321,-0.0195121951219512
OTU_276,-0.367770034843206,0.152090592334495,-0.368466898954704,-0.0491289198606272,0.161149825783972,0.0153310104529617,-0.217595818815331,0.163066202090592,0.437456445993031,0.0334494773519164,-0.336411149825784,0.0926829268292683,0.16602787456446,-0.208188153310105,-0.079616724738676,-0.222996515679443,-0.290592334494774,-0.525783972125436,-0.270731707317073,-0.149477351916376,0.135365853658537,0.107491289198606,0.141114982578397,-0.0378048780487805,0.333275261324042,0.407317073170732,-0.117595818815331,0.297735191637631,0.332926829268293,0.240766550522648,-0.27787456445993,0.0991289198606272,-0.113937282229965,0.0477351916376307,0.134668989547038,-0.0733449477351917,0.520731707317073,0.248257839721254,0.0113240418118467,-0.0104529616724739,0.197735191637631,-0.375087108013937,0.0195121951219512,-0.110452961672474,-0.308188153310105,-0.0378048780487805,0.335017421602788,-0.182404181184669,0.0238675958188153,0.232926829268293,-0.263240418118467,-0.383797909407666,0.356620209059233,-0.157317073170732,0.241463414634146,0.4198606271777,0.317595818815331,0.184494773519164,0.261672473867596,0.476306620209059,0.156968641114983,-0.0590592334494774,-0.203135888501742,-0.00139372822299652,0.38397212543554,0.0587108013937282,0.0480836236933798,0.338501742160279,0.223170731707317,0.541114982578397,0.0222996515679443,0.0780487804878049,-0.437282229965157,-0.270731707317073,-0.204355400696864,-0.0691637630662021,-0.109233449477352,0.271777003484321,0.264285714285714,0.197735191637631,0.11411149825784,0.25191637630662,0.00592334494773519,0.244947735191638,0.395121951219512,0.060801393728223,-0.20418118466899,0.119163763066202,-0.115156794425087,0.0731707317073171,-0.300174216027875,-0.234494773519164,0.0787456445993032,0.158362369337979,-0.212543554006969,0.146341463414634,0.239198606271777,0.267770034843206,-0.0630662020905924,-0.231533101045296,-0.399825783972126,-0.109059233449477,-0.0531358885017422,0.35993031358885,-0.286759581881533,0.335017421602788,-0.0181184668989547,-0.196864111498258,0.145121951219512,-0.0616724738675958,-0.0224738675958188,0.358710801393728,-0.215505226480836,-0.0923344947735192,0.147212543554007,-0.572822299651568,-0.0806620209059234,0.277003484320558,0.330313588850174,0.252439024390244,-0.372822299651568,-0.0247386759581882,-0.46219512195122,0.0672473867595819,0.235365853658537,0.145470383275261,0.235365853658537,0.351393728222997,0.228048780487805,0.338675958188153,0.158362369337979,0.383449477351916,0.306445993031359,0.352613240418119,-0.138501742160279,0.0623693379790941,-0.117595818815331,0.107665505226481,0.243205574912892,-0.437282229965157,0.0440766550522648,0.102264808362369,0.159407665505227,0.301045296167247,-0.0794425087108014,0.250696864111498,0.269686411149826,0.29808362369338,0.406620209059234,-0.0358885017421603,-0.120557491289199,0.124216027874564,0.161498257839721,0.205226480836237,-0.100174216027875,0.368466898954704,0.323867595818815,0.3198606271777,-0.102961672473868,-0.106445993031359,0.262020905923345,0.299128919860627,0.258885017421603,-0.215156794425087,-0.148954703832753,0.330836236933798,0.302090592334495,-0.162717770034843,-0.403310104529617,0.253310104529617,0.150348432055749,0.294076655052265,-0.224738675958188,-0.0299651567944251,0.273867595818815,0.266550522648084,0.251567944250871,0.119337979094077,0.418466898954704,0.0235191637630662,0.322473867595819,0.321777003484321,-0.00365853658536585,0.206794425087108,0.447909407665505,0.297560975609756,0.34616724738676,0.455400696864112,0.313763066202091,0.115331010452962,0.00278745644599303,0.0585365853658537,0.2801393728223,0.121602787456446,0.537108013937282,0.273519163763066,0.0142857142857143,-0.407839721254355,0.315679442508711,0.0857142857142857,0.292682926829268,0.269337979094077,-0.0454703832752613,0.0146341463414634,0.344773519163763,-0.107491289198606,0.224912891986063,0.100348432055749,0.0601045296167248,NA,-0.0249128919860627,0.295644599303136,0.294076655052265,0.119686411149826,0.297560975609756,0.411672473867596,0.534494773519164,0.123867595818815,0.269163763066202,0.320034843205575,0.375783972125436,0.349128919860627,0.143205574912892,-0.279442508710801,-0.118815331010453
OTU_278,-0.0367595818815331,0.0587108013937282,-0.0662020905923345,0.000871080139372823,-0.0226480836236934,0.00627177700348432,-0.0186411149825784,0.0229965156794425,0.0837979094076655,-0.0407665505226481,-0.000174216027874565,-0.0263066202090592,-0.0397212543554007,0.0451219512195122,-0.13397212543554,-0.00452961672473868,0.0759581881533101,-0.028397212543554,-0.115679442508711,-0.172473867595819,0.264634146341463,-0.100871080139373,0.031184668989547,-0.150696864111498,0.288850174216028,0.17595818815331,-0.0416376306620209,0.11411149825784,-0.125783972125436,-0.0550522648083624,-0.0709059233449478,-0.0693379790940767,-0.0571428571428571,-0.138675958188153,-0.174564459930314,-0.0876306620209059,-0.0285714285714286,0.0172473867595819,0.108362369337979,-0.051219512195122,-0.110104529616725,0.0515679442508711,0.334843205574913,-0.0547038327526133,-0.089198606271777,-0.179616724738676,0.0337979094076655,-0.0310104529616725,-0.0705574912891986,-0.071602787456446,0.191114982578397,-0.22020905923345,0.0273519163763066,-0.0202090592334495,-0.164808362369338,0.0951219512195122,0.0102787456445993,0.10993031358885,-0.00313588850174216,0.139198606271777,0.286585365853659,-0.124912891986063,-0.0552264808362369,0.257317073170732,0.0583623693379791,-0.157665505226481,-0.0515679442508711,0.12787456445993,-0.0252613240418119,0.112369337979094,-0.155400696864112,-0.170557491289199,-0.0555749128919861,-0.0742160278745645,-0.127526132404181,0.0827526132404181,-0.265679442508711,0.0569686411149826,-0.112543554006969,-0.0982578397212544,0.0933797909407666,0.0968641114982579,0.045993031358885,0.271080139372822,-0.1198606271777,0.115156794425087,-0.127526132404181,0.0703832752613241,-0.301567944250871,0.0191637630662021,-0.102613240418118,-0.197735191637631,-0.0181184668989547,-0.0158536585365854,-0.134146341463415,0.206271777003484,0.144599303135889,-0.0285714285714286,-0.161324041811847,0.00644599303135889,-0.126132404181185,-0.158188153310105,-0.249651567944251,0.120731707317073,0.134320557491289,0.17787456445993,0.178048780487805,-0.193379790940767,0.172648083623693,-0.036411149825784,-0.0761324041811847,-0.012020905923345,-0.0724738675958188,-0.0331010452961673,0.000522648083623693,0.0266550522648084,-0.146515679442509,0.00191637630662021,0.198780487804878,-0.0083623693379791,-0.0322299651567944,0.169337979094077,0.0886759581881533,-0.0475609756097561,-0.233101045296167,0.252961672473868,-0.0668989547038328,0.0461672473867596,0.143554006968641,-0.105052264808362,0.0332752613240418,0.114634146341463,0.0421602787456446,0,-0.0461672473867596,0.289895470383275,-0.191811846689896,0.153658536585366,0.0496515679442509,-0.00975609756097561,0.0831010452961673,-0.0984320557491289,0.0898954703832753,0.0379790940766551,0.104878048780488,0.318466898954704,0.010801393728223,0.0299651567944251,-0.0719512195121951,0.175435540069686,-0.203135888501742,0.0257839721254355,0.0357142857142857,-0.00574912891986063,0.0855400696864112,0.111498257839721,-0.00104529616724739,0.244250871080139,-0.247038327526132,0.0966898954703833,0.0719512195121951,0.0820557491289199,-0.0193379790940767,-0.0538327526132404,0.134320557491289,-0.0273519163763066,0.149477351916376,0.168989547038328,0.260104529616725,0.105226480836237,0.0559233449477352,0.0912891986062718,-0.132926829268293,0.106794425087108,0.0625435540069686,0.104703832752613,0.153484320557491,0.147386759581882,0.124564459930314,-0.04198606271777,0.0172473867595819,0.0271777003484321,0.0663763066202091,0.170383275261324,-0.0834494773519164,0.0714285714285714,0.00261324041811847,0.0803135888501742,-0.036411149825784,0.00557491289198606,0.231358885017422,0.0893728222996516,0.159059233449477,0.0189895470383275,-0.0395470383275261,-0.0682926829268293,0.122648083623693,0.103135888501742,0.199128919860627,-0.109059233449477,-0.0885017421602788,0.0609756097560976,0.0139372822299652,0.253135888501742,0.200348432055749,-0.163763066202091,0.0277003484320558,0.120557491289199,0.0428571428571429,-0.0249128919860627,NA,0.171951219512195,0.1801393728223,0.25801393728223,0.0350174216027875,-0.0745644599303136,0.181707317073171,-0.215853658536585,0.115853658536585,0.0761324041811847,0.169512195121951,0.114285714285714,0.133449477351916,0.00993031358885018,-0.0522648083623693
OTU_280,-0.0817073170731707,-0.310627177700349,0.0590592334494774,-0.157665505226481,0.0104529616724739,-0.287108013937282,-0.370905923344948,-0.289721254355401,0.3301393728223,-0.325435540069687,-0.421602787456446,0.375087108013937,-0.0440766550522648,0.064808362369338,-0.390592334494774,-0.439721254355401,0.165156794425087,-0.355400696864112,-0.223867595818815,-0.385714285714286,0.219337979094077,0.0114982578397213,0.310452961672474,-0.277351916376307,0.385540069686411,0.178919860627178,-0.24808362369338,0.340592334494774,0.34198606271777,0.040418118466899,-0.576306620209059,-0.337630662020906,-0.279965156794425,-0.0550522648083624,-0.285540069686411,-0.429790940766551,0.262543554006969,0.155400696864112,-0.134668989547038,-0.0628919860627178,0.404355400696864,-0.152264808362369,0.284320557491289,-0.342334494773519,-0.278919860627178,0.0219512195121951,0.499825783972126,-0.12404181184669,-0.271602787456446,-0.249128919860627,-0.390766550522648,-0.301742160278746,0.463240418118467,-0.244425087108014,0.014808362369338,0.459756097560976,0.326829268292683,0.479965156794425,0.192334494773519,0.394599303135889,0.0444250871080139,-0.161324041811847,-0.256620209059233,-0.0848432055749129,0.286411149825784,-0.206271777003484,-0.051219512195122,-0.00174216027874565,-0.0141114982578397,0.12020905923345,0.19006968641115,-0.313414634146342,-0.433797909407666,-0.460627177700349,-0.352439024390244,0.0153310104529617,-0.0137630662020906,0.205052264808362,0.235191637630662,0.0456445993031359,0.110452961672474,0.174738675958188,-0.305574912891986,0.0294425087108014,0.386933797909408,0.252961672473868,-0.483797909407666,0.263937282229965,-0.455574912891986,-0.219337979094077,-0.310801393728223,-0.40191637630662,-0.164982578397213,0.227700348432056,0.032404181184669,0.510975609756098,0.352264808362369,0.380836236933798,-0.0412891986062718,-0.400696864111498,-0.402264808362369,-0.239895470383275,-0.260104529616725,0.142160278745645,0.0651567944250871,0.402264808362369,-0.0506968641114983,-0.178919860627178,0.476306620209059,-0.00435540069686411,-0.302090592334495,0.393728222996516,-0.359581881533101,0.241289198606272,0.331358885017422,-0.384494773519164,-0.0763066202090592,0.103484320557491,0.457142857142857,0.367421602787457,-0.000871080139372823,0.181010452961673,-0.136759581881533,-0.0353658536585366,0.0362369337979094,0.263588850174216,0.0160278745644599,0.412543554006969,-0.00714285714285714,0.342160278745645,0.0662020905923345,0.447735191637631,0.370731707317073,0.412717770034843,-0.187804878048781,0.425609756097561,0.0162020905923345,0.0965156794425087,0.446864111498258,-0.347909407665505,0.141811846689896,-0.0956445993031359,-0.0810104529616725,0.445818815331011,-0.199128919860627,0.471951219512195,0.585191637630662,0.442857142857143,0.175261324041812,-0.040418118466899,-0.119686411149826,0.253484320557491,0.179616724738676,0.439895470383275,-0.0928571428571429,-0.00470383275261324,0.45993031358885,0.0250871080139373,-0.246515679442509,-0.179442508710801,0.362369337979094,0.478745644599303,0.313066202090592,-0.267595818815331,0.381707317073171,0.363763066202091,0.387630662020906,0.0303135888501742,-0.194773519163763,0.437804878048781,0.31411149825784,0.437804878048781,-0.233449477351916,0.279094076655052,0.419686411149826,0.411149825783972,0.407839721254355,0.187108013937282,0.449825783972126,-0.0925087108013938,0.351742160278746,0.396341463414634,-0.12787456445993,0.537979094076655,0.433101045296167,0.448780487804878,0.479442508710801,0.217595818815331,0.381358885017422,0.392682926829268,0.168815331010453,0.0831010452961673,0.306620209059233,0.292857142857143,0.406620209059234,0.271254355400697,0.0808362369337979,-0.16794425087108,0.384494773519164,0.271602787456446,0.177700348432056,0.582752613240418,-0.0691637630662021,0.0146341463414634,0.265156794425087,-0.013588850174216,0.548780487804878,0.183101045296167,0.187804878048781,0.295644599303136,0.171951219512195,NA,0.471080139372822,0.432752613240418,0.405052264808362,0.256968641114983,0.292857142857143,0.161498257839721,0.402613240418119,0.483797909407666,0.315331010452962,0.326132404181185,0.261672473867596,0.052787456445993,0.1
OTU_281,-0.0921602787456446,-0.43397212543554,0.0853658536585366,-0.547386759581882,0.228571428571429,-0.381707317073171,-0.617073170731707,-0.482578397212544,0.0118466898954704,-0.642857142857143,-0.274564459930314,0.638675958188153,0.122822299651568,0.0757839721254356,-0.721602787456446,-0.568118466898955,0.309233449477352,-0.396689895470383,-0.212891986062718,-0.689198606271777,0.0844947735191638,-0.25418118466899,0.50993031358885,-0.395644599303136,0.503658536585366,-0.0109756097560976,-0.413763066202091,0.477351916376307,0.568815331010453,-0.314808362369338,-0.573170731707317,-0.34198606271777,-0.139895470383275,-0.0817073170731707,0.00905923344947735,-0.648780487804878,0.000348432055749129,-0.182404181184669,-0.185017421602788,-0.0195121951219512,0.475261324041812,-0.473170731707317,0.409581881533101,-0.650174216027875,-0.597386759581882,-0.144076655052265,0.763414634146342,-0.215679442508711,-0.393554006968641,-0.294425087108014,-0.429616724738676,-0.620905923344948,0.732229965156795,-0.634146341463415,0.0128919860627178,0.609756097560976,0.597735191637631,0.727526132404181,0.220905923344948,0.62787456445993,0.0308362369337979,-0.317595818815331,-0.681881533101045,-0.133275261324042,0.474738675958188,-0.439895470383275,-0.412891986062718,-0.25,0.129442508710801,0.170557491289199,0.480836236933798,-0.368466898954704,-0.357839721254355,-0.129616724738676,-0.534320557491289,0.0202090592334495,-0.339721254355401,0.0261324041811847,0.32404181184669,0.163588850174216,0.299477351916376,-0.0371080139372822,-0.321777003484321,0.0421602787456446,0.596515679442509,0.499825783972126,-0.739198606271777,0.550174216027875,-0.389024390243903,-0.319337979094077,-0.499303135888502,-0.451219512195122,-0.412717770034843,0.491463414634147,0.210278745644599,0.180487804878049,0.662020905923345,0.578048780487805,-0.402961672473868,-0.137630662020906,-0.33205574912892,-0.505749128919861,-0.39808362369338,0.46602787456446,0.208536585365854,0.665331010452962,0.185191637630662,-0.157491289198606,0.73815331010453,0.20383275261324,-0.202787456445993,0.670557491289199,-0.21219512195122,0.185714285714286,0.399651567944251,-0.414285714285714,-0.0930313588850174,-0.231707317073171,0.768641114982578,0.726306620209059,-0.270731707317073,0.327526132404181,-0.293205574912892,-0.303658536585366,0.0843205574912892,-0.171254355400697,-0.137282229965157,0.716376306620209,-0.286062717770035,0.582752613240418,0.352961672473868,0.723693379790941,0.610975609756098,0.694425087108014,-0.0651567944250871,0.20191637630662,0.240592334494774,0.213066202090592,0.731184668989547,-0.570905923344948,0.402787456445993,-0.271428571428572,-0.395470383275261,0.688850174216028,-0.267770034843206,0.167770034843206,0.740940766550523,0.743031358885018,0.489547038327526,-0.268466898954704,-0.584494773519164,0.581881533101045,0.330836236933798,0.706968641114983,-0.516898954703833,-0.268641114982578,0.712020905923345,-0.0522648083623693,-0.686933797909408,-0.343379790940767,0.638675958188153,0.68815331010453,0.612020905923345,-0.247909407665505,0.0797909407665505,0.640766550522648,0.707142857142857,-0.405574912891986,-0.163414634146341,0.748257839721254,0.540418118466899,0.711846689895471,-0.490243902439024,0.382578397212544,0.520731707317073,0.767247386759582,0.522299651567944,0.300696864111498,0.663763066202091,-0.122996515679443,0.665156794425087,0.737108013937282,-0.485191637630662,0.752613240418119,0.567073170731707,0.689721254355401,0.66794425087108,0.2301393728223,0.629965156794425,0.563240418118467,0.326480836236934,0.422648083623693,0.663240418118467,0.484843205574913,0.526132404181185,0.546864111498258,-0.140592334494774,0.0313588850174216,0.782229965156795,0.405923344947735,0.492334494773519,0.654355400696864,-0.259756097560976,-0.117770034843206,0.626306620209059,0.335714285714286,0.581707317073171,0.481881533101045,0.475435540069686,0.294076655052265,0.1801393728223,0.471080139372822,NA,0.586411149825784,0.59425087108014,0.576306620209059,0.569512195121951,0.22404181184669,0.59808362369338,0.633623693379791,0.634494773519164,0.552090592334495,0.296341463414634,-0.328048780487805,-0.0142857142857143
OTU_282,0.217247386759582,-0.493031358885018,0.161672473867596,-0.463240418118467,-0.0193379790940767,-0.185714285714286,-0.589547038327526,-0.483275261324042,0.0750871080139373,-0.562717770034843,-0.511672473867596,0.721777003484321,-0.193379790940767,0.213066202090592,-0.623344947735192,-0.673170731707317,0.254703832752613,-0.472648083623693,-0.230662020905923,-0.585017421602788,0.342508710801394,-0.292682926829268,0.60609756097561,-0.441811846689896,0.360801393728223,0.12212543554007,-0.278571428571429,0.548954703832753,0.509059233449477,-0.229442508710801,-0.714285714285714,-0.403135888501742,-0.408710801393728,0.175261324041812,0.0024390243902439,-0.598780487804878,0.0155052264808362,-0.0693379790940767,-0.139721254355401,0.174738675958188,0.516724738675958,-0.19616724738676,0.40191637630662,-0.646515679442509,-0.589024390243903,0.0113240418118467,0.652613240418119,-0.0142857142857143,-0.505400696864112,-0.285191637630662,-0.470034843205575,-0.512891986062718,0.685540069686411,-0.498257839721254,-0.0162020905923345,0.696515679442509,0.668118466898955,0.599825783972126,0.492508710801394,0.680487804878049,0.160452961672474,-0.269337979094077,-0.47212543554007,-0.182752613240418,0.34006968641115,-0.515505226480836,-0.398606271777004,-0.203658536585366,0.14616724738676,0.265679442508711,0.453484320557491,-0.537456445993031,-0.396515679442509,-0.320034843205575,-0.505400696864112,0.289547038327526,-0.291637630662021,0.14616724738676,0.249303135888502,0.36219512195122,0.334494773519164,-0.0407665505226481,-0.265331010452962,0.0757839721254356,0.469337979094077,0.575087108013937,-0.665505226480836,0.487282229965157,-0.222473867595819,-0.567421602787457,-0.44006968641115,-0.321254355400697,-0.262020905923345,0.612369337979094,0.0968641114982579,0.175609756097561,0.698954703832753,0.668641114982578,-0.246341463414634,-0.314285714285714,-0.276829268292683,-0.477177700348432,-0.5,0.449128919860627,0.0700348432055749,0.727003484320558,-0.063588850174216,-0.147909407665505,0.785714285714286,0.158536585365854,-0.197735191637631,0.7,-0.254878048780488,0.34390243902439,0.36411149825784,-0.290243902439024,-0.174390243902439,-0.0270034843205575,0.75609756097561,0.612020905923345,-0.174390243902439,0.279965156794425,-0.15191637630662,-0.392160278745645,-0.224564459930314,-0.052787456445993,-0.0991289198606272,0.730836236933798,-0.238327526132404,0.562369337979094,-0.0442508710801394,0.64006968641115,0.718989547038328,0.707839721254356,-0.10801393728223,0.128919860627178,0.209581881533101,0.120905923344948,0.716724738675958,-0.426306620209059,0.482578397212544,-0.312020905923345,-0.346341463414634,0.687282229965157,-0.306794425087108,0.224216027874564,0.68205574912892,0.685540069686411,0.270557491289199,-0.0989547038327526,-0.537108013937282,0.571080139372822,0.500871080139373,0.550696864111498,-0.389198606271777,-0.273170731707317,0.651742160278746,-0.0893728222996516,-0.568815331010453,-0.252090592334495,0.707665505226481,0.74616724738676,0.664459930313589,-0.267073170731707,0.195993031358885,0.477351916376307,0.651219512195122,-0.186759581881533,-0.106968641114983,0.664982578397213,0.641811846689896,0.709581881533101,-0.440592334494774,0.175783972125436,0.57020905923345,0.637804878048781,0.656968641114983,0.295993031358885,0.625435540069686,0.153135888501742,0.719337979094077,0.69808362369338,-0.441637630662021,0.755749128919861,0.556271777003484,0.694773519163763,0.603484320557491,0.0182926829268293,0.622299651567944,0.665331010452962,0.0503484320557491,0.371080139372822,0.657665505226481,0.607142857142857,0.405226480836237,0.574216027874565,0.0193379790940767,0.19198606271777,0.672648083623694,0.388850174216028,0.36411149825784,0.531010452961673,-0.282404181184669,0.0102787456445993,0.430662020905923,0.243205574912892,0.441637630662021,0.131533101045296,0.347735191637631,0.119686411149826,0.25801393728223,0.432752613240418,0.586411149825784,NA,0.728919860627178,0.459407665505227,0.55801393728223,0.380836236933798,0.706794425087108,0.613937282229965,0.76411149825784,0.655226480836237,0.369686411149826,-0.177177700348432,-0.0327526132404181
OTU_287,0.0952961672473868,-0.467247386759582,0.0984320557491289,-0.598432055749129,-0.0118466898954704,-0.22212543554007,-0.718641114982579,-0.450871080139373,0.123519163763066,-0.566898954703833,-0.455923344947735,0.732752613240418,-0.0134146341463415,0.165331010452962,-0.729790940766551,-0.665505226480836,0.213066202090592,-0.484320557491289,-0.138327526132404,-0.681010452961673,0.238501742160279,-0.109233449477352,0.639024390243903,-0.378571428571429,0.369686411149826,0.0768292682926829,-0.29390243902439,0.507839721254356,0.650522648083624,-0.176132404181185,-0.646689895470383,-0.400522648083624,-0.212020905923345,0.136933797909408,0.0337979094076655,-0.58205574912892,0.158710801393728,0.0858885017421603,-0.284494773519164,0.251045296167247,0.519512195121951,-0.377526132404181,0.296864111498258,-0.771428571428572,-0.649651567944251,0.140592334494774,0.707665505226481,-0.0646341463414634,-0.35993031358885,-0.341811846689896,-0.486933797909408,-0.603135888501742,0.763588850174216,-0.574390243902439,0.0463414634146342,0.660627177700349,0.631533101045296,0.601742160278746,0.410104529616725,0.637456445993031,0.0681184668989547,-0.129790940766551,-0.544599303135889,-0.317595818815331,0.458362369337979,-0.455749128919861,-0.413588850174216,-0.0451219512195122,-0.00818815331010453,0.162020905923345,0.533275261324042,-0.405400696864112,-0.48588850174216,-0.205923344947735,-0.492508710801394,0.219337979094077,-0.156968641114983,0.223519163763066,0.305226480836237,0.29006968641115,0.310452961672474,0.0649825783972126,-0.27020905923345,0.205400696864112,0.641463414634146,0.575087108013937,-0.722822299651568,0.506968641114983,-0.0911149825783972,-0.526655052264808,-0.553310104529617,-0.350174216027875,-0.211672473867596,0.621428571428572,0.113240418118467,-0.0235191637630662,0.679442508710801,0.714808362369338,-0.226306620209059,-0.217421602787456,-0.294425087108014,-0.520383275261324,-0.312717770034843,0.554878048780488,-0.0435540069686411,0.711498257839721,-0.12020905923345,-0.31184668989547,0.714459930313589,0.263066202090592,-0.25801393728223,0.708710801393728,-0.184320557491289,0.289198606271777,0.297038327526132,-0.431358885017422,-0.148780487804878,0.0282229965156794,0.679790940766551,0.725783972125436,-0.242857142857143,0.13397212543554,-0.253658536585366,-0.360801393728223,-0.0621951219512195,-0.245644599303136,-0.18397212543554,0.762020905923345,-0.247038327526132,0.705400696864112,0.192334494773519,0.735714285714286,0.655574912891986,0.779965156794425,-0.00191637630662021,-0.0536585365853659,0.251567944250871,0.203135888501742,0.756620209059234,-0.597560975609756,0.537282229965157,-0.385365853658537,-0.452961672473868,0.658885017421603,-0.274216027874565,0.19198606271777,0.68588850174216,0.706620209059234,0.432404181184669,-0.211498257839721,-0.559059233449477,0.590592334494774,0.550696864111498,0.600522648083624,-0.568118466898955,-0.106620209059233,0.694773519163763,-0.196341463414634,-0.52212543554007,-0.521254355400697,0.795121951219512,0.795644599303136,0.654355400696864,-0.246341463414634,0.0331010452961673,0.602961672473868,0.698780487804878,-0.314285714285714,-0.182926829268293,0.691637630662021,0.686411149825784,0.751393728222997,-0.478571428571429,0.215156794425087,0.5698606271777,0.676829268292683,0.613588850174216,0.250696864111498,0.673170731707317,0.0691637630662021,0.819512195121951,0.696515679442509,-0.536236933797909,0.733797909407666,0.575783972125436,0.752090592334495,0.754703832752613,-0.0198606271777004,0.694773519163763,0.549477351916376,0.0142857142857143,0.535540069686411,0.705226480836237,0.660452961672474,0.433449477351916,0.627351916376307,0.00209059233449477,0.186062717770035,0.735714285714286,0.625261324041812,0.556271777003484,0.63815331010453,-0.159756097560976,-0.165505226480836,0.481010452961673,0.376829268292683,0.542160278745645,0.287456445993031,0.452787456445993,0.297560975609756,0.0350174216027875,0.405052264808362,0.59425087108014,0.728919860627178,NA,0.529094076655052,0.555052264808363,0.519337979094077,0.733275261324042,0.666724738675958,0.59006968641115,0.750348432055749,0.271428571428572,-0.198257839721254,-0.117247386759582
OTU_296,-0.407839721254355,-0.145644599303136,-0.20383275261324,-0.285540069686411,0.407317073170732,-0.322299651567944,-0.350174216027875,-0.201045296167247,0.135540069686411,-0.304355400696864,-0.222822299651568,0.304703832752613,0.156445993031359,-0.0498257839721254,-0.460801393728223,-0.335017421602788,-0.0139372822299652,-0.359756097560976,-0.283449477351916,-0.466202090592335,0.146341463414634,-0.202090592334495,0.29390243902439,-0.282229965156794,0.615505226480836,0.318118466898955,-0.411324041811847,0.324216027874564,0.469686411149826,-0.0184668989547038,-0.372822299651568,-0.148954703832753,-0.198780487804878,-0.204529616724739,0.0611498257839721,-0.440766550522648,0.128048780487805,0.0174216027874564,-0.262020905923345,0.013588850174216,0.359581881533101,-0.599128919860627,0.25609756097561,-0.355574912891986,-0.418466898954704,-0.0494773519163763,0.524738675958188,-0.423344947735192,-0.168292682926829,-0.17404181184669,-0.384320557491289,-0.460801393728223,0.505749128919861,-0.386062717770035,0.182404181184669,0.377351916376307,0.376132404181185,0.404703832752613,0.124564459930314,0.385365853658537,0.144425087108014,-0.303658536585366,-0.490766550522648,-0.0317073170731707,0.63397212543554,-0.195121951219512,-0.248954703832753,-0.0515679442508711,-0.0249128919860627,0.208885017421603,0.254529616724739,-0.181358885017422,-0.413414634146342,-0.143728222996516,-0.398780487804878,-0.25418118466899,-0.246341463414634,0.112543554006969,0.239024390243902,0.0916376306620209,0.1198606271777,0.173867595818815,-0.283101045296167,-0.0865853658536586,0.542682926829268,0.196864111498258,-0.378745644599303,0.356794425087108,-0.190243902439024,-0.0595818815331011,-0.198780487804878,-0.281184668989547,-0.250174216027875,0.277177700348432,0.12404181184669,0.0813588850174216,0.34198606271777,0.375783972125436,-0.126306620209059,-0.121080139372822,-0.30609756097561,-0.322473867595819,-0.26219512195122,0.277003484320558,0.0799651567944251,0.384320557491289,-0.0541811846689896,-0.3301393728223,0.448606271777004,0.0182926829268293,-0.356271777003484,0.474564459930314,-0.313588850174216,0.101393728222997,0.290243902439024,-0.46219512195122,-0.10191637630662,-0.00191637630662021,0.418118466898955,0.495644599303136,-0.22595818815331,0.28205574912892,-0.495296167247387,-0.19808362369338,0.146689895470383,0.0250871080139373,0.0212543554006969,0.389024390243903,-0.047212543554007,0.415853658536585,0.248954703832753,0.507665505226481,0.391463414634146,0.489024390243903,-0.172996515679443,0.158710801393728,0.0583623693379791,0.168466898954704,0.455923344947735,-0.566376306620209,0.166550522648084,-0.118989547038328,-0.191637630662021,0.506620209059234,-0.163763066202091,0.116202090592335,0.554006968641115,0.435017421602788,0.65,-0.152613240418118,-0.412543554006969,0.316898954703833,0.0649825783972126,0.452264808362369,-0.235714285714286,-0.115505226480836,0.464634146341463,0.093205574912892,-0.373170731707317,-0.186062717770035,0.542334494773519,0.570034843205575,0.250871080139373,-0.38588850174216,0.0905923344947735,0.421951219512195,0.472996515679443,-0.14390243902439,-0.127003484320558,0.511498257839721,0.350348432055749,0.422996515679443,-0.285191637630662,0.143205574912892,0.410452961672474,0.521254355400697,0.308536585365854,-0.0181184668989547,0.376306620209059,-0.186585365853659,0.530313588850174,0.533275261324042,-0.2301393728223,0.493379790940767,0.387979094076655,0.558536585365854,0.468641114982578,0.352439024390244,0.475783972125436,0.375261324041812,0.0662020905923345,0.0691637630662021,0.523867595818815,0.25,0.476306620209059,0.431881533101045,0.0378048780487805,-0.231010452961672,0.585365853658537,0.38205574912892,0.493728222996516,0.535017421602788,-0.0130662020905923,0.115505226480836,0.494250871080139,0.00592334494773519,0.366724738675958,0.123519163763066,0.285365853658537,0.411672473867596,-0.0745644599303136,0.256968641114983,0.576306620209059,0.459407665505227,0.529094076655052,NA,0.737108013937282,0.164459930313589,0.401742160278746,0.586933797909408,0.492508710801394,0.535365853658537,0.105923344947735,-0.111324041811847,0.0585365853658537
OTU_300,-0.378397212543554,-0.108536585365854,-0.209756097560976,-0.357317073170732,0.437804878048781,-0.118118466898955,-0.404355400696864,-0.147386759581882,0.0689895470383275,-0.306968641114983,-0.268815331010453,0.401045296167247,0.0477351916376307,-0.0433797909407666,-0.45418118466899,-0.47787456445993,-0.00174216027874565,-0.529616724738676,-0.216376306620209,-0.52020905923345,0.332578397212544,-0.115853658536585,0.448954703832753,-0.324216027874564,0.667421602787457,0.350871080139373,-0.562543554006969,0.383275261324042,0.411672473867596,-0.161324041811847,-0.473170731707317,-0.164285714285714,-0.280662020905923,-0.0801393728222997,0.236759581881533,-0.410801393728223,0.121951219512195,-0.0411149825783972,-0.327351916376307,0.106794425087108,0.239024390243902,-0.605226480836237,0.22595818815331,-0.415853658536585,-0.584320557491289,-0.0797909407665505,0.541811846689896,-0.438327526132404,-0.161149825783972,-0.15609756097561,-0.374564459930314,-0.682578397212544,0.562717770034843,-0.440766550522648,0.104878048780488,0.541114982578397,0.508536585365854,0.50418118466899,0.271254355400697,0.639547038327526,0.233797909407666,-0.340940766550523,-0.608362369337979,0.100696864111498,0.64808362369338,-0.294076655052265,-0.358362369337979,-0.0531358885017422,0.164459930313589,0.416898954703833,0.262543554006969,-0.177003484320558,-0.331707317073171,-0.191289198606272,-0.550522648083624,-0.156794425087108,-0.245993031358885,0.0277003484320558,0.198606271777004,0.116550522648084,0.137630662020906,0.00731707317073171,-0.125783972125436,0.147386759581882,0.599303135888502,0.421254355400697,-0.453135888501742,0.425087108013937,-0.25383275261324,-0.164982578397213,-0.422299651567944,-0.413588850174216,-0.277351916376307,0.490592334494774,0.0275261324041812,0.0275261324041812,0.471254355400697,0.538327526132404,-0.340592334494774,-0.072822299651568,-0.428397212543554,-0.549128919860627,-0.345993031358885,0.473867595818815,-0.0785714285714286,0.5,0.052787456445993,-0.127003484320558,0.482229965156795,0.143205574912892,-0.109756097560976,0.618292682926829,-0.137979094076655,0.172648083623693,0.173519163763066,-0.538501742160279,-0.324390243902439,-0.0501742160278746,0.603658536585366,0.524216027874565,-0.281707317073171,0.361498257839721,-0.432404181184669,-0.326829268292683,-0.0583623693379791,-0.0198606271777004,-0.187804878048781,0.556271777003484,-0.172822299651568,0.51219512195122,0.00331010452961673,0.662717770034843,0.525783972125436,0.603658536585366,-0.0984320557491289,0.0397212543554007,0.150522648083624,0.0205574912891986,0.565156794425087,-0.683101045296167,0.342334494773519,-0.24808362369338,-0.22787456445993,0.537630662020906,-0.123693379790941,0.172996515679443,0.589547038327526,0.562891986062718,0.552264808362369,-0.24616724738676,-0.560278745644599,0.453658536585366,0.239024390243902,0.470731707317073,-0.303658536585366,-0.0878048780487805,0.611672473867596,0.0949477351916377,-0.448432055749129,-0.217770034843206,0.644599303135889,0.625609756097561,0.398954703832753,-0.197735191637631,-0.0292682926829268,0.521777003484321,0.595121951219512,-0.220557491289199,-0.336933797909408,0.65191637630662,0.441463414634146,0.559407665505227,-0.41184668989547,0.264634146341463,0.466202090592335,0.569686411149826,0.4198606271777,0.234494773519164,0.526480836236934,-0.0787456445993032,0.606445993031359,0.663588850174216,-0.194947735191638,0.599651567944251,0.480836236933798,0.636585365853659,0.480487804878049,0.299477351916376,0.534320557491289,0.428048780487805,0.0170731707317073,0.256445993031359,0.673170731707317,0.361149825783972,0.670383275261324,0.485017421602787,-0.0442508710801394,-0.171080139372822,0.642508710801394,0.387108013937282,0.381707317073171,0.423867595818815,-0.236236933797909,0.0407665505226481,0.435365853658537,0.185540069686411,0.441811846689896,0.109407665505227,0.312891986062718,0.534494773519164,0.181707317073171,0.292857142857143,0.569512195121951,0.55801393728223,0.555052264808363,0.737108013937282,NA,0.241637630662021,0.516724738675958,0.482752613240418,0.612369337979094,0.662543554006969,0.221951219512195,-0.137456445993031,-0.107142857142857
OTU_303,0.318641114982578,-0.301219512195122,0.0454703832752613,-0.184320557491289,-0.332926829268293,0.0263066202090592,-0.522648083623694,-0.204703832752613,0.233449477351916,-0.0968641114982579,-0.624216027874565,0.43623693379791,-0.172822299651568,-0.028397212543554,-0.314285714285714,-0.541463414634146,-0.097212543554007,-0.526655052264808,-0.120905923344948,-0.209581881533101,0.0797909407665505,0.201567944250871,0.414808362369338,-0.0452961672473868,-0.0421602787456446,0.0486062717770035,-0.0609756097560976,0.373519163763066,0.474390243902439,0.111324041811847,-0.535017421602788,-0.314634146341463,-0.30801393728223,0.225783972125436,0.0418118466898955,-0.243031358885017,0.260801393728223,0.210452961672474,-0.210452961672474,0.257317073170732,0.491463414634147,-0.131707317073171,-0.194599303135889,-0.510627177700349,-0.395470383275261,0.273170731707317,0.376655052264808,0.0317073170731707,-0.0470383275261324,-0.159059233449477,-0.578048780487805,-0.220557491289199,0.464285714285714,-0.188501742160279,0.269163763066202,0.427351916376307,0.39581881533101,0.137630662020906,0.215331010452962,0.39616724738676,0.085191637630662,0.236411149825784,-0.10801393728223,-0.521254355400697,0.107665505226481,-0.0921602787456446,-0.0149825783972125,0.133797909407666,-0.0177700348432056,0.227003484320558,0.543554006968641,-0.137282229965157,-0.437282229965157,-0.429965156794425,-0.0632404181184669,0.218815331010453,0.0939024390243903,0.294425087108014,0.232229965156795,0.301393728222997,0.406271777003484,0.166724738675958,-0.205226480836237,0.211498257839721,0.322996515679443,0.270731707317073,-0.454529616724739,0.05,0.259407665505227,-0.400348432055749,-0.341637630662021,-0.178048780487805,0.0822299651567944,0.426480836236934,-0.0662020905923345,-0.213763066202091,0.342160278745645,0.499651567944251,-0.166724738675958,-0.390418118466899,-0.267421602787457,-0.207839721254355,-0.0686411149825784,0.269163763066202,-0.404529616724739,0.343205574912892,-0.342160278745645,-0.215853658536585,0.360975609756098,0.114808362369338,-0.0719512195121951,0.437456445993031,-0.0935540069686411,0.161324041811847,0.234320557491289,-0.460627177700349,-0.0395470383275261,0.142334494773519,0.343379790940767,0.386585365853659,-0.100696864111498,-0.217595818815331,-0.170557491289199,-0.0182926829268293,-0.0466898954703833,-0.240766550522648,-0.0878048780487805,0.415331010452962,-0.128048780487805,0.464634146341463,-0.0782229965156795,0.34581881533101,0.422299651567944,0.469337979094077,-0.158536585365854,-0.412717770034843,0.151393728222997,-0.191289198606272,0.486759581881533,-0.43205574912892,0.226480836236934,-0.182404181184669,-0.195296167247387,0.252613240418119,0.0142857142857143,-0.105574912891986,0.386062717770035,0.390243902439024,-0.0513937282229965,-0.38397212543554,-0.222996515679443,0.3301393728223,0.471254355400697,0.184494773519164,-0.299477351916376,-0.0250871080139373,0.455052264808362,-0.251742160278746,-0.177003484320558,-0.332229965156794,0.421777003484321,0.334843205574913,0.410975609756098,-0.0334494773519164,-0.0170731707317073,0.3198606271777,0.375783972125436,-0.157665505226481,-0.197560975609756,0.399303135888502,0.489198606271777,0.446341463414634,-0.376829268292683,-0.0421602787456446,0.13588850174216,0.306620209059233,0.446864111498258,0.107491289198606,0.291114982578397,0.0649825783972126,0.38397212543554,0.364808362369338,-0.396864111498258,0.339198606271777,0.56219512195122,0.399825783972126,0.353135888501742,0.00104529616724739,0.348780487804878,0.583449477351916,-0.297212543554007,0.342160278745645,0.284668989547038,0.360278745644599,0.461846689895471,0.32020905923345,0.179616724738676,0.0850174216027875,0.143728222996516,0.306271777003484,0.171777003484321,0.276132404181185,-0.144425087108014,-0.358188153310105,0.0749128919860627,0.0642857142857143,0.261672473867596,-0.273519163763066,-0.0639372822299652,0.123867595818815,-0.215853658536585,0.161498257839721,0.22404181184669,0.380836236933798,0.519337979094077,0.164459930313589,0.241637630662021,NA,0.359059233449477,0.261149825783972,0.276480836236934,0.417421602787456,-0.0372822299651568,-0.0383275261324042,0.0668989547038328
OTU_317,0.176306620209059,-0.435017421602788,0.0174216027874564,-0.451045296167247,0.0383275261324042,-0.163240418118467,-0.531358885017422,-0.386236933797909,0.0860627177700349,-0.452439024390244,-0.452613240418119,0.676655052264808,-0.113588850174216,0.213588850174216,-0.545121951219512,-0.615331010452962,0.123170731707317,-0.552961672473868,-0.161672473867596,-0.493728222996516,0.330836236933798,-0.100522648083624,0.544599303135889,-0.307142857142857,0.274216027874565,0.0738675958188153,-0.401567944250871,0.4,0.517421602787457,-0.170731707317073,-0.646689895470383,-0.31184668989547,-0.339198606271777,0.164459930313589,0.140766550522648,-0.503658536585366,0.130487804878049,-0.014808362369338,-0.15418118466899,0.203310104529617,0.516724738675958,-0.307491289198606,0.249128919860627,-0.632404181184669,-0.544076655052265,0.0487804878048781,0.62822299651568,-0.110975609756098,-0.314285714285714,-0.21184668989547,-0.484146341463415,-0.509407665505227,0.65191637630662,-0.446689895470383,0.056794425087108,0.624912891986063,0.571951219512195,0.527351916376307,0.395121951219512,0.676655052264808,0.0705574912891986,-0.0945993031358885,-0.466550522648084,-0.274564459930314,0.367247386759582,-0.47020905923345,-0.304703832752613,-0.0787456445993032,0.0517421602787457,0.327351916376307,0.502090592334495,-0.425783972125436,-0.390592334494774,-0.270731707317073,-0.375435540069686,0.16602787456446,-0.11411149825784,0.181010452961673,0.285540069686411,0.282752613240418,0.242160278745645,-0.0196864111498258,-0.248780487804878,0.232926829268293,0.486933797909408,0.533101045296167,-0.643379790940767,0.447038327526133,-0.292682926829268,-0.520383275261324,-0.507317073170732,-0.333797909407666,-0.262369337979094,0.556620209059234,0.0679442508710802,0.0721254355400697,0.606620209059234,0.648257839721255,-0.372473867595819,-0.243031358885017,-0.280487804878049,-0.451567944250871,-0.322822299651568,0.534668989547038,-0.128571428571429,0.639895470383275,-0.151567944250871,-0.0634146341463415,0.717247386759582,0.239372822299652,-0.131533101045296,0.644425087108014,-0.143031358885017,0.274564459930314,0.279268292682927,-0.332578397212544,-0.245644599303136,0.00557491289198606,0.744425087108014,0.602264808362369,-0.181010452961673,0.235714285714286,-0.15191637630662,-0.305052264808362,-0.139721254355401,-0.0867595818815331,-0.17404181184669,0.750522648083624,-0.349651567944251,0.535191637630662,0.0501742160278746,0.659407665505227,0.627700348432056,0.719163763066202,-0.083623693379791,-0.0128919860627178,0.220557491289199,-0.0322299651567944,0.735714285714286,-0.544076655052265,0.471602787456446,-0.359059233449477,-0.314982578397213,0.673344947735192,-0.188327526132404,0.0698606271777004,0.620731707317073,0.658362369337979,0.352439024390244,-0.152787456445993,-0.498780487804878,0.61219512195122,0.478919860627178,0.539024390243902,-0.465331010452962,-0.111149825783972,0.642682926829268,-0.228571428571429,-0.536062717770035,-0.361498257839721,0.729442508710802,0.658710801393728,0.585191637630662,-0.210801393728223,0.032404181184669,0.550696864111498,0.660278745644599,-0.283449477351916,-0.0925087108013938,0.650522648083624,0.577700348432056,0.663414634146342,-0.552961672473868,0.221080139372822,0.501045296167248,0.593728222996516,0.529268292682927,0.266202090592335,0.601393728222997,0.0979094076655053,0.689895470383275,0.696864111498258,-0.516550522648084,0.729965156794425,0.62212543554007,0.622822299651568,0.605052264808362,0.102264808362369,0.583449477351916,0.579094076655052,-0.0655052264808362,0.49616724738676,0.682578397212544,0.560801393728223,0.427003484320558,0.602613240418119,-0.106271777003484,0.246864111498258,0.683623693379791,0.482578397212544,0.378397212543554,0.559059233449477,-0.221602787456446,-0.165331010452962,0.405574912891986,0.368292682926829,0.648780487804878,0.165505226480836,0.331358885017422,0.269163763066202,0.115853658536585,0.402613240418119,0.59808362369338,0.706794425087108,0.733275261324042,0.401742160278746,0.516724738675958,0.359059233449477,NA,0.614285714285714,0.620731707317073,0.705400696864112,0.272648083623693,-0.276655052264808,-0.152439024390244
OTU_321,-0.0195121951219512,-0.284494773519164,-0.00418118466898955,-0.482229965156795,0.0907665505226481,-0.298432055749129,-0.639895470383275,-0.42787456445993,0.150522648083624,-0.589198606271777,-0.306968641114983,0.605226480836237,0.153310104529617,0.146864111498258,-0.766202090592335,-0.585714285714286,0.205749128919861,-0.428571428571429,-0.0573170731707317,-0.686062717770035,0.100174216027875,-0.202613240418119,0.572996515679443,-0.169337979094077,0.424216027874565,0.097212543554007,-0.343379790940767,0.471777003484321,0.648606271777004,-0.144947735191638,-0.537630662020906,-0.281184668989547,-0.056794425087108,-0.00505226480836237,-0.00574912891986063,-0.593554006968641,0.200696864111498,0.0543554006968641,-0.323867595818815,0.178571428571429,0.425609756097561,-0.519337979094077,0.318292682926829,-0.671080139372822,-0.513240418118467,0.133101045296167,0.721777003484321,-0.241811846689896,-0.281358885017422,-0.275609756097561,-0.353484320557491,-0.562891986062718,0.736585365853659,-0.579094076655052,0.108536585365854,0.522822299651568,0.568815331010453,0.618466898954704,0.262369337979094,0.552090592334495,0.15993031358885,-0.111672473867596,-0.564634146341464,-0.252613240418119,0.538675958188153,-0.419512195121951,-0.424738675958188,-0.0721254355400697,0.0233449477351916,0.145993031358885,0.325261324041812,-0.302264808362369,-0.517247386759582,-0.056794425087108,-0.427177700348432,0.086411149825784,-0.192682926829268,0.249825783972125,0.295296167247387,0.143205574912892,0.339372822299652,0.187979094076655,-0.304355400696864,0.0956445993031359,0.642682926829268,0.505749128919861,-0.677351916376307,0.524738675958188,-0.143031358885017,-0.320034843205575,-0.426829268292683,-0.284494773519164,-0.249303135888502,0.51411149825784,0.0745644599303136,0.0782229965156795,0.5801393728223,0.622996515679443,-0.17787456445993,-0.124912891986063,-0.232752613240418,-0.552264808362369,-0.215853658536585,0.493728222996516,0.126306620209059,0.673170731707317,0.0613240418118467,-0.423693379790941,0.677003484320558,0.30993031358885,-0.194599303135889,0.658362369337979,-0.194773519163763,0.390243902439024,0.359407665505227,-0.449651567944251,-0.193205574912892,0.0759581881533101,0.626829268292683,0.703135888501742,-0.218292682926829,0.202613240418119,-0.259233449477352,-0.358362369337979,0.129616724738676,-0.164982578397213,-0.11184668989547,0.692160278745645,-0.205749128919861,0.565156794425087,0.396341463414634,0.705226480836237,0.606271777003484,0.741114982578397,-0.0463414634146342,0.150174216027875,0.176829268292683,0.309407665505227,0.678048780487805,-0.602787456445993,0.431184668989547,-0.126829268292683,-0.406445993031359,0.671777003484321,-0.287804878048781,0.282926829268293,0.685714285714286,0.708362369337979,0.567247386759582,-0.249825783972125,-0.573693379790941,0.556620209059234,0.386759581881533,0.674738675958188,-0.592857142857143,-0.0771777003484321,0.68815331010453,-0.0249128919860627,-0.473344947735192,-0.474738675958188,0.73815331010453,0.698954703832753,0.569686411149826,-0.173519163763066,0.158362369337979,0.70191637630662,0.71219512195122,-0.361149825783972,-0.256445993031359,0.690766550522648,0.576480836236934,0.649128919860627,-0.475261324041812,0.321951219512195,0.643728222996516,0.733275261324042,0.501393728222997,0.189721254355401,0.679268292682927,-0.0219512195121951,0.76794425087108,0.715331010452962,-0.484146341463415,0.709233449477352,0.520731707317073,0.725435540069686,0.696864111498258,0.0397212543554007,0.646689895470383,0.410278745644599,0.24006968641115,0.35609756097561,0.665331010452962,0.503310104529617,0.568466898954704,0.593728222996516,0.0294425087108014,0.10993031358885,0.735191637630662,0.540418118466899,0.552787456445993,0.587979094076655,-0.144773519163763,-0.064808362369338,0.568292682926829,0.257142857142857,0.445470383275261,0.348780487804878,0.514634146341463,0.320034843205575,0.0761324041811847,0.483797909407666,0.633623693379791,0.613937282229965,0.666724738675958,0.586933797909408,0.482752613240418,0.261149825783972,0.614285714285714,NA,0.605400696864112,0.662891986062718,0.197038327526132,-0.25383275261324,-0.0677700348432056
OTU_328,0.0560975609756098,-0.252787456445993,-0.0285714285714286,-0.460801393728223,0.0642857142857143,-0.05801393728223,-0.550348432055749,-0.300348432055749,0.160104529616725,-0.476306620209059,-0.415331010452962,0.605749128919861,0.0477351916376307,0.0430313588850174,-0.537804878048781,-0.629268292682927,0.118989547038328,-0.594773519163763,-0.238675958188153,-0.493379790940767,0.266724738675958,-0.339895470383275,0.576655052264809,-0.359756097560976,0.339895470383275,0.25609756097561,-0.273867595818815,0.635540069686411,0.473693379790941,-0.181010452961673,-0.577177700348432,-0.14006968641115,-0.258188153310105,0.329790940766551,0.2,-0.396341463414634,0.144773519163763,-0.110278745644599,0.054006968641115,0.181707317073171,0.354878048780488,-0.273693379790941,0.387108013937282,-0.514808362369338,-0.665505226480836,-0.097212543554007,0.636585365853659,-0.00731707317073171,-0.483101045296167,-0.0217770034843206,-0.389721254355401,-0.668641114982578,0.671254355400697,-0.606794425087108,-0.0465156794425087,0.741463414634147,0.729442508710802,0.563240418118467,0.636759581881533,0.795993031358885,0.162369337979094,-0.299303135888502,-0.518815331010453,0.0313588850174216,0.410104529616725,-0.436585365853659,-0.480662020905923,-0.127177700348432,0.46794425087108,0.554355400696864,0.323170731707317,-0.413240418118467,-0.338675958188153,-0.210801393728223,-0.482404181184669,0.30609756097561,-0.4698606271777,0.0329268292682927,0.161324041811847,0.515505226480836,0.364285714285714,0.0205574912891986,-0.00731707317073171,0.176132404181185,0.45,0.546515679442509,-0.587108013937282,0.499128919860627,-0.270034843205575,-0.374912891986063,-0.452439024390244,-0.357491289198606,-0.238675958188153,0.63815331010453,-0.00871080139372822,0.144076655052265,0.753310104529617,0.672299651567944,-0.337108013937282,-0.197212543554007,-0.360452961672474,-0.506794425087108,-0.382404181184669,0.589024390243903,0.0409407665505227,0.766376306620209,0.187804878048781,-0.12787456445993,0.725435540069686,0.102439024390244,0.0844947735191638,0.702264808362369,-0.171254355400697,0.217421602787456,0.268641114982578,-0.453135888501742,-0.254878048780488,-0.0573170731707317,0.763588850174216,0.60418118466899,-0.495470383275261,0.42404181184669,-0.167770034843206,-0.476132404181185,-0.0487804878048781,0.0402439024390244,0.0451219512195122,0.718466898954704,-0.184494773519164,0.598432055749129,0.118989547038328,0.615156794425087,0.714634146341463,0.760104529616725,-0.0353658536585366,0.108885017421603,0.14581881533101,0.244947735191638,0.686933797909408,-0.476829268292683,0.490766550522648,-0.186585365853659,-0.148954703832753,0.648954703832753,-0.353484320557491,0.292857142857143,0.617247386759582,0.68815331010453,0.446864111498258,-0.0310104529616725,-0.606794425087108,0.581184668989547,0.547735191637631,0.574216027874565,-0.42020905923345,-0.0277003484320558,0.72787456445993,0.136062717770035,-0.630487804878049,-0.278397212543554,0.641114982578397,0.660452961672474,0.674912891986063,-0.170034843205575,0.0398954703832753,0.405923344947735,0.676655052264808,-0.321951219512195,-0.349477351916376,0.635365853658537,0.565156794425087,0.739895470383275,-0.481881533101045,0.11411149825784,0.584668989547038,0.64198606271777,0.66219512195122,0.371428571428571,0.657491289198606,0.29390243902439,0.625783972125436,0.636062717770035,-0.462717770034843,0.664634146341464,0.540243902439025,0.632578397212544,0.578919860627178,0.276306620209059,0.635365853658537,0.532578397212544,0.238675958188153,0.456968641114983,0.514808362369338,0.468118466898955,0.569686411149826,0.621080139372822,-0.0369337979094077,0.0313588850174216,0.626829268292683,0.226480836236934,0.385714285714286,0.450348432055749,-0.431358885017422,0.128745644599303,0.511498257839721,0.219163763066202,0.354355400696864,0.304529616724739,0.49006968641115,0.375783972125436,0.169512195121951,0.315331010452962,0.634494773519164,0.76411149825784,0.59006968641115,0.492508710801394,0.612369337979094,0.276480836236934,0.620731707317073,0.605400696864112,NA,0.658536585365854,0.409407665505227,-0.201045296167247,-0.119337979094077
OTU_331,-0.00487804878048781,-0.217770034843206,-0.0602787456445993,-0.426132404181185,0.129790940766551,-0.243379790940767,-0.620557491289199,-0.306968641114983,0.118118466898955,-0.429616724738676,-0.387804878048781,0.621428571428572,-0.0534843205574913,0.0668989547038328,-0.617595818815331,-0.58623693379791,0.0778745644599303,-0.549825783972126,-0.14581881533101,-0.578048780487805,0.223693379790941,-0.184320557491289,0.554355400696864,-0.288327526132404,0.393205574912892,0.109756097560976,-0.490766550522648,0.39390243902439,0.601045296167248,-0.142682926829268,-0.578919860627178,-0.334320557491289,-0.266202090592335,0.0879790940766551,0.186585365853659,-0.535540069686411,0.166724738675958,0.0139372822299652,-0.349477351916376,0.190243902439024,0.436585365853659,-0.509581881533101,0.154006968641115,-0.630836236933798,-0.655400696864112,0.0839721254355401,0.637630662020906,-0.231533101045296,-0.234320557491289,-0.204878048780488,-0.46794425087108,-0.607142857142857,0.68205574912892,-0.534843205574913,0.175087108013937,0.529268292682927,0.585017421602788,0.507142857142857,0.361149825783972,0.691114982578397,0.198780487804878,-0.151219512195122,-0.533101045296167,-0.206445993031359,0.493554006968641,-0.439024390243903,-0.355749128919861,-0.05,0.093205574912892,0.352613240418119,0.483275261324042,-0.253484320557491,-0.367770034843206,-0.199651567944251,-0.491811846689896,0.089198606271777,-0.118118466898955,0.107839721254355,0.332578397212544,0.178048780487805,0.310452961672474,-0.018815331010453,-0.254529616724739,0.130836236933798,0.619860627177701,0.559059233449477,-0.545121951219512,0.425087108013937,-0.249303135888502,-0.34006968641115,-0.493205574912892,-0.348432055749129,-0.234494773519164,0.600174216027875,0.0993031358885018,-0.0480836236933798,0.620034843205575,0.673519163763066,-0.325435540069687,-0.121080139372822,-0.294425087108014,-0.521428571428572,-0.263763066202091,0.624216027874565,-0.112369337979094,0.614808362369338,-0.05801393728223,-0.189547038327526,0.652961672473868,0.189024390243902,-0.154355400696864,0.633623693379791,-0.162543554006969,0.274912891986063,0.285365853658537,-0.476480836236934,-0.247038327526132,0.0329268292682927,0.66219512195122,0.609756097560976,-0.251742160278746,0.294076655052265,-0.287804878048781,-0.347909407665505,-0.0684668989547038,-0.157142857142857,-0.125435540069686,0.682404181184669,-0.223170731707317,0.641811846689896,0.13205574912892,0.641289198606272,0.586062717770035,0.760278745644599,-0.0475609756097561,-0.10609756097561,0.229616724738676,0.0585365853658537,0.745818815331011,-0.639198606271777,0.446864111498258,-0.355400696864112,-0.364982578397213,0.585191637630662,-0.188327526132404,0.105400696864112,0.587108013937282,0.674216027874565,0.39198606271777,-0.281358885017422,-0.560104529616725,0.5698606271777,0.410975609756098,0.523867595818815,-0.493379790940767,-0.0214285714285714,0.66219512195122,-0.0398954703832753,-0.464285714285714,-0.44616724738676,0.719337979094077,0.69006968641115,0.554006968641115,-0.151393728222997,-0.0522648083623693,0.594947735191638,0.635191637630662,-0.386585365853659,-0.244076655052265,0.697212543554007,0.582578397212544,0.634320557491289,-0.52212543554007,0.135365853658537,0.515679442508711,0.661672473867596,0.559059233449477,0.200348432055749,0.623693379790941,0.00627177700348432,0.682578397212544,0.723344947735192,-0.432578397212544,0.645121951219512,0.552961672473868,0.730836236933798,0.62787456445993,0.165331010452962,0.551742160278746,0.535365853658537,-0.021602787456446,0.479965156794425,0.686062717770035,0.522822299651568,0.599477351916376,0.465853658536585,-0.0465156794425087,0.0601045296167248,0.599128919860627,0.514634146341463,0.523867595818815,0.510627177700349,-0.16602787456446,0.0381533101045296,0.49616724738676,0.285017421602787,0.478745644599303,0.185365853658537,0.367770034843206,0.349128919860627,0.114285714285714,0.326132404181185,0.552090592334495,0.655226480836237,0.750348432055749,0.535365853658537,0.662543554006969,0.417421602787456,0.705400696864112,0.662891986062718,0.658536585365854,NA,0.201393728222997,-0.180836236933798,-0.0794425087108014
OTU_339,0.223344947735192,-0.472299651567944,0.300174216027875,-0.364285714285714,-0.0310104529616725,-0.0900696864111498,-0.292508710801394,-0.419163763066202,-0.174216027874564,-0.4301393728223,-0.211324041811847,0.444250871080139,-0.250871080139373,0.21794425087108,-0.204878048780488,-0.273693379790941,0.371602787456446,-0.119512195121951,-0.209407665505227,-0.259059233449477,0.474564459930314,-0.365331010452962,0.332229965156794,-0.53205574912892,0.173170731707317,-0.0614982578397213,-0.0228222996515679,0.295818815331011,-0.00714285714285714,-0.331707317073171,-0.378397212543554,-0.186585365853659,-0.35191637630662,0.304355400696864,-0.0202090592334495,-0.308362369337979,-0.165505226480836,-0.384320557491289,0.374738675958188,0.00801393728222997,0.112369337979094,0.244250871080139,0.586759581881533,-0.262369337979094,-0.354878048780488,-0.382752613240418,0.186933797909408,0.300174216027875,-0.615505226480836,-0.174912891986063,0.0128919860627178,-0.263066202090592,0.214459930313589,-0.379094076655052,-0.336236933797909,0.475435540069686,0.386236933797909,0.381533101045296,0.521428571428572,0.402090592334495,-0.09198606271777,-0.316724738675958,-0.26602787456446,0.335017421602788,0.0289198606271777,-0.456794425087108,-0.236759581881533,-0.425609756097561,0.387630662020906,0.140418118466899,0.1198606271777,-0.608362369337979,0.0670731707317073,-0.216550522648084,-0.341637630662021,0.342857142857143,-0.409581881533101,-0.290592334494774,-0.000348432055749129,0.30383275261324,0.147735191637631,-0.402787456445993,0.0966898954703833,-0.0611498257839721,-0.00365853658536585,0.394947735191638,-0.518118466898955,0.314982578397213,-0.402961672473868,-0.523344947735192,-0.326132404181185,-0.204878048780488,-0.378571428571429,0.34006968641115,0.114808362369338,0.195993031358885,0.477526132404181,0.360627177700349,-0.162020905923345,-0.271602787456446,-0.185017421602788,-0.193728222996516,-0.624912891986063,0.186411149825784,0.340592334494774,0.452264808362369,0.248257839721254,0.278397212543554,0.452787456445993,0.0418118466898955,-0.0317073170731707,0.345993031358885,-0.104355400696864,0.0594076655052265,0.142857142857143,0.0614982578397213,-0.0252613240418119,-0.255400696864112,0.411672473867596,0.196341463414634,-0.133623693379791,0.23815331010453,0.316724738675958,-0.267770034843206,-0.35,0.0163763066202091,-0.0951219512195122,0.353310104529617,-0.280313588850174,0.235714285714286,-0.21219512195122,0.263937282229965,0.392334494773519,0.312020905923345,-0.0618466898954704,0.286933797909408,0.201393728222997,0.147560975609756,0.323170731707317,-0.00609756097560976,0.421602787456446,-0.41219512195122,-0.201567944250871,0.454355400696864,-0.399128919860627,0.360627177700349,0.284494773519164,0.312543554006969,0.178048780487805,0.269512195121951,-0.172473867595819,0.386933797909408,0.371951219512195,0.353135888501742,-0.0939024390243903,-0.277177700348432,0.39581881533101,-0.161672473867596,-0.290592334494774,-0.017595818815331,0.275087108013937,0.234843205574913,0.431707317073171,-0.189198606271777,0.189372822299652,0.00557491289198606,0.35418118466899,-0.160801393728223,-0.174912891986063,0.320557491289199,0.287456445993031,0.415156794425087,-0.157665505226481,-0.0956445993031359,0.40993031358885,0.264982578397213,0.409059233449477,0.243031358885017,0.462543554006969,0.311672473867596,0.38397212543554,0.298954703832753,-0.192857142857143,0.528571428571429,0.118989547038328,0.281881533101045,0.160104529616725,0.00627177700348432,0.388501742160279,0.274390243902439,0.118641114982578,0.204355400696864,0.262369337979094,0.463763066202091,0.108710801393728,0.403484320557491,-0.379268292682927,0.152613240418118,0.433797909407666,0.0263066202090592,0.00958188153310105,0.125783972125436,-0.394425087108014,-0.22787456445993,0.181184668989547,0.259581881533101,0.373867595818815,0.164982578397213,0.35,0.143205574912892,0.133449477351916,0.261672473867596,0.296341463414634,0.369686411149826,0.271428571428572,0.105923344947735,0.221951219512195,-0.0372822299651568,0.272648083623693,0.197038327526132,0.409407665505227,0.201393728222997,NA,-0.00487804878048781,-0.000696864111498258
OTU_370,0.00418118466898955,0.0637630662020906,0.271602787456446,0.305052264808362,-0.219337979094077,-0.0277003484320558,0.179442508710801,0.1301393728223,-0.0766550522648084,0.176132404181185,-0.0167247386759582,-0.229094076655052,0.00714285714285714,-0.158536585365854,0.26411149825784,0.227351916376307,0.140243902439024,0.375783972125436,-0.197560975609756,0.303658536585366,-0.071602787456446,-0.0801393728222997,-0.341114982578397,-0.157665505226481,-0.0947735191637631,0.109581881533101,0.294076655052265,-0.252439024390244,-0.220034843205575,0.15993031358885,0.04198606271777,-0.160104529616725,0.062020905923345,-0.0763066202090592,-0.43205574912892,0.0162020905923345,-0.22020905923345,0.0742160278745645,0.0520905923344948,-0.295121951219512,-0.0754355400696864,0.454006968641115,0.0590592334494774,0.449303135888502,0.271602787456446,-0.095993031358885,-0.240940766550523,0.274912891986063,0.0477351916376307,-0.0325783972125436,0.0562717770034843,0.37595818815331,-0.28397212543554,0.272473867595819,-0.27404181184669,-0.133797909407666,-0.308188153310105,-0.182752613240418,-0.24006968641115,-0.220731707317073,-0.152613240418118,-0.14006968641115,0.453135888501742,0.266550522648084,-0.302439024390244,0.332752613240418,0.181184668989547,-0.0378048780487805,-0.0437282229965157,-0.198606271777004,-0.268641114982578,0.0592334494773519,0.268641114982578,-0.205226480836237,0.19198606271777,-0.0479094076655052,0.212369337979094,-0.00435540069686411,-0.232926829268293,-0.191637630662021,-0.238675958188153,-0.0315331010452962,-0.105923344947735,-0.235714285714286,-0.288327526132404,-0.340418118466899,0.283797909407666,-0.234146341463415,-0.0770034843205575,0.203658536585366,0.371951219512195,0.0189895470383275,0.218292682926829,-0.333623693379791,0.013588850174216,0.194947735191638,-0.313414634146342,-0.32212543554007,0.204529616724739,-0.133797909407666,-0.0374564459930314,0.350696864111498,0.108362369337979,-0.308885017421603,0.133623693379791,-0.255226480836237,0.0400696864111498,-0.0372822299651568,-0.333449477351916,-0.405574912891986,-0.133449477351916,-0.409756097560976,-0.208710801393728,-0.241811846689896,0.222473867595819,0.150871080139373,0.410801393728223,0.0764808362369338,-0.335191637630662,-0.239547038327526,0.447212543554007,0.0655052264808362,0.421777003484321,-0.032404181184669,0.00365853658536585,0.317421602787457,0.271777003484321,-0.40801393728223,0.28588850174216,-0.221428571428571,-0.241637630662021,-0.29390243902439,-0.361324041811847,-0.238675958188153,-0.0862369337979094,0.213414634146342,-0.0560975609756098,0.294599303135889,-0.303658536585366,0.41794425087108,-0.298432055749129,0.268118466898955,0.347038327526132,-0.540243902439025,0.0128919860627178,0.231533101045296,-0.243554006968641,-0.312369337979094,-0.256271777003484,0.129616724738676,0.258536585365854,-0.330662020905923,-0.207839721254355,-0.165156794425087,0.453832752613241,0.0186411149825784,-0.346689895470383,0.293554006968641,0.209059233449477,0.208536585365854,-0.32822299651568,-0.326480836236934,-0.423519163763066,-0.140592334494774,0.206620209059233,-0.343205574912892,-0.367421602787457,0.301742160278746,0.316898954703833,-0.324216027874564,-0.298780487804878,-0.313414634146342,0.458885017421603,0.072822299651568,-0.0970383275261324,-0.40191637630662,-0.214808362369338,-0.220034843205575,-0.398432055749129,0.020383275261324,-0.403484320557491,-0.456620209059234,0.458885017421603,-0.186759581881533,-0.265679442508711,-0.312020905923345,-0.175261324041812,0.100871080139373,-0.407839721254355,-0.145644599303136,-0.11184668989547,-0.233275261324042,-0.389372822299652,-0.390940766550523,-0.191463414634146,-0.382578397212544,-0.0710801393728223,-0.0724738675958188,-0.360104529616725,-0.32787456445993,-0.33397212543554,-0.0393728222996516,0.129268292682927,0.151393728222997,-0.365505226480836,-0.338501742160279,-0.272473867595819,-0.244425087108014,-0.121777003484321,-0.279442508710801,0.00993031358885018,0.052787456445993,-0.328048780487805,-0.177177700348432,-0.198257839721254,-0.111324041811847,-0.137456445993031,-0.0383275261324042,-0.276655052264808,-0.25383275261324,-0.201045296167247,-0.180836236933798,-0.00487804878048781,NA,0.18588850174216
OTU_461,0.201045296167247,-0.220557491289199,0.178397212543554,0.159756097560976,-0.0912891986062718,-0.216202090592335,0.228397212543554,-0.1698606271777,0.000522648083623693,0.12404181184669,-0.169163763066202,-0.0858885017421603,-0.511149825783972,0.222473867595819,0.197038327526132,0.227177700348432,0.0973867595818815,0.203310104529617,-0.107491289198606,0.071602787456446,0.183623693379791,-0.0385017421602788,-0.19616724738676,-0.0782229965156795,0.00470383275261324,-0.147212543554007,0.0229965156794425,-0.149651567944251,-0.222648083623693,0.0918118466898955,0.0142857142857143,-0.284146341463415,-0.493205574912892,-0.226829268292683,-0.295644599303136,-0.0456445993031359,-0.0719512195121951,-0.212020905923345,0.0287456445993031,-0.0857142857142857,0.109233449477352,0.222822299651568,0.0559233449477352,-0.0242160278745645,0.335714285714286,0.0601045296167248,-0.296864111498258,-0.0987804878048781,-0.126306620209059,-0.254878048780488,0.0435540069686411,0.413414634146342,-0.266898954703833,0.345121951219512,0.196515679442509,-0.227003484320558,-0.197735191637631,-0.233101045296167,-0.235017421602788,-0.278397212543554,-0.0712543554006969,-0.0111498257839721,0.189895470383275,-0.111498257839721,-0.090418118466899,-0.0146341463414634,0.427700348432056,-0.178745644599303,-0.400348432055749,-0.300871080139373,0.270905923344948,-0.226306620209059,-0.103310104529617,-0.269163763066202,0.175435540069686,-0.0848432055749129,0.255226480836237,-0.146689895470383,0.183449477351916,-0.203310104529617,0.0979094076655053,-0.0395470383275261,-0.221777003484321,-0.336411149825784,-0.305749128919861,-0.273344947735192,0.0287456445993031,-0.358188153310105,0.20383275261324,-0.165331010452962,0.375087108013937,0.187630662020906,-0.286759581881533,-0.206620209059233,0.384668989547038,0.101393728222997,-0.326480836236934,-0.282578397212544,0.382578397212544,-0.331184668989547,0.0787456445993032,0.465679442508711,-0.379442508710801,-0.404529616724739,0.152090592334495,-0.259756097560976,-0.426132404181185,0.199128919860627,-0.0489547038327526,-0.0585365853658537,-0.429094076655052,-0.255400696864112,-0.23205574912892,-0.0198606271777004,0.0695121951219512,0.176655052264808,0.199825783972125,-0.235714285714286,-0.185365853658537,-0.267770034843206,0.315679442508711,-0.353484320557491,0.222299651567944,0.388501742160279,-0.247386759581882,-0.0918118466898955,-0.0573170731707317,-0.265505226480836,0.0905923344947735,-0.224912891986063,-0.207317073170732,-0.229094076655052,-0.164982578397213,-0.139547038327526,-0.249303135888502,-0.0702090592334495,0.105574912891986,-0.25993031358885,-0.233797909407666,0.197386759581882,-0.232578397212544,-0.114982578397213,-0.060801393728223,-0.0709059233449478,0.0885017421602788,-0.164808362369338,-0.0890243902439025,-0.047212543554007,-0.230836236933798,0.093205574912892,0.186933797909408,-0.159059233449477,-0.25993031358885,-0.200696864111498,0.34581881533101,-0.0393728222996516,-0.289721254355401,-0.30191637630662,-0.047212543554007,0.367421602787457,-0.181358885017422,-0.138850174216028,-0.201393728222997,-0.242160278745645,0.269686411149826,-0.129790940766551,-0.278397212543554,0.35191637630662,0.34390243902439,-0.122822299651568,-0.146341463414634,-0.189895470383275,0.181881533101045,-0.252961672473868,-0.222822299651568,-0.151742160278746,-0.00801393728222997,-0.37822299651568,-0.107142857142857,-0.312717770034843,-0.212020905923345,-0.0653310104529617,0.0994773519163763,-0.156271777003484,-0.0797909407665505,-0.259407665505227,-0.344599303135889,-0.0717770034843206,-0.104355400696864,0.072822299651568,-0.421080139372822,-0.231358885017422,-0.228048780487805,-0.129965156794425,-0.123693379790941,-0.139721254355401,-0.140592334494774,-0.0660278745644599,-0.175609756097561,-0.0573170731707317,-0.291463414634146,-0.222648083623693,-0.199128919860627,-0.0292682926829268,-0.205400696864112,-0.131358885017422,-0.00714285714285714,-0.140766550522648,-0.0195121951219512,-0.118815331010453,-0.0522648083623693,0.1,-0.0142857142857143,-0.0327526132404181,-0.117247386759582,0.0585365853658537,-0.107142857142857,0.0668989547038328,-0.152439024390244,-0.0677700348432056,-0.119337979094077,-0.0794425087108014,-0.000696864111498258,0.18588850174216,NA
