,OTU_1,OTU_2,OTU_3,OTU_4,OTU_5,OTU_6,OTU_7,OTU_8,OTU_9,OTU_10,OTU_11,OTU_12,OTU_13,OTU_14,OTU_15,OTU_16,OTU_17,OTU_18,OTU_19,OTU_20,OTU_21,OTU_22,OTU_23,OTU_24,OTU_25,OTU_26,OTU_27,OTU_28,OTU_29,OTU_30,OTU_31,OTU_32,OTU_33,OTU_34,OTU_35,OTU_36,OTU_37,OTU_38,OTU_39,OTU_40,OTU_41,OTU_42,OTU_43,OTU_44,OTU_45,OTU_46,OTU_48,OTU_49,OTU_50,OTU_51,OTU_52,OTU_54,OTU_55,OTU_56,OTU_57,OTU_58,OTU_59,OTU_61,OTU_62,OTU_63,OTU_64,OTU_65,OTU_67,OTU_68,OTU_69,OTU_70,OTU_71,OTU_72,OTU_73,OTU_74,OTU_75,OTU_76,OTU_77,OTU_78,OTU_79,OTU_80,OTU_81,OTU_82,OTU_83,OTU_84,OTU_86,OTU_87,OTU_89,OTU_90,OTU_91,OTU_92,OTU_93,OTU_94,OTU_95,OTU_96,OTU_97,OTU_100,OTU_101,OTU_102,OTU_103,OTU_104,OTU_105,OTU_107,OTU_109,OTU_111,OTU_113,OTU_114,OTU_116,OTU_117,OTU_119,OTU_121,OTU_122,OTU_125,OTU_126,OTU_127,OTU_128,OTU_129,OTU_131,OTU_140,OTU_144,OTU_148,OTU_149,OTU_154,OTU_155,OTU_156,OTU_157,OTU_161,OTU_162,OTU_166,OTU_167,OTU_171,OTU_178,OTU_179,OTU_183,OTU_184,OTU_185,OTU_191,OTU_192,OTU_196,OTU_202,OTU_207,OTU_211,OTU_215,OTU_216,OTU_217,OTU_221,OTU_233,OTU_252,OTU_266,OTU_277,OTU_288,OTU_290,OTU_297,OTU_319,OTU_325,OTU_333,OTU_346,OTU_351,OTU_368
OTU_1,NA,-0.907002801120448,0.595518207282913,0.0134453781512605,-0.626890756302521,-0.599439775910364,-0.450140056022409,-0.625770308123249,-0.114285714285714,0.503081232492997,-0.846218487394958,0.580112044817927,0.380392156862745,0.895238095238095,-0.896638655462185,-0.492997198879552,-0.615126050420168,0.448459383753501,0.599719887955182,-0.144257703081233,-0.179551820728291,0.28515406162465,0.735854341736695,0.693557422969188,-0.450980392156863,0.505042016806723,0.711484593837535,-0.456862745098039,0.480672268907563,0.684033613445378,-0.199159663865546,-0.653501400560224,-0.152941176470588,0.73781512605042,-0.630532212885154,-0.605042016806723,-0.0957983193277311,0.25406162464986,-0.0327731092436975,0.743417366946779,0.525490196078432,0.671988795518207,-0.076750700280112,-0.649299719887955,0.673109243697479,0.796638655462185,-0.142016806722689,0.178711484593838,-0.585714285714286,0.527170868347339,0.815406162464986,0.320448179271709,0.0439775910364146,-0.273109243697479,-0.570588235294118,-0.653221288515406,-0.383193277310924,0.612324929971989,0.257422969187675,0.738375350140056,0.154901960784314,-0.191316526610644,-0.494957983193277,-0.0316526610644258,-0.617927170868347,-0.423529411764706,-0.728011204481793,0.402240896358543,-0.787114845938375,-0.454341736694678,-0.427170868347339,0.495518207282913,0.74453781512605,0.113165266106443,-0.0907563025210084,-0.576750700280112,0.26890756302521,-0.14453781512605,-0.496918767507003,0.0605042016806723,0.545658263305322,0.34733893557423,0.0436974789915966,0.215126050420168,0.00168067226890756,0.0831932773109244,-0.0602240896358543,0.274229691876751,0.579551820728291,-0.4703081232493,-0.124649859943978,0.363865546218487,0.818207282913165,-0.26078431372549,0.871708683473389,-0.720448179271709,-0.502521008403361,0.506442577030812,0.840336134453782,-0.501120448179272,-0.417647058823529,-0.325770308123249,-0.108403361344538,0.706162464985994,0.182913165266106,0.332773109243698,0.193557422969188,0.723809523809524,0.23921568627451,-0.788795518207283,0.141456582633053,0.440056022408964,-0.0411764705882353,0.623529411764706,-0.24453781512605,0.756022408963586,0.669467787114846,-0.342857142857143,0.588795518207283,0.63781512605042,0.034453781512605,0.250700280112045,0.00476190476190476,-0.177591036414566,0.357983193277311,-0.573949579831933,-0.233053221288515,-0.666946778711485,0.370868347338936,0.235854341736695,-0.034733893557423,0.300560224089636,0.652100840336135,0.767787114845939,0.0649859943977591,0.1,-0.0820728291316527,0.836134453781513,0.668627450980392,-0.734733893557423,0.691596638655462,0.0941176470588235,0.133613445378151,-0.0168067226890756,0.282352941176471,-0.657703081232493,-0.527170868347339,0.180952380952381,0.178711484593838,0.231652661064426,0.0428571428571429,-0.454621848739496,0.109243697478992,0.0801120448179272
OTU_2,-0.907002801120448,NA,-0.624929971988796,0.0140056022408964,0.520448179271709,0.622128851540616,0.335574229691877,0.559103641456583,0.13109243697479,-0.394677871148459,0.743417366946779,-0.472549019607843,-0.390756302521008,-0.84593837535014,0.770028011204482,0.410364145658263,0.443137254901961,-0.470868347338936,-0.505042016806723,0.112044817927171,-0.00784313725490196,-0.248739495798319,-0.612885154061625,-0.631652661064426,0.393557422969188,-0.56890756302521,-0.636414565826331,0.456582633053221,-0.315686274509804,-0.539775910364146,0.305602240896359,0.668347338935574,0.0820728291316527,-0.626610644257703,0.661064425770308,0.646218487394958,0.133053221288515,-0.120168067226891,0.0490196078431373,-0.590756302521009,-0.405602240896359,-0.761904761904762,-0.0887955182072829,0.462464985994398,-0.63781512605042,-0.642296918767507,0.153781512605042,-0.163305322128852,0.523249299719888,-0.618767507002801,-0.772268907563025,-0.373389355742297,0.011484593837535,0.180672268907563,0.619047619047619,0.659663865546219,0.489355742296919,-0.546778711484594,-0.106442577030812,-0.703921568627451,-0.224649859943978,0.257703081232493,0.37703081232493,0.113165266106443,0.574509803921569,0.368347338935574,0.690196078431373,-0.347619047619048,0.633893557422969,0.412044817927171,0.461064425770308,-0.370028011204482,-0.668627450980392,0.0210084033613445,0.161064425770308,0.631932773109244,-0.092436974789916,0.212605042016807,0.390476190476191,0.0599439775910364,-0.434733893557423,-0.385434173669468,0.0627450980392157,-0.245378151260504,-0.138935574229692,-0.126330532212885,0.120448179271709,-0.14453781512605,-0.395798319327731,0.452941176470588,-0.0372549019607843,-0.402521008403361,-0.705322128851541,0.105042016806723,-0.832773109243698,0.673389355742297,0.491596638655462,-0.509803921568628,-0.811484593837535,0.360504201680672,0.442016806722689,0.396638655462185,0.133333333333333,-0.672829131652661,-0.310084033613445,-0.331652661064426,-0.0985994397759104,-0.744257703081233,-0.280952380952381,0.690476190476191,-0.250700280112045,-0.441176470588235,0.0389355742296919,-0.549579831932773,0.0988795518207283,-0.70672268907563,-0.645098039215686,0.40812324929972,-0.581232492997199,-0.631372549019608,-0.196918767507003,-0.342296918767507,0.0599439775910364,0.114005602240896,-0.267787114845938,0.622408963585434,0.109243697478992,0.645658263305322,-0.459103641456583,-0.270588235294118,0,-0.481232492997199,-0.551820728291317,-0.731372549019608,-0.161904761904762,-0.166666666666667,0.0156862745098039,-0.797198879551821,-0.61764705882353,0.67703081232493,-0.676750700280112,-0.0887955182072829,-0.121008403361345,-0.00196078431372549,-0.301680672268908,0.632773109243698,0.519607843137255,-0.167226890756303,-0.313445378151261,-0.154901960784314,-0.0103641456582633,0.407843137254902,-0.0280112044817927,-0.112324929971989
OTU_3,0.595518207282913,-0.624929971988796,NA,-0.203361344537815,-0.8,-0.608963585434174,-0.492717086834734,-0.563305322128852,-0.253501400560224,-0.196078431372549,-0.430532212885154,0.638935574229692,0.499159663865546,0.485714285714286,-0.484593837535014,-0.128011204481793,0.0106442577030812,0.62436974789916,0.0714285714285714,0.275350140056022,-0.35266106442577,0.296078431372549,0.226610644257703,0.0392156862745098,-0.60812324929972,0.298039215686275,0.761344537815126,-0.375910364145658,0.0109243697478992,0.135854341736695,-0.676190476190476,-0.733613445378151,0.46078431372549,0.60952380952381,-0.676190476190476,-0.763025210084034,-0.346778711484594,-0.110924369747899,0.549299719887955,0.0929971988795518,0.496918767507003,0.726890756302521,0.26218487394958,-0.133333333333333,0.581232492997199,0.185714285714286,0.270588235294118,-0.0669467787114846,-0.461624649859944,0.516526610644258,0.614005602240896,0.35266106442577,0.344257703081233,-0.326330532212885,-0.563865546218488,-0.493837535014006,-0.373109243697479,-0.0504201680672269,0.0394957983193277,0.324649859943978,0.14733893557423,-0.491596638655462,0.254621848739496,-0.388515406162465,-0.330252100840336,-0.517647058823529,-0.29187675070028,-0.196078431372549,-0.205042016806723,-0.50140056022409,-0.272268907563025,0.256862745098039,0.33109243697479,-0.0795518207282913,0.394117647058824,-0.557422969187675,-0.104761904761905,-0.505042016806723,-0.354621848739496,-0.464145658263305,0.108963585434174,0.271708683473389,-0.0571428571428571,0.40140056022409,0.371148459383754,-0.171708683473389,-0.13109243697479,-0.142296918767507,-0.00980392156862745,0.231372549019608,0.203081232492997,-0.140336134453782,0.452941176470588,-0.178991596638655,0.507843137254902,-0.238375350140056,-0.554621848739496,0.627450980392157,0.475070028011205,0.172829131652661,-0.192436974789916,-0.469747899159664,-0.3296918767507,0.179551820728291,0.411764705882353,0.438375350140056,0.0521008403361345,0.737254901960784,0.265826330532213,-0.296078431372549,0.632773109243698,0.680952380952381,-0.0322128851540616,0.243137254901961,0.119607843137255,0.270868347338936,0.749019607843137,-0.640616246498599,0.132773109243698,0.190196078431373,0.248459383753501,0.402801120448179,0.474229691876751,0.222689075630252,-0.0607843137254902,-0.390756302521008,0.102240896358543,-0.530812324929972,0.340336134453782,0.320168067226891,0.0459383753501401,0.565826330532213,0.112324929971989,0.170588235294118,0.315966386554622,0.389915966386555,0.128851540616247,0.328851540616247,0.21484593837535,-0.510644257703081,0.250420168067227,-0.00728291316526611,-0.0218487394957983,0.142577030812325,0.0372549019607843,-0.605322128851541,-0.156022408963585,0.019047619047619,0.454341736694678,-0.000840336134453782,-0.174789915966387,-0.525490196078432,-0.0910364145658263,-0.153781512605042
OTU_4,0.0134453781512605,0.0140056022408964,-0.203361344537815,NA,0.226050420168067,0.287675070028011,-0.20812324929972,-0.0764705882352941,0.229971988795518,0.156582633053221,-0.0663865546218488,0.319887955182073,-0.307563025210084,0.0708683473389356,0.00252100840336135,-0.220168067226891,-0.14453781512605,-0.0907563025210084,0.403641456582633,-0.0254901960784314,0.0310924369747899,0.00840336134453782,0.270028011204482,0.210084033613445,-0.0817927170868347,-0.294117647058824,0.00756302521008403,0.379271708683473,0.302521008403361,0.2296918767507,0.100280112044818,0.210084033613445,-0.0624649859943978,0.17843137254902,0.240056022408964,0.256022408963585,0.289635854341737,0.223249299719888,-0.142296918767507,0.266666666666667,-0.038375350140056,-0.220728291316527,-0.33109243697479,-0.329411764705882,-0.123249299719888,0.199439775910364,0.015406162464986,-0.146778711484594,0.117086834733894,-0.299719887955182,-0.218767507002801,-0.205602240896359,0.0593837535014006,0.206442577030812,0.310364145658263,0.138375350140056,0.283193277310924,0.0246498599439776,0.140056022408964,0.11624649859944,-0.2,0.203641456582633,-0.160504201680672,0.294957983193277,0.225210084033613,0.161624649859944,0.100280112044818,0.0257703081232493,-0.172829131652661,0.142577030812325,0.294117647058824,0.243417366946779,0.249299719887955,0.163865546218487,0.135574229691877,0.299439775910364,0.481232492997199,0.196638655462185,-0.0361344537815126,0.112605042016807,0.374229691876751,-0.150700280112045,0.122689075630252,-0.381232492997199,-0.0775910364145658,0.255742296918768,0.466386554621849,0.019047619047619,0.35266106442577,-0.0873949579831933,-0.159663865546219,-0.0705882352941177,0.0694677871148459,-0.224649859943978,-0.0593837535014006,0.0761904761904762,0.251820728291317,-0.36358543417367,-0.163585434173669,-0.260504201680672,0.233893557422969,0.282072829131653,0.368627450980392,0.218207282913165,-0.273389355742297,-0.219607843137255,0.131932773109244,-0.328291316526611,-0.199159663865546,-0.019327731092437,-0.038375350140056,-0.196078431372549,-0.0714285714285714,-0.0868347338935574,-0.276470588235294,0.000840336134453782,-0.354901960784314,0.266386554621849,-0.240896358543417,0.110364145658263,-0.451820728291317,-0.240896358543417,0.0927170868347339,-0.208403361344538,0.365266106442577,0.122408963585434,-0.314565826330532,0.192156862745098,-0.165266106442577,-0.21484593837535,-0.192717086834734,-0.308683473389356,0.113445378151261,0.034453781512605,-0.150420168067227,-0.150420168067227,-0.286274509803922,0.0663865546218488,-0.104201680672269,0.230812324929972,-0.181232492997199,-0.225210084033613,-0.136974789915966,-0.234453781512605,-0.0705882352941177,0.130812324929972,0.294957983193277,0.0582633053221289,-0.0649859943977591,0.0910364145658263,-0.118207282913165,0.080952380952381,0.0946778711484594,0.057703081232493
OTU_5,-0.626890756302521,0.520448179271709,-0.8,0.226050420168067,NA,0.781232492997199,0.233053221288515,0.703921568627451,0.0700280112044818,0.0862745098039216,0.625490196078431,-0.485994397759104,-0.564145658263305,-0.569187675070028,0.666386554621849,0.351260504201681,0.276190476190476,-0.730532212885154,0.0361344537815126,-0.261344537815126,0.34453781512605,-0.494397759103642,-0.157142857142857,-0.0428571428571429,0.415126050420168,-0.371988795518207,-0.531932773109244,0.649019607843137,0.0341736694677871,-0.275350140056022,0.631372549019608,0.86218487394958,-0.147899159663866,-0.504481792717087,0.792436974789916,0.729411764705883,0.118487394957983,-0.0787114845938375,-0.357703081232493,-0.171148459383754,-0.564425770308123,-0.661624649859944,-0.359103641456583,0.18655462184874,-0.587394957983193,-0.213445378151261,0.0246498599439776,-0.168347338935574,0.729411764705883,-0.634453781512605,-0.748459383753502,-0.527170868347339,-0.0403361344537815,0.40672268907563,0.696078431372549,0.577871148459384,0.538655462184874,-0.0338935574229692,-0.248179271708684,-0.43249299719888,-0.310924369747899,0.594117647058824,-0.0358543417366947,0.144817927170868,0.529411764705882,0.424929971988796,0.393557422969188,0.193837535014006,0.308683473389356,0.703081232492997,0.535854341736695,-0.0305322128851541,-0.240896358543417,-0.144817927170868,-0.0983193277310925,0.646218487394958,0.178151260504202,0.255182072829132,0.382913165266106,0.305322128851541,0.0366946778711485,-0.4,-0.243137254901961,-0.54453781512605,-0.147899159663866,0.015406162464986,0.382913165266106,-0.151540616246499,-0.0549019607843137,-0.0198879551820728,-0.11624649859944,0.0764705882352941,-0.418767507002801,0.105322128851541,-0.497759103641457,0.396918767507003,0.761904761904762,-0.692997198879552,-0.475350140056022,0.0478991596638655,0.457422969187675,0.619047619047619,0.584593837535014,-0.193557422969188,-0.267787114845938,-0.40140056022409,-0.163025210084034,-0.7296918767507,-0.527170868347339,0.418487394957983,-0.406442577030812,-0.584033613445378,-0.0666666666666667,-0.37843137254902,-0.0403361344537815,-0.239775910364146,-0.802521008403361,0.668347338935574,-0.389075630252101,-0.301680672268908,-0.285994397759104,-0.502240896358544,-0.285994397759104,-0.419047619047619,-0.0789915966386555,0.510084033613445,-0.109803921568627,0.559943977591037,-0.58375350140056,-0.505602240896359,-0.269747899159664,-0.416806722689076,-0.0582633053221289,-0.233893557422969,-0.325770308123249,-0.314285714285714,-0.385714285714286,-0.350140056022409,-0.258823529411765,0.586834733893557,-0.291596638655462,-0.298039215686275,-0.173389355742297,-0.150980392156863,-0.174509803921569,0.646778711484594,0.298039215686275,-0.30140056022409,-0.515406162464986,-0.28655462184874,0.0212885154061625,0.510924369747899,-0.171428571428571,0.0943977591036415
OTU_6,-0.599439775910364,0.622128851540616,-0.608963585434174,0.287675070028011,0.781232492997199,NA,-0.053781512605042,0.450700280112045,0.0935574229691877,-0.0319327731092437,0.519047619047619,-0.118767507002801,-0.590476190476191,-0.548739495798319,0.573949579831933,0.240616246498599,0.303081232492997,-0.577591036414566,0.0694677871148459,-0.240616246498599,0.103361344537815,-0.491036414565826,0.0187675070028011,-0.130812324929972,0.299719887955182,-0.584593837535014,-0.293837535014006,0.85406162464986,0.239775910364146,-0.170868347338936,0.487114845938375,0.867226890756303,-0.0380952380952381,-0.349579831932773,0.86890756302521,0.765546218487395,0.242016806722689,0.0854341736694678,-0.0966386554621849,-0.0974789915966387,-0.317647058823529,-0.799439775910364,-0.539775910364146,-0.00168067226890756,-0.489075630252101,-0.132773109243698,0.414565826330532,-0.280392156862745,0.769747899159664,-0.86218487394958,-0.767226890756303,-0.663025210084034,0.29859943977591,0.510924369747899,0.930532212885154,0.76890756302521,0.827170868347339,-0.152100840336134,-0.0400560224089636,-0.329411764705882,-0.494957983193277,0.73109243697479,0.0781512605042017,0.167787114845938,0.78655462184874,0.480952380952381,0.529971988795518,0.019327731092437,0.224929971988796,0.643417366946779,0.81624649859944,0.269747899159664,-0.0980392156862745,0.0591036414565826,0.214565826330532,0.914285714285714,0.457703081232493,0.29047619047619,0.239495798319328,0.264705882352941,0.114005602240896,-0.592436974789916,-0.226050420168067,-0.682913165266106,-0.250420168067227,-0.0890756302521009,0.651260504201681,-0.0759103641456583,0.117086834733894,0.148739495798319,-0.327170868347339,-0.230252100840336,-0.244817927170868,-0.205322128851541,-0.534453781512605,0.491316526610644,0.7703081232493,-0.684873949579832,-0.549299719887955,0.0148459383753501,0.663305322128852,0.787394957983193,0.561624649859944,-0.252100840336134,-0.453781512605042,-0.350980392156863,-0.00868347338935574,-0.741456582633053,-0.675910364145658,0.453221288515406,-0.336414565826331,-0.482633053221289,-0.0862745098039216,-0.410644257703081,-0.24453781512605,-0.363305322128852,-0.840896358543417,0.753221288515406,-0.619607843137255,-0.378151260504202,-0.484593837535014,-0.67563025210084,-0.0557422969187675,-0.316526610644258,-0.249299719887955,0.7406162464986,-0.246498599439776,0.613725490196078,-0.782633053221289,-0.503641456582633,-0.371148459383754,-0.61624649859944,-0.0109243697478992,-0.306162464985994,-0.477591036414566,-0.227731092436975,-0.447058823529412,-0.435854341736695,-0.335854341736695,0.691596638655462,-0.292156862745098,-0.209803921568627,-0.235294117647059,-0.145658263305322,-0.241456582633053,0.691316526610644,0.408963585434174,-0.428291316526611,-0.534453781512605,-0.323529411764706,-0.124089635854342,0.218487394957983,-0.137254901960784,0.110644257703081
OTU_7,-0.450140056022409,0.335574229691877,-0.492717086834734,-0.20812324929972,0.233053221288515,-0.053781512605042,NA,0.177871148459384,0.430812324929972,-0.109243697478992,0.209803921568627,-0.726050420168067,0.181512605042017,-0.328291316526611,0.220728291316527,0.080952380952381,0.00196078431372549,0.0781512605042017,-0.602521008403361,0.255742296918768,0.60140056022409,0.208403361344538,-0.495798319327731,-0.269747899159664,0.812044817927171,0.306162464985994,-0.743977591036415,-0.252100840336134,-0.363305322128852,-0.13781512605042,0.053781512605042,0.0579831932773109,-0.431372549019608,-0.711484593837535,-0.0148459383753501,0.217647058823529,0.369747899159664,0.16218487394958,-0.279551820728291,-0.357142857142857,-0.156022408963585,-0.166666666666667,0.509803921568628,0.529971988795518,-0.305882352941176,-0.419327731092437,-0.538095238095238,0.420168067226891,-0.0697478991596639,0.152380952380952,-0.12156862745098,0.350980392156863,-0.612044817927171,0.386834733893557,-0.0896358543417367,0.177310924369748,-0.306442577030812,-0.0798319327731093,-0.136134453781513,-0.172268907563025,0.449019607843137,-0.194397759103641,-0.00784313725490196,0.411764705882353,-0.0310924369747899,0.473389355742297,0.111764705882353,0.023249299719888,0.311484593837535,-0.127731092436975,-0.381792717086835,-0.733893557422969,-0.469187675070028,0.203361344537815,-0.693557422969188,-0.0103641456582633,-0.494957983193277,0.449859943977591,0.4296918767507,0.142577030812325,-0.703641456582633,0.275910364145658,0.232212885154062,0.373949579831933,-0.248459383753501,0.112885154061625,-0.561904761904762,0.173669467787115,-0.307282913165266,-0.259103641456583,-0.0532212885154062,0.154341736694678,-0.451260504201681,0.253781512605042,-0.421848739495798,0.0302521008403361,-0.198879551820728,-0.0112044817927171,-0.250140056022409,-0.0834733893557423,-0.334453781512605,-0.182072829131653,-0.481792717086835,-0.195518207282913,-0.166106442577031,-0.00812324929971989,-0.0151260504201681,-0.195518207282913,0.42436974789916,0.163025210084034,-0.420448179271709,-0.213165266106443,0.143697478991597,0.0745098039215686,-0.0184873949579832,-0.248179271708684,-0.152941176470588,-0.0831932773109244,0.300840336134454,0.0226890756302521,0.142857142857143,0.338655462184874,-0.457142857142857,0.457422969187675,0.0644257703081233,-0.0915966386554622,0.0759103641456583,0.208403361344538,0.338095238095238,0.366946778711485,0.442296918767507,-0.0389355742296919,-0.435294117647059,-0.216806722689076,0.046218487394958,-0.178711484593838,0.553781512605042,-0.265546218487395,-0.188235294117647,0.0599439775910364,-0.07703081232493,0.43109243697479,0.426330532212885,0.25266106442577,0.278711484593838,0.179831932773109,-0.115406162464986,0.440616246498599,0.178991596638655,0.348459383753501,0.450420168067227,0.32296918767507,0.132212885154062,0.214285714285714
OTU_8,-0.625770308123249,0.559103641456583,-0.563305322128852,-0.0764705882352941,0.703921568627451,0.450700280112045,0.177871148459384,NA,-0.214565826330532,-0.038655462184874,0.807843137254902,-0.627450980392157,-0.447058823529412,-0.59327731092437,0.749859943977591,0.654901960784314,0.355742296918768,-0.739775910364146,-0.115126050420168,-0.215126050420168,0.073109243697479,-0.636414565826331,-0.438935574229692,-0.171148459383754,0.0515406162464986,-0.252100840336134,-0.365546218487395,0.318207282913165,-0.21624649859944,-0.507843137254902,0.481512605042017,0.70140056022409,0.210084033613445,-0.349859943977591,0.610644257703081,0.387394957983193,-0.25406162464986,-0.452941176470588,-0.118487394957983,-0.373389355742297,-0.584033613445378,-0.405882352941177,-0.261904761904762,0.434173669467787,-0.422689075630252,-0.384313725490196,0.011484593837535,-0.225210084033613,0.531372549019608,-0.379271708683473,-0.661624649859944,-0.39187675070028,-0.169187675070028,-0.114285714285714,0.334453781512605,0.210084033613445,0.2703081232493,-0.0952380952380952,-0.473669467787115,-0.726330532212885,-0.377871148459384,0.335574229691877,0.182072829131653,-0.26218487394958,0.22296918767507,-0.0663865546218488,0.255182072829132,0.0610644257703081,0.452380952380952,0.715126050420168,0.365546218487395,-0.188795518207283,-0.457703081232493,-0.429411764705882,-0.0204481792717087,0.265826330532213,-0.149579831932773,-0.05406162464986,0.192997198879552,-0.0672268907563025,-0.0775910364145658,-0.280392156862745,-0.235294117647059,-0.292997198879552,0.228851540616247,-0.184313725490196,0.136974789915966,-0.458823529411765,-0.301120448179272,0.227731092436975,0.277310924369748,-0.0669467787114846,-0.499159663865546,0.248179271708684,-0.384033613445378,0.441176470588235,0.603641456582633,-0.371428571428571,-0.398879551820728,0.348459383753501,0.366946778711485,0.233893557422969,0.484033613445378,-0.420728291316527,-0.00476190476190476,-0.240896358543417,-0.445658263305322,-0.533893557422969,-0.40140056022409,0.470028011204482,-0.125770308123249,-0.364145658263305,0.030812324929972,-0.436134453781513,0.335294117647059,-0.273389355742297,-0.402801120448179,0.412324929971989,-0.35546218487395,-0.559663865546219,0.0778711484593838,-0.39859943977591,-0.0355742296918768,-0.388515406162465,-0.310084033613445,0.316526610644258,0.224929971988796,0.246778711484594,-0.380392156862745,-0.451260504201681,-0.247899159663866,-0.184313725490196,-0.157142857142857,-0.333613445378151,-0.201680672268908,0.0904761904761905,-0.240896358543417,-0.342577030812325,-0.208403361344538,0.512044817927171,-0.442577030812325,-0.432212885154062,-0.366386554621849,-0.273109243697479,-0.504481792717087,0.54453781512605,0.250140056022409,-0.410644257703081,-0.444817927170868,-0.418487394957983,-0.182352941176471,0.396638655462185,-0.325490196078431,-0.263025210084034
OTU_9,-0.114285714285714,0.13109243697479,-0.253501400560224,0.229971988795518,0.0700280112044818,0.0935574229691877,0.430812324929972,-0.214565826330532,NA,0.0591036414565826,-0.123529411764706,-0.198319327731092,0.29047619047619,-0.0703081232492997,-0.174789915966387,-0.137254901960784,-0.279271708683473,0.238935574229692,-0.174509803921569,0.371988795518207,0.203081232492997,0.428851540616247,0.0168067226890756,0.00532212885154062,0.494677871148459,0.190196078431373,-0.184593837535014,-0.0336134453781513,0.147619047619048,0.408403361344538,0.0946778711484594,-0.0305322128851541,-0.441456582633053,-0.235294117647059,0.0257703081232493,0.173389355742297,0.878711484593838,0.730812324929972,-0.00812324929971989,0.115406162464986,0.346778711484594,-0.139495798319328,-0.00448179271708684,-0.0756302521008403,0.0215686274509804,0.0546218487394958,-0.23249299719888,0.238655462184874,-0.0705882352941177,-0.0658263305322129,-0.0355742296918768,0.234173669467787,-0.229131652661064,0.605882352941177,0.0831932773109244,0.192156862745098,-0.0151260504201681,0.11624649859944,0.308963585434174,0.146498599439776,0.193557422969188,0.151260504201681,-0.222128851540616,0.737535014005602,0.196638655462185,0.250980392156863,-0.0305322128851541,0.126890756302521,-0.233333333333333,-0.265266106442577,-0.065266106442577,-0.252941176470588,-0.0582633053221289,0.623249299719888,-0.332212885154062,0.0703081232492997,0.096078431372549,0.725210084033614,0.0624649859943978,0.154901960784314,-0.277871148459384,0.268067226890756,0.385714285714286,0.0490196078431373,-0.22436974789916,0.118487394957983,-0.119047619047619,0.542016806722689,0.302240896358543,-0.362745098039216,-0.14453781512605,-0.223249299719888,0.135574229691877,-0.320448179271709,-0.141176470588235,-0.216806722689076,-0.238655462184874,0.069187675070028,0.0212885154061625,-0.416526610644258,-0.238655462184874,0.0742296918767507,-0.386834733893557,-0.0288515406162465,-0.536134453781513,0.111764705882353,0.572549019607843,0.0198879551820728,0.268627450980392,-0.159383753501401,-0.473389355742297,0.0686274509803922,0.321848739495798,0.399159663865546,-0.29859943977591,0.0478991596638655,-0.200840336134454,0.104481792717087,0.156022408963585,0.161344537815126,-0.092156862745098,0.0957983193277311,-0.0372549019607843,0.266946778711485,0.336974789915966,-0.0677871148459384,-0.146778711484594,0.0252100840336134,-0.0277310924369748,0.297198879551821,0.195238095238095,-0.482633053221289,-0.0336134453781513,0.0322128851540616,-0.00392156862745098,-0.243417366946779,0.254901960784314,0.0442577030812325,-0.141176470588235,-0.0859943977591037,0.123249299719888,0.238655462184874,0.392436974789916,-0.0563025210084034,0.259943977591036,0.200280112044818,-0.121288515406162,0.140896358543417,0.174509803921569,0.212044817927171,0.458823529411765,0.0913165266106443,0.242296918767507,0.102801120448179
OTU_10,0.503081232492997,-0.394677871148459,-0.196078431372549,0.156582633053221,0.0862745098039216,-0.0319327731092437,-0.109243697478992,-0.038655462184874,0.0591036414565826,NA,-0.465546218487395,0.0282913165266106,0.160504201680672,0.473389355742297,-0.529131652661065,-0.173949579831933,-0.807002801120448,-0.0299719887955182,0.670028011204482,-0.415126050420168,0.206442577030812,0.0750700280112045,0.606442577030812,0.779831932773109,0.00588235294117647,0.379551820728291,0.145658263305322,-0.150700280112045,0.521288515406163,0.635014005602241,0.59187675070028,-0.0428571428571429,-0.647058823529412,0.315686274509804,-0.154621848739496,-0.0271708683473389,0.0971988795518207,0.392436974789916,-0.503641456582633,0.83921568627451,0.115686274509804,0.141736694677871,-0.390756302521008,-0.650700280112045,0.339495798319328,0.759103641456583,-0.519047619047619,0.517647058823529,-0.264425770308123,0.230532212885154,0.186274509803922,0.162745098039216,-0.345378151260504,0.0795518207282913,-0.0949579831932773,-0.358543417366947,-0.0918767507002801,0.733613445378151,0.212044817927171,0.477591036414566,0.197198879551821,0.419327731092437,-0.833053221288516,0.202801120448179,-0.440056022408964,-0.0288515406162465,-0.653501400560224,0.731372549019608,-0.656022408963585,-0.0700280112044818,-0.254901960784314,0.364985994397759,0.468067226890756,0.133333333333333,-0.396078431372549,-0.157983193277311,0.507563025210084,0.113165266106443,-0.138375350140056,0.605882352941177,0.551820728291317,0.291316526610644,0.0834733893557423,-0.126050420168067,-0.318207282913165,0.0434173669467787,-0.0215686274509804,0.451540616246499,0.726330532212885,-0.703361344537815,-0.413165266106443,0.464985994397759,0.624649859943978,-0.0857142857142857,0.588515406162465,-0.636414565826331,-0.124649859943978,0.0282913165266106,0.545098039215686,-0.789635854341737,-0.321008403361345,0.224929971988796,0.203641456582633,0.550980392156863,-0.253781512605042,0.0971988795518207,0.161904761904762,0.128291316526611,0.0943977591036415,-0.607563025210084,-0.469187675070028,0.000840336134453782,-0.0787114845938375,0.56358543417367,-0.414565826330532,0.686274509803922,0.00224089635854342,0.317927170868347,0.440056022408964,0.596358543417367,-0.23109243697479,0.0131652661064426,-0.424929971988796,-0.461624649859944,0.362745098039216,-0.376190476190476,-0.508683473389356,-0.390476190476191,0.0445378151260504,0.0736694677871149,-0.263025210084034,-0.124929971988796,0.679271708683474,0.710924369747899,-0.0817927170868347,-0.132773109243698,-0.153781512605042,0.635854341736695,0.604201680672269,-0.26218487394958,0.568067226890756,0.0938375350140056,0.294397759103641,-0.0983193277310925,0.23921568627451,-0.211764705882353,-0.641456582633053,0.0378151260504202,-0.217927170868347,0.13921568627451,0.161624649859944,-0.212324929971989,0.0565826330532213,0.084873949579832
OTU_11,-0.846218487394958,0.743417366946779,-0.430532212885154,-0.0663865546218488,0.625490196078431,0.519047619047619,0.209803921568627,0.807843137254902,-0.123529411764706,-0.465546218487395,NA,-0.530252100840336,-0.349579831932773,-0.877871148459384,0.9,0.759943977591036,0.687675070028011,-0.574229691876751,-0.492997198879552,0.156582633053221,-0.00476190476190476,-0.537535014005602,-0.656582633053221,-0.641456582633053,0.193557422969188,-0.430532212885154,-0.419327731092437,0.482352941176471,-0.405602240896359,-0.684593837535014,0.279831932773109,0.6703081232493,0.376190476190476,-0.557422969187675,0.652380952380953,0.405882352941177,-0.207843137254902,-0.401680672268908,0.25406162464986,-0.709243697478992,-0.500560224089636,-0.493837535014006,-0.108963585434174,0.669467787114846,-0.534733893557423,-0.694677871148459,0.236974789915966,-0.30812324929972,0.636694677871149,-0.504481792717087,-0.754621848739496,-0.410364145658263,0.114565826330532,0.0294117647058824,0.453501400560224,0.482352941176471,0.369467787114846,-0.565546218487395,-0.378151260504202,-0.861344537815126,-0.31484593837535,0.254621848739496,0.580952380952381,-0.294397759103641,0.559383753501401,0.0896358543417367,0.610644257703081,-0.250140056022409,0.698599439775911,0.587114845938375,0.501680672268908,-0.33921568627451,-0.623249299719888,-0.315966386554622,0.264705882352941,0.433053221288515,-0.27703081232493,-0.136134453781513,0.402240896358543,-0.198039215686275,-0.384593837535014,-0.315126050420168,-0.302240896358543,-0.258543417366947,0.151540616246499,-0.283193277310924,0.136694677871148,-0.485434173669468,-0.576470588235294,0.551540616246499,0.256862745098039,-0.37703081232493,-0.708683473389356,0.226330532212885,-0.663025210084034,0.649299719887955,0.576750700280112,-0.338935574229692,-0.649019607843137,0.625770308123249,0.517927170868347,0.257422969187675,0.319887955182073,-0.67843137254902,-0.00364145658263305,-0.153501400560224,-0.318487394957983,-0.536414565826331,-0.326610644257703,0.70140056022409,-0.0170868347338936,-0.23921568627451,-0.0529411764705882,-0.559383753501401,0.330532212885154,-0.553781512605042,-0.505042016806723,0.382913165266106,-0.627170868347339,-0.701960784313726,0.0406162464985994,-0.371708683473389,0.236974789915966,-0.0969187675070028,-0.423529411764706,0.506442577030812,0.229971988795518,0.521288515406163,-0.504481792717087,-0.36218487394958,-0.137535014005602,-0.216526610644258,-0.478991596638656,-0.709803921568628,-0.204481792717087,0.00532212885154062,-0.124089635854342,-0.676750700280112,-0.524089635854342,0.600840336134454,-0.597478991596639,-0.436694677871149,-0.32436974789916,-0.141176470588235,-0.507282913165266,0.61484593837535,0.532773109243697,-0.335294117647059,-0.292997198879552,-0.428851540616247,-0.136134453781513,0.428851540616247,-0.243137254901961,-0.218207282913165
OTU_12,0.580112044817927,-0.472549019607843,0.638935574229692,0.319887955182073,-0.485994397759104,-0.118767507002801,-0.726050420168067,-0.627450980392157,-0.198319327731092,0.0282913165266106,-0.530252100840336,NA,0.015406162464986,0.526050420168067,-0.475070028011205,-0.481792717086835,-0.129131652661064,0.336414565826331,0.484873949579832,-0.057703081232493,-0.355742296918768,0.224929971988796,0.612885154061625,0.261344537815126,-0.551260504201681,-0.137535014005602,0.646218487394958,0.118767507002801,0.37703081232493,0.29859943977591,-0.4,-0.334453781512605,0.235294117647059,0.701680672268908,-0.287114845938375,-0.27563025210084,-0.128851540616247,0.0941176470588235,0.205602240896359,0.40952380952381,0.390196078431373,0.250700280112045,-0.150140056022409,-0.543977591036415,0.358263305322129,0.444257703081233,0.422128851540616,-0.199439775910364,-0.145658263305322,0.00728291316526611,0.384593837535014,-0.0985994397759104,0.581792717086835,-0.115406162464986,0.0148459383753501,-0.105322128851541,0.185994397759104,0.0282913165266106,0.240056022408964,0.504201680672269,-0.118487394957983,-0.136694677871148,0.00728291316526611,-0.108963585434174,0.0103641456582633,-0.149859943977591,-0.0694677871148459,-0.127731092436975,-0.327170868347339,-0.244817927170868,0.0949579831932773,0.641736694677871,0.583193277310924,0.123249299719888,0.512885154061625,0.0117647058823529,0.5406162464986,-0.213445378151261,-0.359663865546219,-0.0899159663865546,0.559383753501401,-0.195798319327731,-0.0140056022408964,-0.14453781512605,0.0310924369747899,0.0627450980392157,0.376190476190476,0.0350140056022409,0.384313725490196,0.125210084033613,-0.21484593837535,-0.0607843137254902,0.538655462184874,-0.315686274509804,0.345098039215686,-0.092436974789916,-0.127731092436975,0.0504201680672269,0.208403361344538,-0.119887955182073,0.140056022408964,0.0394957983193277,0.119327731092437,0.400560224089636,0.102801120448179,0.104481792717087,0.19047619047619,0.243977591036415,-0.163585434173669,-0.226330532212885,0.394397759103642,0.219607843137255,-0.177591036414566,0.0568627450980392,-0.313165266106443,0.170588235294118,0.2703081232493,-0.233053221288515,-0.0890756302521009,0.251260504201681,-0.301680672268908,-0.069187675070028,0.29327731092437,-0.0201680672268908,0.170588235294118,-0.00980392156862745,-0.291036414565826,-0.172268907563025,-0.0137254901960784,-0.0907563025210084,-0.172268907563025,0.184313725490196,0.3,0.224089635854342,0.00504201680672269,0.0291316526610644,-0.217086834733894,0.236974789915966,0.238095238095238,-0.189915966386555,0.179271708683473,-0.0481792717086835,-0.0820728291316527,0.0103641456582633,0.0464985994397759,-0.448459383753501,0.0817927170868347,0.0338935574229692,0.0792717086834734,0.0915966386554622,-0.168627450980392,-0.483473389355742,0.0955182072829132,0.0061624649859944
OTU_13,0.380392156862745,-0.390756302521008,0.499159663865546,-0.307563025210084,-0.564145658263305,-0.590476190476191,0.181512605042017,-0.447058823529412,0.29047619047619,0.160504201680672,-0.349579831932773,0.015406162464986,NA,0.229131652661064,-0.537254901960784,0.069187675070028,-0.33921568627451,0.773669467787115,-0.277871148459384,0.567226890756303,0.0324929971988796,0.567787114845938,0.0103641456582633,-0.0310924369747899,0.0661064425770308,0.721008403361345,0.302521008403361,-0.629131652661065,0.0355742296918768,0.349859943977591,-0.180392156862745,-0.696638655462185,-0.210084033613445,0.145378151260504,-0.710084033613446,-0.606442577030812,0.0988795518207283,0.344817927170868,0.353221288515406,0.132773109243698,0.659103641456583,0.668067226890756,0.319887955182073,0.0504201680672269,0.63109243697479,0.105882352941176,-0.357983193277311,0.592717086834734,-0.572268907563025,0.688795518207283,0.559663865546219,0.805602240896359,-0.204761904761905,0.0512605042016807,-0.603921568627451,-0.512044817927171,-0.615966386554622,0.0204481792717087,0.157422969187675,0.318767507002801,0.719047619047619,-0.261064425770308,-0.0635854341736695,0.0470588235294118,-0.426050420168067,-0.281232492997199,-0.438935574229692,0.165266106442577,-0.29859943977591,-0.798319327731093,-0.548179271708684,-0.248739495798319,-0.0176470588235294,0.2,-0.143417366946779,-0.618767507002801,-0.194677871148459,-0.0985994397759104,0.0568627450980392,-0.0145658263305322,-0.355742296918768,0.824649859943978,0.264705882352941,0.582352941176471,-0.00672268907563025,-0.222408963585434,-0.634173669467787,0.354621848739496,0.134733893557423,-0.185434173669468,-0.0798319327731093,-0.139495798319328,0.424089635854342,-0.176750700280112,0.400560224089636,-0.624649859943978,-0.858263305322129,0.76358543417367,0.494677871148459,-0.201960784313726,-0.687114845938375,-0.32156862745098,-0.671148459383754,-0.0218487394957983,-0.00560224089635854,0.674509803921569,0.208963585434174,0.705882352941177,0.756862745098039,-0.448459383753501,-0.00588235294117647,0.711484593837535,0.101680672268908,0.6703081232493,-0.0826330532212885,0.39327731092437,0.518487394957983,-0.338095238095238,0.320168067226891,0.32156862745098,0.269747899159664,0.676470588235294,0.189075630252101,0.381792717086835,0.148739495798319,-0.676750700280112,-0.121008403361345,-0.484593837535014,0.416526610644258,0.819887955182073,0.289635854341737,0.294117647058824,-0.0134453781512605,0.159383753501401,0.330532212885154,0.250420168067227,0.561904761904762,0.342296918767507,0.0750700280112045,-0.596358543417367,0.375070028011205,0.286834733893557,0.433333333333333,0.207563025210084,0.263865546218487,-0.369747899159664,-0.581792717086835,0.294957983193277,0.536974789915966,0.238375350140056,0.285994397759104,-0.38655462184874,0.0966386554621849,-0.00644257703081233
OTU_14,0.895238095238095,-0.84593837535014,0.485714285714286,0.0708683473389356,-0.569187675070028,-0.548739495798319,-0.328291316526611,-0.59327731092437,-0.0703081232492997,0.473389355742297,-0.877871148459384,0.526050420168067,0.229131652661064,NA,-0.842016806722689,-0.62436974789916,-0.578151260504202,0.42436974789916,0.615686274509804,-0.306162464985994,0.00392156862745098,0.314285714285714,0.68375350140056,0.773109243697479,-0.395238095238095,0.494957983193277,0.548179271708684,-0.457422969187675,0.366386554621849,0.618487394957983,-0.273389355742297,-0.60140056022409,-0.155182072829132,0.712605042016807,-0.600560224089636,-0.53921568627451,-0.0103641456582633,0.172829131652661,-0.214565826330532,0.72296918767507,0.370028011204482,0.570588235294118,0.0453781512605042,-0.646778711484594,0.607563025210084,0.731652661064426,-0.115686274509804,0.113725490196078,-0.628011204481793,0.520168067226891,0.727170868347339,0.299159663865546,-0.130812324929972,-0.222128851540616,-0.517647058823529,-0.634453781512605,-0.392436974789916,0.692436974789916,0.155742296918768,0.814565826330532,0.103641456582633,-0.226890756302521,-0.533333333333333,0.0633053221288516,-0.616526610644258,-0.328851540616247,-0.687394957983193,0.320728291316527,-0.729411764705883,-0.353221288515406,-0.420448179271709,0.443137254901961,0.710924369747899,0.113725490196078,-0.259663865546219,-0.51484593837535,0.222689075630252,0.0218487394957983,-0.557703081232493,0.0249299719887955,0.535014005602241,0.217927170868347,0.122408963585434,0.248179271708684,0.0546218487394958,0.248179271708684,0.00280112044817927,0.240616246498599,0.540896358543417,-0.507563025210084,-0.107843137254902,0.436134453781513,0.730252100840336,-0.197198879551821,0.810364145658263,-0.607282913165266,-0.465546218487395,0.384033613445378,0.735294117647059,-0.507563025210084,-0.384313725490196,-0.382352941176471,-0.158543417366947,0.743977591036415,0.195518207282913,0.153221288515406,0.113725490196078,0.56218487394958,0.173389355742297,-0.716806722689076,0.182072829131653,0.301680672268908,0.0467787114845938,0.539495798319328,-0.248179271708684,0.652941176470588,0.634173669467787,-0.429971988795518,0.641736694677871,0.584033613445378,0.0568627450980392,0.229411764705882,-0.160504201680672,-0.0613445378151261,0.320728291316527,-0.512044817927171,-0.134733893557423,-0.60672268907563,0.538375350140056,0.165826330532213,0.0294117647058824,0.353781512605042,0.63781512605042,0.777871148459384,0.162745098039216,0.0459383753501401,-0.0238095238095238,0.767787114845939,0.667226890756303,-0.571708683473389,0.584593837535014,0.210084033613445,0.136694677871148,0.0106442577030812,0.335854341736695,-0.612605042016807,-0.528011204481793,0.226890756302521,0.179271708683473,0.296918767507003,0.0187675070028011,-0.405322128851541,0.15406162464986,0.0876750700280112
OTU_15,-0.896638655462185,0.770028011204482,-0.484593837535014,0.00252100840336135,0.666386554621849,0.573949579831933,0.220728291316527,0.749859943977591,-0.174789915966387,-0.529131652661065,0.9,-0.475070028011205,-0.537254901960784,-0.842016806722689,NA,0.539775910364146,0.749579831932773,-0.594117647058824,-0.441736694677871,0.0182072829131653,0.080952380952381,-0.501680672268908,-0.695518207282913,-0.620168067226891,0.189075630252101,-0.564145658263305,-0.550700280112045,0.487675070028011,-0.495238095238095,-0.780392156862745,0.147899159663866,0.692436974789916,0.373109243697479,-0.594957983193277,0.64733893557423,0.531932773109244,-0.178711484593838,-0.535014005602241,0.0243697478991597,-0.767507002801121,-0.639775910364146,-0.55266106442577,0.0198879551820728,0.666106442577031,-0.661064425770308,-0.780672268907563,0.238655462184874,-0.359663865546219,0.661624649859944,-0.518207282913165,-0.789355742296919,-0.45406162464986,0.0728291316526611,0.0613445378151261,0.51624649859944,0.564145658263305,0.396638655462185,-0.598319327731093,-0.373109243697479,-0.80952380952381,-0.310644257703081,0.154621848739496,0.541736694677871,-0.212324929971989,0.542296918767507,0.23921568627451,0.712885154061625,-0.389915966386555,0.821008403361345,0.628851540616247,0.502801120448179,-0.36218487394958,-0.684313725490196,-0.389075630252101,0.220728291316527,0.525490196078432,-0.277310924369748,-0.0873949579831933,0.399159663865546,-0.181512605042017,-0.380672268907563,-0.452941176470588,-0.256022408963585,-0.284313725490196,0.20672268907563,-0.0991596638655462,0.177310924369748,-0.554901960784314,-0.648459383753502,0.561344537815126,0.301120448179272,-0.285994397759104,-0.827450980392157,0.317086834733894,-0.780952380952381,0.780672268907563,0.658263305322129,-0.52436974789916,-0.797759103641457,0.641176470588235,0.507282913165266,0.28515406162465,0.350700280112045,-0.67843137254902,0.0176470588235294,-0.380672268907563,-0.382913165266106,-0.710084033613446,-0.411204481792717,0.866386554621849,0.0324929971988796,-0.494117647058824,-0.0686274509803922,-0.789355742296919,0.424649859943978,-0.705602240896359,-0.58515406162465,0.314565826330532,-0.652100840336135,-0.705602240896359,0.0212885154061625,-0.30140056022409,0.0607843137254902,-0.0450980392156863,-0.38375350140056,0.542296918767507,0.310924369747899,0.617366946778712,-0.43249299719888,-0.438655462184874,-0.0579831932773109,-0.156862745098039,-0.584033613445378,-0.728571428571429,-0.110924369747899,0.0478991596638655,-0.10952380952381,-0.781792717086835,-0.580112044817927,0.731652661064426,-0.73249299719888,-0.297478991596639,-0.354341736694678,-0.057703081232493,-0.433333333333333,0.58375350140056,0.667787114845939,-0.330812324929972,-0.294397759103641,-0.40952380952381,-0.231372549019608,0.423809523809524,-0.261624649859944,-0.189635854341737
OTU_16,-0.492997198879552,0.410364145658263,-0.128011204481793,-0.220168067226891,0.351260504201681,0.240616246498599,0.080952380952381,0.654901960784314,-0.137254901960784,-0.173949579831933,0.759943977591036,-0.481792717086835,0.069187675070028,-0.62436974789916,0.539775910364146,NA,0.407282913165266,-0.32436974789916,-0.350980392156863,0.265266106442577,0.00224089635854342,-0.407563025210084,-0.442296918767507,-0.436134453781513,0.0436974789915966,-0.0168067226890756,-0.0736694677871149,0.228011204481793,-0.254901960784314,-0.33781512605042,0.339775910364146,0.371708683473389,0.285994397759104,-0.295518207282913,0.342577030812325,0.0212885154061625,-0.279831932773109,-0.203641456582633,0.407282913165266,-0.397198879551821,-0.207282913165266,-0.084873949579832,-0.172829131652661,0.507563025210084,-0.131932773109244,-0.364145658263305,0.0711484593837535,-0.119047619047619,0.364705882352941,-0.127450980392157,-0.496358543417367,-0.150980392156863,-0.0109243697478992,-0.110084033613445,0.100280112044818,0.116806722689076,0.110084033613445,-0.30672268907563,-0.261624649859944,-0.691036414565826,-0.121288515406162,0.303081232492997,0.389635854341737,-0.472549019607843,0.253501400560224,-0.204761904761905,0.179551820728291,0.0414565826330532,0.352941176470588,0.328571428571429,0.259383753501401,-0.180672268907563,-0.376750700280112,-0.281512605042017,0.207843137254902,0.0661064425770308,-0.276190476190476,-0.292997198879552,0.255742296918768,-0.155742296918768,-0.272268907563025,0.046218487394958,-0.328011204481793,-0.00504201680672269,0.140896358543417,-0.456022408963585,-0.0210084033613445,-0.306162464985994,-0.386834733893557,0.294677871148459,0.221008403361345,-0.275070028011205,-0.335014005602241,0.194117647058824,-0.198039215686275,0.241736694677871,0.217647058823529,0.100280112044818,-0.147899159663866,0.415686274509804,0.262464985994398,0.0893557422969188,0.18515406162465,-0.545098039215686,0.0243697478991597,0.175070028011204,-0.177310924369748,-0.107282913165266,-0.0991596638655462,0.36218487394958,0.0526610644257703,0.137254901960784,0.00112044817927171,-0.115126050420168,0.312605042016807,-0.0991596638655462,-0.178711484593838,0.345098039215686,-0.422128851540616,-0.409803921568628,0.178151260504202,-0.11624649859944,0.372829131652661,-0.142577030812325,-0.436974789915966,0.134173669467787,0.189635854341737,0.127170868347339,-0.333053221288515,-0.0210084033613445,-0.130532212885154,-0.053781512605042,-0.210644257703081,-0.347058823529412,-0.0943977591036415,0.106162464985994,-0.192156862745098,-0.23249299719888,-0.231932773109244,0.274229691876751,-0.218207282913165,-0.430812324929972,-0.172268907563025,-0.120448179271709,-0.445378151260504,0.405602240896359,0.125490196078431,-0.354341736694678,-0.138095238095238,-0.455182072829132,-0.143137254901961,0.186274509803922,-0.364985994397759,-0.275070028011205
OTU_17,-0.615126050420168,0.443137254901961,0.0106442577030812,-0.14453781512605,0.276190476190476,0.303081232492997,0.00196078431372549,0.355742296918768,-0.279271708683473,-0.807002801120448,0.687675070028011,-0.129131652661064,-0.33921568627451,-0.578151260504202,0.749579831932773,0.407282913165266,NA,-0.260224089635854,-0.476470588235294,0.124089635854342,0.0179271708683473,-0.325490196078431,-0.614565826330532,-0.676190476190476,0.023249299719888,-0.45266106442577,-0.210084033613445,0.400560224089636,-0.587114845938375,-0.759103641456583,-0.316526610644258,0.364705882352941,0.675350140056022,-0.337254901960784,0.346778711484594,0.0736694677871149,-0.281512605042017,-0.548459383753501,0.384033613445378,-0.812605042016807,-0.443137254901961,-0.270588235294118,0.26218487394958,0.646498599439776,-0.4296918767507,-0.756862745098039,0.531932773109244,-0.527450980392157,0.499439775910364,-0.302801120448179,-0.508683473389356,-0.415966386554622,0.321008403361345,-0.0795518207282913,0.266946778711485,0.44593837535014,0.201960784313726,-0.669187675070028,-0.269747899159664,-0.5703081232493,-0.333053221288515,-0.10812324929972,0.813725490196079,-0.30812324929972,0.525770308123249,0.0282913165266106,0.620168067226891,-0.665266106442577,0.718767507002801,0.450700280112045,0.442577030812325,-0.274229691876751,-0.485434173669468,-0.351820728291317,0.434173669467787,0.310924369747899,-0.448179271708684,-0.254341736694678,0.0899159663865546,-0.56218487394958,-0.375350140056022,-0.502240896358544,-0.311484593837535,-0.0896358543417367,0.404761904761905,-0.0627450980392157,0.205042016806723,-0.621848739495798,-0.715966386554622,0.744257703081233,0.317647058823529,-0.375350140056022,-0.661064425770308,0.242577030812325,-0.6,0.707563025210084,0.407843137254902,-0.257142857142857,-0.580672268907563,0.811484593837535,0.540056022408964,-0.0285714285714286,0.105322128851541,-0.558823529411765,0.271708683473389,-0.232773109243698,-0.264145658263305,-0.327170868347339,-0.328851540616247,0.735294117647059,0.448179271708684,-0.105322128851541,-0.144257703081233,-0.736414565826331,0.381512605042017,-0.679831932773109,-0.265546218487395,-0.0579831932773109,-0.574789915966387,-0.615126050420168,0.13921568627451,-0.181512605042017,0.328011204481793,0.174789915966387,-0.40140056022409,0.471428571428571,0.38375350140056,0.482633053221289,-0.268627450980392,-0.338935574229692,0.129131652661064,0.20812324929972,-0.592436974789916,-0.627731092436975,0.0408963585434174,0.115126050420168,-0.0815126050420168,-0.665546218487395,-0.50140056022409,0.506442577030812,-0.598319327731093,-0.269467787114846,-0.336694677871148,0.0224089635854342,-0.377591036414566,0.332773109243698,0.698319327731093,-0.199159663865546,-0.0221288515406163,-0.345658263305322,-0.313165266106443,0.236694677871148,-0.157703081232493,-0.232212885154062
OTU_18,0.448459383753501,-0.470868347338936,0.62436974789916,-0.0907563025210084,-0.730532212885154,-0.577591036414566,0.0781512605042017,-0.739775910364146,0.238935574229692,-0.0299719887955182,-0.574229691876751,0.336414565826331,0.773669467787115,0.42436974789916,-0.594117647058824,-0.32436974789916,-0.260224089635854,NA,-0.210924369747899,0.53249299719888,-0.00280112044817927,0.64593837535014,0.131932773109244,-0.0313725490196078,-0.0380952380952381,0.582913165266106,0.353221288515406,-0.604481792717087,0.0593837535014006,0.352941176470588,-0.56218487394958,-0.831372549019608,-0.127731092436975,0.225770308123249,-0.795798319327731,-0.575070028011205,0.15546218487395,0.325490196078431,0.303361344537815,0.106442577030812,0.722689075630252,0.647619047619048,0.412605042016807,-0.0100840336134454,0.65406162464986,0.0840336134453782,-0.159943977591036,0.430532212885154,-0.624649859943978,0.652380952380953,0.668347338935574,0.782352941176471,-0.103641456582633,0.092156862745098,-0.547058823529412,-0.411484593837535,-0.545658263305322,-0.0700280112044818,0.167787114845938,0.565266106442577,0.661344537815126,-0.420448179271709,0.0198879551820728,0.164145658263305,-0.374509803921569,-0.102801120448179,-0.29187675070028,-0.126330532212885,-0.266106442577031,-0.891036414565826,-0.456022408963585,-0.165546218487395,0.0596638655462185,0.263865546218487,-0.0366946778711485,-0.485994397759104,-0.0778711484593838,-0.0661064425770308,-0.0546218487394958,-0.108963585434174,-0.317927170868347,0.631372549019608,0.329971988795518,0.523249299719888,0.0425770308123249,0.00644257703081233,-0.448179271708684,0.294397759103641,0.143137254901961,-0.0840336134453782,-0.111764705882353,-0.219047619047619,0.420448179271709,-0.230812324929972,0.3406162464986,-0.472549019607843,-0.879551820728292,0.673949579831933,0.334453781512605,-0.215406162464986,-0.622128851540616,-0.392997198879552,-0.768067226890756,0.0411764705882353,-0.0316526610644258,0.601680672268908,0.200560224089636,0.6296918767507,0.729131652661065,-0.391596638655462,0.207282913165266,0.60672268907563,0.0257703081232493,0.510364145658263,-0.147899159663866,0.205602240896359,0.523809523809524,-0.520168067226891,0.307002801120448,0.359663865546219,0.127731092436975,0.66358543417367,0.231372549019608,0.637535014005602,0.180672268907563,-0.58515406162465,-0.121008403361345,-0.431652661064426,0.597198879551821,0.825770308123249,0.354901960784314,0.384313725490196,-0.0369747899159664,0.127170868347339,0.426050420168067,0.269467787114846,0.590196078431373,0.247899159663866,0.0739495798319328,-0.539495798319328,0.274789915966387,0.412044817927171,0.378711484593838,0.310364145658263,0.311764705882353,-0.422128851540616,-0.381232492997199,0.444257703081233,0.71764705882353,0.282913165266106,0.0994397759103642,-0.56218487394958,0.157142857142857,0.0879551820728291
OTU_19,0.599719887955182,-0.505042016806723,0.0714285714285714,0.403641456582633,0.0361344537815126,0.0694677871148459,-0.602521008403361,-0.115126050420168,-0.174509803921569,0.670028011204482,-0.492997198879552,0.484873949579832,-0.277871148459384,0.615686274509804,-0.441736694677871,-0.350980392156863,-0.476470588235294,-0.210924369747899,NA,-0.628011204481793,-0.0257703081232493,-0.113165266106443,0.759943977591036,0.827450980392157,-0.421848739495798,0.00224089635854342,0.438935574229692,0.174229691876751,0.547899159663866,0.459663865546219,0.207843137254902,0.0621848739495798,-0.115126050420168,0.647058823529412,-0.000840336134453782,-0.0899159663865546,-0.030812324929972,0.136134453781513,-0.34453781512605,0.795238095238095,-0.0324929971988796,0.0859943977591037,-0.471708683473389,-0.807563025210084,0.20672268907563,0.80140056022409,0.0198879551820728,-0.104201680672269,-0.0747899159663866,-0.0238095238095238,0.112324929971989,-0.30672268907563,0.0602240896358543,-0.125490196078431,0.038655462184874,-0.257422969187675,0.173669467787115,0.691036414565826,0.128571428571429,0.418767507002801,-0.352941176470588,0.283193277310924,-0.554621848739496,0.0476190476190476,-0.223529411764706,-0.208683473389356,-0.504761904761905,0.395798319327731,-0.609243697478992,0.253781512605042,0.0775910364145658,0.726890756302521,0.731932773109244,0.00672268907563025,0.0142857142857143,-0.0336134453781513,0.612605042016807,-0.00532212885154062,-0.500560224089636,0.184033613445378,0.92436974789916,-0.229131652661064,-0.106442577030812,-0.366386554621849,0.0310924369747899,0.128291316526611,0.482072829131653,0.0464985994397759,0.690196078431373,-0.382633053221289,-0.188515406162465,0.380392156862745,0.614565826330532,-0.169187675070028,0.568627450980392,-0.280672268907563,0.192717086834734,-0.197198879551821,0.463865546218487,-0.508403361344538,0.179831932773109,0.148739495798319,0.520448179271709,0.703081232492997,-0.0521008403361345,-0.195798319327731,0.10812324929972,0.0369747899159664,-0.383193277310924,-0.493557422969188,-0.00868347338935574,-0.0495798319327731,-0.123249299719888,0.186834733893557,-0.318207282913165,0.525210084033614,0.0380952380952381,0.145658263305322,0.194117647058824,0.426890756302521,-0.31624649859944,-0.29327731092437,-0.157422969187675,-0.618487394957983,0.265546218487395,-0.0717086834733894,-0.315406162464986,-0.331372549019608,-0.100840336134454,-0.37563025210084,-0.468627450980392,-0.0392156862745098,0.722128851540616,0.714005602240896,-0.12436974789916,-0.0624649859943978,-0.595518207282913,0.613725490196078,0.604761904761905,-0.130812324929972,0.354621848739496,-0.173389355742297,-0.151260504201681,-0.298319327731092,0.0210084033613445,-0.218767507002801,-0.208403361344538,-0.259663865546219,-0.274789915966387,-0.0277310924369748,-0.173389355742297,-0.148739495798319,-0.0773109243697479,-0.0666666666666667
OTU_20,-0.144257703081233,0.112044817927171,0.275350140056022,-0.0254901960784314,-0.261344537815126,-0.240616246498599,0.255742296918768,-0.215126050420168,0.371988795518207,-0.415126050420168,0.156582633053221,-0.057703081232493,0.567226890756303,-0.306162464985994,0.0182072829131653,0.265266106442577,0.124089635854342,0.53249299719888,-0.628011204481793,NA,-0.18515406162465,0.377310924369748,-0.295518207282913,-0.563305322128852,0.126610644257703,0.219047619047619,0.0330532212885154,-0.232773109243698,-0.0820728291316527,0.0518207282913165,-0.250420168067227,-0.379551820728291,0.0296918767507003,-0.201680672268908,-0.266666666666667,-0.184313725490196,0.168627450980392,0.234173669467787,0.533053221288516,-0.383473389355742,0.542016806722689,0.250140056022409,0.199719887955182,0.497759103641457,0.157422969187675,-0.340896358543417,-0.073109243697479,0.168627450980392,-0.136694677871148,0.171988795518207,0.225490196078431,0.473389355742297,0.0784313725490196,0.200280112044818,-0.181792717086835,0.0198879551820728,-0.133053221288515,-0.507563025210084,-0.0495798319327731,-0.117927170868347,0.473669467787115,-0.257142857142857,0.356582633053221,0.0565826330532213,0.13109243697479,0.0061624649859944,0.226610644257703,-0.130532212885154,0.166106442577031,-0.586834733893557,-0.12436974789916,-0.434733893557423,-0.314285714285714,0.159383753501401,0.202801120448179,-0.16078431372549,-0.203921568627451,-0.0837535014005602,0.462464985994398,-0.119047619047619,-0.609243697478992,0.53109243697479,0.167787114845938,0.350420168067227,-0.0717086834733894,-0.284313725490196,-0.3703081232493,0.151820728291317,-0.259943977591036,0.208963585434174,0.0876750700280112,-0.462464985994398,-0.0955182072829132,-0.1703081232493,-0.190196078431373,-0.0739495798319328,-0.461624649859944,0.482072829131653,-0.127450980392157,0.200280112044818,-0.30812324929972,-0.149019607843137,-0.5,-0.436694677871149,-0.142577030812325,0.548459383753501,0.11624649859944,0.284873949579832,0.464985994397759,0.115686274509804,0.10952380952381,0.35266106442577,0.096358543417367,0.245098039215686,0.0453781512605042,-0.0759103641456583,0.156582633053221,-0.203641456582633,-0.171428571428571,-0.121008403361345,0.080952380952381,0.36750700280112,0.48655462184874,0.485434173669468,-0.0666666666666667,-0.18375350140056,-0.0131652661064426,0.0557422969187675,0.121288515406162,0.618767507002801,0.282913165266106,0.00588235294117647,-0.371148459383754,-0.45546218487395,0.0929971988795518,0.0400560224089636,0.437254901960784,-0.173669467787115,-0.41484593837535,-0.212044817927171,-0.111764705882353,-0.00756302521008403,0.20672268907563,0.253781512605042,-0.0439775910364146,0.0322128851540616,0.0518207282913165,0.208963585434174,0.464705882352941,0.0109243697478992,0.156022408963585,-0.0574229691876751,-0.100280112044818,-0.0532212885154062
OTU_21,-0.179551820728291,-0.00784313725490196,-0.35266106442577,0.0310924369747899,0.34453781512605,0.103361344537815,0.60140056022409,0.073109243697479,0.203081232492997,0.206442577030812,-0.00476190476190476,-0.355742296918768,0.0324929971988796,0.00392156862745098,0.080952380952381,0.00224089635854342,0.0179271708683473,-0.00280112044817927,-0.0257703081232493,-0.18515406162465,NA,0.201120448179272,-0.123529411764706,0.163025210084034,0.649859943977591,0.251540616246499,-0.529131652661065,0.0260504201680672,-0.276190476190476,0.0254901960784314,0.0619047619047619,0.163585434173669,-0.40672268907563,-0.398039215686275,-0.0280112044817927,0.0380952380952381,0.278151260504202,0.163025210084034,-0.440896358543417,0.0184873949579832,-0.401960784313726,-0.114565826330532,0.440896358543417,0.108963585434174,-0.253221288515406,-0.0557422969187675,-0.427731092436975,0.382072829131653,0.00840336134453782,0.203641456582633,-0.253501400560224,0.0644257703081233,-0.541736694677871,0.4296918767507,-0.00532212885154062,0.111484593837535,-0.212324929971989,0.192436974789916,-0.0551820728291317,0.11624649859944,0.312605042016807,0.0621848739495798,-0.17563025210084,0.321008403361345,-0.0218487394957983,0.455182072829132,-0.178151260504202,0.0991596638655462,0.105042016806723,0.137254901960784,-0.263865546218487,-0.299719887955182,-0.0364145658263305,0.073109243697479,-0.661624649859944,0.0624649859943978,-0.233053221288515,0.30140056022409,0.109803921568627,0.158543417366947,-0.159383753501401,-0.0459383753501401,0.0571428571428571,0.18515406162465,-0.11624649859944,0.255742296918768,-0.196358543417367,0.0658263305322129,-0.0630252100840336,-0.402521008403361,-0.234173669467787,0.427731092436975,-0.126050420168067,0.307002801120448,-0.166666666666667,-0.0218487394957983,-0.02296918767507,-0.214565826330532,-0.0551820728291317,-0.227731092436975,-0.0801120448179272,-0.0560224089635854,-0.143977591036415,0.236974789915966,-0.0658263305322129,-0.208403361344538,0.0182072829131653,-0.225770308123249,0.0697478991596639,-0.026890756302521,-0.241456582633053,-0.209243697478992,-0.00532212885154062,0.0218487394957983,-0.198039215686275,-0.0476190476190476,-0.24453781512605,0.0355742296918768,0.298319327731092,0.366666666666667,0.023249299719888,0.160504201680672,-0.612885154061625,0.196358543417367,0.135574229691877,-0.182913165266106,-0.117366946778712,0.15406162464986,0.268627450980392,0.073109243697479,0.294397759103641,0.178991596638655,-0.0820728291316527,0.193837535014006,0.0207282913165266,-0.226610644257703,0.147619047619048,-0.0061624649859944,0.20812324929972,0.226050420168067,0.157422969187675,0.284593837535014,0.436134453781513,0.103641456582633,0.368347338935574,-0.0448179271708684,-0.119887955182073,0.267226890756303,0.0526610644257703,0.251540616246499,0.233613445378151,0.14733893557423,0.0890756302521009,0.189915966386555
OTU_22,0.28515406162465,-0.248739495798319,0.296078431372549,0.00840336134453782,-0.494397759103642,-0.491036414565826,0.208403361344538,-0.636414565826331,0.428851540616247,0.0750700280112045,-0.537535014005602,0.224929971988796,0.567787114845938,0.314285714285714,-0.501680672268908,-0.407563025210084,-0.325490196078431,0.64593837535014,-0.113165266106443,0.377310924369748,0.201120448179272,NA,0.0282913165266106,0.0526610644257703,0.146218487394958,0.326050420168067,-0.0221288515406163,-0.480392156862745,-0.110924369747899,0.286274509803922,-0.301960784313726,-0.624089635854342,-0.314285714285714,0.0859943977591037,-0.647058823529412,-0.386274509803922,0.318207282913165,0.428571428571429,-0.0406162464985994,0.13921568627451,0.401960784313726,0.309243697478992,0.466666666666667,-0.127731092436975,0.301120448179272,0.0795518207282913,-0.377591036414566,0.381512605042017,-0.527731092436975,0.519887955182073,0.40140056022409,0.565826330532213,-0.253221288515406,0.152941176470588,-0.370868347338936,-0.253221288515406,-0.405042016806723,-0.0145658263305322,0.24593837535014,0.456022408963585,0.65406162464986,-0.332212885154062,-0.178711484593838,0.395798319327731,-0.287394957983193,0.0775910364145658,-0.258263305322129,-0.105882352941176,-0.174789915966387,-0.691596638655462,-0.576470588235294,-0.289355742296919,0.0226890756302521,0.37703081232493,-0.182072829131653,-0.37843137254902,-0.0764705882352941,0.14453781512605,-0.0403361344537815,0.0162464985994398,-0.191316526610644,0.383193277310924,0.595798319327731,0.395518207282913,-0.116526610644258,0.119327731092437,-0.469187675070028,0.43781512605042,0.105042016806723,-0.206162464985994,-0.143697478991597,0.0876750700280112,0.277310924369748,-0.00532212885154062,0.119887955182073,-0.304201680672269,-0.655182072829132,0.287955182072829,0.143417366946779,-0.234733893557423,-0.552380952380952,-0.227731092436975,-0.629411764705882,0.228291316526611,-0.00168067226890756,0.142857142857143,0.410084033613445,0.324929971988796,0.543417366946779,-0.278711484593838,0.105602240896359,0.246218487394958,0.24733893557423,0.34593837535014,-0.198319327731092,0.0680672268907563,0.302801120448179,-0.452380952380952,0.356582633053221,0.533613445378151,0.0910364145658263,0.476190476190476,-0.112605042016807,0.523249299719888,0.474509803921569,-0.456302521008403,-0.1,-0.16750700280112,0.482352941176471,0.520728291316527,0.4296918767507,0.233893557422969,-0.112324929971989,0.107563025210084,0.397198879551821,-0.0759103641456583,0.517647058823529,0.120168067226891,0.126050420168067,-0.313725490196078,0.255742296918768,0.417086834733894,0.498879551820728,0.211764705882353,0.407002801120448,-0.566386554621849,-0.254621848739496,0.514565826330532,0.469747899159664,0.441736694677871,0.245658263305322,-0.217927170868347,0.205042016806723,0.0425770308123249
OTU_23,0.735854341736695,-0.612885154061625,0.226610644257703,0.270028011204482,-0.157142857142857,0.0187675070028011,-0.495798319327731,-0.438935574229692,0.0168067226890756,0.606442577030812,-0.656582633053221,0.612885154061625,0.0103641456582633,0.68375350140056,-0.695518207282913,-0.442296918767507,-0.614565826330532,0.131932773109244,0.759943977591036,-0.295518207282913,-0.123529411764706,0.0282913165266106,NA,0.770588235294118,-0.264985994397759,0.197478991596639,0.584873949579832,0.0722689075630252,0.836134453781513,0.734733893557423,0.151540616246499,-0.159663865546219,-0.325490196078431,0.629131652661065,-0.0994397759103642,-0.0798319327731093,0.109803921568627,0.448459383753501,-0.211764705882353,0.884033613445378,0.447058823529412,0.184033613445378,-0.535294117647059,-0.784033613445378,0.461064425770308,0.912044817927171,0.0974789915966387,0.00392156862745098,-0.153781512605042,-0.0481792717086835,0.433893557422969,-0.0834733893557423,0.219607843137255,0.134173669467787,0.046218487394958,-0.210644257703081,0.20140056022409,0.642296918767507,0.164985994397759,0.682352941176471,-0.132212885154062,0.310364145658263,-0.619887955182073,0.117647058823529,-0.136414565826331,-0.0882352941176471,-0.461344537815126,0.540896358543417,-0.794677871148459,-0.128291316526611,0.0851540616246499,0.803081232492997,0.85406162464986,0.219047619047619,-0.0282913165266106,0.0224089635854342,0.748179271708684,0.161064425770308,-0.312605042016807,0.367226890756303,0.764985994397759,0.0305322128851541,-0.0630252100840336,-0.299159663865546,-0.281512605042017,0.0372549019607843,0.419887955182073,0.393837535014006,0.843697478991597,-0.543977591036415,-0.403361344537815,0.299719887955182,0.809243697478992,-0.5,0.65266106442577,-0.525490196078432,-0.0515406162464986,0.0798319327731093,0.578991596638656,-0.648179271708684,-0.0492997198879552,0.246498599439776,0.241176470588235,0.685714285714286,-0.15266106442577,0.122128851540616,0.214005602240896,0.284593837535014,-0.184033613445378,-0.647619047619048,-0.155742296918768,0.103081232492997,0.0128851540616247,0.538375350140056,-0.51624649859944,0.670028011204482,0.169467787114846,0.133333333333333,0.270028011204482,0.491316526610644,-0.336134453781513,-0.220728291316527,-0.0815126050420168,-0.410644257703081,0.225770308123249,-0.096358543417367,-0.4703081232493,-0.356582633053221,-0.084873949579832,-0.0450980392156863,-0.30672268907563,-0.135574229691877,0.812044817927171,0.676750700280112,-0.228851540616247,-0.190196078431373,-0.410924369747899,0.686834733893558,0.584593837535014,-0.373389355742297,0.617366946778712,-0.0260504201680672,0.0425770308123249,-0.12296918767507,0.254621848739496,-0.23249299719888,-0.392997198879552,-0.0563025210084034,-0.162464985994398,0.0913165266106443,0.116526610644258,-0.302240896358543,0.0431372549019608,0.277871148459384
OTU_24,0.693557422969188,-0.631652661064426,0.0392156862745098,0.210084033613445,-0.0428571428571429,-0.130812324929972,-0.269747899159664,-0.171148459383754,0.00532212885154062,0.779831932773109,-0.641456582633053,0.261344537815126,-0.0310924369747899,0.773109243697479,-0.620168067226891,-0.436134453781513,-0.676190476190476,-0.0313725490196078,0.827450980392157,-0.563305322128852,0.163025210084034,0.0526610644257703,0.770588235294118,NA,-0.235854341736695,0.366386554621849,0.384033613445378,-0.154341736694678,0.577591036414566,0.636414565826331,0.231652661064426,-0.137535014005602,-0.374789915966387,0.540336134453782,-0.18375350140056,-0.174509803921569,0.0918767507002801,0.243417366946779,-0.492717086834734,0.86218487394958,0.116806722689076,0.258263305322129,-0.315686274509804,-0.746498599439776,0.380112044817927,0.850420168067227,-0.217366946778712,0.110084033613445,-0.29859943977591,0.196358543417367,0.346778711484594,0.00784313725490196,-0.203361344537815,0.00504201680672269,-0.181792717086835,-0.444257703081233,-0.114565826330532,0.905602240896359,0.0834733893557423,0.613165266106443,-0.0817927170868347,0.241176470588235,-0.789355742296919,0.150420168067227,-0.45406162464986,-0.204201680672269,-0.708963585434174,0.631372549019608,-0.779271708683474,0.0467787114845938,-0.182352941176471,0.579831932773109,0.724649859943978,0.0672268907563025,-0.388515406162465,-0.234173669467787,0.451820728291317,0.192717086834734,-0.473669467787115,0.275070028011205,0.724089635854342,0.0781512605042017,0.0400560224089636,-0.109243697478992,-0.0364145658263305,0.177871148459384,0.206442577030812,0.268347338935574,0.742016806722689,-0.710924369747899,-0.222408963585434,0.591316526610644,0.728851540616247,-0.240896358543417,0.72296918767507,-0.556582633053221,-0.0476190476190476,0.0605042016806723,0.671988795518207,-0.678991596638656,-0.199719887955182,0.0397759103641457,0.224929971988796,0.789915966386555,-0.0439775910364146,-0.0532212885154062,0.0873949579831933,0.252941176470588,-0.128011204481793,-0.690476190476191,-0.198319327731092,0.0165266106442577,0.0745098039215686,0.478151260504202,-0.312324929971989,0.741456582633053,0.266106442577031,0.0364145658263305,0.550700280112045,0.545378151260504,-0.102240896358543,-0.0756302521008403,-0.410924369747899,-0.519327731092437,0.389355742296919,-0.314285714285714,-0.307002801120448,-0.482072829131653,0.128851540616247,-0.107843137254902,-0.215966386554622,0.0184873949579832,0.824929971988796,0.844817927170868,-0.0873949579831933,-0.065546218487395,-0.311764705882353,0.783473389355742,0.709803921568628,-0.374229691876751,0.598039215686275,0.0523809523809524,0.0837535014005602,-0.191316526610644,0.210644257703081,-0.331932773109244,-0.543137254901961,-0.00140056022408964,-0.145658263305322,0.105042016806723,0.0490196078431373,-0.194677871148459,0.0215686274509804,0.145378151260504
OTU_25,-0.450980392156863,0.393557422969188,-0.60812324929972,-0.0817927170868347,0.415126050420168,0.299719887955182,0.812044817927171,0.0515406162464986,0.494677871148459,0.00588235294117647,0.193557422969188,-0.551260504201681,0.0661064425770308,-0.395238095238095,0.189075630252101,0.0436974789915966,0.023249299719888,-0.0380952380952381,-0.421848739495798,0.126610644257703,0.649859943977591,0.146218487394958,-0.264985994397759,-0.235854341736695,NA,0.0915966386554622,-0.731652661064426,0.150420168067227,-0.161904761904762,0.0148459383753501,0.257142857142857,0.305882352941176,-0.537535014005602,-0.757703081232493,0.228291316526611,0.427731092436975,0.535574229691877,0.421848739495798,-0.250140056022409,-0.169467787114846,-0.164705882352941,-0.450700280112045,0.275350140056022,0.258543417366947,-0.43109243697479,-0.228571428571429,-0.359943977591036,0.4,0.150700280112045,-0.146498599439776,-0.312605042016807,0.0605042016806723,-0.361344537815126,0.643697478991597,0.25266106442577,0.498039215686275,0.0403361344537815,-0.0714285714285714,0.124089635854342,-0.102521008403361,0.300840336134454,0.150420168067227,-0.084593837535014,0.559383753501401,0.28515406162465,0.688515406162465,0.2,0.0759103641456583,0.176750700280112,0.00252100840336135,-0.101120448179272,-0.462464985994398,-0.267226890756303,0.45406162464986,-0.53921568627451,0.328571428571429,-0.210924369747899,0.566386554621849,0.427731092436975,0.396078431372549,-0.506162464985994,0.0350140056022409,0.118767507002801,0.0932773109243698,-0.511204481792717,0.125770308123249,-0.271708683473389,0.341736694677871,-0.100840336134454,-0.292717086834734,-0.418207282913165,0.118207282913165,-0.338095238095238,0.116526610644258,-0.465826330532213,0.0366946778711485,0.0187675070028011,-0.264705882352941,-0.281792717086835,-0.259383753501401,-0.0515406162464986,0.154341736694678,-0.27843137254902,-0.0971988795518207,-0.418767507002801,-0.126610644257703,0.279551820728291,-0.347619047619048,0.178991596638655,0.129411764705882,-0.61764705882353,-0.276470588235294,-0.0355742296918768,0.0708683473389356,-0.324929971988796,-0.238375350140056,-0.472549019607843,0.256302521008403,0.141736694677871,0.136974789915966,-0.16750700280112,0.0840336134453782,-0.461344537815126,0.292997198879552,0.0876750700280112,0.162745098039216,-0.246498599439776,0.415126050420168,-0.0319327731092437,0.184593837535014,0.249579831932773,-0.312044817927171,-0.271708683473389,-0.128291316526611,-0.147058823529412,-0.390756302521008,0.310924369747899,-0.295238095238095,-0.187955182072829,0.189075630252101,0.0403361344537815,0.411484593837535,0.48375350140056,0.209243697478992,0.373109243697479,0.294677871148459,-0.0277310924369748,0.340336134453782,-0.065546218487395,0.356022408963586,0.526330532212885,0.325770308123249,0.269187675070028,0.342857142857143
OTU_26,0.505042016806723,-0.56890756302521,0.298039215686275,-0.294117647058824,-0.371988795518207,-0.584593837535014,0.306162464985994,-0.252100840336134,0.190196078431373,0.379551820728291,-0.430532212885154,-0.137535014005602,0.721008403361345,0.494957983193277,-0.564145658263305,-0.0168067226890756,-0.45266106442577,0.582913165266106,0.00224089635854342,0.219047619047619,0.251540616246499,0.326050420168067,0.197478991596639,0.366386554621849,0.0915966386554622,NA,0.271708683473389,-0.682352941176471,0.143697478991597,0.435014005602241,-0.109243697478992,-0.600840336134454,-0.322689075630252,0.15406162464986,-0.651540616246499,-0.565546218487395,0.0717086834733894,0.227731092436975,-0.00896358543417367,0.303921568627451,0.474789915966387,0.726330532212885,0.253781512605042,-0.00812324929971989,0.643417366946779,0.313725490196078,-0.468347338935574,0.492997198879552,-0.584313725490196,0.730812324929972,0.610364145658263,0.707282913165266,-0.48375350140056,-0.0120448179271709,-0.703361344537815,-0.628011204481793,-0.671428571428571,0.455742296918768,-0.0588235294117647,0.405042016806723,0.551260504201681,-0.205322128851541,-0.338095238095238,0.0675070028011205,-0.630252100840336,-0.298879551820728,-0.618207282913165,0.438375350140056,-0.484593837535014,-0.54453781512605,-0.584313725490196,-0.139495798319328,0.174229691876751,0.0983193277310925,-0.530252100840336,-0.67703081232493,-0.195798319327731,0.0946778711484594,-0.0971988795518207,0.0137254901960784,-0.187955182072829,0.749859943977591,0.0773109243697479,0.554901960784314,0.07703081232493,-0.122689075630252,-0.522689075630252,0.203921568627451,0.266946778711485,-0.519887955182073,-0.0285714285714286,0.225490196078431,0.492156862745098,-0.102521008403361,0.603641456582633,-0.693837535014006,-0.717366946778712,0.710364145658263,0.678991596638656,-0.410644257703081,-0.680952380952381,-0.462745098039216,-0.545378151260504,0.220728291316527,0.0145658263305322,0.56358543417367,0.0324929971988796,0.616806722689076,0.621848739495798,-0.580392156862745,-0.0913165266106443,0.521848739495798,0.108683473389356,0.727731092436975,-0.0784313725490196,0.604201680672269,0.599159663865546,-0.34733893557423,0.628851540616247,0.417366946778712,0.313725490196078,0.605602240896359,-0.0823529411764706,0.163025210084034,0.199159663865546,-0.694117647058824,-0.0775910364145658,-0.611484593837535,0.592997198879552,0.680112044817927,0.260504201680672,0.33249299719888,0.277591036414566,0.459943977591037,0.252100840336134,0.214285714285714,0.378991596638656,0.587114845938375,0.409243697478992,-0.668067226890756,0.497759103641457,0.311484593837535,0.354621848739496,0.148179271708684,0.207282913165266,-0.320448179271709,-0.674229691876751,0.318207282913165,0.391316526610644,0.181512605042017,0.231372549019608,-0.236134453781513,-0.073109243697479,0.0703081232492997
OTU_27,0.711484593837535,-0.636414565826331,0.761344537815126,0.00756302521008403,-0.531932773109244,-0.293837535014006,-0.743977591036415,-0.365546218487395,-0.184593837535014,0.145658263305322,-0.419327731092437,0.646218487394958,0.302521008403361,0.548179271708684,-0.550700280112045,-0.0736694677871149,-0.210084033613445,0.353221288515406,0.438935574229692,0.0330532212885154,-0.529131652661065,-0.0221288515406163,0.584873949579832,0.384033613445378,-0.731652661064426,0.271708683473389,NA,-0.157142857142857,0.495798319327731,0.410084033613445,-0.265826330532213,-0.452941176470588,0.331652661064426,0.759103641456583,-0.352100840336134,-0.557142857142857,-0.243697478991597,0.0764705882352941,0.479831932773109,0.436974789915966,0.577871148459384,0.601120448179272,-0.343697478991597,-0.455182072829132,0.698039215686275,0.539775910364146,0.392436974789916,-0.20672268907563,-0.269187675070028,0.207563025210084,0.512044817927171,0.110644257703081,0.441456582633053,-0.297478991596639,-0.338095238095238,-0.488235294117647,-0.10952380952381,0.29327731092437,0.12156862745098,0.359383753501401,-0.192997198879552,0.0140056022408964,-0.046218487394958,-0.325490196078431,-0.250980392156863,-0.657142857142857,-0.429971988795518,0.163305322128852,-0.580392156862745,-0.246498599439776,0.080952380952381,0.654901960784314,0.553781512605042,-0.0425770308123249,0.430252100840336,-0.37703081232493,0.326890756302521,-0.350700280112045,-0.525770308123249,-0.272268907563025,0.46078431372549,0.191596638655462,-0.15266106442577,0.0120448179271709,0.321008403361345,-0.245658263305322,0.242577030812325,-0.0708683473389356,0.436134453781513,0.0140056022408964,0.0703081232492997,-0.166106442577031,0.728011204481793,-0.511204481792717,0.703361344537815,-0.398879551820728,-0.277591036414566,0.5406162464986,0.650700280112045,-0.100840336134454,-0.0476190476190476,-0.139775910364146,0.0263305322128852,0.275910364145658,0.170588235294118,0.465826330532213,0.0803921568627451,0.667226890756303,-0.0092436974789916,-0.503361344537815,0.389075630252101,0.654341736694678,0.0137254901960784,0.397759103641457,-0.0319327731092437,0.542296918767507,0.569187675070028,-0.209803921568627,0.0773109243697479,0.150420168067227,0.034733893557423,0.00868347338935574,0.543137254901961,-0.235294117647059,0.0282913165266106,-0.271148459383754,-0.0831932773109244,-0.616526610644258,-0.0324929971988796,0.106442577030812,-0.250700280112045,0.168067226890756,0.533613445378151,0.38655462184874,0.00224089635854342,0.350980392156863,-0.273669467787115,0.590196078431373,0.363025210084034,-0.531932773109244,0.387394957983193,-0.262745098039216,-0.249019607843137,-0.166666666666667,-0.16078431372549,-0.327450980392157,-0.234453781512605,-0.254341736694678,0.147899159663866,-0.208403361344538,-0.284593837535014,-0.48515406162465,-0.153501400560224,-0.100560224089636
OTU_28,-0.456862745098039,0.456582633053221,-0.375910364145658,0.379271708683473,0.649019607843137,0.85406162464986,-0.252100840336134,0.318207282913165,-0.0336134453781513,-0.150700280112045,0.482352941176471,0.118767507002801,-0.629131652661065,-0.457422969187675,0.487675070028011,0.228011204481793,0.400560224089636,-0.604481792717087,0.174229691876751,-0.232773109243698,0.0260504201680672,-0.480392156862745,0.0722689075630252,-0.154341736694678,0.150420168067227,-0.682352941176471,-0.157142857142857,NA,0.174229691876751,-0.201680672268908,0.314285714285714,0.800280112044818,0.203361344537815,-0.195518207282913,0.813725490196079,0.603921568627451,0.120168067226891,0.0411764705882353,0.0739495798319328,-0.0890756302521009,-0.36750700280112,-0.743137254901961,-0.458543417366947,-0.0994397759103642,-0.60672268907563,-0.0605042016806723,0.542296918767507,-0.444537815126051,0.815126050420168,-0.854621848739496,-0.700560224089636,-0.815686274509804,0.557142857142857,0.39327731092437,0.855742296918768,0.784593837535014,0.825490196078431,-0.212605042016807,0.0140056022408964,-0.352941176470588,-0.601960784313726,0.518207282913165,0.26078431372549,0.0313725490196078,0.840896358543417,0.436414565826331,0.573109243697479,-0.0574229691876751,0.237535014005602,0.666946778711485,0.749019607843137,0.388515406162465,0.13109243697479,0.0683473389355742,0.425770308123249,0.81484593837535,0.402801120448179,0.131932773109244,0.150420168067227,0.115966386554622,0.286834733893557,-0.72296918767507,-0.358543417366947,-0.645378151260504,-0.204761904761905,-0.0294117647058824,0.733333333333333,-0.184593837535014,0.026890756302521,0.283473389355742,-0.284873949579832,-0.148179271708684,-0.226610644257703,-0.124649859943978,-0.467226890756303,0.550700280112045,0.804761904761905,-0.728571428571429,-0.456302521008403,0.13781512605042,0.872549019607843,0.64733893557423,0.682633053221289,-0.0464985994397759,-0.25546218487395,-0.413165266106443,0.11484593837535,-0.641736694677871,-0.753501400560224,0.407843137254902,-0.1296918767507,-0.387675070028011,-0.266666666666667,-0.473949579831933,-0.263865546218487,-0.340056022408964,-0.719887955182073,0.596358543417367,-0.597198879551821,-0.247619047619048,-0.513165266106443,-0.699159663865546,0.092436974789916,-0.370868347338936,-0.20140056022409,0.793837535014006,-0.281232492997199,0.643137254901961,-0.774509803921569,-0.638375350140056,-0.441176470588235,-0.452380952380952,-0.0282913165266106,-0.263305322128852,-0.456862745098039,-0.36750700280112,-0.60952380952381,-0.368347338935574,-0.30812324929972,0.653781512605042,-0.235014005602241,-0.322689075630252,-0.220168067226891,-0.0859943977591037,-0.229411764705882,0.510364145658263,0.542577030812325,-0.381512605042017,-0.483193277310924,-0.198039215686275,-0.0932773109243698,0.259383753501401,-0.0798319327731093,0.106162464985994
OTU_29,0.480672268907563,-0.315686274509804,0.0109243697478992,0.302521008403361,0.0341736694677871,0.239775910364146,-0.363305322128852,-0.21624649859944,0.147619047619048,0.521288515406163,-0.405602240896359,0.37703081232493,0.0355742296918768,0.366386554621849,-0.495238095238095,-0.254901960784314,-0.587114845938375,0.0593837535014006,0.547899159663866,-0.0820728291316527,-0.276190476190476,-0.110924369747899,0.836134453781513,0.577591036414566,-0.161904761904762,0.143697478991597,0.495798319327731,0.174229691876751,NA,0.674509803921569,0.325490196078431,0.0218487394957983,-0.356302521008403,0.419607843137255,0.142296918767507,0.150980392156863,0.236134453781513,0.504201680672269,-0.07703081232493,0.715406162464986,0.5703081232493,0.0252100840336134,-0.733613445378151,-0.581792717086835,0.369187675070028,0.738655462184874,0.144257703081233,-0.0103641456582633,0.0644257703081233,-0.284873949579832,0.309243697478992,-0.080952380952381,0.275070028011205,0.281792717086835,0.24453781512605,-0.0526610644257703,0.363305322128852,0.500560224089636,0.0910364145658263,0.444257703081233,-0.151820728291317,0.462745098039216,-0.510644257703081,0.189635854341737,0.0464985994397759,-0.0210084033613445,-0.24453781512605,0.610924369747899,-0.712044817927171,-0.115686274509804,0.288515406162465,0.708683473389356,0.639775910364146,0.237535014005602,0.0515406162464986,0.178151260504202,0.8,0.250420168067227,-0.0605042016806723,0.400560224089636,0.541736694677871,0.118207282913165,-0.0196078431372549,-0.363865546218487,-0.358263305322129,-0.122128851540616,0.438095238095238,0.384033613445378,0.847619047619048,-0.456862745098039,-0.463025210084034,0.080672268907563,0.68515406162465,-0.691036414565826,0.4296918767507,-0.459383753501401,0.0378151260504202,0.0582633053221289,0.403081232492997,-0.603641456582633,-0.026890756302521,0.468627450980392,0.300560224089636,0.414005602240896,-0.390196078431373,0.237535014005602,0.10672268907563,0.151540616246499,-0.194117647058824,-0.536134453781513,-0.295798319327731,0.0879551820728291,0.0470588235294118,0.505602240896359,-0.528571428571429,0.561344537815126,-0.00840336134453782,0.371148459383754,0.0313725490196078,0.221288515406162,-0.441736694677871,-0.299159663865546,0.0535014005602241,-0.461624649859944,0.150140056022409,0.0481792717086835,-0.520728291316527,-0.208683473389356,-0.30812324929972,0.0602240896358543,-0.371988795518207,-0.419607843137255,0.678151260504202,0.418207282913165,-0.438935574229692,-0.112324929971989,-0.386834733893557,0.540336134453782,0.229411764705882,-0.295238095238095,0.450980392156863,-0.0649859943977591,-0.119887955182073,-0.166946778711485,0.0789915966386555,0.116526610644258,-0.36890756302521,-0.161344537815126,-0.180392156862745,0.00868347338935574,0.0831932773109244,-0.202521008403361,-0.084593837535014,0.343697478991597
OTU_30,0.684033613445378,-0.539775910364146,0.135854341736695,0.2296918767507,-0.275350140056022,-0.170868347338936,-0.13781512605042,-0.507843137254902,0.408403361344538,0.635014005602241,-0.684593837535014,0.29859943977591,0.349859943977591,0.618487394957983,-0.780392156862745,-0.33781512605042,-0.759103641456583,0.352941176470588,0.459663865546219,0.0518207282913165,0.0254901960784314,0.286274509803922,0.734733893557423,0.636414565826331,0.0148459383753501,0.435014005602241,0.410084033613445,-0.201680672268908,0.674509803921569,NA,0.192997198879552,-0.337535014005602,-0.554901960784314,0.391316526610644,-0.279831932773109,-0.149579831932773,0.420448179271709,0.742577030812325,-0.092436974789916,0.826050420168067,0.597478991596639,0.260224089635854,-0.323249299719888,-0.650140056022409,0.476750700280112,0.830252100840336,-0.276190476190476,0.370028011204482,-0.397759103641457,0.203641456582633,0.51624649859944,0.28375350140056,-0.0985994397759104,0.249859943977591,-0.19047619047619,-0.253501400560224,-0.0529411764705882,0.666386554621849,0.447619047619048,0.710924369747899,0.177591036414566,0.244257703081233,-0.692997198879552,0.399159663865546,-0.287394957983193,-0.0176470588235294,-0.577871148459384,0.650980392156863,-0.853501400560224,-0.411484593837535,-0.230532212885154,0.443697478991597,0.684033613445378,0.529411764705882,-0.289075630252101,-0.181512605042017,0.477591036414566,0.300560224089636,-0.223249299719888,0.472829131652661,0.388795518207283,0.37563025210084,0.165546218487395,0.141456582633053,-0.421848739495798,0.0812324929971989,0.0403361344537815,0.678711484593838,0.750420168067227,-0.73921568627451,-0.482072829131653,0.264985994397759,0.771428571428572,-0.438095238095238,0.614285714285714,-0.717927170868347,-0.405042016806723,0.366106442577031,0.661624649859944,-0.840056022408964,-0.384873949579832,0.0109243697478992,-0.112324929971989,0.578991596638656,-0.389355742296919,0.36890756302521,0.482913165266107,0.454901960784314,0.18515406162465,-0.722128851540616,-0.311204481792717,0.259383753501401,0.0554621848739496,0.817366946778712,-0.575070028011205,0.75406162464986,0.241176470588235,0.112324929971989,0.498879551820728,0.6296918767507,-0.270028011204482,0.103361344537815,-0.0974789915966387,-0.126890756302521,0.384033613445378,-0.380112044817927,-0.496358543417367,-0.387114845938375,0.127170868347339,0.323809523809524,-0.0299719887955182,-0.247619047619048,0.72436974789916,0.703361344537815,-0.233893557422969,-0.211764705882353,-0.0829131652661065,0.73109243697479,0.473669467787115,-0.533053221288516,0.73109243697479,0.140056022408964,0.37843137254902,-0.00756302521008403,0.381232492997199,-0.288235294117647,-0.570588235294118,0.21484593837535,0.0123249299719888,0.246498599439776,0.263305322128852,-0.35406162464986,0.170868347338936,0.244817927170868
OTU_31,-0.199159663865546,0.305602240896359,-0.676190476190476,0.100280112044818,0.631372549019608,0.487114845938375,0.053781512605042,0.481512605042017,0.0946778711484594,0.59187675070028,0.279831932773109,-0.4,-0.180392156862745,-0.273389355742297,0.147899159663866,0.339775910364146,-0.316526610644258,-0.56218487394958,0.207843137254902,-0.250420168067227,0.0619047619047619,-0.301960784313726,0.151540616246499,0.231652661064426,0.257142857142857,-0.109243697478992,-0.265826330532213,0.314285714285714,0.325490196078431,0.192997198879552,NA,0.559663865546219,-0.499159663865546,-0.19047619047619,0.53109243697479,0.48655462184874,0.0988795518207283,0.2296918767507,-0.351820728291317,0.33109243697479,-0.18375350140056,-0.437535014005602,-0.634733893557423,-0.196638655462185,-0.145098039215686,0.248179271708684,-0.278991596638655,0.200560224089636,0.333893557422969,-0.371148459383754,-0.393837535014006,-0.258823529411765,-0.129971988795518,0.177591036414566,0.456022408963585,0.200280112044818,0.372829131652661,0.254341736694678,0.0697478991596639,-0.142016806722689,-0.0904761904761905,0.762464985994398,-0.477310924369748,0.0901960784313726,0.146778711484594,0.1703081232493,-0.0431372549019608,0.60672268907563,-0.194677871148459,0.35406162464986,0.266106442577031,0.142296918767507,0.00672268907563025,0.0224089635854342,-0.168627450980392,0.369467787114846,0.390756302521008,0.168067226890756,0.279831932773109,0.618207282913165,0.249859943977591,0.00252100840336135,-0.108403361344538,-0.424649859943978,-0.501960784313725,-0.140896358543417,0.202801120448179,0.336414565826331,0.342857142857143,-0.3406162464986,-0.332773109243698,0.182072829131653,0.0291316526610644,0.0302521008403361,-0.00168067226890756,-0.155182072829132,0.42156862745098,-0.304761904761905,-0.0092436974789916,-0.338375350140056,0.0831932773109244,0.617086834733894,0.48375350140056,-0.00420168067226891,-0.342857142857143,-0.0985994397759104,0.0719887955182073,-0.32156862745098,-0.243137254901961,-0.0218487394957983,-0.633613445378151,-0.318767507002801,-0.0162464985994398,0.161344537815126,-0.22156862745098,0.264985994397759,-0.50812324929972,0.789635854341737,-0.110364145658263,0.0162464985994398,-0.266946778711485,-0.389635854341737,-0.267787114845938,-0.588795518207283,0.0647058823529412,0.180112044817927,-0.351820728291317,0.207843137254902,-0.527731092436975,-0.25546218487395,-0.318487394957983,-0.534173669467787,0.325490196078431,0.124929971988796,-0.357983193277311,-0.36218487394958,-0.322128851540616,0.0380952380952381,0.0719887955182073,0.205322128851541,0.138375350140056,-0.249019607843137,0.0526610644257703,-0.18375350140056,-0.0560224089635854,0.358823529411765,-0.217647058823529,-0.160504201680672,-0.588795518207283,-0.203921568627451,0.156582633053221,0.224929971988796,-0.0145658263305322,0.0554621848739496
OTU_32,-0.653501400560224,0.668347338935574,-0.733613445378151,0.210084033613445,0.86218487394958,0.867226890756303,0.0579831932773109,0.70140056022409,-0.0305322128851541,-0.0428571428571429,0.6703081232493,-0.334453781512605,-0.696638655462185,-0.60140056022409,0.692436974789916,0.371708683473389,0.364705882352941,-0.831372549019608,0.0621848739495798,-0.379551820728291,0.163585434173669,-0.624089635854342,-0.159663865546219,-0.137535014005602,0.305882352941176,-0.600840336134454,-0.452941176470588,0.800280112044818,0.0218487394957983,-0.337535014005602,0.559663865546219,NA,0.0627450980392157,-0.374789915966387,0.934453781512605,0.72436974789916,0.084873949579832,-0.0971988795518207,-0.17843137254902,-0.184033613445378,-0.587955182072829,-0.835014005602241,-0.43781512605042,0.120448179271709,-0.658823529411765,-0.211764705882353,0.253221288515406,-0.348179271708684,0.773109243697479,-0.80952380952381,-0.84593837535014,-0.754901960784314,0.142857142857143,0.258823529411765,0.812324929971989,0.684033613445378,0.704481792717087,-0.0907563025210084,-0.14453781512605,-0.550420168067227,-0.59859943977591,0.586834733893557,0.126610644257703,0.0487394957983193,0.673949579831933,0.353781512605042,0.465546218487395,0.0246498599439776,0.331652661064426,0.840336134453782,0.683193277310924,0.104761904761905,-0.187114845938375,-0.0619047619047619,0.0890756302521009,0.765546218487395,0.215686274509804,0.264705882352941,0.182072829131653,0.185994397759104,0.125210084033613,-0.663305322128852,-0.269747899159664,-0.604481792717087,-0.145378151260504,-0.0411764705882353,0.556582633053221,-0.225210084033613,-0.0507002801120448,0.160504201680672,-0.141176470588235,-0.076750700280112,-0.430812324929972,0.0478991596638655,-0.569187675070028,0.571428571428572,0.853221288515406,-0.744257703081233,-0.557422969187675,0.125490196078431,0.71484593837535,0.59859943977591,0.659663865546219,-0.217927170868347,-0.301120448179272,-0.495238095238095,-0.0957983193277311,-0.791316526610644,-0.715686274509804,0.504761904761905,-0.343417366946779,-0.569187675070028,-0.10812324929972,-0.526050420168067,-0.0781512605042017,-0.379271708683473,-0.767507002801121,0.7,-0.519607843137255,-0.434733893557423,-0.359943977591036,-0.698319327731093,-0.120728291316527,-0.416526610644258,-0.245098039215686,0.726330532212885,-0.0638655462184874,0.635574229691877,-0.710084033613446,-0.68375350140056,-0.334733893557423,-0.526330532212885,-0.0871148459383754,-0.28515406162465,-0.440336134453782,-0.275910364145658,-0.5296918767507,-0.447899159663866,-0.266386554621849,0.703641456582633,-0.366666666666667,-0.334733893557423,-0.272829131652661,-0.251540616246499,-0.271148459383754,0.699719887955182,0.454901960784314,-0.392997198879552,-0.635014005602241,-0.259663865546219,-0.0815126050420168,0.419887955182073,-0.111764705882353,-0.0431372549019608
OTU_33,-0.152941176470588,0.0820728291316527,0.46078431372549,-0.0624649859943978,-0.147899159663866,-0.0380952380952381,-0.431372549019608,0.210084033613445,-0.441456582633053,-0.647058823529412,0.376190476190476,0.235294117647059,-0.210084033613445,-0.155182072829132,0.373109243697479,0.285994397759104,0.675350140056022,-0.127731092436975,-0.115126050420168,0.0296918767507003,-0.40672268907563,-0.314285714285714,-0.325490196078431,-0.374789915966387,-0.537535014005602,-0.322689075630252,0.331652661064426,0.203361344537815,-0.356302521008403,-0.554901960784314,-0.499159663865546,0.0627450980392157,NA,0.200280112044818,0.0817927170868347,-0.235294117647059,-0.475910364145658,-0.60140056022409,0.590756302521009,-0.495518207282913,-0.16890756302521,0.065546218487395,0.121288515406162,0.251260504201681,-0.0955182072829132,-0.399439775910364,0.659383753501401,-0.663025210084034,0.176750700280112,-0.116806722689076,-0.171428571428571,-0.253781512605042,0.444537815126051,-0.451260504201681,-0.0431372549019608,0.0218487394957983,0.0445378151260504,-0.396638655462185,-0.249579831932773,-0.452380952380952,-0.5,-0.328851540616247,0.724929971988796,-0.524649859943978,0.188515406162465,-0.450700280112045,0.297759103641457,-0.56218487394958,0.403081232492997,0.300560224089636,0.308963585434174,0.0739495798319328,-0.146218487394958,-0.297759103641457,0.650140056022409,-0.0666666666666667,-0.319607843137255,-0.449299719887955,-0.317366946778712,-0.71484593837535,-0.00588235294117647,-0.372268907563025,-0.186834733893557,0.00700280112044818,0.625770308123249,-0.0994397759103642,0.222128851540616,-0.723809523809524,-0.485434173669468,0.77703081232493,0.493837535014006,-0.406442577030812,-0.287114845938375,0.00672268907563025,-0.121848739495798,0.552380952380952,0.210084033613445,-0.00672268907563025,-0.197759103641457,0.7296918767507,0.497478991596639,-0.282913165266106,0.153501400560224,-0.285714285714286,0.436694677871149,-0.0879551820728291,-0.202801120448179,0.0100840336134454,-0.304201680672269,0.385994397759104,0.68655462184874,0.222128851540616,-0.0901960784313726,-0.522128851540616,0.443137254901961,-0.378991596638656,0.206162464985994,-0.349579831932773,-0.413725490196078,-0.513165266106443,0.192997198879552,-0.140336134453782,0.60812324929972,0.0355742296918768,-0.364425770308123,0.238095238095238,0.445658263305322,0.0168067226890756,-0.104201680672269,-0.342016806722689,-0.204201680672269,0.316806722689076,-0.289355742296919,-0.349859943977591,0.177310924369748,0.416806722689076,-0.171988795518207,-0.253221288515406,-0.287114845938375,0.157422969187675,-0.46358543417367,-0.404481792717087,-0.534733893557423,-0.0473389355742297,-0.493557422969188,0.0030812324929972,0.520168067226891,-0.334733893557423,0.0162464985994398,-0.252380952380952,-0.459943977591037,-0.0266106442577031,-0.159943977591036,-0.410924369747899
OTU_34,0.73781512605042,-0.626610644257703,0.60952380952381,0.17843137254902,-0.504481792717087,-0.349579831932773,-0.711484593837535,-0.349859943977591,-0.235294117647059,0.315686274509804,-0.557422969187675,0.701680672268908,0.145378151260504,0.712605042016807,-0.594957983193277,-0.295518207282913,-0.337254901960784,0.225770308123249,0.647058823529412,-0.201680672268908,-0.398039215686275,0.0859943977591037,0.629131652661065,0.540336134453782,-0.757703081232493,0.15406162464986,0.759103641456583,-0.195518207282913,0.419607843137255,0.391316526610644,-0.19047619047619,-0.374789915966387,0.200280112044818,NA,-0.357703081232493,-0.538655462184874,-0.2703081232493,0,0.10812324929972,0.597759103641457,0.368627450980392,0.456302521008403,-0.270028011204482,-0.545658263305322,0.603921568627451,0.613725490196078,0.19047619047619,-0.159663865546219,-0.374229691876751,0.262745098039216,0.492436974789916,0.0411764705882353,0.222128851540616,-0.410364145658263,-0.284873949579832,-0.563305322128852,-0.0893557422969188,0.405882352941177,0.0585434173669468,0.510924369747899,-0.208403361344538,-0.11484593837535,-0.205322128851541,-0.203361344537815,-0.342857142857143,-0.581512605042017,-0.496078431372549,0.127731092436975,-0.558823529411765,-0.159663865546219,-0.0571428571428571,0.593557422969188,0.605042016806723,-0.123529411764706,0.265266106442577,-0.361344537815126,0.429411764705882,-0.238655462184874,-0.562745098039216,-0.199159663865546,0.689075630252101,0.0515406162464986,-0.0338935574229692,-0.0294117647058824,0.227170868347339,-0.0238095238095238,0.29859943977591,0.0238095238095238,0.535854341736695,-0.0733893557422969,0.0201680672268908,0.0263305322128852,0.667226890756303,-0.299439775910364,0.647619047619048,-0.364705882352941,-0.266666666666667,0.304201680672269,0.554341736694678,-0.217647058823529,-0.0784313725490196,-0.168067226890756,0.118767507002801,0.470028011204482,0.23781512605042,0.225490196078431,-0.0198879551820728,0.465546218487395,-0.065546218487395,-0.445378151260504,0.417366946778712,0.401960784313726,0.0361344537815126,0.293837535014006,-0.156582633053221,0.508683473389356,0.513165266106443,-0.279551820728291,0.103641456582633,0.227170868347339,-0.0661064425770308,-0.0061624649859944,0.296078431372549,-0.240616246498599,0.106162464985994,-0.254901960784314,-0.0689075630252101,-0.552100840336134,0.145378151260504,-0.0630252100840336,-0.201120448179272,0.27563025210084,0.503921568627451,0.495518207282913,0.129971988795518,0.18375350140056,-0.302801120448179,0.573109243697479,0.488515406162465,-0.357703081232493,0.284033613445378,-0.167787114845938,-0.198039215686275,-0.199719887955182,0.0277310924369748,-0.403081232492997,-0.265266106442577,-0.109803921568627,0.0366946778711485,0.00532212885154062,-0.228851540616247,-0.435574229691877,-0.0672268907563025,-0.263585434173669
OTU_35,-0.630532212885154,0.661064425770308,-0.676190476190476,0.240056022408964,0.792436974789916,0.86890756302521,-0.0148459383753501,0.610644257703081,0.0257703081232493,-0.154621848739496,0.652380952380953,-0.287114845938375,-0.710084033613446,-0.600560224089636,0.64733893557423,0.342577030812325,0.346778711484594,-0.795798319327731,-0.000840336134453782,-0.266666666666667,-0.0280112044817927,-0.647058823529412,-0.0994397759103642,-0.18375350140056,0.228291316526611,-0.651540616246499,-0.352100840336134,0.813725490196079,0.142296918767507,-0.279831932773109,0.53109243697479,0.934453781512605,0.0817927170868347,-0.357703081232493,NA,0.763865546218487,0.125770308123249,-0.0512605042016807,-0.0834733893557423,-0.194397759103641,-0.449859943977591,-0.838375350140056,-0.557142857142857,0.103641456582633,-0.615686274509804,-0.191036414565826,0.39187675070028,-0.47563025210084,0.803921568627451,-0.918487394957983,-0.751260504201681,-0.766386554621849,0.275350140056022,0.277310924369748,0.840336134453782,0.695238095238095,0.78515406162465,-0.149859943977591,-0.148459383753501,-0.523529411764706,-0.663865546218487,0.619887955182073,0.141456582633053,0.0226890756302521,0.747619047619048,0.331372549019608,0.548459383753501,0.0403361344537815,0.267226890756303,0.766106442577031,0.792156862745098,0.171148459383754,-0.128291316526611,-0.0549019607843137,0.16078431372549,0.798879551820728,0.261904761904762,0.297478991596639,0.227450980392157,0.15406162464986,0.116806722689076,-0.623249299719888,-0.288795518207283,-0.653781512605042,-0.204481792717087,-0.0549019607843137,0.65266106442577,-0.166106442577031,-0.0296918767507003,0.166666666666667,-0.0890756302521009,-0.156582633053221,-0.413725490196078,-0.0983193277310925,-0.552100840336134,0.556862745098039,0.871988795518207,-0.671988795518207,-0.537535014005602,0.1703081232493,0.710364145658263,0.643697478991597,0.652100840336135,-0.246778711484594,-0.279271708683473,-0.434733893557423,-0.108403361344538,-0.714005602240896,-0.726330532212885,0.451540616246499,-0.312605042016807,-0.524089635854342,0.0327731092436975,-0.468347338935574,-0.0392156862745098,-0.350140056022409,-0.732212885154062,0.734453781512605,-0.585434173669468,-0.498039215686275,-0.304761904761905,-0.774229691876751,-0.00532212885154062,-0.42296918767507,-0.291316526610644,0.782633053221289,0.00784313725490196,0.641176470588235,-0.778151260504202,-0.667507002801121,-0.352100840336134,-0.663305322128852,-0.0456582633053221,-0.356022408963586,-0.515126050420168,-0.290756302521008,-0.564985994397759,-0.440896358543417,-0.351540616246499,0.648179271708684,-0.337535014005602,-0.375350140056022,-0.392717086834734,-0.287394957983193,-0.261904761904762,0.736414565826331,0.478991596638656,-0.4296918767507,-0.626330532212885,-0.332212885154062,-0.0753501400560224,0.459103641456583,-0.116526610644258,0.0882352941176471
OTU_36,-0.605042016806723,0.646218487394958,-0.763025210084034,0.256022408963585,0.729411764705883,0.765546218487395,0.217647058823529,0.387394957983193,0.173389355742297,-0.0271708683473389,0.405882352941177,-0.27563025210084,-0.606442577030812,-0.53921568627451,0.531932773109244,0.0212885154061625,0.0736694677871149,-0.575070028011205,-0.0899159663865546,-0.184313725490196,0.0380952380952381,-0.386274509803922,-0.0798319327731093,-0.174509803921569,0.427731092436975,-0.565546218487395,-0.557142857142857,0.603921568627451,0.150980392156863,-0.149579831932773,0.48655462184874,0.72436974789916,-0.235294117647059,-0.538655462184874,0.763865546218487,NA,0.261904761904762,0.065546218487395,-0.365546218487395,-0.138655462184874,-0.342016806722689,-0.790196078431373,-0.36750700280112,0.0352941176470588,-0.636414565826331,-0.189915966386555,0.106442577030812,-0.132773109243698,0.621288515406163,-0.783473389355742,-0.574229691876751,-0.431932773109244,0.112044817927171,0.456302521008403,0.784593837535014,0.733333333333333,0.685714285714286,-0.152941176470588,0.0030812324929972,-0.318767507002801,-0.267787114845938,0.437254901960784,-0.100840336134454,0.280392156862745,0.559103641456583,0.637254901960784,0.618207282913165,0.0896358543417367,0.315406162464986,0.420728291316527,0.500560224089636,0.0436974789915966,-0.228571428571429,0.162745098039216,-0.02296918767507,0.78515406162465,0.329131652661064,0.428291316526611,0.466946778711485,0.54593837535014,-0.0352941176470588,-0.398039215686275,-0.026890756302521,-0.504201680672269,-0.417647058823529,0.14453781512605,0.332773109243698,0.102521008403361,-0.0274509803921569,-0.011484593837535,-0.248739495798319,-0.0137254901960784,-0.442016806722689,-0.0484593837535014,-0.594677871148459,0.448179271708684,0.660224089635854,-0.731932773109244,-0.610084033613446,-0.0750700280112045,0.368347338935574,0.678151260504202,0.442577030812325,-0.246778711484594,-0.433053221288515,-0.436974789915966,0,-0.790756302521008,-0.439775910364146,0.445658263305322,-0.526050420168067,-0.723529411764706,-0.0207282913165266,-0.365266106442577,-0.121288515406162,-0.380952380952381,-0.780392156862745,0.615966386554622,-0.384593837535014,-0.329131652661064,-0.42296918767507,-0.450700280112045,-0.296358543417367,-0.179551820728291,-0.065266106442577,0.640056022408964,-0.130532212885154,0.641456582633053,-0.531932773109244,-0.405042016806723,-0.230812324929972,-0.664985994397759,-0.123809523809524,-0.360504201680672,-0.35406162464986,-0.375910364145658,-0.205042016806723,-0.470588235294118,-0.443977591036415,0.536134453781513,-0.335014005602241,-0.0249299719887955,-0.0997198879551821,0.0238095238095238,-0.000840336134453782,0.591596638655462,0.344257703081233,-0.161344537815126,-0.51484593837535,-0.0397759103641457,0.165826330532213,0.40952380952381,0.0630252100840336,0.330532212885154
OTU_37,-0.0957983193277311,0.133053221288515,-0.346778711484594,0.289635854341737,0.118487394957983,0.242016806722689,0.369747899159664,-0.25406162464986,0.878711484593838,0.0971988795518207,-0.207843137254902,-0.128851540616247,0.0988795518207283,-0.0103641456582633,-0.178711484593838,-0.279831932773109,-0.281512605042017,0.15546218487395,-0.030812324929972,0.168627450980392,0.278151260504202,0.318207282913165,0.109803921568627,0.0918767507002801,0.535574229691877,0.0717086834733894,-0.243697478991597,0.120168067226891,0.236134453781513,0.420448179271709,0.0988795518207283,0.084873949579832,-0.475910364145658,-0.2703081232493,0.125770308123249,0.261904761904762,NA,0.697759103641457,-0.143977591036415,0.198039215686275,0.264705882352941,-0.269467787114846,-0.0647058823529412,-0.198319327731092,-0.105322128851541,0.133053221288515,-0.143697478991597,0.227731092436975,0.0428571428571429,-0.184593837535014,-0.0750700280112045,0.0425770308123249,-0.171988795518207,0.627450980392157,0.243977591036415,0.319887955182073,0.11484593837535,0.184033613445378,0.361624649859944,0.194677871148459,0.0915966386554622,0.21624649859944,-0.281232492997199,0.771988795518207,0.288795518207283,0.402521008403361,-0.0235294117647059,0.108683473389356,-0.267226890756303,-0.153781512605042,0.0350140056022409,-0.120448179271709,0.0647058823529412,0.656862745098039,-0.356862745098039,0.242296918767507,0.186274509803922,0.776470588235294,0.0207282913165266,0.211764705882353,-0.151260504201681,0.0613445378151261,0.374509803921569,-0.0896358543417367,-0.327450980392157,0.214005602240896,0.0145658263305322,0.552380952380952,0.371148459383754,-0.415406162464986,-0.25266106442577,-0.136974789915966,0.148739495798319,-0.258823529411765,-0.149299719887955,-0.196358543417367,-0.07703081232493,-0.0983193277310925,-0.019327731092437,-0.450420168067227,-0.1,0.138375350140056,-0.250420168067227,0.065266106442577,-0.627731092436975,-0.0658263305322129,0.589075630252101,-0.103081232492997,0.0490196078431373,-0.148739495798319,-0.515126050420168,-0.129411764705882,0.234173669467787,0.275350140056022,-0.357983193277311,-0.0092436974789916,-0.310924369747899,0.219047619047619,0.158543417366947,0.198039215686275,-0.142577030812325,-0.0490196078431373,-0.193557422969188,0.169187675070028,0.213445378151261,0.0215686274509804,-0.237535014005602,0.135014005602241,-0.0635854341736695,0.223809523809524,0.12436974789916,-0.527170868347339,0.0246498599439776,0.16078431372549,-0.159663865546219,-0.226050420168067,0.176750700280112,0.0753501400560224,-0.142016806722689,0.0518207282913165,0.122689075630252,0.302801120448179,0.368627450980392,-0.0644257703081233,0.16750700280112,0.257142857142857,-0.0983193277310925,0.10812324929972,0.113725490196078,0.214565826330532,0.319607843137255,0.0627450980392157,0.282072829131653,0.184593837535014
OTU_38,0.25406162464986,-0.120168067226891,-0.110924369747899,0.223249299719888,-0.0787114845938375,0.0854341736694678,0.16218487394958,-0.452941176470588,0.730812324929972,0.392436974789916,-0.401680672268908,0.0941176470588235,0.344817927170868,0.172829131652661,-0.535014005602241,-0.203641456582633,-0.548459383753501,0.325490196078431,0.136134453781513,0.234173669467787,0.163025210084034,0.428571428571429,0.448459383753501,0.243417366946779,0.421848739495798,0.227731092436975,0.0764705882352941,0.0411764705882353,0.504201680672269,0.742577030812325,0.2296918767507,-0.0971988795518207,-0.60140056022409,0,-0.0512605042016807,0.065546218487395,0.697759103641457,NA,0.0361344537815126,0.517647058823529,0.525210084033614,-0.100280112044818,-0.238655462184874,-0.426890756302521,0.197478991596639,0.490476190476191,-0.235294117647059,0.35546218487395,-0.143137254901961,-0.0378151260504202,0.144257703081233,0.180952380952381,-0.0523809523809524,0.556862745098039,0.0879551820728291,0.149859943977591,0.0666666666666667,0.334453781512605,0.517086834733894,0.427170868347339,0.20140056022409,0.328011204481793,-0.394677871148459,0.653501400560224,0.10672268907563,0.304201680672269,-0.267787114845938,0.363305322128852,-0.549299719887955,-0.359943977591036,-0.0899159663865546,0.142857142857143,0.363865546218487,0.749859943977591,-0.210644257703081,0.0862745098039216,0.399719887955182,0.50952380952381,-0.0218487394957983,0.415406162464986,0.0708683473389356,0.242577030812325,0.324929971988796,-0.000840336134453782,-0.557983193277311,0.0392156862745098,0.0196078431372549,0.718207282913165,0.608963585434174,-0.522689075630252,-0.561624649859944,-0.0162464985994398,0.487675070028011,-0.425490196078431,0.154901960784314,-0.441456582633053,-0.317927170868347,0.136974789915966,0.287675070028011,-0.70952380952381,-0.191036414565826,0.197198879551821,-0.255742296918768,0.33921568627451,-0.572829131652661,0.250980392156863,0.698599439775911,0.203081232492997,0.238095238095238,-0.486834733893557,-0.479551820728291,0.213445378151261,0.0708683473389356,0.643137254901961,-0.676470588235294,0.327731092436975,-0.131652661064426,0.231372549019608,0.280112044817927,0.540896358543417,-0.407563025210084,-0.0092436974789916,-0.0224089635854342,0.132773109243698,0.359383753501401,-0.0859943977591037,-0.498319327731092,-0.0624649859943978,-0.0703081232492997,0.337535014005602,0.0529411764705882,-0.448739495798319,0.311204481792717,0.342857142857143,-0.211204481792717,-0.419327731092437,-0.00812324929971989,0.336414565826331,0.192717086834734,-0.277871148459384,0.534733893557423,0.203361344537815,0.494117647058824,0.0204481792717087,0.425770308123249,0.00644257703081233,-0.336694677871148,0.226610644257703,0.0980392156862745,0.341456582633053,0.400840336134454,-0.147058823529412,0.257983193277311,0.235854341736695
OTU_39,-0.0327731092436975,0.0490196078431373,0.549299719887955,-0.142296918767507,-0.357703081232493,-0.0966386554621849,-0.279551820728291,-0.118487394957983,-0.00812324929971989,-0.503641456582633,0.25406162464986,0.205602240896359,0.353221288515406,-0.214565826330532,0.0243697478991597,0.407282913165266,0.384033613445378,0.303361344537815,-0.34453781512605,0.533053221288516,-0.440896358543417,-0.0406162464985994,-0.211764705882353,-0.492717086834734,-0.250140056022409,-0.00896358543417367,0.479831932773109,0.0739495798319328,-0.07703081232493,-0.092436974789916,-0.351820728291317,-0.17843137254902,0.590756302521009,0.10812324929972,-0.0834733893557423,-0.365546218487395,-0.143977591036415,0.0361344537815126,NA,-0.322689075630252,0.370028011204482,0.2,0.00476190476190476,0.226330532212885,0.202521008403361,-0.215686274509804,0.460504201680672,-0.224649859943978,-0.0240896358543417,-0.00560224089635854,0.0260504201680672,0.0761904761904762,0.474789915966387,-0.142016806722689,-0.119047619047619,0.0226890756302521,0.00140056022408964,-0.39859943977591,0.122689075630252,-0.250700280112045,-0.158263305322129,-0.120728291316527,0.676750700280112,-0.292717086834734,0.227731092436975,-0.366386554621849,0.145378151260504,-0.328011204481793,0.0658263305322129,-0.177591036414566,0.207563025210084,0.038655462184874,-0.0837535014005602,0.164145658263305,0.626890756302521,-0.135294117647059,-0.201680672268908,-0.384593837535014,-0.117086834733894,-0.492717086834734,-0.279831932773109,0.076750700280112,-0.153221288515406,0.262745098039216,0.245658263305322,-0.437254901960784,0.0246498599439776,-0.234733893557423,-0.227170868347339,0.576470588235294,0.0756302521008403,-0.63921568627451,0.0403361344537815,-0.265266106442577,-0.0296918767507003,0.126890756302521,-0.242577030812325,0.448459383753501,0.0411764705882353,0.382913165266106,0.245098039215686,-0.235014005602241,-0.229411764705882,-0.330812324929972,-0.00952380952380952,0.51484593837535,0.175350140056022,0.402240896358543,0.10812324929972,0.0400560224089636,0.433613445378151,0.723529411764706,-0.132773109243698,0.0591036414565826,0.0327731092436975,-0.1,0.261904761904762,-0.174789915966387,-0.315686274509804,-0.284033613445378,-0.0257703081232493,0.0478991596638655,0.842296918767507,0.263025210084034,-0.266386554621849,0.0854341736694678,0.0571428571428571,-0.101680672268908,-0.165546218487395,0.201960784313726,-0.0711484593837535,0.0408963585434174,-0.159943977591036,-0.313445378151261,-0.0411764705882353,0.265546218487395,0.0109243697478992,-0.128851540616247,-0.284313725490196,-0.203921568627451,-0.0876750700280112,-0.288515406162465,-0.189075630252101,-0.0238095238095238,-0.285994397759104,0.057703081232493,0.171988795518207,-0.145658263305322,0.255182072829132,-0.177591036414566,-0.251820728291317,-0.21484593837535,-0.115686274509804,-0.256022408963585
OTU_40,0.743417366946779,-0.590756302521009,0.0929971988795518,0.266666666666667,-0.171148459383754,-0.0974789915966387,-0.357142857142857,-0.373389355742297,0.115406162464986,0.83921568627451,-0.709243697478992,0.40952380952381,0.132773109243698,0.72296918767507,-0.767507002801121,-0.397198879551821,-0.812605042016807,0.106442577030812,0.795238095238095,-0.383473389355742,0.0184873949579832,0.13921568627451,0.884033613445378,0.86218487394958,-0.169467787114846,0.303921568627451,0.436974789915966,-0.0890756302521009,0.715406162464986,0.826050420168067,0.33109243697479,-0.184033613445378,-0.495518207282913,0.597759103641457,-0.194397759103641,-0.138655462184874,0.198039215686275,0.517647058823529,-0.322689075630252,NA,0.349579831932773,0.202240896358543,-0.45266106442577,-0.860224089635855,0.460504201680672,0.964145658263305,-0.220728291316527,0.263025210084034,-0.333333333333333,0.146498599439776,0.390476190476191,0.0568627450980392,-0.084593837535014,0.0607843137254902,-0.0910364145658263,-0.356582633053221,0.0151260504201681,0.791036414565827,0.311764705882353,0.685994397759104,-0.00140056022408964,0.322128851540616,-0.792436974789916,0.221288515406162,-0.354341736694678,-0.125490196078431,-0.66890756302521,0.647899159663866,-0.868347338935574,-0.161344537815126,-0.149859943977591,0.658823529411765,0.788795518207283,0.311764705882353,-0.241456582633053,-0.143417366946779,0.637254901960784,0.193557422969188,-0.363305322128852,0.471428571428571,0.743697478991597,0.166386554621849,0.065266106442577,-0.119047619047619,-0.333333333333333,0.0932773109243698,0.218767507002801,0.528851540616247,0.876750700280112,-0.700840336134454,-0.449859943977591,0.411204481792717,0.813165266106443,-0.314565826330532,0.72436974789916,-0.671148459383754,-0.183473389355742,0.118207282913165,0.684593837535014,-0.813445378151261,-0.208963585434174,0.13781512605042,0.175070028011204,0.736134453781513,-0.226890756302521,0.109803921568627,0.323249299719888,0.310644257703081,-0.0263305322128852,-0.745098039215686,-0.280392156862745,0.13249299719888,0.0168067226890756,0.656302521008403,-0.528291316526611,0.772268907563025,0.184873949579832,0.172268907563025,0.443137254901961,0.627450980392157,-0.296358543417367,-0.0672268907563025,-0.232212885154062,-0.419327731092437,0.358823529411765,-0.294677871148459,-0.500840336134454,-0.462464985994398,0.0467787114845938,0.0352941176470588,-0.274789915966387,-0.149859943977591,0.839495798319328,0.837535014005602,-0.152380952380952,-0.184873949579832,-0.298879551820728,0.766946778711485,0.659103641456583,-0.399159663865546,0.66890756302521,0.0568627450980392,0.188235294117647,-0.179831932773109,0.329131652661064,-0.307282913165266,-0.602801120448179,0.0380952380952381,-0.173949579831933,0.19859943977591,0.170028011204482,-0.303641456582633,0.145658263305322,0.180952380952381
OTU_41,0.525490196078432,-0.405602240896359,0.496918767507003,-0.038375350140056,-0.564425770308123,-0.317647058823529,-0.156022408963585,-0.584033613445378,0.346778711484594,0.115686274509804,-0.500560224089636,0.390196078431373,0.659103641456583,0.370028011204482,-0.639775910364146,-0.207282913165266,-0.443137254901961,0.722689075630252,-0.0324929971988796,0.542016806722689,-0.401960784313726,0.401960784313726,0.447058823529412,0.116806722689076,-0.164705882352941,0.474789915966387,0.577871148459384,-0.36750700280112,0.5703081232493,0.597478991596639,-0.18375350140056,-0.587955182072829,-0.16890756302521,0.368627450980392,-0.449859943977591,-0.342016806722689,0.264705882352941,0.525210084033614,0.370028011204482,0.349579831932773,NA,0.46890756302521,-0.178991596638655,-0.192436974789916,0.713165266106443,0.367787114845938,0.0302521008403361,0.193557422969188,-0.373669467787115,0.254621848739496,0.682633053221289,0.533333333333333,0.171148459383754,0.149299719887955,-0.250980392156863,-0.278711484593838,-0.142577030812325,0.107002801120448,0.157983193277311,0.503641456582633,0.349299719887955,-0.0610644257703081,-0.168347338935574,0.151260504201681,-0.162464985994398,-0.213725490196078,-0.24593837535014,0.254901960784314,-0.547899159663866,-0.738375350140056,-0.133053221288515,0.195798319327731,0.297478991596639,0.374229691876751,0.128291316526611,-0.264425770308123,0.306162464985994,0.104201680672269,-0.053781512605042,0.0666666666666667,-0.0563025210084034,0.577591036414566,0.246778711484594,0.199159663865546,-0.184313725490196,-0.212605042016807,-0.151260504201681,0.466666666666667,0.484593837535014,-0.203921568627451,-0.207282913165266,-0.273389355742297,0.627170868347339,-0.603921568627451,0.443417366946779,-0.566106442577031,-0.628571428571429,0.645658263305322,0.435014005602241,-0.355742296918768,-0.483193277310924,-0.0526610644257703,-0.421008403361345,0.0694677871148459,-0.243137254901961,0.648179271708684,0.292997198879552,0.614565826330532,0.445658263305322,-0.46358543417367,-0.00784313725490196,0.531652661064426,0.130532212885154,0.678151260504202,-0.310924369747899,0.422408963585434,0.447058823529412,-0.173389355742297,0.163305322128852,0.218487394957983,-0.0574229691876751,0.277591036414566,0.395798319327731,0.218207282913165,0.144257703081233,-0.350420168067227,-0.280392156862745,-0.395518207282913,0.156582633053221,0.661064425770308,0.0593837535014006,-0.0394957983193277,0.272829131652661,0.19327731092437,0.0176470588235294,0.171148459383754,0.259663865546219,0.417086834733894,0.0492997198879552,-0.599159663865546,0.422128851540616,0.180112044817927,0.174229691876751,0.135294117647059,0.128571428571429,-0.188235294117647,-0.422408963585434,0.174789915966387,0.37703081232493,0.143697478991597,0.178991596638655,-0.536694677871149,0.0338935574229692,0.136974789915966
OTU_42,0.671988795518207,-0.761904761904762,0.726890756302521,-0.220728291316527,-0.661624649859944,-0.799439775910364,-0.166666666666667,-0.405882352941177,-0.139495798319328,0.141736694677871,-0.493837535014006,0.250700280112045,0.668067226890756,0.570588235294118,-0.55266106442577,-0.084873949579832,-0.270588235294118,0.647619047619048,0.0859943977591037,0.250140056022409,-0.114565826330532,0.309243697478992,0.184033613445378,0.258263305322129,-0.450700280112045,0.726330532212885,0.601120448179272,-0.743137254901961,0.0252100840336134,0.260224089635854,-0.437535014005602,-0.835014005602241,0.065546218487395,0.456302521008403,-0.838375350140056,-0.790196078431373,-0.269467787114846,-0.100280112044818,0.2,0.202240896358543,0.46890756302521,NA,0.292997198879552,-0.0456582633053221,0.743697478991597,0.240616246498599,-0.230252100840336,0.261064425770308,-0.627450980392157,0.825490196078431,0.743137254901961,0.641176470588235,-0.150140056022409,-0.389355742296919,-0.849859943977591,-0.81764705882353,-0.733613445378151,0.218207282913165,-0.0165266106442577,0.376190476190476,0.470868347338936,-0.446778711484594,-0.102521008403361,-0.304481792717087,-0.721288515406163,-0.601680672268908,-0.575350140056022,0.136134453781513,-0.353501400560224,-0.604761904761905,-0.564425770308123,0.0173669467787115,0.189355742296919,-0.208963585434174,-0.0798319327731093,-0.840896358543417,-0.20812324929972,-0.398039215686275,-0.225770308123249,-0.270868347338936,-0.0148459383753501,0.674229691876751,0.00140056022408964,0.530532212885154,0.408683473389356,-0.110924369747899,-0.449019607843137,-0.0470588235294118,0.0750700280112045,-0.187675070028011,0.296918767507003,0.117927170868347,0.486834733893557,0,0.703361344537815,-0.607002801120448,-0.715686274509804,0.798599439775911,0.684033613445378,-0.0546218487394958,-0.631652661064426,-0.569747899159664,-0.407282913165266,0.168627450980392,0.363025210084034,0.540336134453782,-0.10812324929972,0.805042016806723,0.56218487394958,-0.48375350140056,0.368347338935574,0.618207282913165,0.0431372549019608,0.489635854341737,0.251260504201681,0.542296918767507,0.790196078431373,-0.557142857142857,0.434173669467787,0.301120448179272,0.442857142857143,0.661344537815126,0.192156862745098,0.116806722689076,0.16218487394958,-0.782072829131653,0.129971988795518,-0.724089635854342,0.597478991596639,0.577591036414566,0.228851540616247,0.607563025210084,0.192156862745098,0.377310924369748,0.374509803921569,0.427450980392157,0.274509803921569,0.570588235294118,0.351260504201681,-0.703081232492997,0.33781512605042,0.0750700280112045,0.0705882352941177,0.030812324929972,0.0464985994397759,-0.542016806722689,-0.485994397759104,0.145098039215686,0.563305322128852,-0.0092436974789916,-0.0680672268907563,-0.374229691876751,-0.117647058823529,-0.0728291316526611
OTU_43,-0.076750700280112,-0.0887955182072829,0.26218487394958,-0.33109243697479,-0.359103641456583,-0.539775910364146,0.509803921568628,-0.261904761904762,-0.00448179271708684,-0.390756302521008,-0.108963585434174,-0.150140056022409,0.319887955182073,0.0453781512605042,0.0198879551820728,-0.172829131652661,0.26218487394958,0.412605042016807,-0.471708683473389,0.199719887955182,0.440896358543417,0.466666666666667,-0.535294117647059,-0.315686274509804,0.275350140056022,0.253781512605042,-0.343697478991597,-0.458543417366947,-0.733613445378151,-0.323249299719888,-0.634733893557423,-0.43781512605042,0.121288515406162,-0.270028011204482,-0.557142857142857,-0.36750700280112,-0.0647058823529412,-0.238655462184874,0.00476190476190476,-0.45266106442577,-0.178991596638655,0.292997198879552,NA,0.411484593837535,-0.126330532212885,-0.462464985994398,-0.28655462184874,0.271148459383754,-0.381792717086835,0.585714285714286,0.191316526610644,0.439775910364146,-0.342016806722689,-0.0445378151260504,-0.515966386554622,-0.134173669467787,-0.614005602240896,-0.255182072829132,-0.0647058823529412,0.0148459383753501,0.501680672268908,-0.760224089635855,0.317366946778712,0.0728291316526611,-0.303921568627451,0.13109243697479,0.0112044817927171,-0.433053221288515,0.419607843137255,-0.329971988795518,-0.653781512605042,-0.62436974789916,-0.317927170868347,-0.0187675070028011,-0.294117647058824,-0.415686274509804,-0.741456582633053,-0.092436974789916,0.0364145658263305,-0.312044817927171,-0.556862745098039,0.170028011204482,0.161344537815126,0.682352941176471,0.245098039215686,0.211204481792717,-0.642857142857143,-0.168627450980392,-0.584593837535014,0.136974789915966,0.207282913165266,0.164425770308123,-0.333893557422969,0.444257703081233,-0.18375350140056,0.13109243697479,-0.466106442577031,0.187114845938375,-0.0882352941176471,0.253781512605042,-0.30672268907563,-0.629971988795518,-0.607563025210084,-0.0322128851540616,0.363025210084034,-0.0375350140056022,-0.0358543417366947,0.153221288515406,0.493837535014006,0.143697478991597,0.26078431372549,0.101960784313726,-0.0663865546218488,-0.137254901960784,0.228851540616247,-0.292717086834734,0.335294117647059,-0.696918767507003,0.347619047619048,0.145378151260504,0.366946778711485,0.666946778711485,-0.239775910364146,0.657422969187675,0.103921568627451,-0.321288515406162,0.29047619047619,-0.0100840336134454,0.662745098039216,0.337535014005602,0.509803921568628,0.616526610644258,-0.537535014005602,-0.137535014005602,0.488235294117647,0.11624649859944,0.614565826330532,-0.225210084033613,-0.0736694677871149,-0.104201680672269,-0.114565826330532,0.467507002801121,0.370588235294118,0.399719887955182,0.296918767507003,-0.426610644257703,0.0246498599439776,0.468067226890756,0.512885154061625,0.375910364145658,0.205322128851541,-0.0159663865546219,0.169747899159664,-0.0165266106442577
OTU_44,-0.649299719887955,0.462464985994398,-0.133333333333333,-0.329411764705882,0.18655462184874,-0.00168067226890756,0.529971988795518,0.434173669467787,-0.0756302521008403,-0.650700280112045,0.669467787114846,-0.543977591036415,0.0504201680672269,-0.646778711484594,0.666106442577031,0.507563025210084,0.646498599439776,-0.0100840336134454,-0.807563025210084,0.497759103641457,0.108963585434174,-0.127731092436975,-0.784033613445378,-0.746498599439776,0.258543417366947,-0.00812324929971989,-0.455182072829132,-0.0994397759103642,-0.581792717086835,-0.650140056022409,-0.196638655462185,0.120448179271709,0.251260504201681,-0.545658263305322,0.103641456582633,0.0352941176470588,-0.198319327731092,-0.426890756302521,0.226330532212885,-0.860224089635855,-0.192436974789916,-0.0456582633053221,0.411484593837535,NA,-0.253221288515406,-0.84593837535014,-0.0478991596638655,-0.0801120448179272,0.22296918767507,0.026890756302521,-0.234173669467787,0.112885154061625,-0.15546218487395,-0.0140056022408964,-0.0165266106442577,0.188795518207283,-0.0985994397759104,-0.636694677871149,-0.485994397759104,-0.571988795518207,0.19187675070028,-0.269467787114846,0.628571428571429,-0.240616246498599,0.219327731092437,0.0910364145658263,0.487114845938375,-0.377591036414566,0.721008403361345,0.0478991596638655,0.019327731092437,-0.715966386554622,-0.745098039215686,-0.358543417366947,-0.00448179271708684,0.0238095238095238,-0.619887955182073,-0.142577030812325,0.502801120448179,-0.355182072829132,-0.791036414565827,0.0901960784313726,-0.145098039215686,0.236694677871148,0.233613445378151,-0.246498599439776,-0.328011204481793,-0.393557422969188,-0.744817927170868,0.432773109243697,0.390476190476191,-0.289635854341737,-0.685994397759104,0.343417366946779,-0.590196078431373,0.419607843137255,-0.000280112044817927,0.105042016806723,-0.538095238095238,0.627731092436975,-0.0375350140056022,-0.175070028011204,-0.242016806722689,-0.699439775910364,0.131372549019608,0.102521008403361,-0.430532212885154,-0.179831932773109,0.18515406162465,0.63921568627451,0.19859943977591,-0.0859943977591037,0.038655462184874,-0.397478991596639,0.449859943977591,-0.527731092436975,-0.0619047619047619,-0.113445378151261,-0.319887955182073,-0.540896358543417,0.326890756302521,0.194677871148459,0.165546218487395,0.396638655462185,-0.37563025210084,0.126330532212885,0.417647058823529,0.351540616246499,0.0949579831932773,0.200560224089636,0.382633053221289,0.20672268907563,-0.699719887955182,-0.700560224089636,0.0890756302521009,0.182072829131653,0.343417366946779,-0.613165266106443,-0.501120448179272,0.268627450980392,-0.482913165266107,-0.030812324929972,-0.0938375350140056,0.112324929971989,-0.234453781512605,0.356582633053221,0.329971988795518,0.0717086834733894,0.235014005602241,-0.214285714285714,-0.0641456582633053,0.226050420168067,-0.310084033613445,-0.143977591036415
OTU_45,0.673109243697479,-0.63781512605042,0.581232492997199,-0.123249299719888,-0.587394957983193,-0.489075630252101,-0.305882352941176,-0.422689075630252,0.0215686274509804,0.339495798319328,-0.534733893557423,0.358263305322129,0.63109243697479,0.607563025210084,-0.661064425770308,-0.131932773109244,-0.4296918767507,0.65406162464986,0.20672268907563,0.157422969187675,-0.253221288515406,0.301120448179272,0.461064425770308,0.380112044817927,-0.43109243697479,0.643417366946779,0.698039215686275,-0.60672268907563,0.369187675070028,0.476750700280112,-0.145098039215686,-0.658823529411765,-0.0955182072829132,0.603921568627451,-0.615686274509804,-0.636414565826331,-0.105322128851541,0.197478991596639,0.202521008403361,0.460504201680672,0.713165266106443,0.743697478991597,-0.126330532212885,-0.253221288515406,NA,0.426050420168067,-0.0851540616246499,0.22296918767507,-0.583473389355742,0.576750700280112,0.655742296918768,0.580952380952381,-0.11624649859944,-0.23921568627451,-0.520448179271709,-0.703081232492997,-0.438095238095238,0.317086834733894,0.0397759103641457,0.582913165266106,0.312885154061625,0.00784313725490196,-0.286274509803922,-0.135574229691877,-0.53109243697479,-0.584313725490196,-0.604201680672269,0.238935574229692,-0.601960784313726,-0.563025210084034,-0.220168067226891,0.230532212885154,0.276190476190476,0.00364145658263305,-0.0140056022408964,-0.528851540616247,0.196638655462185,-0.164425770308123,-0.342296918767507,-0.103641456582633,0.150420168067227,0.594957983193277,0.144817927170868,0.211484593837535,0.161624649859944,-0.194117647058824,-0.148179271708684,0.228291316526611,0.485994397759104,-0.252380952380952,0.0212885154061625,-0.117927170868347,0.712324929971989,-0.326610644257703,0.745378151260504,-0.652941176470588,-0.659103641456583,0.762745098039216,0.629131652661065,-0.296918767507003,-0.585434173669468,-0.232212885154062,-0.366106442577031,0.147619047619048,0.0798319327731093,0.603081232492997,0.0207282913165266,0.7296918767507,0.466946778711485,-0.561904761904762,0.195238095238095,0.644817927170868,0.197759103641457,0.655742296918768,-0.0739495798319328,0.579551820728291,0.60672268907563,-0.242857142857143,0.269187675070028,0.243697478991597,0.219607843137255,0.336134453781513,0.285994397759104,0.0759103641456583,0.128291316526611,-0.605602240896359,-0.0336134453781513,-0.687955182072829,0.356022408963586,0.519607843137255,0.080952380952381,0.284873949579832,0.441736694677871,0.429411764705882,0.251820728291317,0.395238095238095,0.18655462184874,0.558543417366947,0.41484593837535,-0.631932773109244,0.431652661064426,0.0173669467787115,0.0109243697478992,-0.129971988795518,0.0554621848739496,-0.354341736694678,-0.579831932773109,0.0941176470588235,0.341176470588235,-0.110924369747899,-0.0854341736694678,-0.594957983193277,-0.0408963585434174,-0.104201680672269
OTU_46,0.796638655462185,-0.642296918767507,0.185714285714286,0.199439775910364,-0.213445378151261,-0.132773109243698,-0.419327731092437,-0.384313725490196,0.0546218487394958,0.759103641456583,-0.694677871148459,0.444257703081233,0.105882352941176,0.731652661064426,-0.780672268907563,-0.364145658263305,-0.756862745098039,0.0840336134453782,0.80140056022409,-0.340896358543417,-0.0557422969187675,0.0795518207282913,0.912044817927171,0.850420168067227,-0.228571428571429,0.313725490196078,0.539775910364146,-0.0605042016806723,0.738655462184874,0.830252100840336,0.248179271708684,-0.211764705882353,-0.399439775910364,0.613725490196078,-0.191036414565826,-0.189915966386555,0.133053221288515,0.490476190476191,-0.215686274509804,0.964145658263305,0.367787114845938,0.240616246498599,-0.462464985994398,-0.84593837535014,0.426050420168067,NA,-0.127170868347339,0.156582633053221,-0.315966386554622,0.118487394957983,0.446218487394958,-0.00420168067226891,0.02296918767507,0.0252100840336134,-0.142016806722689,-0.354901960784314,0.046218487394958,0.805882352941177,0.281512605042017,0.640336134453782,-0.0904761904761905,0.272268907563025,-0.728851540616247,0.142296918767507,-0.327731092436975,-0.178991596638655,-0.666946778711485,0.658543417366947,-0.890756302521009,-0.137254901960784,-0.138935574229692,0.722408963585434,0.8703081232493,0.295798319327731,-0.178151260504202,-0.184873949579832,0.592997198879552,0.134173669467787,-0.4,0.401120448179272,0.755182072829132,0.131652661064426,-0.0434173669467787,-0.0985994397759104,-0.278711484593838,0.0168067226890756,0.240336134453782,0.450700280112045,0.824089635854342,-0.66890756302521,-0.397759103641457,0.42436974789916,0.837254901960784,-0.36750700280112,0.753501400560224,-0.648459383753502,-0.155742296918768,0.171988795518207,0.746498599439776,-0.75546218487395,-0.130532212885154,0.0683473389355742,0.187394957983193,0.773949579831933,-0.178991596638655,0.156302521008403,0.315406162464986,0.380672268907563,-0.0851540616246499,-0.782352941176471,-0.207843137254902,0.192436974789916,0.000280112044817927,0.660504201680672,-0.495238095238095,0.810364145658263,0.273949579831933,0.112324929971989,0.472549019607843,0.628011204481793,-0.274229691876751,-0.11484593837535,-0.154621848739496,-0.454901960784314,0.305322128851541,-0.249019607843137,-0.473949579831933,-0.49187675070028,0.0117647058823529,0.00476190476190476,-0.311484593837535,-0.146498599439776,0.885714285714286,0.83249299719888,-0.220168067226891,-0.180952380952381,-0.378991596638656,0.819327731092437,0.701960784313726,-0.473949579831933,0.728851540616247,0.0170868347338936,0.145098039215686,-0.159943977591036,0.278711484593838,-0.333893557422969,-0.544817927170868,-0.0207282913165266,-0.172268907563025,0.169467787114846,0.138935574229692,-0.260224089635854,0.057703081232493,0.197198879551821
OTU_48,-0.142016806722689,0.153781512605042,0.270588235294118,0.015406162464986,0.0246498599439776,0.414565826330532,-0.538095238095238,0.011484593837535,-0.23249299719888,-0.519047619047619,0.236974789915966,0.422128851540616,-0.357983193277311,-0.115686274509804,0.238655462184874,0.0711484593837535,0.531932773109244,-0.159943977591036,0.0198879551820728,-0.073109243697479,-0.427731092436975,-0.377591036414566,0.0974789915966387,-0.217366946778712,-0.359943977591036,-0.468347338935574,0.392436974789916,0.542296918767507,0.144257703081233,-0.276190476190476,-0.278991596638655,0.253221288515406,0.659383753501401,0.19047619047619,0.39187675070028,0.106442577030812,-0.143697478991597,-0.235294117647059,0.460504201680672,-0.220728291316527,0.0302521008403361,-0.230252100840336,-0.28655462184874,-0.0478991596638655,-0.0851540616246499,-0.127170868347339,NA,-0.725770308123249,0.439495798319328,-0.557983193277311,-0.20812324929972,-0.530252100840336,0.750700280112045,-0.0117647058823529,0.415126050420168,0.319887955182073,0.489635854341737,-0.273109243697479,-0.106162464985994,-0.194117647058824,-0.641176470588235,0.143697478991597,0.498039215686275,-0.280952380952381,0.56890756302521,-0.130252100840336,0.441176470588235,-0.368627450980392,0.147058823529412,0.333053221288515,0.693837535014006,0.472268907563025,0.111764705882353,-0.122689075630252,0.669467787114846,0.396918767507003,0.218487394957983,-0.115966386554622,-0.202801120448179,-0.389635854341737,0.183193277310924,-0.565826330532213,-0.268627450980392,-0.398319327731092,0.236414565826331,-0.065546218487395,0.633613445378151,-0.391036414565826,-0.0831932773109244,0.545658263305322,0.0694677871148459,-0.437254901960784,-0.0487394957983193,-0.38515406162465,-0.148739495798319,0.445098039215686,0.429411764705882,-0.199439775910364,-0.203921568627451,0.46218487394958,0.651540616246499,0.233893557422969,0.279551820728291,-0.188235294117647,0.164425770308123,-0.0873949579831933,-0.122689075630252,-0.150700280112045,-0.586834733893557,0.27843137254902,0.380112044817927,0.0686274509803922,0.00168067226890756,-0.382633053221289,0.0680672268907563,-0.295798319327731,-0.117647058823529,0.05406162464986,-0.561904761904762,-0.500560224089636,-0.0997198879551821,-0.518767507002801,0.480392156862745,-0.0977591036414566,-0.422408963585434,0.555742296918768,0.121848739495798,0.18655462184874,-0.481792717086835,-0.419607843137255,-0.366666666666667,-0.113165266106443,-0.0151260504201681,-0.295238095238095,-0.178991596638655,0.105322128851541,-0.391316526610644,-0.229971988795518,-0.256582633053221,0.305602240896359,-0.281232492997199,-0.260224089635854,-0.567507002801121,-0.108683473389356,-0.371988795518207,0.269187675070028,0.42156862745098,-0.484593837535014,-0.172829131652661,-0.298319327731092,-0.323529411764706,-0.0156862745098039,-0.0394957983193277,-0.0168067226890756
OTU_49,0.178711484593838,-0.163305322128852,-0.0669467787114846,-0.146778711484594,-0.168347338935574,-0.280392156862745,0.420168067226891,-0.225210084033613,0.238655462184874,0.517647058823529,-0.30812324929972,-0.199439775910364,0.592717086834734,0.113725490196078,-0.359663865546219,-0.119047619047619,-0.527450980392157,0.430532212885154,-0.104201680672269,0.168627450980392,0.382072829131653,0.381512605042017,0.00392156862745098,0.110084033613445,0.4,0.492997198879552,-0.20672268907563,-0.444537815126051,-0.0103641456582633,0.370028011204482,0.200560224089636,-0.348179271708684,-0.663025210084034,-0.159663865546219,-0.47563025210084,-0.132773109243698,0.227731092436975,0.35546218487395,-0.224649859943978,0.263025210084034,0.193557422969188,0.261064425770308,0.271148459383754,-0.0801120448179272,0.22296918767507,0.156582633053221,-0.725770308123249,NA,-0.392997198879552,0.518207282913165,0.269467787114846,0.624929971988796,-0.452941176470588,0.22296918767507,-0.301960784313726,-0.209803921568627,-0.41484593837535,0.15266106442577,0.277310924369748,0.33921568627451,0.752941176470588,-0.0484593837535014,-0.371428571428571,0.363305322128852,-0.422128851540616,0.257703081232493,-0.376470588235294,0.308403361344538,-0.148179271708684,-0.54453781512605,-0.582633053221289,-0.300280112044818,-0.0795518207282913,0.231372549019608,-0.482913165266107,-0.254901960784314,-0.0092436974789916,0.0322128851540616,0.279831932773109,0.477310924369748,-0.230252100840336,0.609803921568628,0.226050420168067,0.384033613445378,-0.350980392156863,-0.011484593837535,-0.596358543417367,0.474789915966387,0.207282913165266,-0.417647058823529,-0.348459383753501,0.155742296918768,0.236414565826331,0.178991596638655,0.155182072829132,-0.519887955182073,-0.549579831932773,0.283473389355742,0.23921568627451,-0.494117647058824,-0.614565826330532,-0.0834733893557423,-0.415966386554622,0.0913165266106443,-0.238375350140056,0.36218487394958,0.205042016806723,0.23781512605042,0.593557422969188,-0.323529411764706,-0.436694677871149,0.15266106442577,-0.111484593837535,0.493557422969188,-0.262464985994398,0.267226890756303,0.0459383753501401,0.00168067226890756,0.457422969187675,0.498879551820728,0.00336134453781513,0.54733893557423,-0.391036414565826,0.247058823529412,0.243417366946779,-0.557142857142857,-0.374509803921569,-0.217647058823529,0.372549019607843,0.577310924369748,0.235014005602241,0.0742296918767507,0.0159663865546219,0.251260504201681,0.121288515406162,-0.0260504201680672,0.56890756302521,0.168347338935574,0.17703081232493,-0.257983193277311,0.317927170868347,0.35406162464986,0.682913165266106,0.265546218487395,0.359383753501401,-0.28655462184874,-0.540896358543417,0.421848739495798,0.221008403361345,0.263585434173669,0.343977591036415,-0.251540616246499,0.2,0.128571428571429
OTU_50,-0.585714285714286,0.523249299719888,-0.461624649859944,0.117086834733894,0.729411764705883,0.769747899159664,-0.0697478991596639,0.531372549019608,-0.0705882352941177,-0.264425770308123,0.636694677871149,-0.145658263305322,-0.572268907563025,-0.628011204481793,0.661624649859944,0.364705882352941,0.499439775910364,-0.624649859943978,-0.0747899159663866,-0.136694677871148,0.00840336134453782,-0.527731092436975,-0.153781512605042,-0.29859943977591,0.150700280112045,-0.584313725490196,-0.269187675070028,0.815126050420168,0.0644257703081233,-0.397759103641457,0.333893557422969,0.773109243697479,0.176750700280112,-0.374229691876751,0.803921568627451,0.621288515406163,0.0428571428571429,-0.143137254901961,-0.0240896358543417,-0.333333333333333,-0.373669467787115,-0.627450980392157,-0.381792717086835,0.22296918767507,-0.583473389355742,-0.315966386554622,0.439495798319328,-0.392997198879552,NA,-0.774229691876751,-0.631932773109244,-0.712324929971989,0.469187675070028,0.298319327731092,0.768067226890756,0.740896358543418,0.689635854341737,-0.352380952380952,-0.20140056022409,-0.501680672268908,-0.422689075630252,0.451540616246499,0.347899159663866,-0.0358543417366947,0.747899159663866,0.404481792717087,0.670588235294118,-0.0521008403361345,0.457983193277311,0.608683473389356,0.680672268907563,0.131652661064426,-0.167787114845938,-0.224089635854342,0.322408963585434,0.720448179271709,0.235014005602241,0.114565826330532,0.333613445378151,0.0364145658263305,0.0596638655462185,-0.587394957983193,-0.342857142857143,-0.610924369747899,-0.0708683473389356,-0.0184873949579832,0.55546218487395,-0.270868347338936,-0.141736694677871,0.303641456582633,-0.0450980392156863,-0.142857142857143,-0.39187675070028,0.046218487394958,-0.57703081232493,0.56890756302521,0.8,-0.652380952380953,-0.536134453781513,0.334453781512605,0.650980392156863,0.649579831932773,0.653781512605042,-0.302240896358543,-0.100280112044818,-0.360504201680672,-0.124929971988796,-0.633613445378151,-0.646218487394958,0.539495798319328,-0.133053221288515,-0.498039215686275,-0.115126050420168,-0.567787114845938,0.0378151260504202,-0.434173669467787,-0.706162464985994,0.612605042016807,-0.613165266106443,-0.408963585434174,-0.203921568627451,-0.587114845938375,0.0403361344537815,-0.341736694677871,-0.208403361344538,0.663305322128852,-0.0240896358543417,0.671988795518207,-0.713725490196078,-0.533613445378151,-0.239495798319328,-0.344257703081233,-0.242577030812325,-0.415126050420168,-0.379271708683473,-0.254341736694678,-0.484593837535014,-0.491596638655462,-0.45406162464986,0.673389355742297,-0.340336134453782,-0.367226890756303,-0.28655462184874,-0.103921568627451,-0.335854341736695,0.598319327731093,0.519887955182073,-0.361344537815126,-0.381512605042017,-0.399439775910364,-0.0596638655462185,0.320168067226891,-0.182913165266106,0.171988795518207
OTU_51,0.527170868347339,-0.618767507002801,0.516526610644258,-0.299719887955182,-0.634453781512605,-0.86218487394958,0.152380952380952,-0.379271708683473,-0.0658263305322129,0.230532212885154,-0.504481792717087,0.00728291316526611,0.688795518207283,0.520168067226891,-0.518207282913165,-0.127450980392157,-0.302801120448179,0.652380952380953,-0.0238095238095238,0.171988795518207,0.203641456582633,0.519887955182073,-0.0481792717086835,0.196358543417367,-0.146498599439776,0.730812324929972,0.207563025210084,-0.854621848739496,-0.284873949579832,0.203641456582633,-0.371148459383754,-0.80952380952381,-0.116806722689076,0.262745098039216,-0.918487394957983,-0.783473389355742,-0.184593837535014,-0.0378151260504202,-0.00560224089635854,0.146498599439776,0.254621848739496,0.825490196078431,0.585714285714286,0.026890756302521,0.576750700280112,0.118487394957983,-0.557983193277311,0.518207282913165,-0.774229691876751,NA,0.619887955182073,0.762464985994398,-0.506442577030812,-0.345378151260504,-0.896638655462185,-0.757142857142857,-0.887675070028011,0.21484593837535,0.0647058823529412,0.404481792717087,0.655182072829132,-0.536414565826331,-0.165826330532213,-0.092156862745098,-0.818487394957983,-0.376470588235294,-0.643137254901961,0.0372549019607843,-0.217086834733894,-0.610924369747899,-0.828851540616247,-0.320168067226891,0.023249299719888,-0.0756302521008403,-0.337254901960784,-0.859103641456583,-0.431932773109244,-0.30952380952381,-0.218487394957983,-0.182913165266106,-0.167226890756303,0.656582633053221,0.212324929971989,0.694397759103642,0.251820728291317,0.0680672268907563,-0.703921568627451,0.101680672268908,-0.0523809523809524,-0.243417366946779,0.184313725490196,0.242577030812325,0.297759103641457,0.29859943977591,0.550700280112045,-0.549859943977591,-0.822128851540616,0.678991596638656,0.557422969187675,-0.154341736694678,-0.738095238095238,-0.705602240896359,-0.602521008403361,0.201120448179272,0.318767507002801,0.40952380952381,0.0134453781512605,0.679831932773109,0.74733893557423,-0.414005602240896,0.261064425770308,0.49187675070028,-0.0151260504201681,0.446218487394958,0.153221288515406,0.390756302521008,0.68655462184874,-0.623809523809524,0.605322128851541,0.47563025210084,0.439495798319328,0.799719887955182,-0.0868347338935574,0.347619047619048,0.239495798319328,-0.85266106442577,0.119887955182073,-0.643137254901961,0.806442577030812,0.630812324929972,0.36890756302521,0.701120448179272,0.0296918767507003,0.412885154061625,0.550140056022409,0.334453781512605,0.514285714285714,0.443697478991597,0.403081232492997,-0.592717086834734,0.331932773109244,0.319607843137255,0.370028011204482,0.200560224089636,0.240896358543417,-0.652100840336135,-0.53921568627451,0.414285714285714,0.575910364145658,0.220728291316527,0.0380952380952381,-0.384593837535014,0.0563025210084034,-0.189075630252101
OTU_52,0.815406162464986,-0.772268907563025,0.614005602240896,-0.218767507002801,-0.748459383753502,-0.767226890756303,-0.12156862745098,-0.661624649859944,-0.0355742296918768,0.186274509803922,-0.754621848739496,0.384593837535014,0.559663865546219,0.727170868347339,-0.789355742296919,-0.496358543417367,-0.508683473389356,0.668347338935574,0.112324929971989,0.225490196078431,-0.253501400560224,0.40140056022409,0.433893557422969,0.346778711484594,-0.312605042016807,0.610364145658263,0.512044817927171,-0.700560224089636,0.309243697478992,0.51624649859944,-0.393837535014006,-0.84593837535014,-0.171428571428571,0.492436974789916,-0.751260504201681,-0.574229691876751,-0.0750700280112045,0.144257703081233,0.0260504201680672,0.390476190476191,0.682633053221289,0.743137254901961,0.191316526610644,-0.234173669467787,0.655742296918768,0.446218487394958,-0.20812324929972,0.269467787114846,-0.631932773109244,0.619887955182073,NA,0.605602240896359,-0.0257703081232493,-0.223809523809524,-0.671148459383754,-0.627170868347339,-0.50812324929972,0.315966386554622,0.0745098039215686,0.672829131652661,0.443137254901961,-0.48515406162465,-0.307002801120448,-0.0249299719887955,-0.621848739495798,-0.306442577030812,-0.481792717086835,0.275910364145658,-0.530252100840336,-0.744817927170868,-0.578151260504202,0.115126050420168,0.428011204481793,0.0619047619047619,-0.17703081232493,-0.64593837535014,0.00588235294117647,-0.0966386554621849,-0.16750700280112,0.00588235294117647,0.0803921568627451,0.583473389355742,0.141736694677871,0.451540616246499,-0.0336134453781513,0.0613445378151261,-0.376750700280112,0.313445378151261,0.285714285714286,-0.364985994397759,0.0128851540616247,0.24453781512605,0.571428571428572,-0.207563025210084,0.655182072829132,-0.670028011204482,-0.707563025210084,0.676750700280112,0.650980392156863,-0.301960784313726,-0.682633053221289,-0.457703081232493,-0.424929971988796,0.405322128851541,0.233333333333333,0.492156862745098,0.0240896358543417,0.764705882352941,0.518767507002801,-0.614285714285714,0.170588235294118,0.414565826330532,0.0778711484593838,0.606442577030812,-0.0795518207282913,0.561344537815126,0.776470588235294,-0.535854341736695,0.579271708683473,0.440336134453782,0.24593837535014,0.494397759103642,0.0145658263305322,0.174509803921569,0.238655462184874,-0.621288515406163,-0.0464985994397759,-0.566106442577031,0.58515406162465,0.546218487394958,0.229971988795518,0.380672268907563,0.32156862745098,0.442296918767507,0.168347338935574,0.169747899159664,0.322408963585434,0.605322128851541,0.358543417366947,-0.779551820728291,0.543977591036415,0.303081232492997,0.20140056022409,0.212324929971989,0.326330532212885,-0.607002801120448,-0.526890756302521,0.380672268907563,0.411484593837535,0.3,0.187394957983193,-0.42156862745098,0.100840336134454,0.200840336134454
OTU_54,0.320448179271709,-0.373389355742297,0.35266106442577,-0.205602240896359,-0.527170868347339,-0.663025210084034,0.350980392156863,-0.39187675070028,0.234173669467787,0.162745098039216,-0.410364145658263,-0.0985994397759104,0.805602240896359,0.299159663865546,-0.45406162464986,-0.150980392156863,-0.415966386554622,0.782352941176471,-0.30672268907563,0.473389355742297,0.0644257703081233,0.565826330532213,-0.0834733893557423,0.00784313725490196,0.0605042016806723,0.707282913165266,0.110644257703081,-0.815686274509804,-0.080952380952381,0.28375350140056,-0.258823529411765,-0.754901960784314,-0.253781512605042,0.0411764705882353,-0.766386554621849,-0.431932773109244,0.0425770308123249,0.180952380952381,0.0761904761904762,0.0568627450980392,0.533333333333333,0.641176470588235,0.439775910364146,0.112885154061625,0.580952380952381,-0.00420168067226891,-0.530252100840336,0.624929971988796,-0.712324929971989,0.762464985994398,0.605602240896359,NA,-0.470028011204482,-0.0106442577030812,-0.669747899159664,-0.557142857142857,-0.716526610644258,0.049859943977591,0.0436974789915966,0.390476190476191,0.773109243697479,-0.418207282913165,-0.182352941176471,0.142016806722689,-0.614285714285714,-0.157983193277311,-0.396918767507003,0.108963585434174,-0.176470588235294,-0.825210084033614,-0.655742296918768,-0.410644257703081,-0.166666666666667,0.163025210084034,-0.333613445378151,-0.629971988795518,-0.27563025210084,-0.0635854341736695,0.0927170868347339,0.0694677871148459,-0.436974789915966,0.867226890756303,0.42156862745098,0.627731092436975,0.0218487394957983,-0.0235294117647059,-0.748459383753502,0.287114845938375,0.0201680672268908,-0.227170868347339,0.0627450980392157,-0.0523809523809524,0.233893557422969,-0.0647058823529412,0.330532212885154,-0.509803921568628,-0.865826330532213,0.672268907563025,0.336134453781513,-0.238095238095238,-0.858263305322129,-0.437535014005602,-0.746778711484594,-0.0380952380952381,0.0431372549019608,0.569467787114846,0.065266106442577,0.564425770308123,0.866386554621849,-0.35546218487395,0.0196078431372549,0.483473389355742,0.177310924369748,0.567507002801121,0.0543417366946779,0.266386554621849,0.510644257703081,-0.48515406162465,0.462464985994398,0.321288515406162,0.30140056022409,0.769747899159664,-0.00140056022408964,0.543417366946779,0.214285714285714,-0.747058823529412,0.0470588235294118,-0.494957983193277,0.688235294117647,0.820448179271709,0.338655462184874,0.336974789915966,-0.0700280112044818,0.112885154061625,0.477310924369748,0.344817927170868,0.755182072829132,0.271988795518207,0.0627450980392157,-0.584313725490196,0.24733893557423,0.364985994397759,0.399159663865546,0.329411764705882,0.321848739495798,-0.428011204481793,-0.517086834733894,0.455182072829132,0.535574229691877,0.306442577030812,0.188795518207283,-0.364145658263305,0.101120448179272,0.038375350140056
OTU_55,0.0439775910364146,0.011484593837535,0.344257703081233,0.0593837535014006,-0.0403361344537815,0.29859943977591,-0.612044817927171,-0.169187675070028,-0.229131652661064,-0.345378151260504,0.114565826330532,0.581792717086835,-0.204761904761905,-0.130812324929972,0.0728291316526611,-0.0109243697478992,0.321008403361345,-0.103641456582633,0.0602240896358543,0.0784313725490196,-0.541736694677871,-0.253221288515406,0.219607843137255,-0.203361344537815,-0.361344537815126,-0.48375350140056,0.441456582633053,0.557142857142857,0.275070028011205,-0.0985994397759104,-0.129971988795518,0.142857142857143,0.444537815126051,0.222128851540616,0.275350140056022,0.112044817927171,-0.171988795518207,-0.0523809523809524,0.474789915966387,-0.084593837535014,0.171148459383754,-0.150140056022409,-0.342016806722689,-0.15546218487395,-0.11624649859944,0.02296918767507,0.750700280112045,-0.452941176470588,0.469187675070028,-0.506442577030812,-0.0257703081232493,-0.470028011204482,NA,0.0593837535014006,0.408963585434174,0.38655462184874,0.500560224089636,-0.323249299719888,0.176190476190476,-0.0879551820728291,-0.392436974789916,0.1,0.430252100840336,-0.274229691876751,0.53109243697479,0.0411764705882353,0.444257703081233,-0.164145658263305,0.0672268907563025,0.111204481792717,0.498319327731092,0.517086834733894,0.247058823529412,-0.0302521008403361,0.789075630252101,0.352380952380952,0.37563025210084,-0.288235294117647,0.0266106442577031,-0.138935574229692,0.255742296918768,-0.403361344537815,-0.325210084033614,-0.364145658263305,-0.0504201680672269,-0.110364145658263,0.51484593837535,-0.154901960784314,0.00644257703081233,0.469467787114846,-0.136694677871148,-0.283193277310924,0.107563025210084,-0.299159663865546,-0.0977591036414566,0.243417366946779,0.346778711484594,-0.170588235294118,-0.0994397759103642,0.301680672268908,0.526610644257703,0.367226890756303,0.368067226890756,-0.0182072829131653,0.0834733893557423,0.0759103641456583,0.10672268907563,0.0156862745098039,-0.458823529411765,0.192997198879552,0.211764705882353,0.0812324929971989,-0.31484593837535,-0.276750700280112,-0.103081232492997,-0.114285714285714,-0.0966386554621849,0.136694677871148,-0.470868347338936,-0.199439775910364,-0.300560224089636,-0.37703081232493,0.444257703081233,-0.219327731092437,-0.173949579831933,0.47563025210084,-0.221008403361345,0.25266106442577,-0.592997198879552,-0.336694677871148,-0.335014005602241,-0.116526610644258,0.00224089635854342,-0.248179271708684,-0.3,-0.120168067226891,-0.394957983193277,-0.164705882352941,-0.233053221288515,0.100560224089636,-0.0425770308123249,-0.2703081232493,-0.264985994397759,0.0773109243697479,-0.222408963585434,0.0549019607843137,0.352380952380952,-0.261624649859944,-0.133893557422969,-0.189635854341737,-0.190756302521008,-0.141176470588235,0.00588235294117647,0.0613445378151261
OTU_56,-0.273109243697479,0.180672268907563,-0.326330532212885,0.206442577030812,0.40672268907563,0.510924369747899,0.386834733893557,-0.114285714285714,0.605882352941177,0.0795518207282913,0.0294117647058824,-0.115406162464986,0.0512605042016807,-0.222128851540616,0.0613445378151261,-0.110084033613445,-0.0795518207282913,0.092156862745098,-0.125490196078431,0.200280112044818,0.4296918767507,0.152941176470588,0.134173669467787,0.00504201680672269,0.643697478991597,-0.0120448179271709,-0.297478991596639,0.39327731092437,0.281792717086835,0.249859943977591,0.177591036414566,0.258823529411765,-0.451260504201681,-0.410364145658263,0.277310924369748,0.456302521008403,0.627450980392157,0.556862745098039,-0.142016806722689,0.0607843137254902,0.149299719887955,-0.389355742296919,-0.0445378151260504,-0.0140056022408964,-0.23921568627451,0.0252100840336134,-0.0117647058823529,0.22296918767507,0.298319327731092,-0.345378151260504,-0.223809523809524,-0.0106442577030812,0.0593837535014006,NA,0.484873949579832,0.546498599439776,0.345378151260504,0.0100840336134454,0.0420168067226891,0.14593837535014,0.181792717086835,0.360504201680672,-0.142296918767507,0.572268907563025,0.520448179271709,0.707563025210084,0.255182072829132,0.243977591036415,-0.02296918767507,-0.0394957983193277,0.184593837535014,0.000560224089635854,0.0761904761904762,0.402521008403361,-0.209243697478992,0.489635854341737,0.284593837535014,0.530532212885154,0.413725490196078,0.39859943977591,-0.197759103641457,0.0204481792717087,0.0061624649859944,-0.189355742296919,-0.415406162464986,0.0142857142857143,0.130252100840336,0.357142857142857,0.232212885154062,-0.294677871148459,-0.456302521008403,-0.0176470588235294,0.0745098039215686,-0.348179271708684,-0.310084033613445,0.0165266106442577,0.112044817927171,-0.25546218487395,-0.190756302521008,-0.376190476190476,0.0619047619047619,0.51624649859944,-0.0560224089635854,0.0761904761904762,-0.514565826330532,-0.0126050420168067,0.3,-0.26750700280112,-0.0425770308123249,0.0487394957983193,-0.518767507002801,-0.190196078431373,-0.0140056022408964,0.153221288515406,-0.458823529411765,-0.0366946778711485,-0.470588235294118,0.346218487394958,-0.0582633053221289,0.18515406162465,-0.354901960784314,-0.0711484593837535,-0.293837535014006,0.0887955182072829,0.0994397759103642,0.270028011204482,-0.470588235294118,0.371988795518207,-0.298039215686275,0.139495798319328,-0.0705882352941177,-0.413165266106443,0.015406162464986,-0.0890756302521009,-0.229971988795518,-0.325210084033614,0.0873949579831933,-0.141736694677871,-0.195518207282913,0.215966386554622,0.196638655462185,0.315406162464986,0.382913165266106,0.218767507002801,0.333613445378151,0.285994397759104,-0.0414565826330532,0.0414565826330532,0.0263305322128852,0.13781512605042,0.419607843137255,0.00700280112044818,0.0302521008403361,0.436694677871149
OTU_57,-0.570588235294118,0.619047619047619,-0.563865546218488,0.310364145658263,0.696078431372549,0.930532212885154,-0.0896358543417367,0.334453781512605,0.0831932773109244,-0.0949579831932773,0.453501400560224,0.0148459383753501,-0.603921568627451,-0.517647058823529,0.51624649859944,0.100280112044818,0.266946778711485,-0.547058823529412,0.038655462184874,-0.181792717086835,-0.00532212885154062,-0.370868347338936,0.046218487394958,-0.181792717086835,0.25266106442577,-0.703361344537815,-0.338095238095238,0.855742296918768,0.24453781512605,-0.19047619047619,0.456022408963585,0.812324929971989,-0.0431372549019608,-0.284873949579832,0.840336134453782,0.784593837535014,0.243977591036415,0.0879551820728291,-0.119047619047619,-0.0910364145658263,-0.250980392156863,-0.849859943977591,-0.515966386554622,-0.0165266106442577,-0.520448179271709,-0.142016806722689,0.415126050420168,-0.301960784313726,0.768067226890756,-0.896638655462185,-0.671148459383754,-0.669747899159664,0.408963585434174,0.484873949579832,NA,0.815966386554622,0.891316526610644,-0.251260504201681,-0.0478991596638655,-0.254341736694678,-0.438375350140056,0.612044817927171,0.108963585434174,0.16218487394958,0.833893557422969,0.554621848739496,0.622128851540616,-0.0327731092436975,0.263025210084034,0.543417366946779,0.773669467787115,0.251820728291317,-0.0708683473389356,0.101120448179272,0.296358543417367,0.951260504201681,0.515126050420168,0.281512605042017,0.319047619047619,0.299719887955182,0.152941176470588,-0.630252100840336,-0.140616246498599,-0.702240896358543,-0.376750700280112,-0.0425770308123249,0.642016806722689,0.0411764705882353,0.103921568627451,0.210644257703081,-0.348459383753501,-0.215406162464986,-0.261344537815126,-0.152100840336134,-0.583193277310924,0.516806722689076,0.750140056022409,-0.735294117647059,-0.637254901960784,0.0641456582633053,0.647899159663866,0.80812324929972,0.563865546218488,-0.202801120448179,-0.420728291316527,-0.385714285714286,0.0364145658263305,-0.734733893557423,-0.672549019607843,0.485714285714286,-0.301120448179272,-0.557142857142857,-0.0929971988795518,-0.441176470588235,-0.295238095238095,-0.415686274509804,-0.808403361344538,0.684593837535014,-0.63781512605042,-0.366946778711485,-0.526050420168067,-0.700280112044818,-0.0602240896358543,-0.252380952380952,-0.225490196078431,0.783473389355742,-0.275910364145658,0.709803921568628,-0.752380952380952,-0.51484593837535,-0.346778711484594,-0.575070028011205,-0.0635854341736695,-0.36358543417367,-0.455742296918768,-0.350140056022409,-0.391316526610644,-0.507843137254902,-0.394397759103642,0.689355742296919,-0.306162464985994,-0.202801120448179,-0.180112044817927,-0.0792717086834734,-0.172549019607843,0.610084033613446,0.426890756302521,-0.303361344537815,-0.507002801120448,-0.222689075630252,-0.0492997198879552,0.180112044817927,-0.0439775910364146,0.129411764705882
OTU_58,-0.653221288515406,0.659663865546219,-0.493837535014006,0.138375350140056,0.577871148459384,0.76890756302521,0.177310924369748,0.210084033613445,0.192156862745098,-0.358543417366947,0.482352941176471,-0.105322128851541,-0.512044817927171,-0.634453781512605,0.564145658263305,0.116806722689076,0.44593837535014,-0.411484593837535,-0.257422969187675,0.0198879551820728,0.111484593837535,-0.253221288515406,-0.210644257703081,-0.444257703081233,0.498039215686275,-0.628011204481793,-0.488235294117647,0.784593837535014,-0.0526610644257703,-0.253501400560224,0.200280112044818,0.684033613445378,0.0218487394957983,-0.563305322128852,0.695238095238095,0.733333333333333,0.319887955182073,0.149859943977591,0.0226890756302521,-0.356582633053221,-0.278711484593838,-0.81764705882353,-0.134173669467787,0.188795518207283,-0.703081232492997,-0.354901960784314,0.319887955182073,-0.209803921568627,0.740896358543418,-0.757142857142857,-0.627170868347339,-0.557142857142857,0.38655462184874,0.546498599439776,0.815966386554622,NA,0.704481792717087,-0.40672268907563,0.107563025210084,-0.343137254901961,-0.298879551820728,0.310644257703081,0.326330532212885,0.308683473389356,0.817927170868347,0.73781512605042,0.749859943977591,-0.200840336134454,0.462464985994398,0.419887955182073,0.53109243697479,-0.0187675070028011,-0.176750700280112,0.284593837535014,0.238375350140056,0.862745098039216,0.149859943977591,0.306162464985994,0.352100840336134,0.196638655462185,-0.170028011204482,-0.589355742296919,-0.136974789915966,-0.385714285714286,-0.39859943977591,0.0450980392156863,0.388515406162465,0.0221288515406163,-0.191596638655462,0.288515406162465,-0.328851540616247,-0.184033613445378,-0.466946778711485,0.0145658263305322,-0.740336134453782,0.632773109243698,0.599159663865546,-0.659943977591037,-0.66890756302521,0.131932773109244,0.615686274509804,0.527731092436975,0.301120448179272,-0.263025210084034,-0.382633053221289,-0.373389355742297,0.261904761904762,-0.658263305322129,-0.45546218487395,0.596638655462185,-0.287955182072829,-0.518487394957983,-0.254341736694678,-0.480672268907563,-0.273669467787115,-0.577591036414566,-0.746778711484594,0.446778711484594,-0.456022408963585,-0.262464985994398,-0.470028011204482,-0.417086834733894,-0.0610644257703081,0.0420168067226891,-0.141456582633053,0.779271708683474,-0.204481792717087,0.80672268907563,-0.584033613445378,-0.369467787114846,-0.0955182072829132,-0.446778711484594,-0.342857142857143,-0.446498599439776,-0.358823529411765,-0.435014005602241,-0.197198879551821,-0.630812324929972,-0.513725490196078,0.587114845938375,-0.303921568627451,-0.034453781512605,0.0943977591036415,0.231932773109244,-0.0759103641456583,0.490196078431373,0.568347338935574,-0.046218487394958,-0.31624649859944,-0.0725490196078431,0.111484593837535,0.223529411764706,0.0406162464985994,0.166666666666667
OTU_59,-0.383193277310924,0.489355742296919,-0.373109243697479,0.283193277310924,0.538655462184874,0.827170868347339,-0.306442577030812,0.2703081232493,-0.0151260504201681,-0.0918767507002801,0.369467787114846,0.185994397759104,-0.615966386554622,-0.392436974789916,0.396638655462185,0.110084033613445,0.201960784313726,-0.545658263305322,0.173669467787115,-0.133053221288515,-0.212324929971989,-0.405042016806723,0.20140056022409,-0.114565826330532,0.0403361344537815,-0.671428571428571,-0.10952380952381,0.825490196078431,0.363305322128852,-0.0529411764705882,0.372829131652661,0.704481792717087,0.0445378151260504,-0.0893557422969188,0.78515406162465,0.685714285714286,0.11484593837535,0.0666666666666667,0.00140056022408964,0.0151260504201681,-0.142577030812325,-0.733613445378151,-0.614005602240896,-0.0985994397759104,-0.438095238095238,0.046218487394958,0.489635854341737,-0.41484593837535,0.689635854341737,-0.887675070028011,-0.50812324929972,-0.716526610644258,0.500560224089636,0.345378151260504,0.891316526610644,0.704481792717087,NA,-0.167787114845938,-0.0949579831932773,-0.231372549019608,-0.549859943977591,0.564705882352941,0.0756302521008403,0.0378151260504202,0.770028011204482,0.381232492997199,0.56218487394958,0.0568627450980392,0.128291316526611,0.502240896358544,0.762464985994398,0.443417366946779,0.123809523809524,0.0957983193277311,0.392156862745098,0.843417366946779,0.581792717086835,0.199719887955182,0.240056022408964,0.288795518207283,0.292436974789916,-0.627170868347339,-0.299439775910364,-0.647899159663866,-0.307282913165266,-0.204761904761905,0.715966386554622,-0.0120448179271709,0.151540616246499,0.184033613445378,-0.295798319327731,-0.189075630252101,-0.109243697478992,-0.237535014005602,-0.438375350140056,0.484313725490196,0.710644257703081,-0.599159663865546,-0.497478991596639,0.0285714285714286,0.686834733893558,0.713725490196078,0.626050420168067,-0.116526610644258,-0.405602240896359,-0.292717086834734,0.0226890756302521,-0.620168067226891,-0.746498599439776,0.368347338935574,-0.152100840336134,-0.459383753501401,-0.0467787114845938,-0.343137254901961,-0.279551820728291,-0.252941176470588,-0.605042016806723,0.627450980392157,-0.613445378151261,-0.336414565826331,-0.523529411764706,-0.739495798319328,0.0927170868347339,-0.340896358543417,-0.256022408963585,0.788795518207283,-0.250420168067227,0.589635854341737,-0.751540616246499,-0.546498599439776,-0.431932773109244,-0.622128851540616,0.136414565826331,-0.296078431372549,-0.538375350140056,-0.30952380952381,-0.540336134453782,-0.382352941176471,-0.257142857142857,0.553501400560224,-0.197759103641457,-0.287675070028011,-0.291596638655462,-0.175350140056022,-0.20672268907563,0.507843137254902,0.440336134453782,-0.40672268907563,-0.565546218487395,-0.298879551820728,-0.080952380952381,0.164985994397759,-0.230532212885154,0.128291316526611
OTU_61,0.612324929971989,-0.546778711484594,-0.0504201680672269,0.0246498599439776,-0.0338935574229692,-0.152100840336134,-0.0798319327731093,-0.0952380952380952,0.11624649859944,0.733613445378151,-0.565546218487395,0.0282913165266106,0.0204481792717087,0.692436974789916,-0.598319327731093,-0.30672268907563,-0.669187675070028,-0.0700280112044818,0.691036414565826,-0.507563025210084,0.192436974789916,-0.0145658263305322,0.642296918767507,0.905602240896359,-0.0714285714285714,0.455742296918768,0.29327731092437,-0.212605042016807,0.500560224089636,0.666386554621849,0.254341736694678,-0.0907563025210084,-0.396638655462185,0.405882352941177,-0.149859943977591,-0.152941176470588,0.184033613445378,0.334453781512605,-0.39859943977591,0.791036414565827,0.107002801120448,0.218207282913165,-0.255182072829132,-0.636694677871149,0.317086834733894,0.805882352941177,-0.273109243697479,0.15266106442577,-0.352380952380952,0.21484593837535,0.315966386554622,0.049859943977591,-0.323249299719888,0.0100840336134454,-0.251260504201681,-0.40672268907563,-0.167787114845938,NA,0.13921568627451,0.496638655462185,-0.132773109243698,0.215686274509804,-0.749299719887955,0.220728291316527,-0.443977591036415,-0.196358543417367,-0.747899159663866,0.673949579831933,-0.764425770308123,0.0700280112044818,-0.266106442577031,0.466386554621849,0.654341736694678,0.214565826330532,-0.512324929971989,-0.292156862745098,0.278151260504202,0.279271708683473,-0.463865546218487,0.287394957983193,0.55546218487395,0.125490196078431,0.019047619047619,0.0425770308123249,-0.076750700280112,0.088515406162465,0.0831932773109244,0.300840336134454,0.649579831932773,-0.773389355742297,-0.195518207282913,0.56890756302521,0.652380952380953,-0.197198879551821,0.681792717086835,-0.553221288515406,-0.124089635854342,0.169467787114846,0.715406162464986,-0.708683473389356,-0.206442577030812,-0.111764705882353,0.096078431372549,0.726050420168067,-0.132212885154062,0.0151260504201681,0.175350140056022,0.292717086834734,-0.0719887955182073,-0.678711484593838,-0.277871148459384,0.0759103641456583,0.0994397759103642,0.577591036414566,-0.310924369747899,0.746218487394958,0.291036414565826,0.0226890756302521,0.66218487394958,0.499159663865546,-0.0739495798319328,-0.042296918767507,-0.411484593837535,-0.421008403361345,0.25546218487395,-0.265546218487395,-0.203361344537815,-0.482633053221289,0.181232492997199,-0.0266106442577031,-0.189355742296919,-0.0703081232492997,0.793557422969188,0.866106442577031,-0.153501400560224,-0.104481792717087,-0.284313725490196,0.801680672268908,0.703921568627451,-0.436694677871149,0.637535014005602,0.107282913165266,0.140056022408964,-0.183193277310924,0.209803921568627,-0.199719887955182,-0.623809523809524,-0.0316526610644258,-0.129411764705882,0.149299719887955,0.101960784313726,-0.0868347338935574,-0.0030812324929972,0.0887955182072829
OTU_62,0.257422969187675,-0.106442577030812,0.0394957983193277,0.140056022408964,-0.248179271708684,-0.0400560224089636,-0.136134453781513,-0.473669467787115,0.308963585434174,0.212044817927171,-0.378151260504202,0.240056022408964,0.157422969187675,0.155742296918768,-0.373109243697479,-0.261624649859944,-0.269747899159664,0.167787114845938,0.128571428571429,-0.0495798319327731,-0.0551820728291317,0.24593837535014,0.164985994397759,0.0834733893557423,0.124089635854342,-0.0588235294117647,0.12156862745098,0.0140056022408964,0.0910364145658263,0.447619047619048,0.0697478991596639,-0.14453781512605,-0.249579831932773,0.0585434173669468,-0.148459383753501,0.0030812324929972,0.361624649859944,0.517086834733894,0.122689075630252,0.311764705882353,0.157983193277311,-0.0165266106442577,-0.0647058823529412,-0.485994397759104,0.0397759103641457,0.281512605042017,-0.106162464985994,0.277310924369748,-0.20140056022409,0.0647058823529412,0.0745098039215686,0.0436974789915966,0.176190476190476,0.0420168067226891,-0.0478991596638655,0.107563025210084,-0.0949579831932773,0.13921568627451,NA,0.292436974789916,0.0442577030812325,0.0949579831932773,-0.184873949579832,0.314285714285714,-0.0635854341736695,0.126050420168067,-0.182072829131653,-0.0322128851540616,-0.342296918767507,-0.226330532212885,-0.147058823529412,0.142296918767507,0.198319327731092,0.598039215686275,0.0717086834733894,-0.0238095238095238,0.153221288515406,0.0938375350140056,-0.255742296918768,0.206442577030812,0.108403361344538,-0.00140056022408964,0.27703081232493,0.122408963585434,-0.364145658263305,0.335854341736695,-0.0582633053221289,0.501680672268908,0.243697478991597,-0.169747899159664,-0.446498599439776,-0.00140056022408964,0.244257703081233,-0.0218487394957983,0.142016806722689,-0.321008403361345,-0.215966386554622,0.0176470588235294,0.256582633053221,-0.404201680672269,-0.101120448179272,-0.0224089635854342,-0.165266106442577,0.194957983193277,-0.322408963585434,0.113445378151261,0.698319327731093,0.214565826330532,0.150420168067227,-0.219047619047619,-0.219887955182073,0.171708683473389,-0.289355742296919,0.191036414565826,-0.37563025210084,0.127450980392157,-0.0941176470588235,0.104761904761905,0.1703081232493,0.390196078431373,-0.307843137254902,0.144257703081233,-0.00700280112044818,0.084873949579832,0.32296918767507,-0.107282913165266,-0.324929971988796,-0.0901960784313726,-0.0879551820728291,0.0789915966386555,0.131932773109244,-0.226890756302521,0.0899159663865546,0.312324929971989,-0.107282913165266,-0.200560224089636,0.0246498599439776,0.204761904761905,0.0565826330532213,-0.247058823529412,0.26218487394958,0.23249299719888,0.349859943977591,0.0971988795518207,0.236414565826331,-0.225490196078431,-0.115686274509804,0.258823529411765,-0.0252100840336134,0.305042016806723,-0.0310924369747899,-0.202521008403361,0.511484593837535,-0.0563025210084034
OTU_63,0.738375350140056,-0.703921568627451,0.324649859943978,0.11624649859944,-0.43249299719888,-0.329411764705882,-0.172268907563025,-0.726330532212885,0.146498599439776,0.477591036414566,-0.861344537815126,0.504201680672269,0.318767507002801,0.814565826330532,-0.80952380952381,-0.691036414565826,-0.5703081232493,0.565266106442577,0.418767507002801,-0.117927170868347,0.11624649859944,0.456022408963585,0.682352941176471,0.613165266106443,-0.102521008403361,0.405042016806723,0.359383753501401,-0.352941176470588,0.444257703081233,0.710924369747899,-0.142016806722689,-0.550420168067227,-0.452380952380952,0.510924369747899,-0.523529411764706,-0.318767507002801,0.194677871148459,0.427170868347339,-0.250700280112045,0.685994397759104,0.503641456582633,0.376190476190476,0.0148459383753501,-0.571988795518207,0.582913165266106,0.640336134453782,-0.194117647058824,0.33921568627451,-0.501680672268908,0.404481792717087,0.672829131652661,0.390476190476191,-0.0879551820728291,0.14593837535014,-0.254341736694678,-0.343137254901961,-0.231372549019608,0.496638655462185,0.292436974789916,NA,0.328011204481793,-0.0425770308123249,-0.557422969187675,0.31624649859944,-0.385714285714286,0.0439775910364146,-0.511484593837535,0.314565826330532,-0.672549019607843,-0.507282913165266,-0.327170868347339,0.333893557422969,0.611204481792717,0.274229691876751,-0.266946778711485,-0.213445378151261,0.376750700280112,0.143977591036415,-0.297198879551821,0.259103641456583,0.363025210084034,0.27563025210084,0.212324929971989,0.154341736694678,-0.263585434173669,0.279831932773109,-0.0176470588235294,0.569187675070028,0.608963585434174,-0.534453781512605,-0.404201680672269,0.319047619047619,0.69327731092437,-0.269747899159664,0.578711484593838,-0.621008403361345,-0.498879551820728,0.297478991596639,0.536414565826331,-0.628851540616247,-0.484033613445378,-0.0974789915966387,-0.265266106442577,0.623249299719888,-0.0450980392156863,0.263865546218487,0.236694677871148,0.480952380952381,0.307563025210084,-0.630252100840336,-0.00252100840336135,0.228571428571429,0.00112044817927171,0.589355742296919,-0.514285714285714,0.534453781512605,0.329411764705882,-0.228571428571429,0.513725490196078,0.631652661064426,-0.139495798319328,0.245658263305322,-0.253221288515406,0.136694677871148,0.392717086834734,-0.427170868347339,-0.348179271708684,-0.377591036414566,0.404761904761905,0.330532212885154,0.16078431372549,0.226050420168067,0.529131652661065,0.638095238095238,0.100840336134454,-0.107843137254902,0.148459383753501,0.580112044817927,0.476470588235294,-0.489355742296919,0.634733893557423,0.356862745098039,0.378151260504202,0.197198879551821,0.525770308123249,-0.510084033613445,-0.520448179271709,0.415686274509804,0.226890756302521,0.316806722689076,0.158263305322129,-0.527170868347339,0.257142857142857,0.265546218487395
OTU_64,0.154901960784314,-0.224649859943978,0.14733893557423,-0.2,-0.310924369747899,-0.494957983193277,0.449019607843137,-0.377871148459384,0.193557422969188,0.197198879551821,-0.31484593837535,-0.118487394957983,0.719047619047619,0.103641456582633,-0.310644257703081,-0.121288515406162,-0.333053221288515,0.661344537815126,-0.352941176470588,0.473669467787115,0.312605042016807,0.65406162464986,-0.132212885154062,-0.0817927170868347,0.300840336134454,0.551260504201681,-0.192997198879552,-0.601960784313726,-0.151820728291317,0.177591036414566,-0.0904761904761905,-0.59859943977591,-0.5,-0.208403361344538,-0.663865546218487,-0.267787114845938,0.0915966386554622,0.20140056022409,-0.158263305322129,-0.00140056022408964,0.349299719887955,0.470868347338936,0.501680672268908,0.19187675070028,0.312885154061625,-0.0904761904761905,-0.641176470588235,0.752941176470588,-0.422689075630252,0.655182072829132,0.443137254901961,0.773109243697479,-0.392436974789916,0.181792717086835,-0.438375350140056,-0.298879551820728,-0.549859943977591,-0.132773109243698,0.0442577030812325,0.328011204481793,NA,-0.304481792717087,-0.195518207282913,0.157422969187675,-0.435294117647059,0.189635854341737,-0.184313725490196,0.136974789915966,0.0117647058823529,-0.772549019607843,-0.667787114845939,-0.485434173669468,-0.221288515406162,0.0621848739495798,-0.344257703081233,-0.40812324929972,-0.194677871148459,-0.0599439775910364,0.427450980392157,0.29327731092437,-0.449019607843137,0.725490196078431,0.33921568627451,0.496358543417367,-0.194397759103641,0.0417366946778712,-0.738375350140056,0.396078431372549,-0.0641456582633053,-0.276470588235294,-0.141176470588235,0.170588235294118,0.120728291316527,0.209243697478992,0.129971988795518,-0.452100840336135,-0.679831932773109,0.405882352941177,0.131932773109244,-0.20952380952381,-0.779271708683474,-0.148459383753501,-0.569747899159664,-0.0453781512605042,-0.0145658263305322,0.363025210084034,0.0563025210084034,0.316806722689076,0.759663865546219,-0.195798319327731,-0.159663865546219,0.154621848739496,-0.0201680672268908,0.397759103641457,-0.0280112044817927,0.168627450980392,0.236694677871148,-0.246218487394958,0.348459383753501,0.404481792717087,0.212044817927171,0.736134453781513,-0.260224089635854,0.447619047619048,0.299439775910364,-0.634733893557423,-0.183193277310924,-0.140056022408964,0.542857142857143,0.773389355742297,0.448459383753501,0.363865546218487,-0.201680672268908,0.0170868347338936,0.391036414565826,0.0126050420168067,0.693837535014006,0.0661064425770308,-0.0168067226890756,-0.326610644257703,0.217647058823529,0.449019607843137,0.610644257703081,0.409803921568628,0.3703081232493,-0.385994397759104,-0.457422969187675,0.553501400560224,0.534733893557423,0.294117647058824,0.374229691876751,-0.256302521008403,0.143137254901961,0.212044817927171
OTU_65,-0.191316526610644,0.257703081232493,-0.491596638655462,0.203641456582633,0.594117647058824,0.73109243697479,-0.194397759103641,0.335574229691877,0.151260504201681,0.419327731092437,0.254621848739496,-0.136694677871148,-0.261064425770308,-0.226890756302521,0.154621848739496,0.303081232492997,-0.10812324929972,-0.420448179271709,0.283193277310924,-0.257142857142857,0.0621848739495798,-0.332212885154062,0.310364145658263,0.241176470588235,0.150420168067227,-0.205322128851541,0.0140056022408964,0.518207282913165,0.462745098039216,0.244257703081233,0.762464985994398,0.586834733893557,-0.328851540616247,-0.11484593837535,0.619887955182073,0.437254901960784,0.21624649859944,0.328011204481793,-0.120728291316527,0.322128851540616,-0.0610644257703081,-0.446778711484594,-0.760224089635855,-0.269467787114846,0.00784313725490196,0.272268907563025,0.143697478991597,-0.0484593837535014,0.451540616246499,-0.536414565826331,-0.48515406162465,-0.418207282913165,0.1,0.360504201680672,0.612044817927171,0.310644257703081,0.564705882352941,0.215686274509804,0.0949579831932773,-0.0425770308123249,-0.304481792717087,NA,-0.335014005602241,0.0882352941176471,0.415966386554622,0.140336134453782,0.00168067226890756,0.423529411764706,-0.269747899159664,0.430532212885154,0.625770308123249,0.399719887955182,0.121848739495798,0.0658263305322129,0.0392156862745098,0.557142857142857,0.55406162464986,0.198319327731092,0.0756302521008403,0.40952380952381,0.306162464985994,-0.207002801120448,-0.174789915966387,-0.617086834733894,-0.302801120448179,-0.207002801120448,0.546778711484594,0.213165266106443,0.446778711484594,-0.246498599439776,-0.350980392156863,-0.0725490196078431,0.213165266106443,-0.254341736694678,0.00588235294117647,-0.0417366946778712,0.499719887955182,-0.261344537815126,-0.0467787114845938,-0.285714285714286,0.293837535014006,0.743417366946779,0.478991596638656,-0.0380952380952381,-0.440896358543417,-0.0700280112044818,0.111204481792717,-0.298879551820728,-0.451820728291317,-0.0263305322128852,-0.438095238095238,-0.171988795518207,0.0815126050420168,0.0985994397759104,-0.265546218487395,0.184313725490196,-0.565546218487395,0.873109243697479,-0.317927170868347,-0.0563025210084034,-0.292156862745098,-0.605882352941177,-0.0574229691876751,-0.526330532212885,-0.0739495798319328,0.324929971988796,-0.326610644257703,0.225490196078431,-0.695518207282913,-0.301960784313726,-0.358263305322129,-0.62296918767507,0.44733893557423,0.102240896358543,-0.458263305322129,-0.198879551820728,-0.484313725490196,0.0142857142857143,0.0826330532212885,0.313165266106443,0.168627450980392,-0.317927170868347,-0.135014005602241,-0.375350140056022,-0.170588235294118,0.470868347338936,-0.0672268907563025,-0.388235294117647,-0.495798319327731,-0.459663865546219,-0.107843137254902,0.0428571428571429,-0.124649859943978,0.1
OTU_67,-0.494957983193277,0.37703081232493,0.254621848739496,-0.160504201680672,-0.0358543417366947,0.0781512605042017,-0.00784313725490196,0.182072829131653,-0.222128851540616,-0.833053221288516,0.580952380952381,0.00728291316526611,-0.0635854341736695,-0.533333333333333,0.541736694677871,0.389635854341737,0.813725490196079,0.0198879551820728,-0.554621848739496,0.356582633053221,-0.17563025210084,-0.178711484593838,-0.619887955182073,-0.789355742296919,-0.084593837535014,-0.338095238095238,-0.046218487394958,0.26078431372549,-0.510644257703081,-0.692997198879552,-0.477310924369748,0.126610644257703,0.724929971988796,-0.205322128851541,0.141456582633053,-0.100840336134454,-0.281232492997199,-0.394677871148459,0.676750700280112,-0.792436974789916,-0.168347338935574,-0.102521008403361,0.317366946778712,0.628571428571429,-0.286274509803922,-0.728851540616247,0.498039215686275,-0.371428571428571,0.347899159663866,-0.165826330532213,-0.307002801120448,-0.182352941176471,0.430252100840336,-0.142296918767507,0.108963585434174,0.326330532212885,0.0756302521008403,-0.749299719887955,-0.184873949579832,-0.557422969187675,-0.195518207282913,-0.335014005602241,NA,-0.315966386554622,0.431652661064426,-0.0162464985994398,0.585434173669468,-0.712044817927171,0.694957983193277,0.134173669467787,0.266946778711485,-0.302801120448179,-0.469187675070028,-0.197198879551821,0.575910364145658,0.114005602240896,-0.41484593837535,-0.376470588235294,0.13781512605042,-0.648739495798319,-0.452941176470588,-0.301960784313726,-0.208963585434174,0.113445378151261,0.360504201680672,-0.17703081232493,0.0560224089635854,-0.591596638655462,-0.659663865546219,0.858543417366947,0.268627450980392,-0.558543417366947,-0.533893557422969,0.176470588235294,-0.554621848739496,0.633613445378151,0.0991596638655462,-0.0394957983193277,-0.498879551820728,0.773389355742297,0.45546218487395,-0.182072829131653,-0.0834733893557423,-0.530812324929972,0.236414565826331,0.0907563025210084,-0.177310924369748,-0.107282913165266,-0.0775910364145658,0.573109243697479,0.526890756302521,0.215686274509804,-0.214285714285714,-0.568067226890756,0.273389355742297,-0.656302521008403,-0.0613445378151261,-0.22436974789916,-0.538375350140056,-0.5296918767507,0.0518207282913165,-0.0162464985994398,0.573669467787115,0.390476190476191,-0.394397759103642,0.350140056022409,0.313725490196078,0.320448179271709,-0.120448179271709,-0.0865546218487395,0.0689075630252101,0.244257703081233,-0.680672268907563,-0.685714285714286,0.0817927170868347,0.172549019607843,0.0492997198879552,-0.635574229691877,-0.531652661064426,0.305882352941176,-0.556022408963586,-0.234453781512605,-0.292997198879552,0.0756302521008403,-0.338095238095238,0.229971988795518,0.564425770308123,-0.0946778711484594,0.226050420168067,-0.188795518207283,-0.303921568627451,0.069187675070028,-0.135294117647059,-0.272268907563025
OTU_68,-0.0316526610644258,0.113165266106443,-0.388515406162465,0.294957983193277,0.144817927170868,0.167787114845938,0.411764705882353,-0.26218487394958,0.737535014005602,0.202801120448179,-0.294397759103641,-0.108963585434174,0.0470588235294118,0.0633053221288516,-0.212324929971989,-0.472549019607843,-0.30812324929972,0.164145658263305,0.0476190476190476,0.0565826330532213,0.321008403361345,0.395798319327731,0.117647058823529,0.150420168067227,0.559383753501401,0.0675070028011205,-0.325490196078431,0.0313725490196078,0.189635854341737,0.399159663865546,0.0901960784313726,0.0487394957983193,-0.524649859943978,-0.203361344537815,0.0226890756302521,0.280392156862745,0.771988795518207,0.653501400560224,-0.292717086834734,0.221288515406162,0.151260504201681,-0.304481792717087,0.0728291316526611,-0.240616246498599,-0.135574229691877,0.142296918767507,-0.280952380952381,0.363305322128852,-0.0358543417366947,-0.092156862745098,-0.0249299719887955,0.142016806722689,-0.274229691876751,0.572268907563025,0.16218487394958,0.308683473389356,0.0378151260504202,0.220728291316527,0.314285714285714,0.31624649859944,0.157422969187675,0.0882352941176471,-0.315966386554622,NA,0.0904761904761905,0.487955182072829,-0.0235294117647059,0.0823529411764706,-0.192156862745098,-0.17843137254902,-0.0971988795518207,-0.161344537815126,0.0408963585434174,0.589355742296919,-0.386834733893557,0.210364145658263,0.20812324929972,0.688795518207283,0.0030812324929972,0.309243697478992,-0.092156862745098,0.0571428571428571,0.389355742296919,-0.00756302521008403,-0.337254901960784,0.288235294117647,0.00168067226890756,0.45266106442577,0.405602240896359,-0.359943977591036,-0.396078431372549,-0.0159663865546219,0.0882352941176471,-0.243417366946779,-0.213445378151261,-0.110364145658263,-0.135014005602241,-0.214285714285714,-0.0593837535014006,-0.561064425770308,-0.149299719887955,0.126330532212885,-0.26078431372549,0.192717086834734,-0.472268907563025,-0.122408963585434,0.496638655462185,-0.187114845938375,0.156582633053221,-0.167787114845938,-0.461904761904762,-0.150420168067227,0.110084033613445,0.242857142857143,-0.498039215686275,-0.0546218487394958,-0.342016806722689,0.0593837535014006,0.280672268907563,0.33109243697479,-0.352380952380952,0.0750700280112045,-0.291036414565826,0.223249299719888,0.486274509803922,0.0271708683473389,-0.305882352941176,0.142016806722689,0.0591036414565826,0.134173669467787,0.165266106442577,-0.390196078431373,-0.0162464985994398,0.158823529411765,-0.015406162464986,-0.339775910364146,0.207282913165266,0,-0.0504201680672269,0.00784313725490196,0.0725490196078431,0.291036414565826,0.413725490196078,0.0938375350140056,0.369187675070028,0.0952380952380952,-0.0515406162464986,0.301960784313726,0.0338935574229692,0.349579831932773,0.412044817927171,0.116806722689076,0.293557422969188,0.211764705882353
OTU_69,-0.617927170868347,0.574509803921569,-0.330252100840336,0.225210084033613,0.529411764705882,0.78655462184874,-0.0310924369747899,0.22296918767507,0.196638655462185,-0.440056022408964,0.559383753501401,0.0103641456582633,-0.426050420168067,-0.616526610644258,0.542296918767507,0.253501400560224,0.525770308123249,-0.374509803921569,-0.223529411764706,0.13109243697479,-0.0218487394957983,-0.287394957983193,-0.136414565826331,-0.45406162464986,0.28515406162465,-0.630252100840336,-0.250980392156863,0.840896358543417,0.0464985994397759,-0.287394957983193,0.146778711484594,0.673949579831933,0.188515406162465,-0.342857142857143,0.747619047619048,0.559103641456583,0.288795518207283,0.10672268907563,0.227731092436975,-0.354341736694678,-0.162464985994398,-0.721288515406163,-0.303921568627451,0.219327731092437,-0.53109243697479,-0.327731092436975,0.56890756302521,-0.422128851540616,0.747899159663866,-0.818487394957983,-0.621848739495798,-0.614285714285714,0.53109243697479,0.520448179271709,0.833893557422969,0.817927170868347,0.770028011204482,-0.443977591036415,-0.0635854341736695,-0.385714285714286,-0.435294117647059,0.415966386554622,0.431652661064426,0.0904761904761905,NA,0.47843137254902,0.689635854341737,-0.231652661064426,0.370868347338936,0.43921568627451,0.722408963585434,0.0893557422969188,-0.126610644257703,0.129971988795518,0.400560224089636,0.800280112044818,0.243977591036415,0.245658263305322,0.315686274509804,-0.00168067226890756,-0.0966386554621849,-0.561904761904762,-0.220728291316527,-0.578991596638656,-0.189915966386555,-0.142296918767507,0.542296918767507,-0.0781512605042017,-0.138935574229692,0.356582633053221,-0.131652661064426,-0.419607843137255,-0.322408963585434,-0.171428571428571,-0.646778711484594,0.57843137254902,0.61624649859944,-0.520168067226891,-0.613445378151261,0.297759103641457,0.689635854341737,0.57703081232493,0.333053221288515,-0.31624649859944,-0.305322128851541,-0.240056022408964,0.1296918767507,-0.553501400560224,-0.569747899159664,0.550980392156863,-0.103081232492997,-0.313725490196078,-0.0257703081232493,-0.444817927170868,-0.145658263305322,-0.503641456582633,-0.662464985994398,0.5,-0.664985994397759,-0.399719887955182,-0.304201680672269,-0.627731092436975,0.187394957983193,-0.0322128851540616,-0.363865546218487,0.791316526610644,-0.0985994397759104,0.728011204481793,-0.701960784313726,-0.377310924369748,-0.227170868347339,-0.490196078431373,-0.263865546218487,-0.518767507002801,-0.380112044817927,-0.271708683473389,-0.309243697478992,-0.545378151260504,-0.487675070028011,0.643417366946779,-0.296918767507003,-0.19327731092437,-0.147058823529412,-0.0630252100840336,-0.242016806722689,0.615686274509804,0.563865546218488,-0.300840336134454,-0.240616246498599,-0.22156862745098,-0.049859943977591,0.231372549019608,-0.0851540616246499,0.0826330532212885
OTU_70,-0.423529411764706,0.368347338935574,-0.517647058823529,0.161624649859944,0.424929971988796,0.480952380952381,0.473389355742297,-0.0663865546218488,0.250980392156863,-0.0288515406162465,0.0896358543417367,-0.149859943977591,-0.281232492997199,-0.328851540616247,0.23921568627451,-0.204761904761905,0.0282913165266106,-0.102801120448179,-0.208683473389356,0.0061624649859944,0.455182072829132,0.0775910364145658,-0.0882352941176471,-0.204201680672269,0.688515406162465,-0.298879551820728,-0.657142857142857,0.436414565826331,-0.0210084033613445,-0.0176470588235294,0.1703081232493,0.353781512605042,-0.450700280112045,-0.581512605042017,0.331372549019608,0.637254901960784,0.402521008403361,0.304201680672269,-0.366386554621849,-0.125490196078431,-0.213725490196078,-0.601680672268908,0.13109243697479,0.0910364145658263,-0.584313725490196,-0.178991596638655,-0.130252100840336,0.257703081232493,0.404481792717087,-0.376470588235294,-0.306442577030812,-0.157983193277311,0.0411764705882353,0.707563025210084,0.554621848739496,0.73781512605042,0.381232492997199,-0.196358543417367,0.126050420168067,0.0439775910364146,0.189635854341737,0.140336134453782,-0.0162464985994398,0.487955182072829,0.47843137254902,NA,0.496358543417367,0.0271708683473389,0.32436974789916,0.0546218487394958,0.0543417366946779,-0.158543417366947,-0.0694677871148459,0.300560224089636,-0.206442577030812,0.624929971988796,0.157703081232493,0.358543417366947,0.547899159663866,0.484313725490196,-0.214005602240896,-0.249019607843137,0.00504201680672269,-0.162464985994398,-0.621568627450981,0.228851540616247,0.0605042016806723,0.270868347338936,-0.0775910364145658,-0.136414565826331,-0.481792717086835,0.18515406162465,-0.314285714285714,0.151820728291317,-0.568627450980392,0.292156862745098,0.260224089635854,-0.549859943977591,-0.485994397759104,-0.211204481792717,0.16078431372549,0.42436974789916,0.0557422969187675,0.0492997198879552,-0.334173669467787,-0.266106442577031,0.200280112044818,-0.538655462184874,-0.0893557422969188,0.326610644257703,-0.425210084033613,-0.561344537815126,-0.23781512605042,-0.20672268907563,-0.400280112044818,-0.365266106442577,-0.614565826330532,0.307563025210084,-0.0504201680672269,0.204481792717087,-0.42296918767507,-0.0826330532212885,-0.498039215686275,0.228011204481793,0.0546218487394958,0.404481792717087,-0.362745098039216,0.658543417366947,-0.140056022408964,-0.026890756302521,0.0649859943977591,-0.271988795518207,-0.272829131652661,-0.221008403361345,-0.240616246498599,-0.523809523809524,0.101120448179272,-0.415686274509804,-0.259383753501401,0.434453781512605,0,0.364145658263305,0.424089635854342,0.427450980392157,0.334173669467787,0.198039215686275,0.187394957983193,0.300280112044818,-0.0798319327731093,0.263865546218487,0.296078431372549,0.127170868347339,0.131652661064426,0.448179271708684
OTU_71,-0.728011204481793,0.690196078431373,-0.29187675070028,0.100280112044818,0.393557422969188,0.529971988795518,0.111764705882353,0.255182072829132,-0.0305322128851541,-0.653501400560224,0.610644257703081,-0.0694677871148459,-0.438935574229692,-0.687394957983193,0.712885154061625,0.179551820728291,0.620168067226891,-0.29187675070028,-0.504761904761905,0.226610644257703,-0.178151260504202,-0.258263305322129,-0.461344537815126,-0.708963585434174,0.2,-0.618207282913165,-0.429971988795518,0.573109243697479,-0.24453781512605,-0.577871148459384,-0.0431372549019608,0.465546218487395,0.297759103641457,-0.496078431372549,0.548459383753501,0.618207282913165,-0.0235294117647059,-0.267787114845938,0.145378151260504,-0.66890756302521,-0.24593837535014,-0.575350140056022,0.0112044817927171,0.487114845938375,-0.604201680672269,-0.666946778711485,0.441176470588235,-0.376470588235294,0.670588235294118,-0.643137254901961,-0.481792717086835,-0.396918767507003,0.444257703081233,0.255182072829132,0.622128851540616,0.749859943977591,0.56218487394958,-0.747899159663866,-0.182072829131653,-0.511484593837535,-0.184313725490196,0.00168067226890756,0.585434173669468,-0.0235294117647059,0.689635854341737,0.496358543417367,NA,-0.403921568627451,0.71624649859944,0.257422969187675,0.496638655462185,-0.185994397759104,-0.456022408963585,-0.101680672268908,0.423249299719888,0.645658263305322,-0.0159663865546219,0.0607843137254902,0.544257703081233,-0.0254901960784314,-0.374229691876751,-0.426610644257703,-0.203921568627451,-0.25546218487395,-0.110084033613445,-0.0120448179271709,0.275910364145658,-0.298319327731092,-0.499439775910364,0.588515406162465,0.00448179271708684,-0.338375350140056,-0.67843137254902,0.0602240896358543,-0.792997198879552,0.72436974789916,0.499439775910364,-0.522408963585434,-0.805322128851541,0.509803921568628,0.485434173669468,0.408683473389356,0.250140056022409,-0.561344537815126,-0.0478991596638655,-0.296918767507003,-0.166386554621849,-0.648739495798319,-0.304201680672269,0.783473389355742,0.0420168067226891,-0.447899159663866,-0.169187675070028,-0.654341736694678,0.108963585434174,-0.727170868347339,-0.532773109243697,0.217927170868347,-0.664425770308123,-0.574509803921569,-0.2296918767507,-0.242016806722689,0.187675070028011,0.161904761904762,-0.22296918767507,0.696358543417367,0.069187675070028,0.772268907563025,-0.406442577030812,-0.287675070028011,0.00280112044817927,-0.244257703081233,-0.610644257703081,-0.820168067226891,-0.150140056022409,-0.232773109243698,-0.0333333333333333,-0.826050420168067,-0.757703081232493,0.627450980392157,-0.623249299719888,-0.0708683473389356,-0.220168067226891,0.214565826330532,-0.186834733893557,0.47843137254902,0.685714285714286,-0.0857142857142857,-0.175910364145658,-0.115966386554622,0.0282913165266106,0.308683473389356,-0.0728291316526611,0.165826330532213
OTU_72,0.402240896358543,-0.347619047619048,-0.196078431372549,0.0257703081232493,0.193837535014006,0.019327731092437,0.023249299719888,0.0610644257703081,0.126890756302521,0.731372549019608,-0.250140056022409,-0.127731092436975,0.165266106442577,0.320728291316527,-0.389915966386555,0.0414565826330532,-0.665266106442577,-0.126330532212885,0.395798319327731,-0.130532212885154,0.0991596638655462,-0.105882352941176,0.540896358543417,0.631372549019608,0.0759103641456583,0.438375350140056,0.163305322128852,-0.0574229691876751,0.610924369747899,0.650980392156863,0.60672268907563,0.0246498599439776,-0.56218487394958,0.127731092436975,0.0403361344537815,0.0896358543417367,0.108683473389356,0.363305322128852,-0.328011204481793,0.647899159663866,0.254901960784314,0.136134453781513,-0.433053221288515,-0.377591036414566,0.238935574229692,0.658543417366947,-0.368627450980392,0.308403361344538,-0.0521008403361345,0.0372549019607843,0.275910364145658,0.108963585434174,-0.164145658263305,0.243977591036415,-0.0327731092436975,-0.200840336134454,0.0568627450980392,0.673949579831933,-0.0322128851540616,0.314565826330532,0.136974789915966,0.423529411764706,-0.712044817927171,0.0823529411764706,-0.231652661064426,0.0271708683473389,-0.403921568627451,NA,-0.605882352941177,-0.0364145658263305,-0.159383753501401,0.384033613445378,0.522128851540616,0.0683473389355742,-0.413725490196078,-0.07703081232493,0.379831932773109,0.181792717086835,0.131652661064426,0.60140056022409,0.342577030812325,0.377591036414566,-0.215686274509804,-0.0240896358543417,-0.398039215686275,-0.202801120448179,0.0280112044817927,0.375350140056022,0.553221288515406,-0.757983193277311,-0.288795518207283,0.532212885154062,0.527450980392157,-0.242857142857143,0.512324929971989,-0.553221288515406,-0.0109243697478992,0.194957983193277,0.548739495798319,-0.632773109243698,-0.267226890756303,0.265546218487395,0.289635854341737,0.471428571428571,-0.179271708683473,0.196078431372549,0.0507002801120448,0.192436974789916,0,-0.494957983193277,-0.500840336134454,-0.0282913165266106,0.0280112044817927,0.648179271708684,-0.310924369747899,0.777871148459384,0.113445378151261,0.37563025210084,0.414565826330532,0.410924369747899,-0.121008403361345,-0.0406162464985994,-0.339495798319328,-0.53781512605042,0.231652661064426,-0.212605042016807,-0.415406162464986,-0.167787114845938,-0.0896358543417367,0.105322128851541,-0.235574229691877,-0.254341736694678,0.679831932773109,0.528851540616247,-0.38655462184874,-0.256302521008403,-0.248739495798319,0.599159663865546,0.415126050420168,-0.320728291316527,0.668067226890756,-0.0159663865546219,0.216526610644258,-0.00364145658263305,0.17843137254902,-0.0602240896358543,-0.57703081232493,-0.0254901960784314,-0.241736694677871,0.0103641456582633,0.351540616246499,-0.0526610644257703,-0.176470588235294,0.35266106442577
OTU_73,-0.787114845938375,0.633893557422969,-0.205042016806723,-0.172829131652661,0.308683473389356,0.224929971988796,0.311484593837535,0.452380952380952,-0.233333333333333,-0.656022408963585,0.698599439775911,-0.327170868347339,-0.29859943977591,-0.729411764705883,0.821008403361345,0.352941176470588,0.718767507002801,-0.266106442577031,-0.609243697478992,0.166106442577031,0.105042016806723,-0.174789915966387,-0.794677871148459,-0.779271708683474,0.176750700280112,-0.484593837535014,-0.580392156862745,0.237535014005602,-0.712044817927171,-0.853501400560224,-0.194677871148459,0.331652661064426,0.403081232492997,-0.558823529411765,0.267226890756303,0.315406162464986,-0.267226890756303,-0.549299719887955,0.0658263305322129,-0.868347338935574,-0.547899159663866,-0.353501400560224,0.419607843137255,0.721008403361345,-0.601960784313726,-0.890756302521009,0.147058823529412,-0.148179271708684,0.457983193277311,-0.217086834733894,-0.530252100840336,-0.176470588235294,0.0672268907563025,-0.02296918767507,0.263025210084034,0.462464985994398,0.128291316526611,-0.764425770308123,-0.342296918767507,-0.672549019607843,0.0117647058823529,-0.269747899159664,0.694957983193277,-0.192156862745098,0.370868347338936,0.32436974789916,0.71624649859944,-0.605882352941177,NA,0.275070028011205,0.133053221288515,-0.547899159663866,-0.73109243697479,-0.3703081232493,0.229971988795518,0.303081232492997,-0.442296918767507,-0.230252100840336,0.461624649859944,-0.256862745098039,-0.513445378151261,-0.320168067226891,-0.0697478991596639,-0.0224089635854342,0.200560224089636,0.00532212885154062,-0.13109243697479,-0.517366946778712,-0.818767507002801,0.666946778711485,0.34733893557423,-0.254341736694678,-0.853781512605042,0.490476190476191,-0.788795518207283,0.781232492997199,0.326050420168067,-0.39859943977591,-0.800280112044818,0.737254901960784,0.302521008403361,0.0380952380952381,0.0546218487394958,-0.623249299719888,0.263865546218487,-0.315966386554622,-0.352941176470588,-0.543417366946779,-0.110364145658263,0.835574229691877,0.218207282913165,-0.387955182072829,-0.0899159663865546,-0.76218487394958,0.43921568627451,-0.834453781512605,-0.383473389355742,-0.0717086834733894,-0.489915966386555,-0.530532212885154,0.149019607843137,0.000840336134453782,0.0198879551820728,0.338095238095238,-0.357983193277311,0.357422969187675,0.407843137254902,0.56358543417367,-0.0638655462184874,-0.20672268907563,0.136414565826331,0.17843137254902,-0.833333333333333,-0.78375350140056,0.154621848739496,0.0341736694677871,0.20672268907563,-0.833893557422969,-0.590476190476191,0.630252100840336,-0.71484593837535,-0.0929971988795518,-0.130812324929972,0.204481792717087,-0.240056022408964,0.258263305322129,0.603081232492997,-0.080672268907563,0.0187675070028011,-0.156582633053221,-0.0966386554621849,0.302521008403361,-0.12156862745098,-0.15266106442577
OTU_74,-0.454341736694678,0.412044817927171,-0.50140056022409,0.142577030812325,0.703081232492997,0.643417366946779,-0.127731092436975,0.715126050420168,-0.265266106442577,-0.0700280112044818,0.587114845938375,-0.244817927170868,-0.798319327731093,-0.353221288515406,0.628851540616247,0.328571428571429,0.450700280112045,-0.891036414565826,0.253781512605042,-0.586834733893557,0.137254901960784,-0.691596638655462,-0.128291316526611,0.0467787114845938,0.00252100840336135,-0.54453781512605,-0.246498599439776,0.666946778711485,-0.115686274509804,-0.411484593837535,0.35406162464986,0.840336134453782,0.300560224089636,-0.159663865546219,0.766106442577031,0.420728291316527,-0.153781512605042,-0.359943977591036,-0.177591036414566,-0.161344537815126,-0.738375350140056,-0.604761904761905,-0.329971988795518,0.0478991596638655,-0.563025210084034,-0.137254901960784,0.333053221288515,-0.54453781512605,0.608683473389356,-0.610924369747899,-0.744817927170868,-0.825210084033614,0.111204481792717,-0.0394957983193277,0.543417366946779,0.419887955182073,0.502240896358544,0.0700280112044818,-0.226330532212885,-0.507282913165266,-0.772549019607843,0.430532212885154,0.134173669467787,-0.17843137254902,0.43921568627451,0.0546218487394958,0.257422969187675,-0.0364145658263305,0.275070028011205,NA,0.569187675070028,0.207002801120448,-0.0218487394957983,-0.292717086834734,0.0941176470588235,0.522128851540616,0.0350140056022409,0.0322128851540616,-0.150140056022409,-0.142296918767507,0.311764705882353,-0.752941176470588,-0.392156862745098,-0.524089635854342,0.15266106442577,-0.00140056022408964,0.572829131652661,-0.471428571428571,-0.142296918767507,0.195798319327731,0.122128851540616,0.102521008403361,-0.377871148459384,0.153501400560224,-0.325210084033614,0.563305322128852,0.86890756302521,-0.635574229691877,-0.342857142857143,0.269187675070028,0.757703081232493,0.298039215686275,0.714005602240896,-0.0316526610644258,0.0495798319327731,-0.582633053221289,-0.244257703081233,-0.607002801120448,-0.762745098039216,0.417647058823529,-0.0442577030812325,-0.474229691876751,-0.113445378151261,-0.57703081232493,0.0890756302521009,-0.280952380952381,-0.506442577030812,0.425210084033613,-0.356302521008403,-0.399719887955182,-0.152380952380952,-0.684033613445378,-0.131372549019608,-0.541176470588235,-0.255742296918768,0.609803921568628,0.129131652661064,0.387114845938375,-0.556022408963586,-0.837535014005602,-0.356302521008403,-0.230812324929972,0.0341736694677871,-0.1,-0.385994397759104,-0.131372549019608,-0.620728291316527,-0.251540616246499,-0.0187675070028011,0.599159663865546,-0.306162464985994,-0.401680672268908,-0.432773109243697,-0.319607843137255,-0.387114845938375,0.451540616246499,0.462745098039216,-0.500840336134454,-0.596078431372549,-0.351820728291317,-0.259383753501401,0.402240896358543,-0.203081232492997,-0.207282913165266
OTU_75,-0.427170868347339,0.461064425770308,-0.272268907563025,0.294117647058824,0.535854341736695,0.81624649859944,-0.381792717086835,0.365546218487395,-0.065266106442577,-0.254901960784314,0.501680672268908,0.0949579831932773,-0.548179271708684,-0.420448179271709,0.502801120448179,0.259383753501401,0.442577030812325,-0.456022408963585,0.0775910364145658,-0.12436974789916,-0.263865546218487,-0.576470588235294,0.0851540616246499,-0.182352941176471,-0.101120448179272,-0.584313725490196,0.080952380952381,0.749019607843137,0.288515406162465,-0.230532212885154,0.266106442577031,0.683193277310924,0.308963585434174,-0.0571428571428571,0.792156862745098,0.500560224089636,0.0350140056022409,-0.0899159663865546,0.207563025210084,-0.149859943977591,-0.133053221288515,-0.564425770308123,-0.653781512605042,0.019327731092437,-0.220168067226891,-0.138935574229692,0.693837535014006,-0.582633053221289,0.680672268907563,-0.828851540616247,-0.578151260504202,-0.655742296918768,0.498319327731092,0.184593837535014,0.773669467787115,0.53109243697479,0.762464985994398,-0.266106442577031,-0.147058823529412,-0.327170868347339,-0.667787114845939,0.625770308123249,0.266946778711485,-0.0971988795518207,0.722408963585434,0.0543417366946779,0.496638655462185,-0.159383753501401,0.133053221288515,0.569187675070028,NA,0.371988795518207,-0.0722689075630252,-0.114285714285714,0.491316526610644,0.736974789915966,0.422128851540616,0.0946778711484594,0.0565826330532213,-0.0560224089635854,0.187394957983193,-0.552100840336134,-0.271428571428571,-0.691596638655462,0.0198879551820728,-0.164985994397759,0.807282913165266,-0.261064425770308,0.0994397759103642,0.392156862745098,-0.0602240896358543,-0.490476190476191,-0.169467787114846,-0.375070028011205,-0.36078431372549,0.452941176470588,0.702801120448179,-0.445658263305322,-0.449859943977591,0.270868347338936,0.687955182072829,0.630252100840336,0.537254901960784,-0.354341736694678,-0.251540616246499,-0.216526610644258,-0.136694677871148,-0.482913165266107,-0.708683473389356,0.368067226890756,-0.00448179271708684,-0.203921568627451,0.0436974789915966,-0.413165266106443,-0.0207282913165266,-0.317366946778712,-0.573389355742297,0.584033613445378,-0.756022408963586,-0.578711484593838,-0.309803921568628,-0.733893557422969,0.381792717086835,-0.336974789915966,-0.37843137254902,0.672268907563025,-0.015406162464986,0.424649859943978,-0.761904761904762,-0.536694677871149,-0.357142857142857,-0.516526610644258,0.0428571428571429,-0.370868347338936,-0.375350140056022,-0.0260504201680672,-0.536974789915966,-0.372829131652661,-0.361624649859944,0.528291316526611,-0.391316526610644,-0.511484593837535,-0.559103641456583,-0.327731092436975,-0.373389355742297,0.6703081232493,0.510364145658263,-0.558543417366947,-0.482352941176471,-0.50952380952381,-0.345658263305322,0.178151260504202,-0.186274509803922,-0.0271708683473389
OTU_76,0.495518207282913,-0.370028011204482,0.256862745098039,0.243417366946779,-0.0305322128851541,0.269747899159664,-0.733893557422969,-0.188795518207283,-0.252941176470588,0.364985994397759,-0.33921568627451,0.641736694677871,-0.248739495798319,0.443137254901961,-0.36218487394958,-0.180672268907563,-0.274229691876751,-0.165546218487395,0.726890756302521,-0.434733893557423,-0.299719887955182,-0.289355742296919,0.803081232492997,0.579831932773109,-0.462464985994398,-0.139495798319328,0.654901960784314,0.388515406162465,0.708683473389356,0.443697478991597,0.142296918767507,0.104761904761905,0.0739495798319328,0.593557422969188,0.171148459383754,0.0436974789915966,-0.120448179271709,0.142857142857143,0.038655462184874,0.658823529411765,0.195798319327731,0.0173669467787115,-0.62436974789916,-0.715966386554622,0.230532212885154,0.722408963585434,0.472268907563025,-0.300280112044818,0.131652661064426,-0.320168067226891,0.115126050420168,-0.410644257703081,0.517086834733894,0.000560224089635854,0.251820728291317,-0.0187675070028011,0.443417366946779,0.466386554621849,0.142296918767507,0.333893557422969,-0.485434173669468,0.399719887955182,-0.302801120448179,-0.161344537815126,0.0893557422969188,-0.158543417366947,-0.185994397759104,0.384033613445378,-0.547899159663866,0.207002801120448,0.371988795518207,NA,0.774789915966387,0.05406162464986,0.319887955182073,0.211764705882353,0.700280112044818,-0.0890756302521009,-0.363025210084034,0.19047619047619,0.796078431372549,-0.292436974789916,-0.33781512605042,-0.36890756302521,-0.0915966386554622,-0.140616246498599,0.664145658263305,0.0238095238095238,0.601680672268908,-0.191596638655462,-0.318207282913165,0.180672268907563,0.606162464985994,-0.459383753501401,0.474509803921569,-0.163305322128852,0.269467787114846,-0.0820728291316527,0.410924369747899,-0.319607843137255,0.364425770308123,0.359663865546219,0.534453781512605,0.501120448179272,-0.0352941176470588,-0.0260504201680672,0.0904761904761905,0.100840336134454,-0.520168067226891,-0.338375350140056,0.0756302521008403,0.0803921568627451,-0.0927170868347339,0.191596638655462,-0.333053221288515,0.459943977591037,0.0644257703081233,0.246498599439776,-0.0408963585434174,0.177871148459384,-0.39327731092437,-0.40952380952381,0.105042016806723,-0.56358543417367,0.0165266106442577,0.22436974789916,-0.362464985994398,-0.18515406162465,-0.37703081232493,-0.334453781512605,-0.500280112044818,-0.18375350140056,0.708963585434174,0.458263305322129,-0.387955182072829,-0.0927170868347339,-0.660504201680672,0.455742296918768,0.373109243697479,-0.0949579831932773,0.380112044817927,-0.240896358543417,-0.273669467787115,-0.201680672268908,-0.0487394957983193,-0.0789915966386555,-0.1296918767507,-0.364145658263305,-0.333893557422969,-0.141456582633053,-0.164985994397759,-0.226890756302521,-0.137535014005602,0.228291316526611
OTU_77,0.74453781512605,-0.668627450980392,0.33109243697479,0.249299719887955,-0.240896358543417,-0.0980392156862745,-0.469187675070028,-0.457703081232493,-0.0582633053221289,0.468067226890756,-0.623249299719888,0.583193277310924,-0.0176470588235294,0.710924369747899,-0.684313725490196,-0.376750700280112,-0.485434173669468,0.0596638655462185,0.731932773109244,-0.314285714285714,-0.0364145658263305,0.0226890756302521,0.85406162464986,0.724649859943978,-0.267226890756303,0.174229691876751,0.553781512605042,0.13109243697479,0.639775910364146,0.684033613445378,0.00672268907563025,-0.187114845938375,-0.146218487394958,0.605042016806723,-0.128291316526611,-0.228571428571429,0.0647058823529412,0.363865546218487,-0.0837535014005602,0.788795518207283,0.297478991596639,0.189355742296919,-0.317927170868347,-0.745098039215686,0.276190476190476,0.8703081232493,0.111764705882353,-0.0795518207282913,-0.167787114845938,0.023249299719888,0.428011204481793,-0.166666666666667,0.247058823529412,0.0761904761904762,-0.0708683473389356,-0.176750700280112,0.123809523809524,0.654341736694678,0.198319327731092,0.611204481792717,-0.221288515406162,0.121848739495798,-0.469187675070028,0.0408963585434174,-0.126610644257703,-0.0694677871148459,-0.456022408963585,0.522128851540616,-0.73109243697479,-0.0218487394957983,-0.0722689075630252,0.774789915966387,NA,0.230252100840336,-0.0364145658263305,-0.073109243697479,0.477310924369748,0.0619047619047619,-0.40952380952381,0.163865546218487,0.748739495798319,-0.0649859943977591,-0.190196078431373,-0.0879551820728291,-0.245658263305322,0.0448179271708684,0.376750700280112,0.2703081232493,0.641736694677871,-0.500280112044818,-0.339495798319328,0.474789915966387,0.719607843137255,-0.350980392156863,0.648459383753502,-0.410644257703081,-0.0355742296918768,0.105602240896359,0.654901960784314,-0.535574229691877,0.0927170868347339,0.0103641456582633,0.277591036414566,0.852100840336135,0.0224089635854342,0.0291316526610644,0.267226890756303,0.361064425770308,-0.205042016806723,-0.627731092436975,0.019047619047619,0.162745098039216,-0.0994397759103642,0.47563025210084,-0.512324929971989,0.658543417366947,0.296918767507003,-0.0173669467787115,0.379271708683473,0.580112044817927,-0.258263305322129,-0.161904761904762,-0.113445378151261,-0.405882352941177,0.210924369747899,-0.0554621848739496,-0.399159663865546,-0.282913165266106,-0.00252100840336135,-0.105882352941176,-0.284033613445378,0.00868347338935574,0.742577030812325,0.727170868347339,-0.305882352941176,-0.223529411764706,-0.456022408963585,0.727450980392157,0.567226890756303,-0.373109243697479,0.698879551820728,0.0198879551820728,0.0913165266106443,-0.0109243697478992,0.237535014005602,-0.391316526610644,-0.322689075630252,0.0092436974789916,-0.0907563025210084,0.184313725490196,0.108963585434174,-0.256582633053221,-0.00252100840336135,0.263865546218487
OTU_78,0.113165266106443,0.0210084033613445,-0.0795518207282913,0.163865546218487,-0.144817927170868,0.0591036414565826,0.203361344537815,-0.429411764705882,0.623249299719888,0.133333333333333,-0.315966386554622,0.123249299719888,0.2,0.113725490196078,-0.389075630252101,-0.281512605042017,-0.351820728291317,0.263865546218487,0.00672268907563025,0.159383753501401,0.073109243697479,0.37703081232493,0.219047619047619,0.0672268907563025,0.45406162464986,0.0983193277310925,-0.0425770308123249,0.0683473389355742,0.237535014005602,0.529411764705882,0.0224089635854342,-0.0619047619047619,-0.297759103641457,-0.123529411764706,-0.0549019607843137,0.162745098039216,0.656862745098039,0.749859943977591,0.164145658263305,0.311764705882353,0.374229691876751,-0.208963585434174,-0.0187675070028011,-0.358543417366947,0.00364145658263305,0.295798319327731,-0.122689075630252,0.231372549019608,-0.224089635854342,-0.0756302521008403,0.0619047619047619,0.163025210084034,-0.0302521008403361,0.402521008403361,0.101120448179272,0.284593837535014,0.0957983193277311,0.214565826330532,0.598039215686275,0.274229691876751,0.0621848739495798,0.0658263305322129,-0.197198879551821,0.589355742296919,0.129971988795518,0.300560224089636,-0.101680672268908,0.0683473389355742,-0.3703081232493,-0.292717086834734,-0.114285714285714,0.05406162464986,0.230252100840336,NA,-0.122408963585434,0.108683473389356,0.154621848739496,0.515126050420168,-0.145378151260504,0.301960784313726,-0.0675070028011205,0.0425770308123249,0.404481792717087,0.164985994397759,-0.47563025210084,0.140056022408964,-0.0997198879551821,0.599159663865546,0.335574229691877,-0.269747899159664,-0.541736694677871,-0.0904761904761905,0.252100840336134,-0.249579831932773,0.0165266106442577,-0.184313725490196,-0.287114845938375,0.0140056022408964,0.10672268907563,-0.55546218487395,-0.0400560224089636,-0.0495798319327731,-0.356862745098039,0.225770308123249,-0.647899159663866,0.13921568627451,0.828571428571429,0.0899159663865546,0.184593837535014,-0.28515406162465,-0.363025210084034,0.16218487394958,-0.0641456582633053,0.40672268907563,-0.604761904761905,0.0803921568627451,-0.0714285714285714,0.0291316526610644,0.266946778711485,0.3406162464986,-0.42296918767507,0.0549019607843137,-0.0061624649859944,0.303081232492997,0.275910364145658,0.0641456582633053,-0.406162464985994,-0.00728291316526611,0.0128851540616247,0.243417366946779,-0.0112044817927171,-0.408403361344538,0.180392156862745,0.249579831932773,-0.114285714285714,-0.246218487394958,0.191596638655462,0.1296918767507,-0.00280112044817927,-0.287394957983193,0.282913165266106,0.313165266106443,0.433893557422969,0.105882352941176,0.289075630252101,-0.0434173669467787,-0.177591036414566,0.36218487394958,0.0260504201680672,0.466666666666667,0.296358543417367,-0.138655462184874,0.423809523809524,0.112605042016807
OTU_79,-0.0907563025210084,0.161064425770308,0.394117647058824,0.135574229691877,-0.0983193277310925,0.214565826330532,-0.693557422969188,-0.0204481792717087,-0.332212885154062,-0.396078431372549,0.264705882352941,0.512885154061625,-0.143417366946779,-0.259663865546219,0.220728291316527,0.207843137254902,0.434173669467787,-0.0366946778711485,0.0142857142857143,0.202801120448179,-0.661624649859944,-0.182072829131653,-0.0282913165266106,-0.388515406162465,-0.53921568627451,-0.530252100840336,0.430252100840336,0.425770308123249,0.0515406162464986,-0.289075630252101,-0.168627450980392,0.0890756302521009,0.650140056022409,0.265266106442577,0.16078431372549,-0.02296918767507,-0.356862745098039,-0.210644257703081,0.626890756302521,-0.241456582633053,0.128291316526611,-0.0798319327731093,-0.294117647058824,-0.00448179271708684,-0.0140056022408964,-0.178151260504202,0.669467787114846,-0.482913165266107,0.322408963585434,-0.337254901960784,-0.17703081232493,-0.333613445378151,0.789075630252101,-0.209243697478992,0.296358543417367,0.238375350140056,0.392156862745098,-0.512324929971989,0.0717086834733894,-0.266946778711485,-0.344257703081233,0.0392156862745098,0.575910364145658,-0.386834733893557,0.400560224089636,-0.206442577030812,0.423249299719888,-0.413725490196078,0.229971988795518,0.0941176470588235,0.491316526610644,0.319887955182073,-0.0364145658263305,-0.122408963585434,NA,0.224929971988796,0.246778711484594,-0.538095238095238,-0.0453781512605042,-0.299159663865546,0.165266106442577,-0.32156862745098,-0.166386554621849,-0.301960784313726,0.199159663865546,-0.212885154061625,0.402240896358543,-0.313165266106443,-0.149019607843137,0.75546218487395,0.0411764705882353,-0.538375350140056,-0.0397759103641457,-0.161064425770308,-0.1296918767507,0.380392156862745,0.235014005602241,-0.102521008403361,-0.247899159663866,0.464425770308123,0.507843137254902,0.239495798319328,0.302240896358543,-0.294957983193277,0.0739495798319328,0.0932773109243698,0.0324929971988796,-0.0288515406162465,-0.296358543417367,0.323529411764706,0.455742296918768,0.199159663865546,-0.339495798319328,-0.377871148459384,0.0627450980392157,-0.261064425770308,-0.0988795518207283,0.0484593837535014,-0.659383753501401,-0.371428571428571,-0.285434173669468,-0.259943977591036,0.714005602240896,-0.0997198879551821,-0.201680672268908,0.386274509803922,-0.073109243697479,0.160504201680672,-0.478711484593838,-0.235294117647059,-0.37843137254902,0.0333333333333333,-0.151540616246499,-0.385714285714286,0.0112044817927171,0.120168067226891,-0.315126050420168,-0.285434173669468,-0.351820728291317,0.158263305322129,-0.347619047619048,-0.40812324929972,-0.395238095238095,0.0117647058823529,-0.450980392156863,0.0991596638655462,0.431372549019608,-0.328291316526611,0.00756302521008403,-0.315966386554622,-0.419327731092437,-0.205042016806723,-0.106442577030812,-0.305042016806723
OTU_80,-0.576750700280112,0.631932773109244,-0.557422969187675,0.299439775910364,0.646218487394958,0.914285714285714,-0.0103641456582633,0.265826330532213,0.0703081232492997,-0.157983193277311,0.433053221288515,0.0117647058823529,-0.618767507002801,-0.51484593837535,0.525490196078432,0.0661064425770308,0.310924369747899,-0.485994397759104,-0.0336134453781513,-0.16078431372549,0.0624649859943978,-0.37843137254902,0.0224089635854342,-0.234173669467787,0.328571428571429,-0.67703081232493,-0.37703081232493,0.81484593837535,0.178151260504202,-0.181512605042017,0.369467787114846,0.765546218487395,-0.0666666666666667,-0.361344537815126,0.798879551820728,0.78515406162465,0.242296918767507,0.0862745098039216,-0.135294117647059,-0.143417366946779,-0.264425770308123,-0.840896358543417,-0.415686274509804,0.0238095238095238,-0.528851540616247,-0.184873949579832,0.396918767507003,-0.254901960784314,0.720448179271709,-0.859103641456583,-0.64593837535014,-0.629971988795518,0.352380952380952,0.489635854341737,0.951260504201681,0.862745098039216,0.843417366946779,-0.292156862745098,-0.0238095238095238,-0.213445378151261,-0.40812324929972,0.557142857142857,0.114005602240896,0.210364145658263,0.800280112044818,0.624929971988796,0.645658263305322,-0.07703081232493,0.303081232492997,0.522128851540616,0.736974789915966,0.211764705882353,-0.073109243697479,0.108683473389356,0.224929971988796,NA,0.445658263305322,0.293557422969188,0.292717086834734,0.292436974789916,0.0745098039215686,-0.62436974789916,-0.173109243697479,-0.635854341736695,-0.413165266106443,-0.0207282913165266,0.601960784313726,0.0243697478991597,0.0507002801120448,0.199719887955182,-0.356022408963586,-0.198039215686275,-0.327450980392157,-0.149859943977591,-0.617086834733894,0.560224089635854,0.722689075630252,-0.698599439775911,-0.657983193277311,0.0599439775910364,0.629411764705882,0.725770308123249,0.481792717086835,-0.225770308123249,-0.372549019607843,-0.39187675070028,0.0207282913165266,-0.738935574229692,-0.601960784313726,0.51484593837535,-0.309803921568628,-0.584033613445378,-0.107843137254902,-0.438375350140056,-0.311764705882353,-0.4703081232493,-0.805322128851541,0.621288515406163,-0.574229691876751,-0.345658263305322,-0.512885154061625,-0.634453781512605,-0.101680672268908,-0.142016806722689,-0.208403361344538,0.768067226890756,-0.248739495798319,0.730812324929972,-0.67563025210084,-0.474229691876751,-0.241736694677871,-0.540896358543417,-0.119607843137255,-0.379831932773109,-0.4703081232493,-0.352380952380952,-0.325210084033614,-0.539495798319328,-0.370868347338936,0.678151260504202,-0.308683473389356,-0.139495798319328,-0.109803921568627,0.034733893557423,-0.147058823529412,0.554621848739496,0.510364145658263,-0.21484593837535,-0.485714285714286,-0.210084033613445,-0.00588235294117647,0.160224089635854,-0.0156862745098039,0.188515406162465
OTU_81,0.26890756302521,-0.092436974789916,-0.104761904761905,0.481232492997199,0.178151260504202,0.457703081232493,-0.494957983193277,-0.149579831932773,0.096078431372549,0.507563025210084,-0.27703081232493,0.5406162464986,-0.194677871148459,0.222689075630252,-0.277310924369748,-0.276190476190476,-0.448179271708684,-0.0778711484593838,0.612605042016807,-0.203921568627451,-0.233053221288515,-0.0764705882352941,0.748179271708684,0.451820728291317,-0.210924369747899,-0.195798319327731,0.326890756302521,0.402801120448179,0.8,0.477591036414566,0.390756302521008,0.215686274509804,-0.319607843137255,0.429411764705882,0.261904761904762,0.329131652661064,0.186274509803922,0.399719887955182,-0.201680672268908,0.637254901960784,0.306162464985994,-0.20812324929972,-0.741456582633053,-0.619887955182073,0.196638655462185,0.592997198879552,0.218487394957983,-0.0092436974789916,0.235014005602241,-0.431932773109244,0.00588235294117647,-0.27563025210084,0.37563025210084,0.284593837535014,0.515126050420168,0.149859943977591,0.581792717086835,0.278151260504202,0.153221288515406,0.376750700280112,-0.194677871148459,0.55406162464986,-0.41484593837535,0.20812324929972,0.243977591036415,0.157703081232493,-0.0159663865546219,0.379831932773109,-0.442296918767507,0.0350140056022409,0.422128851540616,0.700280112044818,0.477310924369748,0.154621848739496,0.246778711484594,0.445658263305322,NA,0.178991596638655,-0.00196078431372549,0.476750700280112,0.649579831932773,-0.165826330532213,-0.0238095238095238,-0.611204481792717,-0.345378151260504,-0.0260504201680672,0.595798319327731,0.31624649859944,0.77170868347339,-0.240896358543417,-0.486274509803922,-0.0456582633053221,0.5406162464986,-0.476190476190476,0.184313725490196,-0.174229691876751,0.241736694677871,-0.274229691876751,0.0672268907563025,-0.502521008403361,0.177871148459384,0.6703081232493,0.456862745098039,0.289915966386555,-0.386274509803922,0.053781512605042,0.124649859943978,-0.195238095238095,-0.369187675070028,-0.223529411764706,-0.266106442577031,-0.154341736694678,-0.0563025210084034,0.197478991596639,-0.531932773109244,0.291316526610644,-0.314565826330532,0.491316526610644,-0.228291316526611,0.15546218487395,-0.594957983193277,-0.447899159663866,0.019327731092437,-0.405602240896359,0.167787114845938,0.214285714285714,-0.565826330532213,0.026890756302521,-0.440056022408964,-0.198319327731092,-0.450980392156863,-0.433613445378151,0.516526610644258,0.229131652661064,-0.325770308123249,-0.246498599439776,-0.443137254901961,0.22156862745098,0.198319327731092,0.0941176470588235,0.184593837535014,-0.14453781512605,-0.0862745098039216,-0.175350140056022,-0.00952380952380952,0.138655462184874,-0.104481792717087,-0.205602240896359,-0.302521008403361,-0.0901960784313726,-0.0120448179271709,-0.226330532212885,-0.00756302521008403,0.166386554621849
OTU_82,-0.14453781512605,0.212605042016807,-0.505042016806723,0.196638655462185,0.255182072829132,0.29047619047619,0.449859943977591,-0.05406162464986,0.725210084033614,0.113165266106443,-0.136134453781513,-0.213445378151261,-0.0985994397759104,0.0218487394957983,-0.0873949579831933,-0.292997198879552,-0.254341736694678,-0.0661064425770308,-0.00532212885154062,-0.0837535014005602,0.30140056022409,0.14453781512605,0.161064425770308,0.192717086834734,0.566386554621849,0.0946778711484594,-0.350700280112045,0.131932773109244,0.250420168067227,0.300560224089636,0.168067226890756,0.264705882352941,-0.449299719887955,-0.238655462184874,0.297478991596639,0.428291316526611,0.776470588235294,0.50952380952381,-0.384593837535014,0.193557422969188,0.104201680672269,-0.398039215686275,-0.092436974789916,-0.142577030812325,-0.164425770308123,0.134173669467787,-0.115966386554622,0.0322128851540616,0.114565826330532,-0.30952380952381,-0.0966386554621849,-0.0635854341736695,-0.288235294117647,0.530532212885154,0.281512605042017,0.306162464985994,0.199719887955182,0.279271708683473,0.0938375350140056,0.143977591036415,-0.0599439775910364,0.198319327731092,-0.376470588235294,0.688795518207283,0.245658263305322,0.358543417366947,0.0607843137254902,0.181792717086835,-0.230252100840336,0.0322128851540616,0.0946778711484594,-0.0890756302521009,0.0619047619047619,0.515126050420168,-0.538095238095238,0.293557422969188,0.178991596638655,NA,-0.0196078431372549,0.28375350140056,-0.0823529411764706,-0.065546218487395,0.313165266106443,-0.16218487394958,-0.280672268907563,0.291316526610644,0.104201680672269,0.43781512605042,0.377871148459384,-0.482072829131653,-0.227170868347339,0.0400560224089636,0.0450980392156863,-0.310924369747899,-0.189635854341737,-0.0644257703081233,0.0739495798319328,-0.259663865546219,-0.0865546218487395,-0.463025210084034,-0.0621848739495798,0.194957983193277,-0.137535014005602,0.0910364145658263,-0.50140056022409,-0.266386554621849,0.333613445378151,-0.317086834733894,-0.0647058823529412,-0.104481792717087,-0.57563025210084,-0.324929971988796,0.376750700280112,0.177591036414566,-0.310364145658263,-0.0400560224089636,-0.277310924369748,0.220728291316527,0.165826330532213,0.0543417366946779,-0.084593837535014,-0.163305322128852,-0.331652661064426,0.080672268907563,0.224649859943978,0.185994397759104,-0.0672268907563025,0.198319327731092,-0.0456582633053221,-0.00728291316526611,0.177310924369748,-0.546778711484594,0.0638655462184874,0.110644257703081,-0.104481792717087,-0.276750700280112,0.0717086834733894,0.0184873949579832,-0.0792717086834734,0.10952380952381,0.0627450980392157,0.346218487394958,0.23921568627451,-0.101120448179272,0.282072829131653,0.326610644257703,-0.0313725490196078,0.150420168067227,-0.160224089635854,0.308403361344538,0.490756302521008,0.243977591036415,0.267787114845938,0.310644257703081
OTU_83,-0.496918767507003,0.390476190476191,-0.354621848739496,-0.0361344537815126,0.382913165266106,0.239495798319328,0.4296918767507,0.192997198879552,0.0624649859943978,-0.138375350140056,0.402240896358543,-0.359663865546219,0.0568627450980392,-0.557703081232493,0.399159663865546,0.255742296918768,0.0899159663865546,-0.0546218487394958,-0.500560224089636,0.462464985994398,0.109803921568627,-0.0403361344537815,-0.312605042016807,-0.473669467787115,0.427731092436975,-0.0971988795518207,-0.525770308123249,0.150420168067227,-0.0605042016806723,-0.223249299719888,0.279831932773109,0.182072829131653,-0.317366946778712,-0.562745098039216,0.227450980392157,0.466946778711485,0.0207282913165266,-0.0218487394957983,-0.117086834733894,-0.363305322128852,-0.053781512605042,-0.225770308123249,0.0364145658263305,0.502801120448179,-0.342296918767507,-0.4,-0.202801120448179,0.279831932773109,0.333613445378151,-0.218487394957983,-0.16750700280112,0.0927170868347339,0.0266106442577031,0.413725490196078,0.319047619047619,0.352100840336134,0.240056022408964,-0.463865546218487,-0.255742296918768,-0.297198879551821,0.427450980392157,0.0756302521008403,0.13781512605042,0.0030812324929972,0.315686274509804,0.547899159663866,0.544257703081233,0.131652661064426,0.461624649859944,-0.150140056022409,0.0565826330532213,-0.363025210084034,-0.40952380952381,-0.145378151260504,-0.0453781512605042,0.292717086834734,-0.00196078431372549,-0.0196078431372549,NA,0.426050420168067,-0.45546218487395,0.237535014005602,-0.135574229691877,-0.0294117647058824,-0.414565826330532,-0.189355742296919,-0.162464985994398,0.0708683473389356,-0.320448179271709,0.0408963585434174,-0.105042016806723,-0.0210084033613445,-0.410924369747899,0.183193277310924,-0.475350140056022,0.131652661064426,0.10672268907563,-0.158263305322129,-0.464145658263305,0.152100840336134,-0.0994397759103642,0.410364145658263,0.053781512605042,-0.382633053221289,-0.15266106442577,0.0574229691876751,-0.243417366946779,-0.337535014005602,0.0778711484593838,0.389635854341737,-0.287114845938375,-0.333333333333333,-0.0711484593837535,-0.101120448179272,0.0535014005602241,-0.215406162464986,-0.384313725490196,0.310364145658263,-0.317927170868347,-0.178151260504202,-0.0927170868347339,0.0971988795518207,-0.142857142857143,0.0977591036414566,-0.23249299719888,0.187394957983193,-0.131652661064426,0.528571428571429,-0.127731092436975,0.205882352941176,0.080672268907563,-0.196358543417367,-0.380952380952381,-0.549299719887955,-0.158823529411765,-0.310924369747899,0.205322128851541,-0.46218487394958,-0.487675070028011,0.294397759103641,-0.219887955182073,0.0291316526610644,0.126890756302521,0.24593837535014,0.123529411764706,0.345658263305322,0.050140056022409,0.0495798319327731,-0.00868347338935574,-0.0369747899159664,0.257703081232493,0.3296918767507,-0.189915966386555,0.305042016806723
OTU_84,0.0605042016806723,0.0599439775910364,-0.464145658263305,0.112605042016807,0.305322128851541,0.264705882352941,0.142577030812325,-0.0672268907563025,0.154901960784314,0.605882352941177,-0.198039215686275,-0.0899159663865546,-0.0145658263305322,0.0249299719887955,-0.181512605042017,-0.155742296918768,-0.56218487394958,-0.108963585434174,0.184033613445378,-0.119047619047619,0.158543417366947,0.0162464985994398,0.367226890756303,0.275070028011205,0.396078431372549,0.0137254901960784,-0.272268907563025,0.115966386554622,0.400560224089636,0.472829131652661,0.618207282913165,0.185994397759104,-0.71484593837535,-0.199159663865546,0.15406162464986,0.54593837535014,0.211764705882353,0.415406162464986,-0.492717086834734,0.471428571428571,0.0666666666666667,-0.270868347338936,-0.312044817927171,-0.355182072829132,-0.103641456582633,0.401120448179272,-0.389635854341737,0.477310924369748,0.0364145658263305,-0.182913165266106,0.00588235294117647,0.0694677871148459,-0.138935574229692,0.39859943977591,0.299719887955182,0.196638655462185,0.288795518207283,0.287394957983193,0.206442577030812,0.259103641456583,0.29327731092437,0.40952380952381,-0.648739495798319,0.309243697478992,-0.00168067226890756,0.484313725490196,-0.0254901960784314,0.60140056022409,-0.256862745098039,-0.142296918767507,-0.0560224089635854,0.19047619047619,0.163865546218487,0.301960784313726,-0.299159663865546,0.292436974789916,0.476750700280112,0.28375350140056,0.426050420168067,NA,0.163305322128852,0.176190476190476,0.0372549019607843,-0.163025210084034,-0.658263305322129,0.046218487394958,-0.0243697478991597,0.570868347338936,0.365266106442577,-0.547619047619048,-0.540056022408964,0.338935574229692,0.181792717086835,-0.0689075630252101,0.0669467787114846,-0.296078431372549,0.0694677871148459,-0.226890756302521,0.0285714285714286,-0.618207282913165,-0.191596638655462,0.517927170868347,0.182913165266106,0.182633053221289,-0.453221288515406,-0.0515406162464986,0.215126050420168,-0.246218487394958,-0.0092436974789916,-0.179271708683473,-0.685714285714286,-0.383473389355742,-0.106162464985994,0.343977591036415,-0.364985994397759,0.317927170868347,-0.331372549019608,0.504481792717087,0.184033613445378,0.325490196078431,-0.397198879551821,-0.0515406162464986,-0.460224089635854,-0.19859943977591,0.19859943977591,0.0280112044817927,-0.515126050420168,0.200560224089636,-0.142016806722689,0.0742296918767507,-0.143697478991597,-0.430812324929972,0.364145658263305,0.211764705882353,-0.193557422969188,-0.473949579831933,-0.0420168067226891,0.119887955182073,0.110924369747899,0.00756302521008403,0.312324929971989,0.159943977591036,0.414565826330532,0.174789915966387,0.385714285714286,0.0929971988795518,-0.325210084033614,0.133613445378151,-0.327731092436975,0.219327731092437,0.433613445378151,0.0417366946778712,0.17563025210084,0.45406162464986
OTU_86,0.545658263305322,-0.434733893557423,0.108963585434174,0.374229691876751,0.0366946778711485,0.114005602240896,-0.703641456582633,-0.0775910364145658,-0.277871148459384,0.551820728291317,-0.384593837535014,0.559383753501401,-0.355742296918768,0.535014005602241,-0.380672268907563,-0.272268907563025,-0.375350140056022,-0.317927170868347,0.92436974789916,-0.609243697478992,-0.159383753501401,-0.191316526610644,0.764985994397759,0.724089635854342,-0.506162464985994,-0.187955182072829,0.46078431372549,0.286834733893557,0.541736694677871,0.388795518207283,0.249859943977591,0.125210084033613,-0.00588235294117647,0.689075630252101,0.116806722689076,-0.0352941176470588,-0.151260504201681,0.0708683473389356,-0.279831932773109,0.743697478991597,-0.0563025210084034,-0.0148459383753501,-0.556862745098039,-0.791036414565827,0.150420168067227,0.755182072829132,0.183193277310924,-0.230252100840336,0.0596638655462185,-0.167226890756303,0.0803921568627451,-0.436974789915966,0.255742296918768,-0.197759103641457,0.152941176470588,-0.170028011204482,0.292436974789916,0.55546218487395,0.108403361344538,0.363025210084034,-0.449019607843137,0.306162464985994,-0.452941176470588,-0.092156862745098,-0.0966386554621849,-0.214005602240896,-0.374229691876751,0.342577030812325,-0.513445378151261,0.311764705882353,0.187394957983193,0.796078431372549,0.748739495798319,-0.0675070028011205,0.165266106442577,0.0745098039215686,0.649579831932773,-0.0823529411764706,-0.45546218487395,0.163305322128852,NA,-0.343697478991597,-0.119887955182073,-0.46358543417367,-0.0591036414565826,0.163865546218487,0.584033613445378,0.0705882352941177,0.61764705882353,-0.259943977591036,-0.17563025210084,0.351820728291317,0.531372549019608,-0.156862745098039,0.510644257703081,-0.183473389355742,0.311204481792717,-0.260224089635854,0.387675070028011,-0.343977591036415,0.283473389355742,0.238375350140056,0.626610644257703,0.660224089635854,0.096078431372549,-0.234173669467787,0.0675070028011205,0.019047619047619,-0.497198879551821,-0.398039215686275,0.0546218487394958,-0.102521008403361,-0.0736694677871149,0.109803921568627,-0.294397759103641,0.45546218487395,-0.00112044817927171,0.189915966386555,0.0579831932773109,0.314285714285714,-0.287955182072829,-0.441176470588235,-0.0907563025210084,-0.651540616246499,0.161624649859944,0.0470588235294118,-0.260504201680672,-0.228851540616247,-0.222408963585434,-0.512044817927171,-0.489635854341737,-0.0403361344537815,0.680392156862745,0.607002801120448,-0.189635854341737,-0.169187675070028,-0.660224089635854,0.525770308123249,0.528571428571429,-0.0380952380952381,0.30952380952381,-0.312885154061625,-0.214565826330532,-0.291596638655462,-0.00756302521008403,-0.228011204481793,-0.130812324929972,-0.264985994397759,-0.383473389355742,-0.0649859943977591,-0.136694677871148,-0.122408963585434,0.0196078431372549,-0.038655462184874
OTU_87,0.34733893557423,-0.385434173669468,0.271708683473389,-0.150700280112045,-0.4,-0.592436974789916,0.275910364145658,-0.280392156862745,0.268067226890756,0.291316526610644,-0.315126050420168,-0.195798319327731,0.824649859943978,0.217927170868347,-0.452941176470588,0.046218487394958,-0.502240896358544,0.631372549019608,-0.229131652661064,0.53109243697479,-0.0459383753501401,0.383193277310924,0.0305322128851541,0.0781512605042017,0.0350140056022409,0.749859943977591,0.191596638655462,-0.72296918767507,0.118207282913165,0.37563025210084,0.00252100840336135,-0.663305322128852,-0.372268907563025,0.0515406162464986,-0.623249299719888,-0.398039215686275,0.0613445378151261,0.242577030812325,0.076750700280112,0.166386554621849,0.577591036414566,0.674229691876751,0.170028011204482,0.0901960784313726,0.594957983193277,0.131652661064426,-0.565826330532213,0.609803921568628,-0.587394957983193,0.656582633053221,0.583473389355742,0.867226890756303,-0.403361344537815,0.0204481792717087,-0.630252100840336,-0.589355742296919,-0.627170868347339,0.125490196078431,-0.00140056022408964,0.27563025210084,0.725490196078431,-0.207002801120448,-0.301960784313726,0.0571428571428571,-0.561904761904762,-0.249019607843137,-0.426610644257703,0.377591036414566,-0.320168067226891,-0.752941176470588,-0.552100840336134,-0.292436974789916,-0.0649859943977591,0.0425770308123249,-0.32156862745098,-0.62436974789916,-0.165826330532213,-0.065546218487395,0.237535014005602,0.176190476190476,-0.343697478991597,NA,0.194397759103641,0.484873949579832,-0.0372549019607843,-0.21624649859944,-0.631932773109244,0.335294117647059,0.145658263305322,-0.367787114845938,0.100560224089636,-0.00700280112044818,0.323249299719888,-0.133613445378151,0.450700280112045,-0.675350140056022,-0.743137254901961,0.739775910364146,0.487394957983193,-0.287955182072829,-0.825210084033614,-0.263025210084034,-0.542016806722689,-0.0492997198879552,-0.0159663865546219,0.588235294117647,0.0333333333333333,0.611484593837535,0.793837535014006,-0.435574229691877,-0.157422969187675,0.481512605042017,0.182352941176471,0.7,0.103921568627451,0.503921568627451,0.469187675070028,-0.229971988795518,0.407282913165266,0.292156862745098,0.322408963585434,0.690196078431373,0.0565826330532213,0.195798319327731,0.19047619047619,-0.696078431372549,-0.0406162464985994,-0.488235294117647,0.4703081232493,0.809803921568628,0.250980392156863,0.159663865546219,0.0694677871148459,0.16218487394958,0.317647058823529,0.232212885154062,0.531932773109244,0.403641456582633,0.0680672268907563,-0.617366946778712,0.327170868347339,0.201960784313726,0.351260504201681,0.182633053221289,0.228851540616247,-0.245098039215686,-0.597478991596639,0.276470588235294,0.474789915966387,0.125490196078431,0.285714285714286,-0.196638655462185,-0.0456582633053221,0.114285714285714
OTU_89,0.0436974789915966,0.0627450980392157,-0.0571428571428571,0.122689075630252,-0.243137254901961,-0.226050420168067,0.232212885154062,-0.235294117647059,0.385714285714286,0.0834733893557423,-0.302240896358543,-0.0140056022408964,0.264705882352941,0.122408963585434,-0.256022408963585,-0.328011204481793,-0.311484593837535,0.329971988795518,-0.106442577030812,0.167787114845938,0.0571428571428571,0.595798319327731,-0.0630252100840336,0.0400560224089636,0.118767507002801,0.0773109243697479,-0.15266106442577,-0.358543417366947,-0.0196078431372549,0.165546218487395,-0.108403361344538,-0.269747899159664,-0.186834733893557,-0.0338935574229692,-0.288795518207283,-0.026890756302521,0.374509803921569,0.324929971988796,-0.153221288515406,0.065266106442577,0.246778711484594,0.00140056022408964,0.161344537815126,-0.145098039215686,0.144817927170868,-0.0434173669467787,-0.268627450980392,0.226050420168067,-0.342857142857143,0.212324929971989,0.141736694677871,0.42156862745098,-0.325210084033614,0.0061624649859944,-0.140616246498599,-0.136974789915966,-0.299439775910364,0.019047619047619,0.27703081232493,0.212324929971989,0.33921568627451,-0.174789915966387,-0.208963585434174,0.389355742296919,-0.220728291316527,0.00504201680672269,-0.203921568627451,-0.215686274509804,-0.0697478991596639,-0.392156862745098,-0.271428571428571,-0.33781512605042,-0.190196078431373,0.404481792717087,-0.166386554621849,-0.173109243697479,-0.0238095238095238,0.313165266106443,-0.135574229691877,0.0372549019607843,-0.119887955182073,0.194397759103641,NA,0.110364145658263,-0.112885154061625,0.445658263305322,-0.374229691876751,0.43109243697479,0.125770308123249,-0.0966386554621849,-0.0697478991596639,-0.092156862745098,0.0546218487394958,-0.0966386554621849,-0.00504201680672269,-0.142577030812325,-0.366106442577031,0.0137254901960784,-0.0938375350140056,-0.162745098039216,-0.438375350140056,-0.106162464985994,-0.43249299719888,0.00812324929971989,-0.187114845938375,-0.0596638655462185,0.281232492997199,0.0428571428571429,0.325490196078431,-0.183193277310924,-0.0969187675070028,-0.0179271708683473,0.30952380952381,0.129131652661064,-0.123249299719888,-0.163865546218487,0.0179271708683473,-0.238655462184874,0.15406162464986,0.129411764705882,0.0789915966386555,0.157703081232493,-0.123249299719888,0.397198879551821,0.230532212885154,-0.326890756302521,0.0901960784313726,-0.114565826330532,0.340896358543417,0.294677871148459,0.288795518207283,-0.00448179271708684,-0.169747899159664,0.0394957983193277,0.30672268907563,0.0876750700280112,0.491596638655462,0.0935574229691877,-0.154341736694678,-0.148739495798319,-0.0907563025210084,0.260224089635854,0.253781512605042,0.102240896358543,0.131652661064426,-0.217927170868347,-0.165266106442577,0.348739495798319,0.221288515406162,0.435014005602241,0.0563025210084034,-0.110084033613445,0.459663865546219,-0.160224089635854
OTU_90,0.215126050420168,-0.245378151260504,0.40140056022409,-0.381232492997199,-0.54453781512605,-0.682913165266106,0.373949579831933,-0.292997198879552,0.0490196078431373,-0.126050420168067,-0.258543417366947,-0.14453781512605,0.582352941176471,0.248179271708684,-0.284313725490196,-0.00504201680672269,-0.0896358543417367,0.523249299719888,-0.366386554621849,0.350420168067227,0.18515406162465,0.395518207282913,-0.299159663865546,-0.109243697478992,0.0932773109243698,0.554901960784314,0.0120448179271709,-0.645378151260504,-0.363865546218487,0.141456582633053,-0.424649859943978,-0.604481792717087,0.00700280112044818,-0.0294117647058824,-0.653781512605042,-0.504201680672269,-0.0896358543417367,-0.000840336134453782,0.262745098039216,-0.119047619047619,0.199159663865546,0.530532212885154,0.682352941176471,0.236694677871148,0.211484593837535,-0.0985994397759104,-0.398319327731092,0.384033613445378,-0.610924369747899,0.694397759103642,0.451540616246499,0.627731092436975,-0.364145658263305,-0.189355742296919,-0.702240896358543,-0.385714285714286,-0.647899159663866,0.0425770308123249,0.122408963585434,0.154341736694678,0.496358543417367,-0.617086834733894,0.113445378151261,-0.00756302521008403,-0.578991596638656,-0.162464985994398,-0.25546218487395,-0.0240896358543417,-0.0224089635854342,-0.524089635854342,-0.691596638655462,-0.36890756302521,-0.0879551820728291,0.164985994397759,-0.301960784313726,-0.635854341736695,-0.611204481792717,-0.16218487394958,-0.0294117647058824,-0.163025210084034,-0.46358543417367,0.484873949579832,0.110364145658263,NA,0.0795518207282913,-0.0282913165266106,-0.640616246498599,0.0442577030812325,-0.303921568627451,-0.0750700280112045,-0.00728291316526611,0.186274509803922,-0.00224089635854342,0.186834733893557,0.172268907563025,-0.262464985994398,-0.736134453781513,0.595238095238095,0.319887955182073,-0.0434173669467787,-0.488235294117647,-0.708963585434174,-0.628571428571429,0.0445378151260504,0.146778711484594,0.381792717086835,0.0549019607843137,0.514565826330532,0.610084033613446,-0.204481792717087,0.236134453781513,0.468347338935574,-0.0722689075630252,0.341736694677871,0.0420168067226891,0.172829131652661,0.626610644257703,-0.621288515406163,0.490756302521008,0.209803921568627,0.202801120448179,0.782913165266107,0.026890756302521,0.519047619047619,0.135854341736695,-0.515686274509804,0.114565826330532,-0.336134453781513,0.687955182072829,0.566386554621849,0.494397759103642,0.46078431372549,-0.145658263305322,0.102240896358543,0.247899159663866,0.101960784313726,0.499159663865546,0.132773109243698,0.0417366946778712,-0.495798319327731,0.167787114845938,0.321288515406162,0.347058823529412,0.342857142857143,0.348739495798319,-0.449579831932773,-0.341736694677871,0.453781512605042,0.412044817927171,0.360504201680672,0.163865546218487,-0.162464985994398,0.0341736694677871,-0.0156862745098039
OTU_91,0.00168067226890756,-0.138935574229692,0.371148459383754,-0.0775910364145658,-0.147899159663866,-0.250420168067227,-0.248459383753501,0.228851540616247,-0.22436974789916,-0.318207282913165,0.151540616246499,0.0310924369747899,-0.00672268907563025,0.0546218487394958,0.20672268907563,0.140896358543417,0.404761904761905,0.0425770308123249,0.0310924369747899,-0.0717086834733894,-0.11624649859944,-0.116526610644258,-0.281512605042017,-0.0364145658263305,-0.511204481792717,0.07703081232493,0.321008403361345,-0.204761904761905,-0.358263305322129,-0.421848739495798,-0.501960784313725,-0.145378151260504,0.625770308123249,0.227170868347339,-0.204481792717087,-0.417647058823529,-0.327450980392157,-0.557983193277311,0.245658263305322,-0.333333333333333,-0.184313725490196,0.408683473389356,0.245098039215686,0.233613445378151,0.161624649859944,-0.278711484593838,0.236414565826331,-0.350980392156863,-0.0708683473389356,0.251820728291317,-0.0336134453781513,0.0218487394957983,-0.0504201680672269,-0.415406162464986,-0.376750700280112,-0.39859943977591,-0.307282913165266,-0.076750700280112,-0.364145658263305,-0.263585434173669,-0.194397759103641,-0.302801120448179,0.360504201680672,-0.337254901960784,-0.189915966386555,-0.621568627450981,-0.110084033613445,-0.398039215686275,0.200560224089636,0.15266106442577,0.0198879551820728,-0.0915966386554622,-0.245658263305322,-0.47563025210084,0.199159663865546,-0.413165266106443,-0.345378151260504,-0.280672268907563,-0.414565826330532,-0.658263305322129,-0.0591036414565826,-0.0372549019607843,-0.112885154061625,0.0795518207282913,NA,-0.105882352941176,-0.0210084033613445,-0.665546218487395,-0.289075630252101,0.374789915966387,0.686834733893558,-0.259103641456583,-0.0403361344537815,0.0512605042016807,0.0868347338935574,0.210364145658263,-0.0277310924369748,0.197478991596639,0.0361344537815126,0.468347338935574,0.0725490196078431,-0.374229691876751,-0.0425770308123249,-0.230532212885154,0.353221288515406,-0.0369747899159664,-0.346778711484594,0.131652661064426,-0.0364145658263305,0.0890756302521009,0.539775910364146,0.273389355742297,0.155742296918768,-0.305042016806723,0.631932773109244,-0.118487394957983,0.336694677871148,-0.382352941176471,-0.0837535014005602,-0.339495798319328,0.46890756302521,0.10952380952381,0.333053221288515,0.00448179271708684,-0.0588235294117647,-0.16750700280112,0.536694677871149,-0.30812324929972,0.166946778711485,-0.0929971988795518,0.0352941176470588,0.397198879551821,-0.138095238095238,-0.110084033613445,0.43109243697479,0.589355742296919,-0.0299719887955182,-0.0117647058823529,-0.00756302521008403,-0.00112044817927171,-0.33921568627451,-0.246498599439776,-0.395798319327731,-0.325210084033614,-0.416526610644258,-0.000840336134453782,0.220448179271709,-0.341176470588235,0.319887955182073,-0.356022408963586,-0.388235294117647,-0.00364145658263305,-0.288795518207283,-0.339775910364146
OTU_92,0.0831932773109244,-0.126330532212885,-0.171708683473389,0.255742296918768,0.015406162464986,-0.0890756302521009,0.112885154061625,-0.184313725490196,0.118487394957983,0.0434173669467787,-0.283193277310924,0.0627450980392157,-0.222408963585434,0.248179271708684,-0.0991596638655462,-0.456022408963585,-0.0627450980392157,0.00644257703081233,0.128291316526611,-0.284313725490196,0.255742296918768,0.119327731092437,0.0372549019607843,0.177871148459384,0.125770308123249,-0.122689075630252,-0.245658263305322,-0.0294117647058824,-0.122128851540616,0.0812324929971989,-0.140896358543417,-0.0411764705882353,-0.0994397759103642,-0.0238095238095238,-0.0549019607843137,0.14453781512605,0.214005602240896,0.0392156862745098,-0.437254901960784,0.0932773109243698,-0.212605042016807,-0.110924369747899,0.211204481792717,-0.246498599439776,-0.194117647058824,0.0168067226890756,-0.065546218487395,-0.011484593837535,-0.0184873949579832,0.0680672268907563,0.0613445378151261,-0.0235294117647059,-0.110364145658263,0.0142857142857143,-0.0425770308123249,0.0450980392156863,-0.204761904761905,0.088515406162465,0.335854341736695,0.279831932773109,0.0417366946778712,-0.207002801120448,-0.17703081232493,0.288235294117647,-0.142296918767507,0.228851540616247,-0.0120448179271709,-0.202801120448179,0.00532212885154062,-0.00140056022408964,-0.164985994397759,-0.140616246498599,0.0448179271708684,0.140056022408964,-0.212885154061625,-0.0207282913165266,-0.0260504201680672,0.291316526610644,-0.189355742296919,0.046218487394958,0.163865546218487,-0.21624649859944,0.445658263305322,-0.0282913165266106,-0.105882352941176,NA,-0.026890756302521,0.238095238095238,0.0131652661064426,-0.159103641456583,-0.128851540616247,0.256862745098039,-0.143697478991597,0.201960784313726,-0.00588235294117647,-0.0392156862745098,0.0361344537815126,-0.380112044817927,-0.0352941176470588,-0.170588235294118,-0.127170868347339,-0.119887955182073,-0.0277310924369748,0.231932773109244,0.0605042016806723,-0.275070028011205,0.128571428571429,-0.161344537815126,0.0372549019607843,-0.0607843137254902,-0.113725490196078,-0.337254901960784,-0.129131652661064,-0.173389355742297,-0.102240896358543,-0.113445378151261,-0.183193277310924,-0.10140056022409,0.143697478991597,0.173669467787115,-0.00336134453781513,0.0784313725490196,-0.361904761904762,0.123249299719888,0.314565826330532,-0.170028011204482,0.0140056022408964,0.00644257703081233,0.23249299719888,-0.169467787114846,0.113445378151261,0.133333333333333,-0.076750700280112,0.234173669467787,0.247899159663866,-0.159943977591036,0.112605042016807,0.0778711484593838,-0.0305322128851541,0.0571428571428571,-0.0952380952380952,0.313165266106443,0.109803921568627,0.145378151260504,0.289355742296919,-0.189635854341737,0.0030812324929972,0.374789915966387,0.00112044817927171,0.395238095238095,0.129971988795518,-0.00476190476190476,0.716526610644258,0.0490196078431373
OTU_93,-0.0602240896358543,0.120448179271709,-0.13109243697479,0.466386554621849,0.382913165266106,0.651260504201681,-0.561904761904762,0.136974789915966,-0.119047619047619,-0.0215686274509804,0.136694677871148,0.376190476190476,-0.634173669467787,0.00280112044817927,0.177310924369748,-0.0210084033613445,0.205042016806723,-0.448179271708684,0.482072829131653,-0.3703081232493,-0.196358543417367,-0.469187675070028,0.419887955182073,0.206442577030812,-0.271708683473389,-0.522689075630252,0.242577030812325,0.733333333333333,0.438095238095238,0.0403361344537815,0.202801120448179,0.556582633053221,0.222128851540616,0.29859943977591,0.65266106442577,0.332773109243698,0.0145658263305322,0.0196078431372549,0.0246498599439776,0.218767507002801,-0.151260504201681,-0.449019607843137,-0.642857142857143,-0.328011204481793,-0.148179271708684,0.240336134453782,0.633613445378151,-0.596358543417367,0.55546218487395,-0.703921568627451,-0.376750700280112,-0.748459383753502,0.51484593837535,0.130252100840336,0.642016806722689,0.388515406162465,0.715966386554622,0.0831932773109244,-0.0582633053221289,-0.0176470588235294,-0.738375350140056,0.546778711484594,0.0560224089635854,0.00168067226890756,0.542296918767507,0.0605042016806723,0.275910364145658,0.0280112044817927,-0.13109243697479,0.572829131652661,0.807282913165266,0.664145658263305,0.376750700280112,-0.0997198879551821,0.402240896358543,0.601960784313726,0.595798319327731,0.104201680672269,-0.162464985994398,-0.0243697478991597,0.584033613445378,-0.631932773109244,-0.374229691876751,-0.640616246498599,-0.0210084033613445,-0.026890756302521,NA,-0.214285714285714,0.354341736694678,0.13109243697479,-0.164705882352941,-0.126890756302521,0.114285714285714,-0.330812324929972,-0.0815126050420168,0.327731092436975,0.649579831932773,-0.447058823529412,-0.155742296918768,-0.000560224089635854,0.704761904761905,0.53921568627451,0.672268907563025,0.148739495798319,-0.108963585434174,-0.321848739495798,-0.0411764705882353,-0.366106442577031,-0.780672268907563,0.125770308123249,0.0879551820728291,-0.20812324929972,-0.0305322128851541,-0.276190476190476,-0.210084033613445,-0.0252100840336134,-0.390196078431373,0.473949579831933,-0.486834733893557,-0.209803921568627,-0.426610644257703,-0.700560224089636,0.23109243697479,-0.495798319327731,-0.130532212885154,0.622408963585434,-0.128851540616247,0.326610644257703,-0.604761904761905,-0.657983193277311,-0.390756302521008,-0.391316526610644,0.320448179271709,0.00784313725490196,-0.387955182072829,-0.249579831932773,-0.795798319327731,-0.0843137254901961,-0.00560224089635854,0.414285714285714,-0.122128851540616,-0.488515406162465,-0.484033613445378,-0.357983193277311,-0.179271708683473,0.394117647058824,0.369187675070028,-0.436694677871149,-0.453781512605042,-0.392717086834734,-0.291036414565826,0.113165266106443,-0.189915966386555,0.0495798319327731
OTU_94,0.274229691876751,-0.14453781512605,-0.142296918767507,0.019047619047619,-0.151540616246499,-0.0759103641456583,0.173669467787115,-0.458823529411765,0.542016806722689,0.451540616246499,-0.485434173669468,0.0350140056022409,0.354621848739496,0.240616246498599,-0.554901960784314,-0.306162464985994,-0.621848739495798,0.294397759103641,0.0464985994397759,0.151820728291317,0.0658263305322129,0.43781512605042,0.393837535014006,0.268347338935574,0.341736694677871,0.203921568627451,-0.0708683473389356,-0.184593837535014,0.384033613445378,0.678711484593838,0.336414565826331,-0.225210084033613,-0.723809523809524,0.0238095238095238,-0.166106442577031,0.102521008403361,0.552380952380952,0.718207282913165,-0.234733893557423,0.528851540616247,0.466666666666667,-0.0470588235294118,-0.168627450980392,-0.393557422969188,0.228291316526611,0.450700280112045,-0.391036414565826,0.474789915966387,-0.270868347338936,0.101680672268908,0.313445378151261,0.287114845938375,-0.154901960784314,0.357142857142857,0.0411764705882353,0.0221288515406163,-0.0120448179271709,0.300840336134454,0.501680672268908,0.569187675070028,0.396078431372549,0.213165266106443,-0.591596638655462,0.45266106442577,-0.0781512605042017,0.270868347338936,-0.298319327731092,0.375350140056022,-0.517366946778712,-0.471428571428571,-0.261064425770308,0.0238095238095238,0.2703081232493,0.599159663865546,-0.313165266106443,0.0243697478991597,0.31624649859944,0.43781512605042,0.0708683473389356,0.570868347338936,0.0705882352941177,0.335294117647059,0.43109243697479,0.0442577030812325,-0.665546218487395,0.238095238095238,-0.214285714285714,NA,0.490756302521008,-0.578711484593838,-0.511204481792717,0.16078431372549,0.401960784313726,-0.140896358543417,0.24593837535014,-0.574789915966387,-0.353781512605042,0.140616246498599,0.289355742296919,-0.646218487394958,-0.46078431372549,0.164145658263305,-0.303361344537815,0.249019607843137,-0.489635854341737,0.21624649859944,0.563305322128852,0.250140056022409,0.330252100840336,-0.426890756302521,-0.534173669467787,-0.00476190476190476,0.0913165266106443,0.611204481792717,-0.513725490196078,0.398039215686275,-0.050140056022409,0.199439775910364,0.330532212885154,0.430532212885154,-0.171428571428571,0.131932773109244,-0.299159663865546,0.108403361344538,0.282913165266106,-0.205042016806723,-0.410084033613445,-0.105042016806723,0.0529411764705882,0.401960784313726,0.142296918767507,-0.272268907563025,0.323529411764706,0.403921568627451,-0.0145658263305322,-0.371428571428571,0.238655462184874,0.333333333333333,0.130812324929972,-0.336694677871148,0.49187675070028,0.402240896358543,0.607002801120448,0.180392156862745,0.44733893557423,-0.124929971988796,-0.546778711484594,0.412044817927171,0.0834733893557423,0.328571428571429,0.464425770308123,-0.244257703081233,0.464705882352941,0.226890756302521
OTU_95,0.579551820728291,-0.395798319327731,-0.00980392156862745,0.35266106442577,-0.0549019607843137,0.117086834733894,-0.307282913165266,-0.301120448179272,0.302240896358543,0.726330532212885,-0.576470588235294,0.384313725490196,0.134733893557423,0.540896358543417,-0.648459383753502,-0.386834733893557,-0.715966386554622,0.143137254901961,0.690196078431373,-0.259943977591036,-0.0630252100840336,0.105042016806723,0.843697478991597,0.742016806722689,-0.100840336134454,0.266946778711485,0.436134453781513,0.026890756302521,0.847619047619048,0.750420168067227,0.342857142857143,-0.0507002801120448,-0.485434173669468,0.535854341736695,-0.0296918767507003,-0.0274509803921569,0.371148459383754,0.608963585434174,-0.227170868347339,0.876750700280112,0.484593837535014,0.0750700280112045,-0.584593837535014,-0.744817927170868,0.485994397759104,0.824089635854342,-0.0831932773109244,0.207282913165266,-0.141736694677871,-0.0523809523809524,0.285714285714286,0.0201680672268908,0.00644257703081233,0.232212885154062,0.103921568627451,-0.191596638655462,0.151540616246499,0.649579831932773,0.243697478991597,0.608963585434174,-0.0641456582633053,0.446778711484594,-0.659663865546219,0.405602240896359,-0.138935574229692,-0.0775910364145658,-0.499439775910364,0.553221288515406,-0.818767507002801,-0.142296918767507,0.0994397759103642,0.601680672268908,0.641736694677871,0.335574229691877,-0.149019607843137,0.0507002801120448,0.77170868347339,0.377871148459384,-0.320448179271709,0.365266106442577,0.61764705882353,0.145658263305322,0.125770308123249,-0.303921568627451,-0.289075630252101,0.0131652661064426,0.354341736694678,0.490756302521008,NA,-0.571988795518207,-0.48375350140056,0.108403361344538,0.798039215686275,-0.554901960784314,0.527170868347339,-0.565826330532213,-0.115686274509804,0.0661064425770308,0.509243697478992,-0.787955182072829,-0.141176470588235,0.324649859943978,0.150700280112045,0.537535014005602,-0.4,0.170028011204482,0.295238095238095,0.190756302521008,-0.0507002801120448,-0.65546218487395,-0.368347338935574,0.153781512605042,0.0843137254901961,0.585714285714286,-0.604761904761905,0.605882352941177,0.015406162464986,0.29187675070028,0.226890756302521,0.431372549019608,-0.382352941176471,-0.176750700280112,-0.0798319327731093,-0.38515406162465,0.373389355742297,-0.143417366946779,-0.530532212885154,-0.352941176470588,-0.141176470588235,0.0557422969187675,-0.266106442577031,-0.333893557422969,0.70140056022409,0.633893557422969,-0.202801120448179,-0.101680672268908,-0.276470588235294,0.602521008403361,0.455182072829132,-0.308683473389356,0.497759103641457,0.0271708683473389,0.092436974789916,-0.246778711484594,0.189915966386555,-0.0504201680672269,-0.462745098039216,-0.0156862745098039,-0.143697478991597,0.0840336134453782,0.151260504201681,-0.303361344537815,0.092156862745098,0.16218487394958
OTU_96,-0.4703081232493,0.452941176470588,0.231372549019608,-0.0873949579831933,-0.0198879551820728,0.148739495798319,-0.259103641456583,0.227731092436975,-0.362745098039216,-0.703361344537815,0.551540616246499,0.125210084033613,-0.185434173669468,-0.507563025210084,0.561344537815126,0.294677871148459,0.744257703081233,-0.0840336134453782,-0.382633053221289,0.208963585434174,-0.402521008403361,-0.206162464985994,-0.543977591036415,-0.710924369747899,-0.292717086834734,-0.519887955182073,0.0140056022408964,0.283473389355742,-0.456862745098039,-0.73921568627451,-0.3406162464986,0.160504201680672,0.77703081232493,-0.0733893557422969,0.166666666666667,-0.011484593837535,-0.415406162464986,-0.522689075630252,0.576470588235294,-0.700840336134454,-0.203921568627451,-0.187675070028011,0.136974789915966,0.432773109243697,-0.252380952380952,-0.66890756302521,0.545658263305322,-0.417647058823529,0.303641456582633,-0.243417366946779,-0.364985994397759,-0.227170868347339,0.469467787114846,-0.294677871148459,0.210644257703081,0.288515406162465,0.184033613445378,-0.773389355742297,-0.169747899159664,-0.534453781512605,-0.276470588235294,-0.246498599439776,0.858543417366947,-0.359943977591036,0.356582633053221,-0.136414565826331,0.588515406162465,-0.757983193277311,0.666946778711485,0.195798319327731,0.392156862745098,-0.191596638655462,-0.500280112044818,-0.269747899159664,0.75546218487395,0.199719887955182,-0.240896358543417,-0.482072829131653,0.0408963585434174,-0.547619047619048,-0.259943977591036,-0.367787114845938,-0.0966386554621849,-0.0750700280112045,0.374789915966387,-0.159103641456583,0.13109243697479,-0.578711484593838,-0.571988795518207,NA,0.272549019607843,-0.633053221288515,-0.519887955182073,0.0988795518207283,-0.504201680672269,0.664705882352941,0.22156862745098,-0.188235294117647,-0.571428571428572,0.786834733893558,0.49327731092437,-0.0324929971988796,0.0557422969187675,-0.586274509803922,0.240056022408964,-0.0473389355742297,-0.214005602240896,-0.216806722689076,-0.16750700280112,0.595518207282913,0.518487394957983,0.116526610644258,-0.234453781512605,-0.659383753501401,0.302521008403361,-0.689915966386555,-0.139775910364146,-0.195518207282913,-0.648459383753502,-0.619047619047619,-0.0375350140056022,-0.124089635854342,0.602801120448179,0.237535014005602,-0.356862745098039,0.379551820728291,0.264985994397759,0.264145658263305,-0.236694677871148,-0.249299719887955,-0.0983193277310925,0.199719887955182,-0.600560224089636,-0.706162464985994,0.191316526610644,0.245098039215686,0.0372549019607843,-0.66078431372549,-0.546778711484594,0.359103641456583,-0.697478991596639,-0.319607843137255,-0.385434173669468,0.105042016806723,-0.428571428571429,0.172268907563025,0.636974789915966,-0.226610644257703,0.0196078431372549,-0.241736694677871,-0.397478991596639,0.0179271708683473,-0.088515406162465,-0.416526610644258
OTU_97,-0.124649859943978,-0.0372549019607843,0.203081232492997,-0.159663865546219,-0.11624649859944,-0.327170868347339,-0.0532212885154062,0.277310924369748,-0.14453781512605,-0.413165266106443,0.256862745098039,-0.21484593837535,-0.0798319327731093,-0.107843137254902,0.301120448179272,0.221008403361345,0.317647058823529,-0.111764705882353,-0.188515406162465,0.0876750700280112,-0.234173669467787,-0.143697478991597,-0.403361344537815,-0.222408963585434,-0.418207282913165,-0.0285714285714286,0.0703081232492997,-0.284873949579832,-0.463025210084034,-0.482072829131653,-0.332773109243698,-0.141176470588235,0.493837535014006,0.0201680672268908,-0.0890756302521009,-0.248739495798319,-0.25266106442577,-0.561624649859944,0.0756302521008403,-0.449859943977591,-0.207282913165266,0.296918767507003,0.207282913165266,0.390476190476191,0.0212885154061625,-0.397759103641457,0.0694677871148459,-0.348459383753501,-0.0450980392156863,0.184313725490196,0.0128851540616247,0.0627450980392157,-0.136694677871148,-0.456302521008403,-0.348459383753501,-0.328851540616247,-0.295798319327731,-0.195518207282913,-0.446498599439776,-0.404201680672269,-0.141176470588235,-0.350980392156863,0.268627450980392,-0.396078431372549,-0.131652661064426,-0.481792717086835,0.00448179271708684,-0.288795518207283,0.34733893557423,0.122128851540616,-0.0602240896358543,-0.318207282913165,-0.339495798319328,-0.541736694677871,0.0411764705882353,-0.356022408963586,-0.486274509803922,-0.227170868347339,-0.105042016806723,-0.540056022408964,-0.17563025210084,0.100560224089636,-0.0697478991596639,-0.00728291316526611,0.686834733893558,-0.128851540616247,-0.164705882352941,-0.511204481792717,-0.48375350140056,0.272549019607843,NA,-0.186274509803922,-0.300280112044818,0.234173669467787,-0.00280112044817927,0.236134453781513,0.0624649859943978,0.215966386554622,-0.0725490196078431,0.618207282913165,-0.0689075630252101,-0.390756302521008,-0.0313725490196078,-0.32436974789916,0.520728291316527,-0.166946778711485,-0.343977591036415,0.117086834733894,0.0112044817927171,0.245378151260504,0.387394957983193,-0.0092436974789916,0.423529411764706,-0.282072829131653,0.863025210084034,-0.185994397759104,0.287394957983193,-0.340896358543417,-0.0406162464985994,-0.354341736694678,0.741176470588235,0.0397759103641457,0.205602240896359,0.0179271708683473,-0.285994397759104,-0.157422969187675,0.817366946778712,-0.139495798319328,0.205322128851541,-0.0969187675070028,0.0946778711484594,0.246218487394958,-0.297478991596639,-0.240616246498599,0.342577030812325,0.430532212885154,0.061624649859944,-0.0697478991596639,-0.0879551820728291,0.0535014005602241,-0.315406162464986,-0.310084033613445,-0.344257703081233,-0.224929971988796,-0.369747899159664,0.0131652661064426,0.284593837535014,-0.362464985994398,0.214565826330532,-0.380672268907563,-0.23781512605042,0.226330532212885,-0.313165266106443,-0.311484593837535
OTU_100,0.363865546218487,-0.402521008403361,-0.140336134453782,-0.0705882352941177,0.0764705882352941,-0.230252100840336,0.154341736694678,-0.0669467787114846,-0.223249299719888,0.464985994397759,-0.37703081232493,-0.0607843137254902,-0.139495798319328,0.436134453781513,-0.285994397759104,-0.275070028011205,-0.375350140056022,-0.219047619047619,0.380392156862745,-0.462464985994398,0.427731092436975,0.0876750700280112,0.299719887955182,0.591316526610644,0.118207282913165,0.225490196078431,-0.166106442577031,-0.148179271708684,0.080672268907563,0.264985994397759,0.182072829131653,-0.076750700280112,-0.406442577030812,0.0263305322128852,-0.156582633053221,-0.0137254901960784,-0.136974789915966,-0.0162464985994398,-0.63921568627451,0.411204481792717,-0.273389355742297,0.117927170868347,0.164425770308123,-0.289635854341737,-0.117927170868347,0.42436974789916,-0.437254901960784,0.155742296918768,-0.142857142857143,0.242577030812325,0.24453781512605,-0.0523809523809524,-0.283193277310924,-0.0176470588235294,-0.215406162464986,-0.184033613445378,-0.189075630252101,0.56890756302521,-0.00140056022408964,0.319047619047619,0.170588235294118,-0.0725490196078431,-0.558543417366947,-0.0159663865546219,-0.419607843137255,0.18515406162465,-0.338375350140056,0.532212885154062,-0.254341736694678,0.102521008403361,-0.490476190476191,0.180672268907563,0.474789915966387,-0.0904761904761905,-0.538375350140056,-0.198039215686275,-0.0456582633053221,0.0400560224089636,-0.0210084033613445,0.338935574229692,0.351820728291317,-0.00700280112044818,-0.092156862745098,0.186274509803922,-0.259103641456583,0.256862745098039,-0.126890756302521,0.16078431372549,0.108403361344538,-0.633053221288515,-0.186274509803922,NA,0.161904761904762,0.309243697478992,0.34733893557423,-0.268347338935574,0.0450980392156863,-0.107563025210084,0.376190476190476,-0.362745098039216,-0.203361344537815,-0.069187675070028,0.2296918767507,0.694677871148459,0.249019607843137,-0.316806722689076,-0.0745098039215686,0.0507002801120448,-0.0336134453781513,-0.301960784313726,-0.158543417366947,-0.33781512605042,-0.110924369747899,0.171988795518207,-0.147619047619048,0.434453781512605,0.188795518207283,-0.0647058823529412,0.58515406162465,0.536134453781513,0.0215686274509804,0.141176470588235,-0.739775910364146,-0.338375350140056,0.333613445378151,-0.182913165266106,-0.144257703081233,-0.038375350140056,0.277591036414566,-0.112605042016807,0.110084033613445,0.256582633053221,0.36358543417367,0.545378151260504,-0.150420168067227,-0.365546218487395,-0.169467787114846,0.426050420168067,0.472829131652661,-0.2,0.498879551820728,0.25266106442577,0.255742296918768,0.15406162464986,0.377310924369748,-0.430252100840336,-0.365266106442577,0.282633053221289,-0.121848739495798,0.299439775910364,0.270868347338936,0.129411764705882,0.00448179271708684,0.358543417366947
OTU_101,0.818207282913165,-0.705322128851541,0.452941176470588,0.0694677871148459,-0.418767507002801,-0.244817927170868,-0.451260504201681,-0.499159663865546,0.135574229691877,0.624649859943978,-0.708683473389356,0.538655462184874,0.424089635854342,0.730252100840336,-0.827450980392157,-0.335014005602241,-0.661064425770308,0.420448179271709,0.614565826330532,-0.0955182072829132,-0.126050420168067,0.277310924369748,0.809243697478992,0.728851540616247,-0.338095238095238,0.492156862745098,0.728011204481793,-0.226610644257703,0.68515406162465,0.771428571428572,0.0291316526610644,-0.430812324929972,-0.287114845938375,0.667226890756303,-0.413725490196078,-0.442016806722689,0.148739495798319,0.487675070028011,0.0403361344537815,0.813165266106443,0.627170868347339,0.486834733893557,-0.333893557422969,-0.685994397759104,0.712324929971989,0.837254901960784,-0.0487394957983193,0.236414565826331,-0.39187675070028,0.297759103641457,0.571428571428572,0.233893557422969,0.107563025210084,0.0745098039215686,-0.261344537815126,-0.466946778711485,-0.109243697478992,0.652380952380953,0.244257703081233,0.69327731092437,0.120728291316527,0.213165266106443,-0.533893557422969,0.0882352941176471,-0.322408963585434,-0.314285714285714,-0.67843137254902,0.527450980392157,-0.853781512605042,-0.377871148459384,-0.169467787114846,0.606162464985994,0.719607843137255,0.252100840336134,-0.0397759103641457,-0.327450980392157,0.5406162464986,0.0450980392156863,-0.410924369747899,0.181792717086835,0.531372549019608,0.323249299719888,0.0546218487394958,-0.00224089635854342,-0.0403361344537815,-0.143697478991597,0.114285714285714,0.401960784313726,0.798039215686275,-0.519887955182073,-0.300280112044818,0.161904761904762,NA,-0.470028011204482,0.790756302521008,-0.689635854341737,-0.403921568627451,0.463865546218487,0.752941176470588,-0.635854341736695,-0.297478991596639,0.0294117647058824,-0.0619047619047619,0.600840336134454,-0.18515406162465,0.409243697478992,0.311204481792717,0.594957983193277,0.0997198879551821,-0.770588235294118,-0.0736694677871149,0.470868347338936,0.0389355742296919,0.703361344537815,-0.412324929971989,0.779831932773109,0.455182072829132,-0.0137254901960784,0.404481792717087,0.556862745098039,-0.100560224089636,0.053781512605042,0.0372549019607843,-0.256582633053221,0.277871148459384,-0.387114845938375,-0.422128851540616,-0.555182072829132,0.0761904761904762,0.266106442577031,-0.172829131652661,0.00840336134453782,0.766666666666667,0.702521008403361,-0.0535014005602241,0.0795518207282913,-0.151260504201681,0.762464985994398,0.60140056022409,-0.573669467787115,0.72156862745098,0.0697478991596639,0.207843137254902,-0.135574229691877,0.148459383753501,-0.382072829131653,-0.605322128851541,0.00476190476190476,0.159663865546219,0.0299719887955182,0.0319327731092437,-0.5406162464986,-0.0235294117647059,0.0795518207282913
OTU_102,-0.26078431372549,0.105042016806723,-0.178991596638655,-0.224649859943978,0.105322128851541,-0.205322128851541,0.253781512605042,0.248179271708684,-0.320448179271709,-0.0857142857142857,0.226330532212885,-0.315686274509804,-0.176750700280112,-0.197198879551821,0.317086834733894,0.194117647058824,0.242577030812325,-0.230812324929972,-0.169187675070028,-0.1703081232493,0.307002801120448,-0.00532212885154062,-0.5,-0.240896358543417,0.116526610644258,-0.102521008403361,-0.511204481792717,-0.124649859943978,-0.691036414565826,-0.438095238095238,0.0302521008403361,0.0478991596638655,0.00672268907563025,-0.299439775910364,-0.0983193277310925,-0.0484593837535014,-0.258823529411765,-0.425490196078431,-0.265266106442577,-0.314565826330532,-0.603921568627451,0,0.444257703081233,0.343417366946779,-0.326610644257703,-0.36750700280112,-0.38515406162465,0.178991596638655,0.046218487394958,0.29859943977591,-0.207563025210084,-0.0647058823529412,-0.299159663865546,-0.348179271708684,-0.152100840336134,0.0145658263305322,-0.237535014005602,-0.197198879551821,-0.0218487394957983,-0.269747899159664,0.209243697478992,-0.254341736694678,0.176470588235294,-0.243417366946779,-0.171428571428571,0.151820728291317,0.0602240896358543,-0.242857142857143,0.490476190476191,0.153501400560224,-0.375070028011205,-0.459383753501401,-0.350980392156863,-0.249579831932773,-0.161064425770308,-0.149859943977591,-0.476190476190476,-0.310924369747899,0.183193277310924,-0.0689075630252101,-0.156862745098039,-0.133613445378151,-0.0966386554621849,0.186834733893557,0.0512605042016807,0.201960784313726,-0.330812324929972,-0.140896358543417,-0.554901960784314,0.0988795518207283,0.234173669467787,0.309243697478992,-0.470028011204482,NA,-0.183193277310924,0.218767507002801,0.0613445378151261,-0.165266106442577,-0.212044817927171,0.288235294117647,-0.034453781512605,-0.302521008403361,0.0218487394957983,-0.117927170868347,0.249579831932773,-0.228851540616247,-0.0747899159663866,-0.157142857142857,0.084873949579832,0.360224089635854,0.123529411764706,-0.318767507002801,-0.234173669467787,-0.374229691876751,0.347619047619048,-0.228851540616247,-0.0795518207282913,-0.0560224089635854,0.0781512605042017,0.0392156862745098,0.285714285714286,0.234173669467787,-0.33781512605042,0.102240896358543,-0.0747899159663866,-0.0927170868347339,0.267226890756303,0.179551820728291,0.280392156862745,-0.0854341736694678,0.174229691876751,0.40140056022409,-0.34453781512605,-0.023249299719888,0.260224089635854,-0.0823529411764706,0.123809523809524,-0.296078431372549,0.0260504201680672,0.215686274509804,-0.214285714285714,0.026890756302521,0.146498599439776,0.0330532212885154,-0.0915966386554622,-0.128571428571429,0.0358543417366947,0.255182072829132,0.0980392156862745,-0.119607843137255,-0.114285714285714,0.149579831932773,0.0453781512605042,-0.239775910364146
OTU_103,0.871708683473389,-0.832773109243698,0.507843137254902,-0.0593837535014006,-0.497759103641457,-0.534453781512605,-0.421848739495798,-0.384033613445378,-0.141176470588235,0.588515406162465,-0.663025210084034,0.345098039215686,0.400560224089636,0.810364145658263,-0.780952380952381,-0.198039215686275,-0.6,0.3406162464986,0.568627450980392,-0.190196078431373,-0.166666666666667,0.119887955182073,0.65266106442577,0.72296918767507,-0.465826330532213,0.603641456582633,0.703361344537815,-0.467226890756303,0.4296918767507,0.614285714285714,-0.00168067226890756,-0.569187675070028,-0.121848739495798,0.647619047619048,-0.552100840336134,-0.594677871148459,-0.149299719887955,0.154901960784314,-0.0296918767507003,0.72436974789916,0.443417366946779,0.703361344537815,-0.18375350140056,-0.590196078431373,0.745378151260504,0.753501400560224,-0.148739495798319,0.155182072829132,-0.57703081232493,0.550700280112045,0.655182072829132,0.330532212885154,-0.0977591036414566,-0.310084033613445,-0.583193277310924,-0.740336134453782,-0.438375350140056,0.681792717086835,0.142016806722689,0.578711484593838,0.129971988795518,0.00588235294117647,-0.554621848739496,-0.213445378151261,-0.646778711484594,-0.568627450980392,-0.792997198879552,0.512324929971989,-0.788795518207283,-0.325210084033614,-0.36078431372549,0.474509803921569,0.648459383753502,0.0165266106442577,-0.1296918767507,-0.617086834733894,0.184313725490196,-0.189635854341737,-0.475350140056022,0.0669467787114846,0.510644257703081,0.450700280112045,-0.00504201680672269,0.172268907563025,0.0868347338935574,-0.00588235294117647,-0.0815126050420168,0.24593837535014,0.527170868347339,-0.504201680672269,-0.00280112044817927,0.34733893557423,0.790756302521008,-0.183193277310924,NA,-0.749019607843137,-0.433333333333333,0.583473389355742,0.904201680672269,-0.449299719887955,-0.415406162464986,-0.288235294117647,-0.0647058823529412,0.559383753501401,0.163585434173669,0.330812324929972,0.127450980392157,0.719327731092437,0.23781512605042,-0.76078431372549,0.0565826330532213,0.46358543417367,0.00840336134453782,0.68375350140056,-0.076750700280112,0.860504201680672,0.646778711484594,-0.197198879551821,0.546498599439776,0.490476190476191,0.200280112044818,0.23781512605042,0.00532212885154062,-0.327450980392157,0.194117647058824,-0.581512605042017,-0.149299719887955,-0.736694677871149,0.32296918767507,0.263025210084034,-0.166666666666667,0.286274509803922,0.73781512605042,0.798879551820728,0.15266106442577,0.187114845938375,-0.103921568627451,0.880952380952381,0.649579831932773,-0.692997198879552,0.647899159663866,0.0210084033613445,0.0801120448179272,-0.0851540616246499,0.0851540616246499,-0.49859943977591,-0.684313725490196,0.0263305322128852,0.171428571428571,0.0184873949579832,-0.00252100840336135,-0.413165266106443,0.0515406162464986,-0.00980392156862745
OTU_104,-0.720448179271709,0.673389355742297,-0.238375350140056,0.0761904761904762,0.396918767507003,0.491316526610644,0.0302521008403361,0.441176470588235,-0.216806722689076,-0.636414565826331,0.649299719887955,-0.092436974789916,-0.624649859943978,-0.607282913165266,0.780672268907563,0.241736694677871,0.707563025210084,-0.472549019607843,-0.280672268907563,-0.0739495798319328,-0.0218487394957983,-0.304201680672269,-0.525490196078432,-0.556582633053221,0.0366946778711485,-0.693837535014006,-0.398879551820728,0.550700280112045,-0.459383753501401,-0.717927170868347,-0.155182072829132,0.571428571428572,0.552380952380952,-0.364705882352941,0.556862745098039,0.448179271708684,-0.196358543417367,-0.441456582633053,0.126890756302521,-0.671148459383754,-0.566106442577031,-0.607002801120448,0.13109243697479,0.419607843137255,-0.652941176470588,-0.648459383753502,0.445098039215686,-0.519887955182073,0.56890756302521,-0.549859943977591,-0.670028011204482,-0.509803921568628,0.243417366946779,0.0165266106442577,0.516806722689076,0.632773109243698,0.484313725490196,-0.553221288515406,-0.321008403361345,-0.621008403361345,-0.452100840336135,-0.0417366946778712,0.633613445378151,-0.110364145658263,0.57843137254902,0.292156862745098,0.72436974789916,-0.553221288515406,0.781232492997199,0.563305322128852,0.452941176470588,-0.163305322128852,-0.410644257703081,-0.184313725490196,0.380392156862745,0.560224089635854,-0.174229691876751,-0.0644257703081233,0.131652661064426,-0.296078431372549,-0.183473389355742,-0.675350140056022,-0.142577030812325,-0.262464985994398,0.210364145658263,-0.0392156862745098,0.327731092436975,-0.574789915966387,-0.565826330532213,0.664705882352941,0.236134453781513,-0.268347338935574,-0.689635854341737,0.218767507002801,-0.749019607843137,NA,0.595798319327731,-0.568347338935574,-0.803641456582633,0.604481792717087,0.685994397759104,0.1703081232493,0.300560224089636,-0.393557422969188,0.117086834733894,-0.48375350140056,-0.214285714285714,-0.675910364145658,-0.476750700280112,0.754621848739496,0.24733893557423,-0.419327731092437,-0.0512605042016807,-0.803921568627451,0.231932773109244,-0.778991596638656,-0.435294117647059,0.0613445378151261,-0.575350140056022,-0.560504201680672,-0.108963585434174,-0.375070028011205,0.117366946778712,0.136694677871148,-0.297198879551821,0.687955182072829,0.358263305322129,0.654341736694678,-0.317927170868347,-0.542857142857143,-0.138935574229692,-0.0840336134453782,-0.536134453781513,-0.661904761904762,-0.0257703081232493,-0.0302521008403361,-0.196918767507003,-0.775070028011205,-0.473389355742297,0.659663865546219,-0.669467787114846,-0.242577030812325,-0.334173669467787,0.042296918767507,-0.350700280112045,0.330812324929972,0.777310924369748,-0.216526610644258,-0.194397759103641,-0.263025210084034,-0.226890756302521,0.287955182072829,-0.194677871148459,-0.1703081232493
OTU_105,-0.502521008403361,0.491596638655462,-0.554621848739496,0.251820728291317,0.761904761904762,0.7703081232493,-0.198879551820728,0.603641456582633,-0.238655462184874,-0.124649859943978,0.576750700280112,-0.127731092436975,-0.858263305322129,-0.465546218487395,0.658263305322129,0.217647058823529,0.407843137254902,-0.879551820728292,0.192717086834734,-0.461624649859944,-0.02296918767507,-0.655182072829132,-0.0515406162464986,-0.0476190476190476,0.0187675070028011,-0.717366946778712,-0.277591036414566,0.804761904761905,0.0378151260504202,-0.405042016806723,0.42156862745098,0.853221288515406,0.210084033613445,-0.266666666666667,0.871988795518207,0.660224089635854,-0.07703081232493,-0.317927170868347,-0.242577030812325,-0.183473389355742,-0.628571428571429,-0.715686274509804,-0.466106442577031,-0.000280112044817927,-0.659103641456583,-0.155742296918768,0.429411764705882,-0.549579831932773,0.8,-0.822128851540616,-0.707563025210084,-0.865826330532213,0.346778711484594,0.112044817927171,0.750140056022409,0.599159663865546,0.710644257703081,-0.124089635854342,-0.215966386554622,-0.498879551820728,-0.679831932773109,0.499719887955182,0.0991596638655462,-0.135014005602241,0.61624649859944,0.260224089635854,0.499439775910364,-0.0109243697478992,0.326050420168067,0.86890756302521,0.702801120448179,0.269467787114846,-0.0355742296918768,-0.287114845938375,0.235014005602241,0.722689075630252,0.241736694677871,0.0739495798319328,0.10672268907563,0.0694677871148459,0.311204481792717,-0.743137254901961,-0.366106442577031,-0.736134453781513,-0.0277310924369748,0.0361344537815126,0.649579831932773,-0.353781512605042,-0.115686274509804,0.22156862745098,0.0624649859943978,0.0450980392156863,-0.403921568627451,0.0613445378151261,-0.433333333333333,0.595798319327731,NA,-0.775070028011205,-0.489355742296919,0.295798319327731,0.759103641456583,0.584313725490196,0.805882352941177,-0.109803921568627,-0.00784313725490196,-0.619607843137255,-0.212044817927171,-0.723249299719888,-0.83249299719888,0.482633053221289,-0.164425770308123,-0.657422969187675,-0.0775910364145658,-0.639495798319328,0.116526610644258,-0.34453781512605,-0.661064425770308,0.58515406162465,-0.502521008403361,-0.412044817927171,-0.201960784313726,-0.77170868347339,-0.138375350140056,-0.585434173669468,-0.214285714285714,0.70812324929972,0.0201680672268908,0.577591036414566,-0.730532212885154,-0.831932773109244,-0.423809523809524,-0.412605042016807,-0.0117647058823529,-0.264705882352941,-0.429971988795518,-0.226050420168067,-0.607563025210084,-0.371988795518207,-0.209243697478992,0.676470588235294,-0.352941176470588,-0.407843137254902,-0.431932773109244,-0.2296918767507,-0.389355742296919,0.492436974789916,0.569467787114846,-0.480392156862745,-0.630252100840336,-0.386834733893557,-0.177591036414566,0.441176470588235,-0.140336134453782,0.050140056022409
OTU_107,0.506442577030812,-0.509803921568628,0.627450980392157,-0.36358543417367,-0.692997198879552,-0.684873949579832,-0.0112044817927171,-0.371428571428571,0.069187675070028,0.0282913165266106,-0.338935574229692,0.0504201680672269,0.76358543417367,0.384033613445378,-0.52436974789916,0.100280112044818,-0.257142857142857,0.673949579831933,-0.197198879551821,0.482072829131653,-0.214565826330532,0.287955182072829,0.0798319327731093,0.0605042016806723,-0.264705882352941,0.710364145658263,0.5406162464986,-0.728571428571429,0.0582633053221289,0.366106442577031,-0.304761904761905,-0.744257703081233,-0.00672268907563025,0.304201680672269,-0.671988795518207,-0.731932773109244,-0.0983193277310925,0.136974789915966,0.448459383753501,0.118207282913165,0.645658263305322,0.798599439775911,0.187114845938375,0.105042016806723,0.762745098039216,0.171988795518207,-0.199439775910364,0.283473389355742,-0.652380952380953,0.678991596638656,0.676750700280112,0.672268907563025,-0.170588235294118,-0.25546218487395,-0.735294117647059,-0.659943977591037,-0.599159663865546,0.169467787114846,0.0176470588235294,0.297478991596639,0.405882352941177,-0.261344537815126,-0.0394957983193277,-0.214285714285714,-0.520168067226891,-0.549859943977591,-0.522408963585434,0.194957983193277,-0.39859943977591,-0.635574229691877,-0.445658263305322,-0.0820728291316527,0.105602240896359,0.0140056022408964,-0.102521008403361,-0.698599439775911,-0.274229691876751,-0.259663865546219,-0.158263305322129,-0.226890756302521,-0.260224089635854,0.739775910364146,0.0137254901960784,0.595238095238095,0.197478991596639,-0.380112044817927,-0.447058823529412,0.140616246498599,0.0661064425770308,-0.188235294117647,0.215966386554622,-0.107563025210084,0.463865546218487,-0.165266106442577,0.583473389355742,-0.568347338935574,-0.775070028011205,NA,0.611204481792717,-0.0812324929971989,-0.607002801120448,-0.539495798319328,-0.585434173669468,-0.000840336134453782,0.135014005602241,0.703081232492997,0.0310924369747899,0.867787114845939,0.605042016806723,-0.452100840336135,0.219327731092437,0.736974789915966,0.182913165266106,0.657703081232493,0.14593837535014,0.522689075630252,0.787675070028011,-0.405042016806723,0.403921568627451,0.172829131652661,0.423809523809524,0.533333333333333,0.335294117647059,0.256022408963585,-0.0324929971988796,-0.613445378151261,0.142296918767507,-0.589915966386555,0.470588235294118,0.697759103641457,0.28515406162465,0.312324929971989,0.206442577030812,0.240616246498599,0.177871148459384,0.36078431372549,0.336414565826331,0.454341736694678,0.267226890756303,-0.714005602240896,0.422408963585434,0.0568627450980392,0.167787114845938,0.0240896358543417,0.0260504201680672,-0.342296918767507,-0.515126050420168,0.162464985994398,0.536134453781513,-0.0837535014005602,-0.00420168067226891,-0.413165266106443,-0.150140056022409,-0.0969187675070028
OTU_109,0.840336134453782,-0.811484593837535,0.475070028011205,-0.163585434173669,-0.475350140056022,-0.549299719887955,-0.250140056022409,-0.398879551820728,0.0212885154061625,0.545098039215686,-0.649019607843137,0.208403361344538,0.494677871148459,0.735294117647059,-0.797759103641457,-0.147899159663866,-0.580672268907563,0.334453781512605,0.463865546218487,-0.127450980392157,-0.0551820728291317,0.143417366946779,0.578991596638656,0.671988795518207,-0.281792717086835,0.678991596638656,0.650700280112045,-0.456302521008403,0.403081232492997,0.661624649859944,-0.0092436974789916,-0.557422969187675,-0.197759103641457,0.554341736694678,-0.537535014005602,-0.610084033613446,-0.019327731092437,0.287675070028011,0.0411764705882353,0.684593837535014,0.435014005602241,0.684033613445378,-0.0882352941176471,-0.538095238095238,0.629131652661065,0.746498599439776,-0.203921568627451,0.23921568627451,-0.536134453781513,0.557422969187675,0.650980392156863,0.336134453781513,-0.0994397759103642,-0.190756302521008,-0.637254901960784,-0.66890756302521,-0.497478991596639,0.715406162464986,0.256582633053221,0.536414565826331,0.131932773109244,-0.0467787114845938,-0.498879551820728,-0.0593837535014006,-0.613445378151261,-0.485994397759104,-0.805322128851541,0.548739495798319,-0.800280112044818,-0.342857142857143,-0.449859943977591,0.410924369747899,0.654901960784314,0.10672268907563,-0.247899159663866,-0.657983193277311,0.0672268907563025,-0.0865546218487395,-0.464145658263305,0.0285714285714286,0.387675070028011,0.487394957983193,-0.0938375350140056,0.319887955182073,0.0361344537815126,-0.0352941176470588,-0.155742296918768,0.289355742296919,0.509243697478992,-0.571428571428572,-0.0725490196078431,0.376190476190476,0.752941176470588,-0.212044817927171,0.904201680672269,-0.803641456582633,-0.489355742296919,0.611204481792717,NA,-0.498879551820728,-0.417086834733894,-0.35406162464986,-0.168627450980392,0.587675070028011,0.149019607843137,0.407002801120448,0.231652661064426,0.78515406162465,0.299439775910364,-0.795238095238095,-0.00756302521008403,0.560504201680672,0.0257703081232493,0.749579831932773,-0.136414565826331,0.872549019607843,0.634733893557423,-0.223529411764706,0.650420168067227,0.575910364145658,0.183193277310924,0.327731092436975,-0.0215686274509804,-0.27563025210084,0.260224089635854,-0.573669467787115,-0.174229691876751,-0.760224089635855,0.29047619047619,0.320168067226891,-0.0605042016806723,0.227450980392157,0.654901960784314,0.812044817927171,0.0658263305322129,0.1,-0.0941176470588235,0.897759103641457,0.641456582633053,-0.740336134453782,0.743137254901961,0.108403361344538,0.182072829131653,-0.0425770308123249,0.219607843137255,-0.473669467787115,-0.703921568627451,0.0644257703081233,0.181232492997199,0.121288515406162,0.122408963585434,-0.293837535014006,0.0445378151260504,0.0907563025210084
OTU_111,-0.501120448179272,0.360504201680672,0.172829131652661,-0.260504201680672,0.0478991596638655,0.0148459383753501,-0.0834733893557423,0.348459383753501,-0.416526610644258,-0.789635854341737,0.625770308123249,-0.119887955182073,-0.201960784313726,-0.507563025210084,0.641176470588235,0.415686274509804,0.811484593837535,-0.215406162464986,-0.508403361344538,0.200280112044818,-0.227731092436975,-0.234733893557423,-0.648179271708684,-0.678991596638656,-0.259383753501401,-0.410644257703081,-0.100840336134454,0.13781512605042,-0.603641456582633,-0.840056022408964,-0.338375350140056,0.125490196078431,0.7296918767507,-0.217647058823529,0.1703081232493,-0.0750700280112045,-0.450420168067227,-0.70952380952381,0.382913165266106,-0.813445378151261,-0.355742296918768,-0.0546218487394958,0.253781512605042,0.627731092436975,-0.296918767507003,-0.75546218487395,0.46218487394958,-0.494117647058824,0.334453781512605,-0.154341736694678,-0.301960784313726,-0.238095238095238,0.301680672268908,-0.376190476190476,0.0641456582633053,0.131932773109244,0.0285714285714286,-0.708683473389356,-0.404201680672269,-0.628851540616247,-0.20952380952381,-0.285714285714286,0.773389355742297,-0.561064425770308,0.297759103641457,-0.211204481792717,0.509803921568628,-0.632773109243698,0.737254901960784,0.269187675070028,0.270868347338936,-0.319607843137255,-0.535574229691877,-0.55546218487395,0.464425770308123,0.0599439775910364,-0.502521008403361,-0.463025210084034,0.152100840336134,-0.618207282913165,-0.343977591036415,-0.287955182072829,-0.162745098039216,-0.0434173669467787,0.468347338935574,-0.170588235294118,-0.000560224089635854,-0.646218487394958,-0.787955182072829,0.786834733893558,0.618207282913165,-0.362745098039216,-0.635854341736695,0.288235294117647,-0.449299719887955,0.604481792717087,0.295798319327731,-0.0812324929971989,-0.498879551820728,NA,0.343697478991597,-0.133333333333333,0.0725490196078431,-0.580392156862745,0.541736694677871,-0.188235294117647,-0.442577030812325,-0.150420168067227,-0.220168067226891,0.62296918767507,0.559103641456583,-0.0411764705882353,0.0991596638655462,-0.663865546218487,0.656022408963585,-0.623809523809524,-0.0215686274509804,-0.226050420168067,-0.512044817927171,-0.649299719887955,0.426610644257703,-0.142016806722689,0.369187675070028,0.157703081232493,-0.507282913165266,0.248739495798319,0.606442577030812,0.297478991596639,-0.110364145658263,-0.245658263305322,0.10812324929972,0.305042016806723,-0.629131652661065,-0.685714285714286,0.127450980392157,0.240336134453782,0.0456582633053221,-0.56358543417367,-0.485994397759104,0.390196078431373,-0.610364145658263,-0.365826330532213,-0.438095238095238,-0.00980392156862745,-0.46078431372549,0.15406162464986,0.576750700280112,-0.295798319327731,0.0571428571428571,-0.349019607843137,-0.353781512605042,0.276750700280112,-0.208963585434174,-0.265546218487395
OTU_113,-0.417647058823529,0.442016806722689,-0.192436974789916,0.233893557422969,0.457422969187675,0.663305322128852,-0.334453781512605,0.366946778711485,-0.238655462184874,-0.321008403361345,0.517927170868347,0.140056022408964,-0.687114845938375,-0.384313725490196,0.507282913165266,0.262464985994398,0.540056022408964,-0.622128851540616,0.179831932773109,-0.30812324929972,-0.0801120448179272,-0.552380952380952,-0.0492997198879552,-0.199719887955182,-0.0515406162464986,-0.680952380952381,-0.0476190476190476,0.872549019607843,-0.026890756302521,-0.384873949579832,0.0831932773109244,0.71484593837535,0.497478991596639,-0.0784313725490196,0.710364145658263,0.368347338935574,-0.1,-0.191036414565826,0.245098039215686,-0.208963585434174,-0.483193277310924,-0.631652661064426,-0.30672268907563,-0.0375350140056022,-0.585434173669468,-0.130532212885154,0.651540616246499,-0.614565826330532,0.650980392156863,-0.738095238095238,-0.682633053221289,-0.858263305322129,0.526610644257703,0.0619047619047619,0.647899159663866,0.615686274509804,0.686834733893558,-0.206442577030812,-0.101120448179272,-0.484033613445378,-0.779271708683474,0.293837535014006,0.45546218487395,-0.149299719887955,0.689635854341737,0.16078431372549,0.485434173669468,-0.267226890756303,0.302521008403361,0.757703081232493,0.687955182072829,0.364425770308123,0.0927170868347339,-0.0400560224089636,0.507843137254902,0.629411764705882,0.177871148459384,-0.0621848739495798,-0.0994397759103642,-0.191596638655462,0.283473389355742,-0.825210084033614,-0.438375350140056,-0.488235294117647,0.0725490196078431,-0.127170868347339,0.704761904761905,-0.46078431372549,-0.141176470588235,0.49327731092437,-0.0689075630252101,-0.203361344537815,-0.297478991596639,-0.034453781512605,-0.415406162464986,0.685994397759104,0.759103641456583,-0.607002801120448,-0.417086834733894,0.343697478991597,NA,0.319047619047619,0.60140056022409,-0.0588235294117647,-0.0543417366946779,-0.418487394957983,-0.00812324929971989,-0.541456582633053,-0.76890756302521,0.396358543417367,0.119607843137255,-0.227170868347339,-0.273389355742297,-0.563025210084034,-0.096078431372549,-0.395798319327731,-0.476190476190476,0.323249299719888,-0.532773109243697,-0.380392156862745,-0.403921568627451,-0.687114845938375,0.246498599439776,-0.309803921568628,-0.307002801120448,0.790196078431373,-0.0635854341736695,0.480392156862745,-0.633053221288515,-0.72296918767507,-0.470028011204482,-0.269467787114846,-0.0549019607843137,-0.274509803921569,-0.353221288515406,-0.23249299719888,-0.64453781512605,-0.388515406162465,-0.18655462184874,0.572829131652661,-0.360504201680672,-0.416806722689076,-0.387394957983193,-0.16750700280112,-0.375910364145658,0.4296918767507,0.616806722689076,-0.458543417366947,-0.417927170868347,-0.257703081232493,-0.245658263305322,0.291316526610644,-0.139775910364146,-0.112885154061625
OTU_114,-0.325770308123249,0.396638655462185,-0.469747899159664,0.282072829131653,0.619047619047619,0.787394957983193,-0.182072829131653,0.233893557422969,0.0742296918767507,0.224929971988796,0.257422969187675,0.0394957983193277,-0.32156862745098,-0.382352941176471,0.28515406162465,0.0893557422969188,-0.0285714285714286,-0.392997198879552,0.148739495798319,-0.149019607843137,-0.0560224089635854,-0.227731092436975,0.246498599439776,0.0397759103641457,0.154341736694678,-0.462745098039216,-0.139775910364146,0.64733893557423,0.468627450980392,0.0109243697478992,0.617086834733894,0.59859943977591,-0.282913165266106,-0.168067226890756,0.643697478991597,0.678151260504202,0.138375350140056,0.197198879551821,-0.235014005602241,0.13781512605042,-0.0526610644257703,-0.569747899159664,-0.629971988795518,-0.175070028011204,-0.232212885154062,0.0683473389355742,0.233893557422969,-0.0834733893557423,0.649579831932773,-0.705602240896359,-0.457703081232493,-0.437535014005602,0.367226890756303,0.51624649859944,0.80812324929972,0.527731092436975,0.713725490196078,-0.111764705882353,-0.0224089635854342,-0.0974789915966387,-0.148459383753501,0.743417366946779,-0.182072829131653,0.126330532212885,0.57703081232493,0.42436974789916,0.408683473389356,0.265546218487395,0.0380952380952381,0.298039215686275,0.630252100840336,0.359663865546219,0.0103641456582633,-0.0495798319327731,0.239495798319328,0.725770308123249,0.6703081232493,0.194957983193277,0.410364145658263,0.517927170868347,0.238375350140056,-0.263025210084034,-0.106162464985994,-0.708963585434174,-0.374229691876751,-0.119887955182073,0.53921568627451,0.164145658263305,0.324649859943978,-0.0324929971988796,-0.390756302521008,-0.069187675070028,0.0294117647058824,-0.302521008403361,-0.288235294117647,0.1703081232493,0.584313725490196,-0.539495798319328,-0.35406162464986,-0.133333333333333,0.319047619047619,NA,0.566106442577031,-0.108963585434174,-0.348459383753501,-0.260504201680672,-0.02296918767507,-0.534173669467787,-0.476190476190476,0.225210084033613,-0.423809523809524,-0.430532212885154,-0.011484593837535,-0.180952380952381,-0.240336134453782,-0.0876750700280112,-0.684593837535014,0.774789915966387,-0.526890756302521,-0.148459383753501,-0.431932773109244,-0.519047619047619,-0.122128851540616,-0.448179271708684,-0.00644257703081233,0.518487394957983,-0.389355742296919,0.512605042016807,-0.749859943977591,-0.322128851540616,-0.315966386554622,-0.558823529411765,0.112605042016807,-0.23109243697479,-0.354621848739496,-0.308683473389356,-0.386274509803922,-0.26218487394958,-0.264425770308123,0.482072829131653,-0.0672268907563025,-0.172829131652661,-0.111484593837535,-0.101120448179272,-0.0352941176470588,0.464145658263305,0.137535014005602,-0.315686274509804,-0.430252100840336,-0.247058823529412,0.065266106442577,0.110364145658263,-0.103921568627451,0.319607843137255
OTU_116,-0.108403361344538,0.133333333333333,-0.3296918767507,0.368627450980392,0.584593837535014,0.561624649859944,-0.481792717086835,0.484033613445378,-0.386834733893557,0.203641456582633,0.319887955182073,0.119327731092437,-0.671148459383754,-0.158543417366947,0.350700280112045,0.18515406162465,0.105322128851541,-0.768067226890756,0.520448179271709,-0.5,-0.143977591036415,-0.629411764705882,0.241176470588235,0.224929971988796,-0.27843137254902,-0.545378151260504,0.0263305322128852,0.682633053221289,0.300560224089636,-0.112324929971989,0.48375350140056,0.659663865546219,0.153501400560224,0.118767507002801,0.652100840336135,0.442577030812325,-0.250420168067227,-0.255742296918768,-0.229411764705882,0.175070028011204,-0.421008403361345,-0.407282913165266,-0.607563025210084,-0.242016806722689,-0.366106442577031,0.187394957983193,0.279551820728291,-0.415966386554622,0.653781512605042,-0.602521008403361,-0.424929971988796,-0.746778711484594,0.368067226890756,-0.0560224089635854,0.563865546218488,0.301120448179272,0.626050420168067,0.096078431372549,-0.165266106442577,-0.265266106442577,-0.569747899159664,0.478991596638656,-0.0834733893557423,-0.26078431372549,0.333053221288515,0.0557422969187675,0.250140056022409,0.289635854341737,0.0546218487394958,0.714005602240896,0.537254901960784,0.534453781512605,0.277591036414566,-0.356862745098039,0.302240896358543,0.481792717086835,0.456862745098039,-0.137535014005602,0.053781512605042,0.182913165266106,0.626610644257703,-0.542016806722689,-0.43249299719888,-0.628571428571429,-0.0425770308123249,-0.0277310924369748,0.672268907563025,-0.303361344537815,0.150700280112045,0.0557422969187675,-0.0313725490196078,0.2296918767507,-0.0619047619047619,0.0218487394957983,-0.0647058823529412,0.300560224089636,0.805882352941177,-0.585434173669468,-0.168627450980392,0.0725490196078431,0.60140056022409,0.566106442577031,NA,0.157422969187675,0.0431372549019608,-0.462745098039216,-0.24733893557423,-0.482913165266107,-0.739495798319328,0.203361344537815,-0.0535014005602241,-0.480952380952381,-0.230812324929972,-0.383193277310924,-0.0280112044817927,0.0218487394957983,-0.441456582633053,0.581792717086835,-0.410924369747899,-0.187114845938375,-0.312885154061625,-0.629131652661065,-0.0582633053221289,-0.787675070028011,-0.0593837535014006,0.454901960784314,-0.149299719887955,0.365266106442577,-0.611204481792717,-0.731932773109244,-0.510644257703081,-0.257983193277311,0.254901960784314,0.0288515406162465,-0.478711484593838,-0.204761904761905,-0.764705882352941,-0.0274509803921569,-0.0341736694677871,0.453781512605042,-0.113725490196078,-0.510364145658263,-0.451820728291317,-0.295518207282913,-0.303921568627451,0.286834733893557,0.304201680672269,-0.491596638655462,-0.584033613445378,-0.335574229691877,-0.177310924369748,0.218207282913165,-0.249859943977591,0.0448179271708684
OTU_117,0.706162464985994,-0.672829131652661,0.179551820728291,0.218207282913165,-0.193557422969188,-0.252100840336134,-0.195518207282913,-0.420728291316527,-0.0288515406162465,0.550980392156863,-0.67843137254902,0.400560224089636,-0.0218487394957983,0.743977591036415,-0.67843137254902,-0.545098039215686,-0.558823529411765,0.0411764705882353,0.703081232492997,-0.436694677871149,0.236974789915966,0.228291316526611,0.685714285714286,0.789915966386555,-0.0971988795518207,0.220728291316527,0.275910364145658,-0.0464985994397759,0.414005602240896,0.578991596638656,-0.00420168067226891,-0.217927170868347,-0.285714285714286,0.470028011204482,-0.246778711484594,-0.246778711484594,0.065266106442577,0.33921568627451,-0.330812324929972,0.736134453781513,0.0694677871148459,0.168627450980392,-0.0322128851540616,-0.699439775910364,0.147619047619048,0.773949579831933,-0.188235294117647,0.0913165266106443,-0.302240896358543,0.201120448179272,0.405322128851541,-0.0380952380952381,-0.0182072829131653,0.0761904761904762,-0.202801120448179,-0.263025210084034,-0.116526610644258,0.726050420168067,0.194957983193277,0.623249299719888,-0.0453781512605042,-0.0380952380952381,-0.530812324929972,0.192717086834734,-0.31624649859944,0.0492997198879552,-0.561344537815126,0.471428571428571,-0.623249299719888,-0.0316526610644258,-0.354341736694678,0.501120448179272,0.852100840336135,0.225770308123249,-0.294957983193277,-0.225770308123249,0.289915966386555,0.0910364145658263,-0.382633053221289,0.182633053221289,0.660224089635854,-0.0492997198879552,0.00812324929971989,0.0445378151260504,-0.230532212885154,0.231932773109244,0.148739495798319,0.249019607843137,0.537535014005602,-0.586274509803922,-0.32436974789916,0.694677871148459,0.600840336134454,-0.117927170868347,0.559383753501401,-0.393557422969188,-0.109803921568627,-0.000840336134453782,0.587675070028011,-0.580392156862745,-0.0588235294117647,-0.108963585434174,0.157422969187675,NA,0.116526610644258,-0.0997198879551821,0.240896358543417,0.299719887955182,-0.0686274509803922,-0.65546218487395,-0.0445378151260504,0.0658263305322129,-0.100840336134454,0.402240896358543,-0.487675070028011,0.579551820728291,0.300840336134454,-0.162464985994398,0.601120448179272,0.751260504201681,-0.216806722689076,-0.0361344537815126,-0.411764705882353,-0.296638655462185,0.411484593837535,-0.194957983193277,-0.35266106442577,-0.271148459383754,0.211204481792717,-0.130532212885154,-0.153501400560224,0.137535014005602,0.622408963585434,0.750140056022409,-0.172549019607843,-0.293557422969188,-0.286274509803922,0.668067226890756,0.669467787114846,-0.384313725490196,0.694397759103642,0.145658263305322,0.217366946778712,0.00476190476190476,0.431652661064426,-0.547058823529412,-0.387114845938375,0.22156862745098,-0.0327731092436975,0.396358543417367,0.16750700280112,-0.142857142857143,0.117366946778712,0.236414565826331
OTU_119,0.182913165266106,-0.310084033613445,0.411764705882353,-0.273389355742297,-0.267787114845938,-0.453781512605042,-0.166106442577031,-0.00476190476190476,-0.536134453781513,-0.253781512605042,-0.00364145658263305,0.102801120448179,-0.00560224089635854,0.195518207282913,0.0176470588235294,0.0243697478991597,0.271708683473389,-0.0316526610644258,-0.0521008403361345,-0.142577030812325,-0.0658263305322129,-0.00168067226890756,-0.15266106442577,-0.0439775910364146,-0.418767507002801,0.0145658263305322,0.170588235294118,-0.25546218487395,-0.390196078431373,-0.389355742296919,-0.342857142857143,-0.301120448179272,0.436694677871149,0.23781512605042,-0.279271708683473,-0.433053221288515,-0.627731092436975,-0.572829131652661,-0.00952380952380952,-0.226890756302521,-0.243137254901961,0.363025210084034,0.363025210084034,0.131372549019608,0.0798319327731093,-0.178991596638655,0.164425770308123,-0.238375350140056,-0.100280112044818,0.318767507002801,0.233333333333333,0.0431372549019608,0.0834733893557423,-0.514565826330532,-0.420728291316527,-0.382633053221289,-0.405602240896359,-0.132212885154062,-0.322408963585434,-0.0450980392156863,-0.0145658263305322,-0.440896358543417,0.236414565826331,-0.472268907563025,-0.305322128851541,-0.334173669467787,-0.0478991596638655,-0.179271708683473,0.263865546218487,0.0495798319327731,-0.251540616246499,-0.0352941176470588,0.0224089635854342,-0.647899159663866,0.0739495798319328,-0.372549019607843,-0.386274509803922,-0.50140056022409,-0.15266106442577,-0.453221288515406,0.096078431372549,-0.0159663865546219,-0.187114845938375,0.146778711484594,0.353221288515406,0.0605042016806723,-0.108963585434174,-0.489635854341737,-0.4,0.240056022408964,0.520728291316527,0.249019607843137,-0.18515406162465,0.249579831932773,0.163585434173669,0.117086834733894,-0.00784313725490196,0.135014005602241,0.149019607843137,0.541736694677871,-0.0543417366946779,-0.348459383753501,0.0431372549019608,0.116526610644258,NA,-0.140896358543417,-0.454901960784314,0.231652661064426,0.0411764705882353,0.0795518207282913,0.557983193277311,0.0890756302521009,0.156862745098039,-0.205602240896359,0.47703081232493,-0.0633053221288516,0.38515406162465,-0.504761904761905,0.11624649859944,0.00756302521008403,0.518767507002801,0.120168067226891,-0.00252100840336135,0.00336134453781513,-0.0775910364145658,-0.217086834733894,0.495798319327731,-0.156582633053221,0.296078431372549,-0.193557422969188,0.120728291316527,0.621848739495798,-0.209243697478992,-0.0630252100840336,0.240056022408964,0.127170868347339,0.00504201680672269,0.0448179271708684,0.176470588235294,-0.0109243697478992,-0.0210084033613445,-0.168627450980392,-0.25546218487395,0.101960784313726,-0.00644257703081233,-0.470028011204482,0.120728291316527,-0.0406162464985994,0.0563025210084034,-0.0257703081232493,-0.0815126050420168,0.107843137254902,-0.0689075630252101,-0.0201680672268908
OTU_121,0.332773109243698,-0.331652661064426,0.438375350140056,-0.219607843137255,-0.40140056022409,-0.350980392156863,-0.00812324929971989,-0.240896358543417,0.111764705882353,0.0971988795518207,-0.153501400560224,0.104481792717087,0.674509803921569,0.153221288515406,-0.380672268907563,0.175070028011204,-0.232773109243698,0.601680672268908,-0.195798319327731,0.548459383753501,-0.208403361344538,0.142857142857143,0.122128851540616,-0.0532212885154062,-0.126610644257703,0.56358543417367,0.465826330532213,-0.413165266106443,0.237535014005602,0.36890756302521,-0.0985994397759104,-0.495238095238095,-0.0879551820728291,0.225490196078431,-0.434733893557423,-0.436974789915966,-0.0658263305322129,0.250980392156863,0.51484593837535,0.109803921568627,0.648179271708684,0.540336134453782,-0.0375350140056022,0.102521008403361,0.603081232492997,0.156302521008403,-0.0873949579831933,0.36218487394958,-0.360504201680672,0.40952380952381,0.492156862745098,0.569467787114846,0.0759103641456583,-0.0126050420168067,-0.385714285714286,-0.373389355742297,-0.292717086834734,0.0151260504201681,0.113445378151261,0.263865546218487,0.363025210084034,-0.0700280112044818,0.0907563025210084,-0.122408963585434,-0.240056022408964,-0.266106442577031,-0.296918767507003,0.196078431372549,-0.315966386554622,-0.582633053221289,-0.216526610644258,-0.0260504201680672,0.0291316526610644,0.13921568627451,0.0932773109243698,-0.39187675070028,0.053781512605042,-0.266386554621849,0.0574229691876751,-0.0515406162464986,-0.234173669467787,0.588235294117647,-0.0596638655462185,0.381792717086835,-0.0369747899159664,-0.275070028011205,-0.321848739495798,0.21624649859944,0.170028011204482,-0.0473389355742297,-0.166946778711485,-0.316806722689076,0.409243697478992,-0.228851540616247,0.330812324929972,-0.48375350140056,-0.619607843137255,0.703081232492997,0.407002801120448,-0.188235294117647,-0.418487394957983,-0.260504201680672,-0.462745098039216,-0.0997198879551821,-0.140896358543417,NA,0.0484593837535014,0.626890756302521,0.516526610644258,-0.354341736694678,0.0672268907563025,0.707843137254902,-0.103641456582633,0.57563025210084,-0.180112044817927,0.417647058823529,0.408683473389356,-0.128011204481793,0.114565826330532,0.115406162464986,-0.0117647058823529,0.357983193277311,0.412044817927171,0.277591036414566,-0.0100840336134454,-0.459943977591037,-0.24733893557423,-0.505042016806723,0.162464985994398,0.618767507002801,-0.0392156862745098,0.125210084033613,0.185434173669468,0.0837535014005602,0.0204481792717087,0.263585434173669,0.290196078431373,0.270588235294118,0.169467787114846,-0.569747899159664,0.324649859943978,0.057703081232493,0.124089635854342,0.0988795518207283,-0.00504201680672269,-0.151260504201681,-0.453221288515406,0.201120448179272,0.35546218487395,-0.0621848739495798,-0.0403361344537815,-0.490476190476191,-0.0173669467787115,-0.0946778711484594
OTU_122,0.193557422969188,-0.0985994397759104,0.0521008403361345,0.131932773109244,-0.163025210084034,-0.00868347338935574,-0.0151260504201681,-0.445658263305322,0.572549019607843,0.161904761904762,-0.318487394957983,0.19047619047619,0.208963585434174,0.113725490196078,-0.382913165266106,-0.177310924369748,-0.264145658263305,0.200560224089636,0.10812324929972,0.11624649859944,0.0182072829131653,0.410084033613445,0.214005602240896,0.0873949579831933,0.279551820728291,0.0324929971988796,0.0803921568627451,0.11484593837535,0.10672268907563,0.482913165266107,0.0719887955182073,-0.0957983193277311,-0.202801120448179,-0.0198879551820728,-0.108403361344538,0,0.589075630252101,0.698599439775911,0.175350140056022,0.323249299719888,0.292997198879552,-0.10812324929972,-0.0358543417366947,-0.430532212885154,0.0207282913165266,0.315406162464986,-0.122689075630252,0.205042016806723,-0.124929971988796,0.0134453781512605,0.0240896358543417,0.065266106442577,0.10672268907563,0.3,0.0364145658263305,0.261904761904762,0.0226890756302521,0.175350140056022,0.698319327731093,0.236694677871148,0.0563025210084034,0.111204481792717,-0.177310924369748,0.496638655462185,0.1296918767507,0.200280112044818,-0.166386554621849,0.0507002801120448,-0.352941176470588,-0.244257703081233,-0.136694677871148,0.0904761904761905,0.267226890756303,0.828571428571429,0.0324929971988796,0.0207282913165266,0.124649859943978,0.333613445378151,-0.243417366946779,0.215126050420168,0.0675070028011205,0.0333333333333333,0.281232492997199,0.0549019607843137,-0.346778711484594,0.128571428571429,-0.0411764705882353,0.563305322128852,0.295238095238095,-0.214005602240896,-0.343977591036415,-0.0745098039215686,0.311204481792717,-0.0747899159663866,0.127450980392157,-0.214285714285714,-0.212044817927171,0.0310924369747899,0.231652661064426,-0.442577030812325,-0.00812324929971989,-0.02296918767507,-0.24733893557423,0.240896358543417,-0.454901960784314,0.0484593837535014,NA,0.209243697478992,0.126610644257703,-0.220448179271709,-0.289355742296919,0.172549019607843,-0.103081232492997,0.331372549019608,-0.391596638655462,0.155742296918768,-0.0610644257703081,0.0557422969187675,0.27563025210084,0.487114845938375,-0.248179271708684,0.0795518207282913,0.0593837535014006,0.128571428571429,0.340336134453782,-0.00168067226890756,-0.340336134453782,-0.0196078431372549,-0.0966386554621849,0.135014005602241,-0.00364145658263305,-0.282633053221289,0.161344537815126,0.339495798319328,0.0605042016806723,-0.275070028011205,0.0434173669467787,0.179831932773109,0.0896358543417367,-0.247619047619048,0.356022408963586,0.1296918767507,0.534453781512605,0.11484593837535,0.205602240896359,-0.173949579831933,-0.0991596638655462,0.271708683473389,0.0557422969187675,0.249299719887955,0.22296918767507,-0.185994397759104,0.373669467787115,-0.0296918767507003
OTU_125,0.723809523809524,-0.744257703081233,0.737254901960784,-0.328291316526611,-0.7296918767507,-0.741456582633053,-0.195518207282913,-0.533893557422969,0.0198879551820728,0.128291316526611,-0.536414565826331,0.243977591036415,0.705882352941177,0.56218487394958,-0.710084033613446,-0.107282913165266,-0.327170868347339,0.6296918767507,0.0369747899159664,0.284873949579832,-0.225770308123249,0.324929971988796,0.284593837535014,0.252941176470588,-0.347619047619048,0.616806722689076,0.667226890756303,-0.641736694677871,0.151540616246499,0.454901960784314,-0.32156862745098,-0.791316526610644,0.0100840336134454,0.465546218487395,-0.714005602240896,-0.790756302521008,-0.103081232492997,0.203081232492997,0.402240896358543,0.310644257703081,0.614565826330532,0.805042016806723,0.153221288515406,-0.179831932773109,0.7296918767507,0.380672268907563,-0.150700280112045,0.23781512605042,-0.633613445378151,0.679831932773109,0.764705882352941,0.564425770308123,0.0156862745098039,-0.26750700280112,-0.734733893557423,-0.658263305322129,-0.620168067226891,0.292717086834734,0.214565826330532,0.480952380952381,0.316806722689076,-0.298879551820728,-0.107282913165266,-0.187114845938375,-0.553501400560224,-0.538655462184874,-0.648739495798319,0.192436974789916,-0.543417366946779,-0.607002801120448,-0.482913165266107,0.100840336134454,0.361064425770308,0.0899159663865546,-0.0288515406162465,-0.738935574229692,-0.195238095238095,-0.317086834733894,-0.337535014005602,-0.246218487394958,0.019047619047619,0.611484593837535,0.0428571428571429,0.514565826330532,0.131652661064426,-0.161344537815126,-0.366106442577031,0.250140056022409,0.190756302521008,-0.216806722689076,0.117086834733894,0.0507002801120448,0.594957983193277,-0.157142857142857,0.719327731092437,-0.675910364145658,-0.723249299719888,0.867787114845939,0.78515406162465,-0.150420168067227,-0.541456582633053,-0.534173669467787,-0.482913165266107,0.299719887955182,0.231652661064426,0.626890756302521,0.209243697478992,NA,0.533053221288516,-0.633053221288515,0.25266106442577,0.772829131652661,0.0647058823529412,0.661624649859944,0.0212885154061625,0.619047619047619,0.788515406162465,-0.467787114845938,0.512885154061625,0.395798319327731,0.343417366946779,0.480952380952381,0.257983193277311,0.123249299719888,0.10672268907563,-0.636414565826331,0.0322128851540616,-0.696078431372549,0.407843137254902,0.54453781512605,0.185994397759104,0.406442577030812,0.335574229691877,0.471428571428571,0.188795518207283,0.262464985994398,0.222128851540616,0.626890756302521,0.388515406162465,-0.833053221288516,0.60140056022409,0.0484593837535014,0.202801120448179,0.0554621848739496,0.189635854341737,-0.543697478991597,-0.565266106442577,0.199439775910364,0.485714285714286,0.042296918767507,0.00756302521008403,-0.456302521008403,0.0358543417366947,-0.0549019607843137
OTU_126,0.23921568627451,-0.280952380952381,0.265826330532213,-0.199159663865546,-0.527170868347339,-0.675910364145658,0.42436974789916,-0.40140056022409,0.268627450980392,0.0943977591036415,-0.326610644257703,-0.163585434173669,0.756862745098039,0.173389355742297,-0.411204481792717,-0.0991596638655462,-0.328851540616247,0.729131652661065,-0.383193277310924,0.464985994397759,0.0697478991596639,0.543417366946779,-0.184033613445378,-0.128011204481793,0.178991596638655,0.621848739495798,-0.0092436974789916,-0.753501400560224,-0.194117647058824,0.18515406162465,-0.243137254901961,-0.715686274509804,-0.304201680672269,-0.065546218487395,-0.726330532212885,-0.439775910364146,0.0490196078431373,0.238095238095238,0.10812324929972,-0.0263305322128852,0.445658263305322,0.56218487394958,0.493837535014006,0.18515406162465,0.466946778711485,-0.0851540616246499,-0.586834733893557,0.593557422969188,-0.646218487394958,0.74733893557423,0.518767507002801,0.866386554621849,-0.458823529411765,-0.0425770308123249,-0.672549019607843,-0.45546218487395,-0.746498599439776,-0.0719887955182073,0.150420168067227,0.307563025210084,0.759663865546219,-0.451820728291317,-0.0775910364145658,0.156582633053221,-0.569747899159664,-0.0893557422969188,-0.304201680672269,0,-0.110364145658263,-0.762745098039216,-0.708683473389356,-0.520168067226891,-0.205042016806723,0.184593837535014,-0.296358543417367,-0.601960784313726,-0.369187675070028,-0.0647058823529412,0.0778711484593838,-0.0092436974789916,-0.497198879551821,0.793837535014006,0.325490196078431,0.610084033613446,-0.0364145658263305,0.0372549019607843,-0.780672268907563,0.330252100840336,-0.0507002801120448,-0.16750700280112,0.0112044817927171,-0.0336134453781513,0.0997198879551821,0.084873949579832,0.23781512605042,-0.476750700280112,-0.83249299719888,0.605042016806723,0.299439775910364,-0.220168067226891,-0.76890756302521,-0.476190476190476,-0.739495798319328,-0.0686274509803922,0.0411764705882353,0.516526610644258,0.126610644257703,0.533053221288516,NA,-0.319607843137255,-0.0375350140056022,0.472829131652661,-0.019047619047619,0.505042016806723,-0.0218487394957983,0.175070028011204,0.412324929971989,-0.436694677871149,0.445658263305322,0.328291316526611,0.2296918767507,0.788795518207283,0.0196078431372549,0.555742296918768,0.351820728291317,-0.640616246498599,-0.0140056022408964,-0.431372549019608,0.63249299719888,0.808683473389356,0.403641456582633,0.359663865546219,-0.20672268907563,0.0697478991596639,0.476190476190476,0.189355742296919,0.708963585434174,0.174509803921569,0.0364145658263305,-0.560224089635854,0.22156862745098,0.466666666666667,0.45406162464986,0.317086834733894,0.337254901960784,-0.359663865546219,-0.441736694677871,0.568067226890756,0.632773109243698,0.366386554621849,0.3296918767507,-0.298879551820728,0.223529411764706,0.0565826330532213
OTU_127,-0.788795518207283,0.690476190476191,-0.296078431372549,-0.019327731092437,0.418487394957983,0.453221288515406,0.163025210084034,0.470028011204482,-0.159383753501401,-0.607563025210084,0.70140056022409,-0.226330532212885,-0.448459383753501,-0.716806722689076,0.866386554621849,0.36218487394958,0.735294117647059,-0.391596638655462,-0.493557422969188,0.115686274509804,-0.026890756302521,-0.278711484593838,-0.647619047619048,-0.690476190476191,0.129411764705882,-0.580392156862745,-0.503361344537815,0.407843137254902,-0.536134453781513,-0.722128851540616,-0.0218487394957983,0.504761904761905,0.385994397759104,-0.445378151260504,0.451540616246499,0.445658263305322,-0.148739495798319,-0.486834733893557,0.0400560224089636,-0.745098039215686,-0.46358543417367,-0.48375350140056,0.143697478991597,0.63921568627451,-0.561904761904762,-0.782352941176471,0.27843137254902,-0.323529411764706,0.539495798319328,-0.414005602240896,-0.614285714285714,-0.35546218487395,0.192997198879552,0.0487394957983193,0.485714285714286,0.596638655462185,0.368347338935574,-0.678711484593838,-0.219047619047619,-0.630252100840336,-0.195798319327731,-0.0263305322128852,0.573109243697479,-0.167787114845938,0.550980392156863,0.326610644257703,0.783473389355742,-0.494957983193277,0.835574229691877,0.417647058823529,0.368067226890756,-0.338375350140056,-0.627731092436975,-0.28515406162465,0.323529411764706,0.51484593837535,-0.223529411764706,-0.104481792717087,0.389635854341737,-0.179271708683473,-0.398039215686275,-0.435574229691877,-0.183193277310924,-0.204481792717087,0.0890756302521009,-0.0607843137254902,0.125770308123249,-0.426890756302521,-0.65546218487395,0.595518207282913,0.245378151260504,-0.301960784313726,-0.770588235294118,0.360224089635854,-0.76078431372549,0.754621848739496,0.482633053221289,-0.452100840336135,-0.795238095238095,0.62296918767507,0.396358543417367,0.225210084033613,0.203361344537815,-0.65546218487395,0.0795518207282913,-0.354341736694678,-0.220448179271709,-0.633053221288515,-0.319607843137255,NA,0.156302521008403,-0.515406162464986,-0.119887955182073,-0.788795518207283,0.355742296918768,-0.753501400560224,-0.473389355742297,0.135294117647059,-0.617927170868347,-0.596638655462185,-0.0168067226890756,-0.146778711484594,0.0795518207282913,0.147899159663866,-0.368627450980392,0.547058823529412,0.268347338935574,0.657703081232493,-0.301680672268908,-0.317647058823529,0.0717086834733894,-0.0254901960784314,-0.688235294117647,-0.722689075630252,-0.0131652661064426,0.00448179271708684,0.0238095238095238,-0.804201680672269,-0.582072829131653,0.714565826330532,-0.692156862745098,-0.117647058823529,-0.193837535014006,0.150140056022409,-0.362745098039216,0.404481792717087,0.670028011204482,-0.150980392156863,-0.187114845938375,-0.264705882352941,-0.225770308123249,0.217927170868347,-0.197478991596639,-0.232212885154062
OTU_128,0.141456582633053,-0.250700280112045,0.632773109243698,-0.038375350140056,-0.406442577030812,-0.336414565826331,-0.420448179271709,-0.125770308123249,-0.473389355742297,-0.469187675070028,-0.0170868347338936,0.394397759103642,-0.00588235294117647,0.182072829131653,0.0324929971988796,0.0526610644257703,0.448179271708684,0.207282913165266,-0.00868347338935574,0.10952380952381,-0.241456582633053,0.105602240896359,-0.155742296918768,-0.198319327731092,-0.61764705882353,-0.0913165266106443,0.389075630252101,-0.1296918767507,-0.295798319327731,-0.311204481792717,-0.633613445378151,-0.343417366946779,0.68655462184874,0.417366946778712,-0.312605042016807,-0.526050420168067,-0.515126050420168,-0.479551820728291,0.433613445378151,-0.280392156862745,-0.00784313725490196,0.368347338935574,0.26078431372549,0.19859943977591,0.195238095238095,-0.207843137254902,0.380112044817927,-0.436694677871149,-0.133053221288515,0.261064425770308,0.170588235294118,0.0196078431372549,0.211764705882353,-0.518767507002801,-0.301120448179272,-0.287955182072829,-0.152100840336134,-0.277871148459384,-0.219887955182073,-0.00252100840336135,-0.159663865546219,-0.438095238095238,0.526890756302521,-0.461904761904762,-0.103081232492997,-0.425210084033613,0.0420168067226891,-0.500840336134454,0.218207282913165,-0.0442577030812325,-0.00448179271708684,0.0756302521008403,0.019047619047619,-0.363025210084034,0.455742296918768,-0.309803921568628,-0.266106442577031,-0.57563025210084,-0.287114845938375,-0.685714285714286,0.0546218487394958,-0.157422969187675,-0.0969187675070028,0.236134453781513,0.539775910364146,-0.113725490196078,0.0879551820728291,-0.534173669467787,-0.368347338935574,0.518487394957983,0.387394957983193,-0.158543417366947,-0.0736694677871149,0.123529411764706,0.0565826330532213,0.24733893557423,-0.164425770308123,0.219327731092437,-0.00756302521008403,0.559103641456583,0.119607843137255,-0.423809523809524,-0.0535014005602241,-0.0445378151260504,0.557983193277311,0.0672268907563025,-0.289355742296919,0.25266106442577,-0.0375350140056022,0.156302521008403,NA,0.347899159663866,0.0677871148459384,-0.286834733893557,0.308683473389356,-0.208963585434174,0.400280112044818,-0.54733893557423,-0.194677871148459,-0.130812324929972,0.216526610644258,0.0985994397759104,0.476750700280112,0.251260504201681,-0.20672268907563,-0.0742296918767507,0.428851540616247,-0.166666666666667,0.299719887955182,-0.0212885154061625,0.133333333333333,0.582633053221289,-0.188515406162465,-0.154341736694678,0.219327731092437,0.358263305322129,-0.0549019607843137,-0.0397759103641457,-0.038375350140056,0.00532212885154062,-0.187114845938375,-0.24733893557423,-0.427731092436975,-0.0543417366946779,-0.202521008403361,-0.299719887955182,0.265266106442577,-0.0879551820728291,0.264425770308123,-0.135294117647059,-0.571148459383754,-0.137254901960784,-0.34453781512605,-0.259663865546219
OTU_129,0.440056022408964,-0.441176470588235,0.680952380952381,-0.196078431372549,-0.584033613445378,-0.482633053221289,-0.213165266106443,-0.364145658263305,0.0686274509803922,0.000840336134453782,-0.23921568627451,0.219607843137255,0.711484593837535,0.301680672268908,-0.494117647058824,0.137254901960784,-0.105322128851541,0.60672268907563,-0.0495798319327731,0.35266106442577,-0.209243697478992,0.246218487394958,0.103081232492997,0.0165266106442577,-0.276470588235294,0.521848739495798,0.654341736694678,-0.387675070028011,0.0879551820728291,0.259383753501401,-0.318767507002801,-0.569187675070028,0.222128851540616,0.401960784313726,-0.524089635854342,-0.723529411764706,-0.129411764705882,0.213445378151261,0.723529411764706,0.13249299719888,0.531652661064426,0.618207282913165,0.101960784313726,-0.0859943977591037,0.644817927170868,0.192436974789916,0.0686274509803922,0.15266106442577,-0.498039215686275,0.49187675070028,0.414565826330532,0.483473389355742,0.0812324929971989,-0.190196078431373,-0.557142857142857,-0.518487394957983,-0.459383753501401,0.0759103641456583,0.171708683473389,0.228571428571429,0.154621848739496,-0.171988795518207,0.215686274509804,-0.150420168067227,-0.313725490196078,-0.561344537815126,-0.447899159663866,-0.0282913165266106,-0.387955182072829,-0.474229691876751,-0.203921568627451,0.0803921568627451,0.162745098039216,0.16218487394958,0.199159663865546,-0.584033613445378,-0.154341736694678,-0.324929971988796,-0.333333333333333,-0.383473389355742,-0.102521008403361,0.481512605042017,-0.0179271708683473,0.468347338935574,0.273389355742297,-0.337254901960784,-0.20812324929972,-0.00476190476190476,0.153781512605042,0.116526610644258,-0.0092436974789916,-0.33781512605042,0.470868347338936,-0.318767507002801,0.46358543417367,-0.419327731092437,-0.657422969187675,0.736974789915966,0.560504201680672,-0.0411764705882353,-0.227170868347339,-0.430532212885154,-0.480952380952381,0.0658263305322129,0.0890756302521009,0.707843137254902,0.172549019607843,0.772829131652661,0.472829131652661,-0.515406162464986,0.347899159663866,NA,0.00476190476190476,0.531652661064426,-0.0901960784313726,0.370868347338936,0.574229691876751,-0.368347338935574,0.174509803921569,0.171708683473389,0.110364145658263,0.358823529411765,0.580952380952381,0.242577030812325,0.0364145658263305,-0.422408963585434,-0.0322128851540616,-0.611764705882353,0.224929971988796,0.471708683473389,0.0282913165266106,0.259943977591036,0.173669467787115,0.176750700280112,0.204481792717087,0.333893557422969,0.163585434173669,0.358823529411765,0.191036414565826,-0.607563025210084,0.316526610644258,-0.069187675070028,0.0126050420168067,-0.0638655462184874,0.0644257703081233,-0.279831932773109,-0.361064425770308,0.0439775910364146,0.413725490196078,0.019047619047619,-0.112324929971989,-0.355182072829132,-0.0327731092436975,-0.167787114845938
OTU_131,-0.0411764705882353,0.0389355742296919,-0.0322128851540616,-0.0714285714285714,-0.0666666666666667,-0.0862745098039216,0.143697478991597,0.030812324929972,0.321848739495798,-0.0787114845938375,-0.0529411764705882,-0.177591036414566,0.101680672268908,0.0467787114845938,-0.0686274509803922,0.00112044817927171,-0.144257703081233,0.0257703081232493,-0.123249299719888,0.096358543417367,-0.00532212885154062,0.24733893557423,0.0128851540616247,0.0745098039215686,-0.0355742296918768,0.108683473389356,0.0137254901960784,-0.266666666666667,0.0470588235294118,0.0554621848739496,-0.0162464985994398,-0.10812324929972,-0.0901960784313726,0.0361344537815126,0.0327731092436975,-0.0207282913165266,0.234173669467787,0.0708683473389356,-0.132773109243698,0.0168067226890756,0.130532212885154,0.0431372549019608,-0.0663865546218488,0.038655462184874,0.197759103641457,0.000280112044817927,0.00168067226890756,-0.111484593837535,-0.115126050420168,-0.0151260504201681,0.0778711484593838,0.177310924369748,-0.31484593837535,-0.0140056022408964,-0.0929971988795518,-0.254341736694678,-0.0467787114845938,0.0994397759103642,-0.289355742296919,0.00112044817927171,-0.0201680672268908,0.0815126050420168,-0.214285714285714,0.110084033613445,-0.0257703081232493,-0.23781512605042,-0.169187675070028,0.0280112044817927,-0.0899159663865546,-0.113445378151261,0.0436974789915966,-0.0927170868347339,-0.0994397759103642,-0.0641456582633053,-0.339495798319328,-0.107843137254902,-0.0563025210084034,0.376750700280112,-0.0711484593837535,-0.106162464985994,-0.0736694677871149,0.182352941176471,0.30952380952381,-0.0722689075630252,0.155742296918768,-0.129131652661064,-0.0305322128851541,0.0913165266106443,0.0843137254901961,-0.234453781512605,0.423529411764706,-0.110924369747899,0.0389355742296919,-0.234173669467787,0.00840336134453782,-0.0512605042016807,-0.0775910364145658,0.182913165266106,0.0257703081232493,0.0991596638655462,-0.273389355742297,-0.011484593837535,-0.230812324929972,-0.100840336134454,0.156862745098039,-0.103641456582633,-0.103081232492997,0.0647058823529412,-0.019047619047619,-0.119887955182073,0.0677871148459384,0.00476190476190476,NA,0.177871148459384,0.348459383753501,-0.00784313725490196,0.136414565826331,-0.0661064425770308,0.0619047619047619,-0.0955182072829132,0.538655462184874,-0.149019607843137,-0.0389355742296919,0.120728291316527,-0.120168067226891,-0.148459383753501,0.555742296918768,-0.149019607843137,0.126050420168067,0.0677871148459384,0.225210084033613,-0.248459383753501,0.0322128851540616,-0.0644257703081233,0.0784313725490196,0.175070028011204,0.132212885154062,0.0750700280112045,0.0434173669467787,0.034453781512605,0.0198879551820728,-0.116806722689076,-0.187394957983193,-0.38655462184874,0.0568627450980392,0.030812324929972,-0.0582633053221289,-0.187394957983193,-0.0470588235294118,-0.128291316526611,0.0605042016806723,0.272549019607843,-0.156302521008403,0.154901960784314
OTU_140,0.623529411764706,-0.549579831932773,0.243137254901961,-0.0868347338935574,-0.37843137254902,-0.410644257703081,0.0745098039215686,-0.436134453781513,0.399159663865546,0.56358543417367,-0.559383753501401,0.0568627450980392,0.6703081232493,0.539495798319328,-0.789355742296919,-0.115126050420168,-0.736414565826331,0.510364145658263,0.186834733893557,0.245098039215686,0.0218487394957983,0.34593837535014,0.538375350140056,0.478151260504202,0.0708683473389356,0.727731092436975,0.397759103641457,-0.473949579831933,0.505602240896359,0.817366946778712,0.161344537815126,-0.526050420168067,-0.522128851540616,0.293837535014006,-0.468347338935574,-0.365266106442577,0.275350140056022,0.643137254901961,0.0591036414565826,0.656302521008403,0.678151260504202,0.489635854341737,-0.137254901960784,-0.397478991596639,0.655742296918768,0.660504201680672,-0.382633053221289,0.493557422969188,-0.567787114845938,0.446218487394958,0.606442577030812,0.567507002801121,-0.276750700280112,0.153221288515406,-0.441176470588235,-0.480672268907563,-0.343137254901961,0.577591036414566,0.191036414565826,0.589355742296919,0.397759103641457,0.0985994397759104,-0.568067226890756,0.242857142857143,-0.444817927170868,-0.20672268907563,-0.654341736694678,0.648179271708684,-0.76218487394958,-0.57703081232493,-0.413165266106443,0.191596638655462,0.47563025210084,0.40672268907563,-0.377871148459384,-0.438375350140056,0.197478991596639,0.177591036414566,-0.101120448179272,0.343977591036415,0.109803921568627,0.7,0.129131652661064,0.341736694677871,-0.305042016806723,-0.173389355742297,-0.276190476190476,0.611204481792717,0.585714285714286,-0.659383753501401,-0.282072829131653,0.171988795518207,0.703361344537815,-0.374229691876751,0.68375350140056,-0.803921568627451,-0.639495798319328,0.657703081232493,0.749579831932773,-0.663865546218487,-0.563025210084034,-0.180952380952381,-0.383193277310924,0.402240896358543,-0.205602240896359,0.57563025210084,0.331372549019608,0.661624649859944,0.505042016806723,-0.788795518207283,-0.286834733893557,0.531652661064426,0.177871148459384,NA,-0.400840336134454,0.787955182072829,0.438935574229692,-0.0792717086834734,0.590476190476191,0.524089635854342,-0.00196078431372549,0.312605042016807,-0.0112044817927171,0.0271708683473389,0.26078431372549,-0.533333333333333,-0.326330532212885,-0.563025210084034,0.311764705882353,0.587955182072829,0.0179271708683473,-0.05406162464986,0.59327731092437,0.586274509803922,-0.0126050420168067,-0.111484593837535,0.166106442577031,0.70812324929972,0.461344537815126,-0.701680672268908,0.714005602240896,0.156862745098039,0.407843137254902,0.0406162464985994,0.361344537815126,-0.27563025210084,-0.768347338935574,0.215126050420168,0.223529411764706,0.216806722689076,0.420168067226891,-0.272268907563025,0.100560224089636,0.217086834733894
OTU_144,-0.24453781512605,0.0988795518207283,0.119607843137255,-0.276470588235294,-0.0403361344537815,-0.24453781512605,-0.0184873949579832,0.335294117647059,-0.29859943977591,-0.414565826330532,0.330532212885154,-0.313165266106443,-0.0826330532212885,-0.248179271708684,0.424649859943978,0.312605042016807,0.381512605042017,-0.147899159663866,-0.318207282913165,0.0453781512605042,-0.198039215686275,-0.198319327731092,-0.51624649859944,-0.312324929971989,-0.324929971988796,-0.0784313725490196,-0.0319327731092437,-0.263865546218487,-0.528571428571429,-0.575070028011205,-0.22156862745098,-0.0781512605042017,0.443137254901961,-0.156582633053221,-0.0392156862745098,-0.121288515406162,-0.357983193277311,-0.676470588235294,0.0327731092436975,-0.528291316526611,-0.310924369747899,0.251260504201681,0.228851540616247,0.449859943977591,-0.0739495798319328,-0.495238095238095,0.0680672268907563,-0.262464985994398,0.0378151260504202,0.153221288515406,-0.0795518207282913,0.0543417366946779,-0.103081232492997,-0.458823529411765,-0.295238095238095,-0.273669467787115,-0.279551820728291,-0.310924369747899,-0.37563025210084,-0.514285714285714,-0.0280112044817927,-0.265546218487395,0.273389355742297,-0.498039215686275,-0.145658263305322,-0.400280112044818,0.108963585434174,-0.310924369747899,0.43921568627451,0.0890756302521009,-0.0207282913165266,-0.333053221288515,-0.512324929971989,-0.604761904761905,0.0627450980392157,-0.311764705882353,-0.531932773109244,-0.310364145658263,0.0535014005602241,-0.364985994397759,-0.294397759103641,0.103921568627451,-0.123249299719888,0.0420168067226891,0.631932773109244,-0.102240896358543,-0.210084033613445,-0.513725490196078,-0.604761904761905,0.302521008403361,0.863025210084034,-0.147619047619048,-0.412324929971989,0.347619047619048,-0.076750700280112,0.231932773109244,0.116526610644258,0.14593837535014,-0.136414565826331,0.656022408963585,-0.096078431372549,-0.240336134453782,-0.0280112044817927,-0.487675070028011,0.47703081232493,-0.180112044817927,-0.391596638655462,0.0212885154061625,-0.0218487394957983,0.355742296918768,0.308683473389356,-0.0901960784313726,0.348459383753501,-0.400840336134454,NA,-0.219327731092437,0.212044817927171,-0.178991596638655,-0.123249299719888,-0.405882352941177,0.747619047619048,0.128011204481793,0.135854341736695,-0.0201680672268908,-0.307002801120448,-0.142857142857143,0.747058823529412,-0.065546218487395,0.11484593837535,-0.0630252100840336,0.13109243697479,0.210084033613445,-0.347058823529412,-0.326890756302521,0.38515406162465,0.45266106442577,0.092436974789916,-0.217366946778712,-0.194397759103641,0.13781512605042,-0.39187675070028,-0.250700280112045,-0.347899159663866,-0.188795518207283,-0.34453781512605,0.0666666666666667,0.243137254901961,-0.311204481792717,0.130252100840336,-0.424089635854342,-0.289915966386555,0.25266106442577,-0.248179271708684,-0.153221288515406
OTU_148,0.756022408963586,-0.70672268907563,0.270868347338936,0.000840336134453782,-0.239775910364146,-0.363305322128852,-0.248179271708684,-0.273389355742297,0.0478991596638655,0.686274509803922,-0.553781512605042,0.170588235294118,0.39327731092437,0.652941176470588,-0.705602240896359,-0.0991596638655462,-0.679831932773109,0.205602240896359,0.525210084033614,-0.0759103641456583,-0.0476190476190476,0.0680672268907563,0.670028011204482,0.741456582633053,-0.238375350140056,0.604201680672269,0.542296918767507,-0.340056022408964,0.561344537815126,0.75406162464986,0.264985994397759,-0.379271708683473,-0.378991596638656,0.508683473389356,-0.350140056022409,-0.380952380952381,-0.0092436974789916,0.327731092436975,-0.1,0.772268907563025,0.422408963585434,0.542296918767507,-0.292717086834734,-0.527731092436975,0.579551820728291,0.810364145658263,-0.295798319327731,0.267226890756303,-0.434173669467787,0.390756302521008,0.561344537815126,0.266386554621849,-0.114285714285714,-0.0366946778711485,-0.415686274509804,-0.577591036414566,-0.252941176470588,0.746218487394958,0.127450980392157,0.534453781512605,0.168627450980392,0.184313725490196,-0.656302521008403,-0.0546218487394958,-0.503641456582633,-0.365266106442577,-0.727170868347339,0.777871148459384,-0.834453781512605,-0.280952380952381,-0.317366946778712,0.459943977591037,0.658543417366947,0.0803921568627451,-0.261064425770308,-0.4703081232493,0.291316526610644,-0.0400560224089636,-0.215406162464986,0.317927170868347,0.45546218487395,0.503921568627451,-0.163865546218487,0.172829131652661,-0.118487394957983,-0.113445378151261,-0.0252100840336134,0.398039215686275,0.605882352941177,-0.689915966386555,-0.185994397759104,0.434453781512605,0.779831932773109,-0.228851540616247,0.860504201680672,-0.778991596638656,-0.34453781512605,0.522689075630252,0.872549019607843,-0.623809523809524,-0.395798319327731,-0.0876750700280112,0.0218487394957983,0.579551820728291,-0.0633053221288516,0.417647058823529,0.155742296918768,0.619047619047619,0.175070028011204,-0.753501400560224,-0.208963585434174,0.370868347338936,-0.00784313725490196,0.787955182072829,-0.219327731092437,NA,0.491036414565826,0.053781512605042,0.524649859943978,0.509243697478992,0.0148459383753501,0.202240896358543,-0.102521008403361,-0.44593837535014,0.282072829131653,-0.474789915966387,-0.339495798319328,-0.574789915966387,0.128851540616247,0.257703081232493,-0.19327731092437,0.0392156862745098,0.815686274509804,0.765546218487395,-0.0515406162464986,-0.0591036414565826,-0.218487394957983,0.833053221288516,0.624929971988796,-0.673109243697479,0.725210084033614,-0.0061624649859944,0.190196078431373,-0.100560224089636,0.204481792717087,-0.323529411764706,-0.73921568627451,0.0549019607843137,0.065546218487395,-0.02296918767507,0.187675070028011,-0.268347338935574,-0.0361344537815126,0.129131652661064
OTU_149,0.669467787114846,-0.645098039215686,0.749019607843137,-0.354901960784314,-0.802521008403361,-0.840896358543417,-0.152941176470588,-0.402801120448179,-0.200840336134454,0.00224089635854342,-0.505042016806723,0.2703081232493,0.518487394957983,0.634173669467787,-0.58515406162465,-0.178711484593838,-0.265546218487395,0.523809523809524,0.0380952380952381,0.156582633053221,-0.24453781512605,0.302801120448179,0.169467787114846,0.266106442577031,-0.472549019607843,0.599159663865546,0.569187675070028,-0.719887955182073,-0.00840336134453782,0.241176470588235,-0.50812324929972,-0.767507002801121,0.206162464985994,0.513165266106443,-0.732212885154062,-0.780392156862745,-0.310924369747899,-0.131652661064426,0.261904761904762,0.184873949579832,0.447058823529412,0.790196078431373,0.335294117647059,-0.0619047619047619,0.60672268907563,0.273949579831933,-0.117647058823529,0.0459383753501401,-0.706162464985994,0.68655462184874,0.776470588235294,0.510644257703081,-0.0966386554621849,-0.470588235294118,-0.808403361344538,-0.746778711484594,-0.605042016806723,0.291036414565826,-0.0941176470588235,0.329411764705882,0.236694677871148,-0.565546218487395,-0.0613445378151261,-0.342016806722689,-0.662464985994398,-0.614565826330532,-0.532773109243697,0.113445378151261,-0.383473389355742,-0.506442577030812,-0.573389355742297,0.0644257703081233,0.296918767507003,-0.0714285714285714,-0.0988795518207283,-0.805322128851541,-0.314565826330532,-0.277310924369748,-0.384313725490196,-0.331372549019608,-0.00112044817927171,0.469187675070028,0.0179271708683473,0.626610644257703,0.336694677871148,-0.183193277310924,-0.390196078431373,-0.050140056022409,0.015406162464986,-0.139775910364146,0.287394957983193,0.188795518207283,0.455182072829132,-0.0795518207282913,0.646778711484594,-0.435294117647059,-0.661064425770308,0.787675070028011,0.634733893557423,-0.0215686274509804,-0.476190476190476,-0.684593837535014,-0.441456582633053,0.300840336134454,0.38515406162465,0.408683473389356,-0.0610644257703081,0.788515406162465,0.412324929971989,-0.473389355742297,0.400280112044818,0.574229691876751,0.136414565826331,0.438935574229692,0.212044817927171,0.491036414565826,NA,-0.68375350140056,0.54593837535014,0.24593837535014,0.436694677871149,0.488515406162465,0.184033613445378,0.150700280112045,0.0717086834733894,-0.558263305322129,0.20812324929972,-0.636974789915966,0.600840336134454,0.408963585434174,0.219887955182073,0.512885154061625,0.261344537815126,0.341176470588235,0.270028011204482,0.356302521008403,0.23781512605042,0.503641456582633,0.417647058823529,-0.715126050420168,0.402240896358543,0.131932773109244,0.0672268907563025,0.0619047619047619,0.0997198879551821,-0.617086834733894,-0.41624649859944,0.221848739495798,0.413165266106443,0.147058823529412,-0.0165266106442577,-0.372268907563025,-0.100560224089636,-0.0795518207282913
OTU_154,-0.342857142857143,0.40812324929972,-0.640616246498599,0.266386554621849,0.668347338935574,0.753221288515406,-0.0831932773109244,0.412324929971989,0.104481792717087,0.317927170868347,0.382913165266106,-0.233053221288515,-0.338095238095238,-0.429971988795518,0.314565826330532,0.345098039215686,-0.0579831932773109,-0.520168067226891,0.145658263305322,-0.203641456582633,0.0355742296918768,-0.452380952380952,0.133333333333333,0.0364145658263305,0.256302521008403,-0.34733893557423,-0.209803921568627,0.596358543417367,0.371148459383754,0.112324929971989,0.789635854341737,0.7,-0.349579831932773,-0.279551820728291,0.734453781512605,0.615966386554622,0.219047619047619,0.231372549019608,-0.174789915966387,0.172268907563025,-0.173389355742297,-0.557142857142857,-0.696918767507003,-0.113445378151261,-0.242857142857143,0.112324929971989,0.05406162464986,0.00168067226890756,0.612605042016807,-0.623809523809524,-0.535854341736695,-0.48515406162465,0.136694677871148,0.346218487394958,0.684593837535014,0.446778711484594,0.627450980392157,0.0226890756302521,0.104761904761905,-0.228571428571429,-0.246218487394958,0.873109243697479,-0.22436974789916,0.0593837535014006,0.5,0.307563025210084,0.217927170868347,0.37563025210084,-0.0717086834733894,0.425210084033613,0.584033613445378,0.246498599439776,-0.0173669467787115,0.0291316526610644,0.0484593837535014,0.621288515406163,0.491316526610644,0.220728291316527,0.310364145658263,0.504481792717087,0.189915966386555,-0.229971988795518,-0.238655462184874,-0.621288515406163,-0.382352941176471,-0.10140056022409,0.473949579831933,0.199439775910364,0.29187675070028,-0.195518207282913,-0.340896358543417,-0.0647058823529412,-0.0137254901960784,-0.0560224089635854,-0.197198879551821,0.0613445378151261,0.58515406162465,-0.405042016806723,-0.223529411764706,-0.226050420168067,0.323249299719888,0.774789915966387,0.581792717086835,-0.162464985994398,-0.504761904761905,-0.128011204481793,0.0557422969187675,-0.467787114845938,-0.436694677871149,0.135294117647059,-0.54733893557423,-0.368347338935574,-0.0661064425770308,-0.0792717086834734,-0.178991596638655,0.053781512605042,-0.68375350140056,NA,-0.433333333333333,-0.149579831932773,-0.304761904761905,-0.552100840336134,-0.104481792717087,-0.526330532212885,-0.0761904761904762,0.396358543417367,-0.327450980392157,0.429131652661065,-0.730532212885154,-0.304201680672269,-0.35406162464986,-0.690756302521009,0.234453781512605,-0.0442577030812325,-0.487675070028011,-0.231932773109244,-0.467507002801121,-0.160504201680672,-0.13781512605042,0.428851540616247,0.00672268907563025,-0.250980392156863,-0.136414565826331,-0.362464985994398,-0.184033613445378,0.59859943977591,0.0380952380952381,-0.289075630252101,-0.473669467787115,-0.39327731092437,-0.0145658263305322,0.137254901960784,-0.0380952380952381,0.19047619047619
OTU_155,0.588795518207283,-0.581232492997199,0.132773109243698,-0.240896358543417,-0.389075630252101,-0.619607843137255,0.300840336134454,-0.35546218487395,0.156022408963585,0.440056022408964,-0.627170868347339,-0.0890756302521009,0.320168067226891,0.641736694677871,-0.652100840336135,-0.422128851540616,-0.574789915966387,0.307002801120448,0.194117647058824,-0.171428571428571,0.298319327731092,0.356582633053221,0.270028011204482,0.550700280112045,0.141736694677871,0.628851540616247,0.0773109243697479,-0.597198879551821,0.0313725490196078,0.498879551820728,-0.110364145658263,-0.519607843137255,-0.413725490196078,0.103641456582633,-0.585434173669468,-0.384593837535014,0.158543417366947,0.280112044817927,-0.315686274509804,0.443137254901961,0.163305322128852,0.434173669467787,0.347619047619048,-0.319887955182073,0.269187675070028,0.472549019607843,-0.561904761904762,0.457422969187675,-0.613165266106443,0.605322128851541,0.579271708683473,0.462464985994398,-0.470868347338936,-0.0582633053221289,-0.63781512605042,-0.456022408963585,-0.613445378151261,0.66218487394958,0.1703081232493,0.513725490196078,0.348459383753501,-0.317927170868347,-0.538375350140056,0.280672268907563,-0.664985994397759,-0.0504201680672269,-0.664425770308123,0.414565826330532,-0.489915966386555,-0.356302521008403,-0.756022408963586,-0.0408963585434174,0.379271708683473,0.266946778711485,-0.659383753501401,-0.574229691876751,-0.228291316526611,0.165826330532213,-0.317927170868347,0.184033613445378,0.0579831932773109,0.407282913165266,0.15406162464986,0.490756302521008,-0.0837535014005602,0.143697478991597,-0.486834733893557,0.330532212885154,0.226890756302521,-0.648459383753502,-0.0406162464985994,0.58515406162465,0.404481792717087,0.0781512605042017,0.546498599439776,-0.575350140056022,-0.502521008403361,0.403921568627451,0.650420168067227,-0.512044817927171,-0.532773109243697,-0.526890756302521,-0.410924369747899,0.601120448179272,0.11624649859944,0.114565826330532,0.27563025210084,0.512885154061625,0.445658263305322,-0.617927170868347,-0.194677871148459,0.174509803921569,0.0619047619047619,0.590476190476191,-0.123249299719888,0.524649859943978,0.54593837535014,-0.433333333333333,NA,0.681512605042017,0.211764705882353,0.409803921568628,-0.457983193277311,0.0983193277310925,0.408963585434174,-0.544257703081233,-0.0896358543417367,-0.485714285714286,0.621848739495798,0.338375350140056,0.263865546218487,0.265266106442577,0.376190476190476,0.657142857142857,0.132773109243698,-0.112324929971989,0.289355742296919,0.612044817927171,0.612324929971989,-0.599719887955182,0.650700280112045,0.351260504201681,0.548739495798319,0.205602240896359,0.39859943977591,-0.544817927170868,-0.551820728291317,0.447058823529412,0.240616246498599,0.434453781512605,0.344257703081233,-0.12296918767507,0.189355742296919,0.2296918767507
OTU_156,0.63781512605042,-0.631372549019608,0.190196078431373,0.110364145658263,-0.301680672268908,-0.378151260504202,0.0226890756302521,-0.559663865546219,0.161344537815126,0.596358543417367,-0.701960784313726,0.251260504201681,0.32156862745098,0.584033613445378,-0.705602240896359,-0.409803921568628,-0.615126050420168,0.359663865546219,0.426890756302521,-0.121008403361345,0.366666666666667,0.533613445378151,0.491316526610644,0.545378151260504,0.136974789915966,0.417366946778712,0.150420168067227,-0.247619047619048,0.221288515406162,0.6296918767507,0.0162464985994398,-0.434733893557423,-0.513165266106443,0.227170868347339,-0.498039215686275,-0.329131652661064,0.198039215686275,0.540896358543417,-0.284033613445378,0.627450980392157,0.218487394957983,0.301120448179272,0.145378151260504,-0.540896358543417,0.243697478991597,0.628011204481793,-0.500560224089636,0.498879551820728,-0.408963585434174,0.47563025210084,0.440336134453782,0.321288515406162,-0.199439775910364,0.18515406162465,-0.366946778711485,-0.262464985994398,-0.336414565826331,0.499159663865546,0.390196078431373,0.631652661064426,0.404481792717087,-0.0563025210084034,-0.5296918767507,0.33109243697479,-0.399719887955182,0.204481792717087,-0.574509803921569,0.410924369747899,-0.530532212885154,-0.399719887955182,-0.578711484593838,0.177871148459384,0.580112044817927,0.3406162464986,-0.371428571428571,-0.345658263305322,0.15546218487395,0.0543417366946779,-0.178151260504202,0.325490196078431,0.314285714285714,0.292156862745098,0.129411764705882,0.209803921568627,-0.339495798319328,0.173669467787115,-0.209803921568627,0.430532212885154,0.431372549019608,-0.619047619047619,-0.354341736694678,0.536134453781513,0.556862745098039,0.0392156862745098,0.490476190476191,-0.560504201680672,-0.412044817927171,0.172829131652661,0.575910364145658,-0.649299719887955,-0.380392156862745,-0.148459383753501,-0.187114845938375,0.751260504201681,0.00756302521008403,0.115406162464986,0.487114845938375,0.395798319327731,0.328291316526611,-0.596638655462185,-0.130812324929972,0.171708683473389,-0.0955182072829132,0.524089635854342,-0.405882352941177,0.509243697478992,0.24593837535014,-0.149579831932773,0.681512605042017,NA,-0.103361344537815,0.296078431372549,-0.36358543417367,0.0148459383753501,0.501960784313725,-0.469467787114846,-0.415686274509804,-0.314005602240896,0.356862745098039,0.271708683473389,0.0946778711484594,0.164145658263305,0.39187675070028,0.656582633053221,0.0624649859943978,-0.233893557422969,0.050140056022409,0.578151260504202,0.622689075630252,-0.401680672268908,0.76890756302521,0.298039215686275,0.573109243697479,0.200840336134454,0.541456582633053,-0.634733893557423,-0.427450980392157,0.423529411764706,0.160224089635854,0.433333333333333,0.217086834733894,-0.269747899159664,0.130252100840336,0.259103641456583
OTU_157,0.034453781512605,-0.196918767507003,0.248459383753501,-0.451820728291317,-0.285994397759104,-0.484593837535014,0.142857142857143,0.0778711484593838,-0.092156862745098,-0.23109243697479,0.0406162464985994,-0.301680672268908,0.269747899159664,0.0568627450980392,0.0212885154061625,0.178151260504202,0.13921568627451,0.127731092436975,-0.31624649859944,0.080952380952381,0.023249299719888,0.0910364145658263,-0.336134453781513,-0.102240896358543,-0.16750700280112,0.313725490196078,0.034733893557423,-0.513165266106443,-0.441736694677871,-0.270028011204482,-0.266946778711485,-0.359943977591036,0.192997198879552,-0.0661064425770308,-0.304761904761905,-0.42296918767507,-0.142577030812325,-0.407563025210084,-0.0257703081232493,-0.296358543417367,-0.0574229691876751,0.442857142857143,0.366946778711485,0.326890756302521,0.219607843137255,-0.274229691876751,-0.0997198879551821,0.00336134453781513,-0.203921568627451,0.439495798319328,0.24593837535014,0.30140056022409,-0.300560224089636,-0.354901960784314,-0.526050420168067,-0.470028011204482,-0.523529411764706,-0.0739495798319328,-0.307843137254902,-0.139495798319328,0.212044817927171,-0.292156862745098,0.0518207282913165,-0.352380952380952,-0.304201680672269,-0.42296918767507,-0.2296918767507,-0.121008403361345,0.149019607843137,-0.152380952380952,-0.309803921568628,-0.39327731092437,-0.258263305322129,-0.42296918767507,-0.285434173669468,-0.512885154061625,-0.594957983193277,-0.084593837535014,-0.0927170868347339,-0.397198879551821,-0.287955182072829,0.322408963585434,0.0789915966386555,0.202801120448179,0.46890756302521,-0.00336134453781513,-0.426610644257703,-0.171428571428571,-0.382352941176471,-0.0375350140056022,0.741176470588235,0.0215686274509804,-0.100560224089636,0.285714285714286,0.200280112044818,-0.108963585434174,-0.201960784313726,0.423809523809524,0.183193277310924,0.426610644257703,-0.403921568627451,-0.431932773109244,-0.312885154061625,-0.216806722689076,0.518767507002801,-0.0117647058823529,-0.248179271708684,0.343417366946779,0.2296918767507,-0.0168067226890756,0.216526610644258,0.110364145658263,0.538655462184874,-0.00196078431372549,0.747619047619048,0.0148459383753501,0.436694677871149,-0.304761904761905,0.211764705882353,-0.103361344537815,NA,0.237254901960784,-0.0739495798319328,0.116526610644258,-0.247619047619048,-0.434453781512605,0.712044817927171,-0.25546218487395,0.369467787114846,0.189075630252101,0.317927170868347,0.327731092436975,-0.18375350140056,-0.0156862745098039,0.380952380952381,0.463025210084034,0.350700280112045,0.0907563025210084,0.0364145658263305,-0.110084033613445,0.0142857142857143,0.0224089635854342,-0.0481792717086835,-0.130252100840336,-0.150700280112045,-0.215686274509804,-0.114005602240896,-0.0574229691876751,0.275070028011205,-0.242296918767507,-0.0280112044817927,0.0621848739495798,-0.0630252100840336,-0.0683473389355742
OTU_161,0.250700280112045,-0.342296918767507,0.402801120448179,-0.240896358543417,-0.502240896358544,-0.67563025210084,0.338655462184874,-0.39859943977591,0.0957983193277311,0.0131652661064426,-0.371708683473389,-0.069187675070028,0.676470588235294,0.229411764705882,-0.30140056022409,-0.11624649859944,-0.181512605042017,0.66358543417367,-0.29327731092437,0.36750700280112,0.160504201680672,0.476190476190476,-0.220728291316527,-0.0756302521008403,0.0840336134453782,0.605602240896359,0.00868347338935574,-0.699159663865546,-0.299159663865546,0.103361344537815,-0.389635854341737,-0.698319327731093,-0.140336134453782,-0.0061624649859944,-0.774229691876751,-0.450700280112045,-0.0490196078431373,-0.0092436974789916,0.0478991596638655,-0.0672268907563025,0.277591036414566,0.661344537815126,0.666946778711485,0.194677871148459,0.336134453781513,-0.11484593837535,-0.518767507002801,0.54733893557423,-0.587114845938375,0.799719887955182,0.494397759103642,0.769747899159664,-0.37703081232493,-0.0711484593837535,-0.700280112044818,-0.417086834733894,-0.739495798319328,-0.042296918767507,0.144257703081233,0.245658263305322,0.736134453781513,-0.605882352941177,-0.0162464985994398,0.0750700280112045,-0.627731092436975,-0.0826330532212885,-0.242016806722689,-0.0406162464985994,0.000840336134453782,-0.684033613445378,-0.733893557422969,-0.40952380952381,-0.161904761904762,0.0549019607843137,-0.259943977591036,-0.634453781512605,-0.447899159663866,-0.163305322128852,0.0971988795518207,-0.0515406162464986,-0.441176470588235,0.690196078431373,0.157703081232493,0.782913165266107,0.10952380952381,0.0784313725490196,-0.700560224089636,0.131932773109244,-0.176750700280112,-0.124089635854342,0.0397759103641457,0.141176470588235,0.053781512605042,0.234173669467787,0.23781512605042,-0.375070028011205,-0.77170868347339,0.533333333333333,0.327731092436975,-0.142016806722689,-0.687114845938375,-0.519047619047619,-0.629131652661065,-0.0361344537815126,0.120168067226891,0.357983193277311,0.0795518207282913,0.480952380952381,0.788795518207283,-0.146778711484594,0.0985994397759104,0.358823529411765,-0.149019607843137,0.312605042016807,0.128011204481793,0.202240896358543,0.488515406162465,-0.552100840336134,0.409803921568628,0.296078431372549,0.237254901960784,NA,-0.0675070028011205,0.444537815126051,0.289915966386555,-0.614285714285714,0.0324929971988796,-0.381792717086835,0.668627450980392,0.714005602240896,0.443137254901961,0.534173669467787,-0.246778711484594,0.133893557422969,0.549579831932773,0.228851540616247,0.599159663865546,0.146778711484594,-0.0260504201680672,-0.50672268907563,0.0932773109243698,0.465826330532213,0.428851540616247,0.428291316526611,0.345378151260504,-0.443137254901961,-0.392156862745098,0.487675070028011,0.592156862745098,0.280672268907563,0.221848739495798,-0.268067226890756,0.0680672268907563,0.0120448179271709
OTU_162,0.00476190476190476,0.0599439775910364,0.474229691876751,0.0927170868347339,-0.285994397759104,-0.0557422969187675,-0.457142857142857,-0.0355742296918768,-0.0372549019607843,-0.424929971988796,0.236974789915966,0.29327731092437,0.189075630252101,-0.160504201680672,0.0607843137254902,0.372829131652661,0.328011204481793,0.231372549019608,-0.157422969187675,0.48655462184874,-0.612885154061625,-0.112605042016807,-0.0815126050420168,-0.410924369747899,-0.461344537815126,-0.0823529411764706,0.543137254901961,0.092436974789916,0.0535014005602241,-0.0974789915966387,-0.267787114845938,-0.120728291316527,0.60812324929972,0.296078431372549,-0.00532212885154062,-0.296358543417367,-0.193557422969188,-0.0224089635854342,0.842296918767507,-0.232212885154062,0.395798319327731,0.192156862745098,-0.239775910364146,0.165546218487395,0.285994397759104,-0.154621848739496,0.480392156862745,-0.391036414565826,0.0403361344537815,-0.0868347338935574,0.0145658263305322,-0.00140056022408964,0.444257703081233,-0.293837535014006,-0.0602240896358543,-0.0610644257703081,0.0927170868347339,-0.411484593837535,-0.00700280112044818,-0.253221288515406,-0.260224089635854,-0.0574229691876751,0.573669467787115,-0.291036414565826,0.187394957983193,-0.498039215686275,0.187675070028011,-0.339495798319328,0.0198879551820728,-0.131372549019608,0.381792717086835,0.105042016806723,-0.113445378151261,-0.0061624649859944,0.714005602240896,-0.101680672268908,0.019327731092437,-0.331652661064426,-0.142857142857143,-0.460224089635854,-0.0907563025210084,0.0565826330532213,-0.123249299719888,0.026890756302521,0.333053221288515,-0.361904761904762,0.23109243697479,-0.299159663865546,-0.0798319327731093,0.602801120448179,0.205602240896359,-0.739775910364146,0.0372549019607843,-0.33781512605042,0.00532212885154062,0.117366946778712,-0.138375350140056,0.335294117647059,-0.0215686274509804,0.369187675070028,0.246498599439776,-0.122128851540616,-0.0582633053221289,-0.411764705882353,-0.00252100840336135,0.412044817927171,0.0593837535014006,0.257983193277311,0.0196078431372549,0.0795518207282913,0.476750700280112,0.580952380952381,-0.0389355742296919,-0.0112044817927171,0.135854341736695,-0.102521008403361,0.184033613445378,-0.104481792717087,-0.457983193277311,-0.36358543417367,-0.0739495798319328,-0.0675070028011205,NA,0.128851540616247,-0.200840336134454,0.080672268907563,0.115126050420168,-0.140896358543417,-0.184873949579832,0.084873949579832,-0.107843137254902,-0.0215686274509804,-0.121848739495798,-0.339495798319328,0.080672268907563,0.254341736694678,-0.162745098039216,-0.108963585434174,-0.269467787114846,-0.0988795518207283,-0.262464985994398,-0.485434173669468,-0.381512605042017,-0.163025210084034,-0.352941176470588,0.185434173669468,0.305042016806723,-0.259943977591036,0.135854341736695,-0.266106442577031,-0.335014005602241,-0.144257703081233,-0.187675070028011,-0.342296918767507
OTU_166,-0.177591036414566,0.114005602240896,0.222689075630252,-0.208403361344538,-0.419047619047619,-0.316526610644258,0.457422969187675,-0.388515406162465,0.266946778711485,-0.461624649859944,-0.0969187675070028,-0.0201680672268908,0.381792717086835,-0.0613445378151261,-0.0450980392156863,-0.142577030812325,0.174789915966387,0.637535014005602,-0.618487394957983,0.485434173669468,0.196358543417367,0.523249299719888,-0.410644257703081,-0.519327731092437,0.292997198879552,0.163025210084034,-0.235294117647059,-0.370868347338936,-0.461624649859944,-0.126890756302521,-0.588795518207283,-0.416526610644258,0.0355742296918768,-0.240616246498599,-0.42296918767507,-0.179551820728291,0.169187675070028,0.132773109243698,0.263025210084034,-0.419327731092437,0.218207282913165,0.116806722689076,0.657422969187675,0.396638655462185,0.0759103641456583,-0.454901960784314,-0.0977591036414566,0.247058823529412,-0.341736694677871,0.347619047619048,0.174509803921569,0.543417366946779,-0.219327731092437,0.0887955182072829,-0.252380952380952,0.0420168067226891,-0.340896358543417,-0.421008403361345,0.084873949579832,0.136694677871148,0.447619047619048,-0.526330532212885,0.390476190476191,0.223249299719888,-0.0322128851540616,0.228011204481793,0.161904761904762,-0.53781512605042,0.338095238095238,-0.541176470588235,-0.336974789915966,-0.56358543417367,-0.405882352941177,0.303081232492997,-0.0997198879551821,-0.142016806722689,-0.405602240896359,0.080672268907563,0.0977591036414566,-0.19859943977591,-0.651540616246499,0.195798319327731,0.397198879551821,0.519047619047619,0.00448179271708684,0.123249299719888,-0.495798319327731,0.108403361344538,-0.38515406162465,0.237535014005602,0.0179271708683473,-0.338375350140056,-0.256582633053221,0.102240896358543,-0.327450980392157,0.136694677871148,-0.585434173669468,0.256022408963585,-0.27563025210084,0.157703081232493,-0.309803921568628,-0.448179271708684,-0.787675070028011,-0.296638655462185,0.00336134453781513,0.277591036414566,0.128571428571429,0.123249299719888,0.555742296918768,0.147899159663866,0.251260504201681,0.242577030812325,0.120728291316527,0.0271708683473389,-0.0201680672268908,-0.44593837535014,0.150700280112045,-0.526330532212885,0.0983193277310925,0.0148459383753501,0.116526610644258,0.444537815126051,0.128851540616247,NA,-0.061624649859944,-0.196918767507003,0.236974789915966,0.019047619047619,0.563865546218488,0.5296918767507,0.512044817927171,0.280392156862745,-0.537254901960784,-0.340336134453782,0.383473389355742,0.080952380952381,0.670868347338936,-0.329131652661064,-0.228011204481793,-0.0560224089635854,-0.151260504201681,0.400560224089636,0.33921568627451,0.377591036414566,0.285434173669468,-0.154621848739496,0.0801120448179272,0.458823529411765,0.505602240896359,0.366106442577031,0.0843137254901961,-0.192436974789916,0.218207282913165,-0.0123249299719888
OTU_167,0.357983193277311,-0.267787114845938,-0.0607843137254902,0.365266106442577,-0.0789915966386555,-0.249299719887955,0.0644257703081233,-0.310084033613445,0.336974789915966,0.362745098039216,-0.423529411764706,0.170588235294118,0.148739495798319,0.320728291316527,-0.38375350140056,-0.436974789915966,-0.40140056022409,0.180672268907563,0.265546218487395,-0.0666666666666667,0.135574229691877,0.474509803921569,0.225770308123249,0.389355742296919,0.0876750700280112,0.199159663865546,0.0282913165266106,-0.20140056022409,0.150140056022409,0.384033613445378,0.0647058823529412,-0.245098039215686,-0.364425770308123,0.106162464985994,-0.291316526610644,-0.065266106442577,0.213445378151261,0.359383753501401,-0.266386554621849,0.358823529411765,0.144257703081233,0.16218487394958,0.103921568627451,-0.37563025210084,0.128291316526611,0.305322128851541,-0.422408963585434,0.243417366946779,-0.208403361344538,0.239495798319328,0.238655462184874,0.214285714285714,-0.173949579831933,0.0994397759103642,-0.225490196078431,-0.141456582633053,-0.256022408963585,0.25546218487395,0.32296918767507,0.392717086834734,0.299439775910364,-0.0739495798319328,-0.394397759103642,0.486274509803922,-0.363865546218487,0.0546218487394958,-0.22296918767507,0.231652661064426,-0.357983193277311,-0.255742296918768,-0.37843137254902,0.0165266106442577,0.210924369747899,0.275910364145658,-0.201680672268908,-0.208403361344538,0.167787114845938,0.224649859943978,-0.23249299719888,0.19859943977591,0.161624649859944,0.19047619047619,0.230532212885154,0.135854341736695,-0.0588235294117647,0.314565826330532,-0.130532212885154,0.282913165266106,0.373389355742297,-0.356862745098039,-0.285994397759104,0.333613445378151,0.277871148459384,-0.0747899159663866,0.194117647058824,-0.297198879551821,-0.214285714285714,-0.0324929971988796,0.260224089635854,-0.507282913165266,-0.307002801120448,-0.00644257703081233,-0.0593837535014006,0.411484593837535,-0.0775910364145658,-0.0100840336134454,0.340336134453782,0.10672268907563,0.351820728291317,-0.368627450980392,-0.20672268907563,0.0364145658263305,-0.120168067226891,0.26078431372549,-0.307002801120448,0.282072829131653,0.0717086834733894,-0.0761904761904762,0.408963585434174,0.501960784313725,-0.247619047619048,0.289915966386555,-0.200840336134454,-0.061624649859944,NA,-0.311204481792717,-0.37703081232493,-0.151540616246499,0.130812324929972,0.0862745098039216,0.157703081232493,0.0182072829131653,0.171428571428571,0.315966386554622,0.14593837535014,-0.219047619047619,0.0613445378151261,0.230812324929972,0.217927170868347,-0.339775910364146,0.250140056022409,0.172549019607843,0.29187675070028,0.00448179271708684,0.290756302521008,-0.382352941176471,-0.129411764705882,0.513725490196078,0.134453781512605,0.328011204481793,0.36750700280112,-0.0907563025210084,0.319607843137255,0.251820728291317
OTU_171,-0.573949579831933,0.622408963585434,-0.390756302521008,0.122408963585434,0.510084033613445,0.7406162464986,-0.0915966386554622,0.316526610644258,-0.0677871148459384,-0.376190476190476,0.506442577030812,-0.00980392156862745,-0.676750700280112,-0.512044817927171,0.542296918767507,0.134173669467787,0.471428571428571,-0.58515406162465,-0.0717086834733894,-0.18375350140056,-0.182913165266106,-0.456302521008403,-0.096358543417367,-0.314285714285714,0.162745098039216,-0.694117647058824,-0.271148459383754,0.793837535014006,0.0481792717086835,-0.380112044817927,0.180112044817927,0.726330532212885,0.238095238095238,-0.254901960784314,0.782633053221289,0.640056022408964,0.0215686274509804,-0.0859943977591037,0.0854341736694678,-0.294677871148459,-0.350420168067227,-0.782072829131653,-0.321288515406162,0.126330532212885,-0.605602240896359,-0.249019607843137,0.555742296918768,-0.557142857142857,0.663305322128852,-0.85266106442577,-0.621288515406163,-0.747058823529412,0.47563025210084,0.270028011204482,0.783473389355742,0.779271708683474,0.788795518207283,-0.265546218487395,-0.107282913165266,-0.427170868347339,-0.634733893557423,0.324929971988796,0.350140056022409,0.0271708683473389,0.791316526610644,0.404481792717087,0.696358543417367,-0.212605042016807,0.357422969187675,0.609803921568628,0.672268907563025,0.22436974789916,-0.0554621848739496,0.0641456582633053,0.386274509803922,0.768067226890756,0.214285714285714,0.185994397759104,0.187394957983193,0.0280112044817927,0.0470588235294118,-0.696078431372549,-0.326890756302521,-0.515686274509804,-0.16750700280112,-0.170028011204482,0.622408963585434,-0.205042016806723,-0.143417366946779,0.379551820728291,-0.157422969187675,-0.182913165266106,-0.387114845938375,-0.0927170868347339,-0.581512605042017,0.687955182072829,0.70812324929972,-0.613445378151261,-0.573669467787115,0.248739495798319,0.790196078431373,0.518487394957983,0.454901960784314,-0.194957983193277,-0.217086834733894,-0.459943977591037,-0.00168067226890756,-0.636414565826331,-0.640616246498599,0.547058823529412,-0.0742296918767507,-0.422408963585434,-0.148459383753501,-0.533333333333333,-0.142857142857143,-0.474789915966387,-0.558263305322129,0.396358543417367,-0.544257703081233,-0.469467787114846,-0.434453781512605,-0.614285714285714,0.080672268907563,-0.196918767507003,-0.311204481792717,NA,-0.0327731092436975,0.69327731092437,-0.645098039215686,-0.569187675070028,-0.267226890756303,-0.450700280112045,-0.1703081232493,-0.445378151260504,-0.359103641456583,-0.365546218487395,-0.466386554621849,-0.548739495798319,-0.395238095238095,0.56078431372549,-0.367787114845938,-0.159103641456583,-0.271988795518207,-0.0305322128851541,-0.222408963585434,0.598039215686275,0.543417366946779,-0.291316526610644,-0.384593837535014,-0.184873949579832,-0.0714285714285714,0.371708683473389,-0.173669467787115,0.0801120448179272
OTU_178,-0.233053221288515,0.109243697478992,0.102240896358543,-0.314565826330532,-0.109803921568627,-0.246498599439776,0.0759103641456583,0.224929971988796,-0.146778711484594,-0.508683473389356,0.229971988795518,-0.291036414565826,-0.121008403361345,-0.134733893557423,0.310924369747899,0.189635854341737,0.38375350140056,-0.121008403361345,-0.315406162464986,-0.0131652661064426,-0.117366946778712,-0.1,-0.4703081232493,-0.307002801120448,-0.246498599439776,-0.0775910364145658,-0.0831932773109244,-0.281232492997199,-0.520728291316527,-0.496358543417367,-0.351820728291317,-0.0638655462184874,0.445658263305322,-0.0689075630252101,0.00784313725490196,-0.130532212885154,-0.237535014005602,-0.498319327731092,0.0571428571428571,-0.500840336134454,-0.280392156862745,0.129971988795518,0.29047619047619,0.417647058823529,-0.0336134453781513,-0.473949579831933,0.121848739495798,-0.374509803921569,-0.0240896358543417,0.119887955182073,-0.0464985994397759,0.0470588235294118,-0.221008403361345,-0.470588235294118,-0.275910364145658,-0.204481792717087,-0.250420168067227,-0.203361344537815,-0.324929971988796,-0.348179271708684,-0.183193277310924,-0.326610644257703,0.313725490196078,-0.305882352941176,-0.0985994397759104,-0.362745098039216,0.069187675070028,-0.415406162464986,0.407843137254902,0.129131652661064,-0.015406162464986,-0.362464985994398,-0.399159663865546,-0.406162464985994,-0.073109243697479,-0.248739495798319,-0.565826330532213,-0.0672268907563025,-0.131652661064426,-0.515126050420168,-0.260504201680672,-0.0406162464985994,0.0901960784313726,0.114565826330532,0.536694677871149,0.0140056022408964,-0.128851540616247,-0.410084033613445,-0.530532212885154,0.264985994397759,0.817366946778712,-0.144257703081233,-0.422128851540616,0.267226890756303,-0.149299719887955,0.358263305322129,0.0201680672268908,0.142296918767507,-0.174229691876751,0.606442577030812,-0.0635854341736695,-0.389355742296919,-0.149299719887955,-0.35266106442577,0.495798319327731,-0.24733893557423,-0.340336134453782,0.0322128851540616,-0.0140056022408964,0.268347338935574,0.428851540616247,-0.0322128851540616,0.555742296918768,-0.326330532212885,0.747058823529412,-0.339495798319328,0.20812324929972,-0.327450980392157,-0.0896358543417367,-0.415686274509804,0.712044817927171,0.0324929971988796,0.115126050420168,0.236974789915966,-0.37703081232493,-0.0327731092436975,NA,-0.0092436974789916,0.274229691876751,-0.115966386554622,0.302521008403361,0.200560224089636,-0.386274509803922,-0.270868347338936,0.334173669467787,0.335014005602241,0.0627450980392157,-0.192436974789916,-0.18515406162465,0.0932773109243698,-0.352100840336134,-0.187675070028011,-0.369467787114846,-0.193837535014006,-0.156582633053221,0.0633053221288516,0.265546218487395,-0.23921568627451,0.119887955182073,-0.280392156862745,-0.249019607843137,0.308963585434174,-0.211204481792717,-0.226610644257703
OTU_179,-0.666946778711485,0.645658263305322,-0.530812324929972,0.192156862745098,0.559943977591037,0.613725490196078,0.208403361344538,0.246778711484594,0.0252100840336134,-0.390476190476191,0.521288515406163,-0.172268907563025,-0.484593837535014,-0.60672268907563,0.617366946778712,0.127170868347339,0.482633053221289,-0.431652661064426,-0.331372549019608,0.0557422969187675,0.15406162464986,-0.16750700280112,-0.356582633053221,-0.482072829131653,0.415126050420168,-0.611484593837535,-0.616526610644258,0.643137254901961,-0.208683473389356,-0.387114845938375,0.207843137254902,0.635574229691877,0.0168067226890756,-0.552100840336134,0.641176470588235,0.641456582633053,0.135014005602241,-0.0624649859943978,-0.101680672268908,-0.462464985994398,-0.395518207282913,-0.724089635854342,-0.0100840336134454,0.351540616246499,-0.687955182072829,-0.49187675070028,0.18655462184874,-0.217647058823529,0.671988795518207,-0.643137254901961,-0.566106442577031,-0.494957983193277,0.25266106442577,0.371988795518207,0.709803921568628,0.80672268907563,0.589635854341737,-0.482633053221289,-0.0901960784313726,-0.377591036414566,-0.140056022408964,0.225490196078431,0.320448179271709,0.142016806722689,0.728011204481793,0.658543417366947,0.772268907563025,-0.167787114845938,0.56358543417367,0.387114845938375,0.424649859943978,-0.18515406162465,-0.282913165266106,-0.00728291316526611,0.160504201680672,0.730812324929972,0.026890756302521,0.198319327731092,0.528571428571429,0.200560224089636,-0.228851540616247,-0.488235294117647,-0.114565826330532,-0.336134453781513,-0.30812324929972,0.00644257703081233,0.326610644257703,-0.105042016806723,-0.352941176470588,0.264145658263305,-0.139495798319328,-0.038375350140056,-0.555182072829132,0.179551820728291,-0.736694677871149,0.654341736694678,0.577591036414566,-0.589915966386555,-0.760224089635855,0.297478991596639,0.480392156862745,0.512605042016807,0.365266106442577,-0.271148459383754,-0.156582633053221,-0.505042016806723,-0.0196078431372549,-0.696078431372549,-0.431372549019608,0.657703081232493,-0.166666666666667,-0.611764705882353,-0.149019607843137,-0.563025210084034,-0.065546218487395,-0.574789915966387,-0.636974789915966,0.429131652661065,-0.485714285714286,-0.314005602240896,-0.25546218487395,-0.381792717086835,-0.140896358543417,0.019047619047619,-0.151540616246499,0.69327731092437,-0.0092436974789916,NA,-0.416806722689076,-0.36750700280112,0.103921568627451,-0.315126050420168,-0.446218487394958,-0.567507002801121,-0.303361344537815,-0.463025210084034,-0.179831932773109,-0.682352941176471,-0.570588235294118,0.661344537815126,-0.383193277310924,-0.111484593837535,0.0310924369747899,0.14733893557423,-0.0879551820728291,0.450420168067227,0.582913165266106,0.0299719887955182,-0.233333333333333,-0.0815126050420168,0.0689075630252101,0.366666666666667,-0.05406162464986,0.175070028011204
OTU_183,0.370868347338936,-0.459103641456583,0.340336134453782,-0.165266106442577,-0.58375350140056,-0.782633053221289,0.338095238095238,-0.380392156862745,-0.0277310924369748,0.0445378151260504,-0.504481792717087,-0.0137254901960784,0.416526610644258,0.538375350140056,-0.43249299719888,-0.333053221288515,-0.268627450980392,0.597198879551821,-0.100840336134454,0.121288515406162,0.268627450980392,0.482352941176471,-0.084873949579832,0.128851540616247,-0.0319327731092437,0.592997198879552,-0.0324929971988796,-0.774509803921569,-0.30812324929972,0.127170868347339,-0.527731092436975,-0.710084033613446,-0.104201680672269,0.145378151260504,-0.778151260504202,-0.531932773109244,-0.0635854341736695,-0.0703081232492997,-0.165546218487395,0.0467787114845938,0.156582633053221,0.597478991596639,0.662745098039216,0.0949579831932773,0.356022408963586,0.0117647058823529,-0.481792717086835,0.372549019607843,-0.713725490196078,0.806442577030812,0.58515406162465,0.688235294117647,-0.592997198879552,-0.298039215686275,-0.752380952380952,-0.584033613445378,-0.751540616246499,0.181232492997199,-0.0879551820728291,0.404761904761905,0.542857142857143,-0.695518207282913,-0.120448179271709,0.0591036414565826,-0.701960784313726,-0.140056022408964,-0.406442577030812,-0.0896358543417367,-0.0638655462184874,-0.556022408963586,-0.761904761904762,-0.37703081232493,-0.00252100840336135,0.0128851540616247,-0.478711484593838,-0.67563025210084,-0.440056022408964,-0.0456582633053221,-0.127731092436975,-0.142016806722689,-0.222408963585434,0.4703081232493,0.340896358543417,0.687955182072829,0.166946778711485,0.23249299719888,-0.604761904761905,0.0529411764705882,-0.141176470588235,-0.236694677871148,0.205322128851541,0.277591036414566,0.0761904761904762,0.280392156862745,0.32296918767507,-0.317927170868347,-0.730532212885154,0.470588235294118,0.29047619047619,-0.110364145658263,-0.633053221288515,-0.749859943977591,-0.611204481792717,0.211204481792717,0.296078431372549,0.162464985994398,-0.0966386554621849,0.407843137254902,0.63249299719888,-0.301680672268908,0.299719887955182,0.224929971988796,0.126050420168067,0.311764705882353,0.11484593837535,0.128851540616247,0.600840336134454,-0.730532212885154,0.621848739495798,0.356862745098039,0.369467787114846,0.668627450980392,-0.184873949579832,0.563865546218488,0.130812324929972,-0.645098039215686,0.274229691876751,-0.416806722689076,NA,0.552100840336134,0.49327731092437,0.618207282913165,-0.0966386554621849,0.265266106442577,0.487394957983193,0.161624649859944,0.553781512605042,0.296078431372549,0.246778711484594,-0.4,0.143977591036415,0.375910364145658,0.318207282913165,0.264145658263305,0.326610644257703,-0.504481792717087,-0.363025210084034,0.504761904761905,0.538375350140056,0.431932773109244,0.0865546218487395,-0.167787114845938,0.092156862745098,-0.0030812324929972
OTU_184,0.235854341736695,-0.270588235294118,0.320168067226891,-0.21484593837535,-0.505602240896359,-0.503641456582633,0.366946778711485,-0.451260504201681,0.297198879551821,0.0736694677871149,-0.36218487394958,-0.0907563025210084,0.819887955182073,0.165826330532213,-0.438655462184874,-0.0210084033613445,-0.338935574229692,0.825770308123249,-0.37563025210084,0.618767507002801,0.073109243697479,0.520728291316527,-0.0450980392156863,-0.107843137254902,0.184593837535014,0.680112044817927,0.106442577030812,-0.638375350140056,0.0602240896358543,0.323809523809524,-0.25546218487395,-0.68375350140056,-0.342016806722689,-0.0630252100840336,-0.667507002801121,-0.405042016806723,0.223809523809524,0.337535014005602,0.201960784313726,0.0352941176470588,0.661064425770308,0.577591036414566,0.337535014005602,0.200560224089636,0.519607843137255,0.00476190476190476,-0.419607843137255,0.577310924369748,-0.533613445378151,0.630812324929972,0.546218487394958,0.820448179271709,-0.336694677871148,0.139495798319328,-0.51484593837535,-0.369467787114846,-0.546498599439776,-0.0266106442577031,0.0789915966386555,0.330532212885154,0.773389355742297,-0.301960784313726,-0.0865546218487395,0.134173669467787,-0.377310924369748,-0.026890756302521,-0.287675070028011,0.105322128851541,-0.20672268907563,-0.837535014005602,-0.536694677871149,-0.334453781512605,-0.105882352941176,0.243417366946779,-0.235294117647059,-0.474229691876751,-0.198319327731092,-0.00728291316526611,0.205882352941176,0.0742296918767507,-0.512044817927171,0.809803921568628,0.294677871148459,0.566386554621849,-0.0929971988795518,-0.169467787114846,-0.657983193277311,0.401960784313726,0.0557422969187675,-0.249299719887955,-0.0969187675070028,-0.112605042016807,0.266106442577031,-0.0854341736694678,0.263025210084034,-0.542857142857143,-0.831932773109244,0.697759103641457,0.320168067226891,-0.245658263305322,-0.72296918767507,-0.322128851540616,-0.731932773109244,-0.130532212885154,-0.193557422969188,0.618767507002801,0.135014005602241,0.54453781512605,0.808683473389356,-0.317647058823529,-0.0212885154061625,0.471708683473389,0.0677871148459384,0.587955182072829,-0.0630252100840336,0.257703081232493,0.408963585434174,-0.304201680672269,0.338375350140056,0.271708683473389,0.189075630252101,0.714005602240896,0.084873949579832,0.5296918767507,0.0862745098039216,-0.569187675070028,-0.115966386554622,-0.36750700280112,0.552100840336134,NA,0.371988795518207,0.256862745098039,-0.0946778711484594,0.0957983193277311,0.303081232492997,0.239495798319328,0.630812324929972,0.260504201680672,-0.0509803921568628,-0.509243697478992,0.273669467787115,0.462745098039216,0.448459383753501,0.317927170868347,0.191596638655462,-0.171988795518207,-0.542577030812325,0.412885154061625,0.71484593837535,0.23921568627451,0.186274509803922,-0.370868347338936,0.000560224089635854,0.165546218487395
OTU_185,-0.034733893557423,0,0.0459383753501401,-0.192717086834734,-0.269747899159664,-0.371148459383754,0.442296918767507,-0.247899159663866,0.195238095238095,-0.263025210084034,-0.137535014005602,-0.172268907563025,0.289635854341737,0.0294117647058824,-0.0579831932773109,-0.130532212885154,0.129131652661064,0.354901960784314,-0.468627450980392,0.282913165266106,0.294397759103641,0.4296918767507,-0.30672268907563,-0.215966386554622,0.249579831932773,0.260504201680672,-0.250700280112045,-0.441176470588235,-0.371988795518207,-0.0299719887955182,-0.318487394957983,-0.334733893557423,-0.204201680672269,-0.201120448179272,-0.352100840336134,-0.230812324929972,0.12436974789916,0.0529411764705882,-0.0711484593837535,-0.274789915966387,0.0593837535014006,0.228851540616247,0.509803921568628,0.382633053221289,0.080952380952381,-0.311484593837535,-0.366666666666667,0.235014005602241,-0.239495798319328,0.36890756302521,0.229971988795518,0.338655462184874,-0.335014005602241,-0.0705882352941177,-0.346778711484594,-0.0955182072829132,-0.431932773109244,-0.189355742296919,0.131932773109244,0.16078431372549,0.448459383753501,-0.358263305322129,0.0689075630252101,0.165266106442577,-0.227170868347339,0.0649859943977591,0.00280112044817927,-0.235574229691877,0.136414565826331,-0.356302521008403,-0.357142857142857,-0.500280112044818,-0.284033613445378,-0.0112044817927171,-0.37843137254902,-0.241736694677871,-0.450980392156863,0.177310924369748,0.080672268907563,-0.143697478991597,-0.489635854341737,0.250980392156863,0.288795518207283,0.494397759103642,0.0352941176470588,0.113445378151261,-0.390756302521008,0.142296918767507,-0.266106442577031,-0.0983193277310925,0.0946778711484594,0.110084033613445,-0.172829131652661,0.174229691876751,-0.166666666666667,-0.138935574229692,-0.423809523809524,0.28515406162465,-0.0605042016806723,0.10812324929972,-0.470028011204482,-0.315966386554622,-0.510644257703081,-0.153501400560224,0.120728291316527,-0.0392156862745098,-0.00364145658263305,0.185994397759104,0.403641456582633,0.0717086834733894,0.133333333333333,0.0282913165266106,0.225210084033613,0.0179271708683473,0.13109243697479,-0.19327731092437,0.219887955182073,-0.35406162464986,0.263865546218487,0.0946778711484594,0.317927170868347,0.443137254901961,-0.107843137254902,0.512044817927171,0.157703081232493,-0.267226890756303,0.302521008403361,0.103921568627451,0.49327731092437,0.371988795518207,NA,0.278991596638655,-0.413165266106443,-0.151820728291317,0.159383753501401,-0.111204481792717,0.427450980392157,-0.110644257703081,-0.143137254901961,-0.103081232492997,-0.00392156862745098,0.219327731092437,0.389355742296919,0.180392156862745,0.325210084033614,-0.160504201680672,0.0593837535014006,0.488795518207283,0.318487394957983,0.247058823529412,0.110084033613445,0.0915966386554622,0.0366946778711485,0.11624649859944
OTU_191,0.300560224089636,-0.481232492997199,0.565826330532213,-0.308683473389356,-0.416806722689076,-0.61624649859944,-0.0389355742296919,-0.184313725490196,-0.482633053221289,-0.124929971988796,-0.216526610644258,0.184313725490196,0.294117647058824,0.353781512605042,-0.156862745098039,-0.053781512605042,0.20812324929972,0.384313725490196,-0.0392156862745098,0.00588235294117647,0.178991596638655,0.233893557422969,-0.135574229691877,0.0184873949579832,-0.312044817927171,0.33249299719888,0.168067226890756,-0.452380952380952,-0.419607843137255,-0.247619047619048,-0.534173669467787,-0.526330532212885,0.316806722689076,0.27563025210084,-0.663305322128852,-0.664985994397759,-0.527170868347339,-0.448739495798319,0.0408963585434174,-0.149859943977591,-0.0394957983193277,0.607563025210084,0.616526610644258,0.20672268907563,0.284873949579832,-0.146498599439776,-0.113165266106443,0.0742296918767507,-0.344257703081233,0.701120448179272,0.380672268907563,0.336974789915966,-0.116526610644258,-0.413165266106443,-0.575070028011205,-0.446778711484594,-0.622128851540616,-0.0703081232492997,-0.226890756302521,0.226050420168067,0.363865546218487,-0.62296918767507,0.244257703081233,-0.390196078431373,-0.490196078431373,-0.271988795518207,-0.244257703081233,-0.254341736694678,0.17843137254902,-0.230812324929972,-0.516526610644258,-0.18375350140056,0.00868347338935574,-0.408403361344538,0.0333333333333333,-0.540896358543417,-0.433613445378151,-0.546778711484594,-0.196358543417367,-0.430812324929972,-0.0403361344537815,0.159663865546219,-0.00448179271708684,0.46078431372549,0.397198879551821,0.133333333333333,-0.391316526610644,-0.272268907563025,-0.333893557422969,0.199719887955182,0.246218487394958,0.256582633053221,0.00840336134453782,0.40140056022409,0.286274509803922,-0.0840336134453782,-0.412605042016807,0.312324929971989,0.227450980392157,0.305042016806723,-0.269467787114846,-0.558823529411765,-0.257983193277311,0.137535014005602,0.621848739495798,0.125210084033613,-0.282633053221289,0.406442577030812,0.359663865546219,-0.0254901960784314,0.582633053221289,0.259943977591036,-0.248459383753501,-0.05406162464986,0.210084033613445,0.0392156862745098,0.512885154061625,-0.690756302521009,0.265266106442577,0.164145658263305,0.327731092436975,0.534173669467787,-0.0215686274509804,0.280392156862745,0.0182072829131653,-0.450700280112045,0.200560224089636,-0.315126050420168,0.618207282913165,0.256862745098039,0.278991596638655,NA,-0.190756302521008,0.152941176470588,0.515406162464986,0.231932773109244,0.267787114845938,0.157703081232493,0.193557422969188,-0.245098039215686,0.0392156862745098,0.130252100840336,0.140896358543417,0.36078431372549,0.0431372549019608,-0.53921568627451,-0.160224089635854,0.288515406162465,0.498039215686275,0.119887955182073,-0.122689075630252,-0.325210084033614,-0.0257703081232493,-0.210084033613445
OTU_192,0.652100840336135,-0.551820728291317,0.112324929971989,0.113445378151261,-0.0582633053221289,-0.0109243697478992,-0.435294117647059,-0.157142857142857,-0.0336134453781513,0.679271708683474,-0.478991596638656,0.3,-0.0134453781512605,0.63781512605042,-0.584033613445378,-0.210644257703081,-0.592436974789916,-0.0369747899159664,0.722128851540616,-0.371148459383754,-0.0820728291316527,-0.112324929971989,0.812044817927171,0.824929971988796,-0.271708683473389,0.277591036414566,0.533613445378151,-0.0282913165266106,0.678151260504202,0.72436974789916,0.325490196078431,-0.0871148459383754,-0.289355742296919,0.503921568627451,-0.0456582633053221,-0.123809523809524,0.0246498599439776,0.311204481792717,-0.159943977591036,0.839495798319328,0.272829131652661,0.192156862745098,-0.537535014005602,-0.699719887955182,0.441736694677871,0.885714285714286,-0.0151260504201681,0.0159663865546219,-0.242577030812325,0.0296918767507003,0.32156862745098,-0.0700280112044818,0.00224089635854342,0.015406162464986,-0.0635854341736695,-0.342857142857143,0.136414565826331,0.793557422969188,0.0899159663865546,0.529131652661065,-0.201680672268908,0.44733893557423,-0.680672268907563,-0.0162464985994398,-0.263865546218487,-0.272829131652661,-0.610644257703081,0.679831932773109,-0.833333333333333,0.0341736694677871,0.0428571428571429,0.708963585434174,0.742577030812325,0.180392156862745,-0.151540616246499,-0.119607843137255,0.516526610644258,0.0638655462184874,-0.380952380952381,0.364145658263305,0.680392156862745,0.0694677871148459,-0.169747899159664,-0.145658263305322,-0.138095238095238,-0.076750700280112,0.320448179271709,0.323529411764706,0.70140056022409,-0.600560224089636,-0.297478991596639,0.36358543417367,0.766666666666667,-0.34453781512605,0.73781512605042,-0.536134453781513,-0.0117647058823529,0.206442577030812,0.654901960784314,-0.629131652661065,-0.0549019607843137,0.112605042016807,0.254901960784314,0.622408963585434,-0.209243697478992,0.185434173669468,0.161344537815126,0.335574229691877,-0.20672268907563,-0.688235294117647,-0.188515406162465,0.173669467787115,0.0322128851540616,0.59327731092437,-0.347058823529412,0.815686274509804,0.261344537815126,0.234453781512605,0.376190476190476,0.39187675070028,-0.18375350140056,-0.246778711484594,-0.121848739495798,-0.537254901960784,0.171428571428571,-0.1703081232493,-0.386274509803922,-0.446218487394958,-0.0966386554621849,-0.0946778711484594,-0.413165266106443,-0.190756302521008,NA,0.748179271708684,-0.263305322128852,-0.07703081232493,-0.413725490196078,0.706442577030812,0.670588235294118,-0.418487394957983,0.657422969187675,-0.129971988795518,-0.0238095238095238,-0.29187675070028,0.106162464985994,-0.18655462184874,-0.536134453781513,-0.138655462184874,-0.245098039215686,-0.115966386554622,0.0187675070028011,-0.265266106442577,-0.0296918767507003,0.153501400560224
OTU_196,0.767787114845939,-0.731372549019608,0.170588235294118,0.034453781512605,-0.233893557422969,-0.306162464985994,-0.216806722689076,-0.333613445378151,0.0322128851540616,0.710924369747899,-0.709803921568628,0.224089635854342,0.159383753501401,0.777871148459384,-0.728571428571429,-0.347058823529412,-0.627731092436975,0.127170868347339,0.714005602240896,-0.45546218487395,0.193837535014006,0.107563025210084,0.676750700280112,0.844817927170868,-0.128291316526611,0.459943977591037,0.38655462184874,-0.263305322128852,0.418207282913165,0.703361344537815,0.124929971988796,-0.28515406162465,-0.349859943977591,0.495518207282913,-0.356022408963586,-0.360504201680672,0.16078431372549,0.342857142857143,-0.313445378151261,0.837535014005602,0.19327731092437,0.377310924369748,-0.137535014005602,-0.700560224089636,0.429411764705882,0.83249299719888,-0.295238095238095,0.251260504201681,-0.415126050420168,0.412885154061625,0.442296918767507,0.112885154061625,-0.248179271708684,-0.0890756302521009,-0.36358543417367,-0.446498599439776,-0.296078431372549,0.866106442577031,0.312324929971989,0.638095238095238,0.0170868347338936,0.102240896358543,-0.685714285714286,0.158823529411765,-0.518767507002801,-0.221008403361345,-0.820168067226891,0.528851540616247,-0.78375350140056,-0.1,-0.370868347338936,0.458263305322129,0.727170868347339,0.249579831932773,-0.385714285714286,-0.379831932773109,0.229131652661064,0.110644257703081,-0.549299719887955,0.211764705882353,0.607002801120448,0.16218487394958,0.0394957983193277,0.102240896358543,-0.110084033613445,0.234173669467787,0.00784313725490196,0.403921568627451,0.633893557422969,-0.706162464985994,-0.240616246498599,0.545378151260504,0.702521008403361,-0.023249299719888,0.798879551820728,-0.661904761904762,-0.264705882352941,0.240616246498599,0.812044817927171,-0.685714285714286,-0.274509803921569,-0.23109243697479,0.0288515406162465,0.750140056022409,-0.0630252100840336,0.0837535014005602,0.339495798319328,0.471428571428571,0.0697478991596639,-0.722689075630252,-0.154341736694678,0.176750700280112,-0.0644257703081233,0.586274509803922,-0.326890756302521,0.765546218487395,0.341176470588235,-0.0442577030812325,0.657142857142857,0.656582633053221,-0.0156862745098039,0.133893557422969,-0.339495798319328,-0.340336134453782,0.315966386554622,-0.445378151260504,-0.270868347338936,-0.567507002801121,0.265266106442577,0.0957983193277311,-0.151820728291317,0.152941176470588,0.748179271708684,NA,0.00784313725490196,-0.0224089635854342,-0.208403361344538,0.847899159663866,0.719047619047619,-0.518767507002801,0.692436974789916,0.151540616246499,0.242296918767507,-0.113165266106443,0.248179271708684,-0.407002801120448,-0.650980392156863,0.122689075630252,0.0257703081232493,0.152941176470588,0.0868347338935574,-0.319327731092437,0.17703081232493,0.0445378151260504
OTU_202,0.0649859943977591,-0.161904761904762,0.315966386554622,-0.150420168067227,-0.325770308123249,-0.477591036414566,0.046218487394958,-0.201680672268908,-0.00392156862745098,-0.0817927170868347,-0.204481792717087,0.00504201680672269,0.330532212885154,0.162745098039216,-0.110924369747899,-0.0943977591036415,0.0408963585434174,0.426050420168067,-0.12436974789916,0.0929971988795518,0.0207282913165266,0.397198879551821,-0.228851540616247,-0.0873949579831933,-0.147058823529412,0.252100840336134,0.00224089635854342,-0.456862745098039,-0.438935574229692,-0.233893557422969,-0.357983193277311,-0.440336134453782,0.177310924369748,0.129971988795518,-0.515126050420168,-0.35406162464986,-0.159663865546219,-0.211204481792717,-0.0411764705882353,-0.152380952380952,0.0176470588235294,0.374509803921569,0.488235294117647,0.0890756302521009,0.251820728291317,-0.220168067226891,-0.178991596638655,0.121288515406162,-0.379271708683473,0.550140056022409,0.168347338935574,0.477310924369748,-0.3,-0.229971988795518,-0.455742296918768,-0.358823529411765,-0.538375350140056,-0.153501400560224,-0.107282913165266,0.100840336134454,0.391036414565826,-0.458263305322129,0.0817927170868347,-0.015406162464986,-0.380112044817927,-0.240616246498599,-0.150140056022409,-0.38655462184874,0.154621848739496,-0.385994397759104,-0.375350140056022,-0.387955182072829,-0.305882352941176,-0.114285714285714,0.0112044817927171,-0.4703081232493,-0.325770308123249,-0.104481792717087,-0.158823529411765,-0.193557422969188,-0.189635854341737,0.317647058823529,0.30672268907563,0.247899159663866,0.43109243697479,0.247899159663866,-0.387955182072829,-0.0145658263305322,-0.202801120448179,0.191316526610644,0.342577030812325,-0.150420168067227,-0.0535014005602241,0.260224089635854,0.15266106442577,-0.0257703081232493,-0.429971988795518,0.177871148459384,0.0658263305322129,0.127450980392157,-0.353221288515406,-0.354621848739496,-0.478711484593838,-0.172549019607843,0.240056022408964,0.0204481792717087,0.0605042016806723,0.188795518207283,0.476190476190476,-0.0131652661064426,0.219327731092437,0.204481792717087,0.0784313725490196,-0.0126050420168067,0.38515406162465,-0.0515406162464986,0.270028011204482,-0.487675070028011,0.132773109243698,0.0624649859943978,0.380952380952381,0.549579831932773,0.080672268907563,0.383473389355742,0.14593837535014,-0.359103641456583,0.334173669467787,-0.303361344537815,0.487394957983193,0.303081232492997,0.159383753501401,0.515406162464986,-0.263305322128852,0.00784313725490196,NA,0.259383753501401,0.382913165266106,-0.0358543417366947,-0.0204481792717087,-0.174229691876751,-0.217647058823529,0.208683473389356,0.209243697478992,0.238655462184874,0.120168067226891,-0.254901960784314,-0.117366946778712,0.2296918767507,0.480952380952381,0.0621848739495798,0.0565826330532213,-0.157703081232493,0.19047619047619,-0.246218487394958
OTU_207,0.1,-0.166666666666667,0.389915966386555,-0.150420168067227,-0.314285714285714,-0.227731092436975,-0.178711484593838,0.0904761904761905,-0.243417366946779,-0.132773109243698,0.00532212885154062,0.0291316526610644,0.250420168067227,0.0459383753501401,0.0478991596638655,0.106162464985994,0.115126050420168,0.269467787114846,-0.0624649859943978,0.0400560224089636,-0.226610644257703,-0.0759103641456583,-0.190196078431373,-0.065546218487395,-0.390756302521008,0.214285714285714,0.350980392156863,-0.36750700280112,-0.112324929971989,-0.211764705882353,-0.36218487394958,-0.275910364145658,0.416806722689076,0.18375350140056,-0.290756302521008,-0.375910364145658,-0.226050420168067,-0.419327731092437,0.265546218487395,-0.184873949579832,0.171148459383754,0.427450980392157,0.11624649859944,0.182072829131653,0.395238095238095,-0.180952380952381,0.105322128851541,-0.0260504201680672,-0.254341736694678,0.334453781512605,0.169747899159664,0.344817927170868,-0.120168067226891,-0.325210084033614,-0.350140056022409,-0.435014005602241,-0.30952380952381,-0.104481792717087,-0.200560224089636,-0.107843137254902,0.0126050420168067,-0.198879551820728,0.172549019607843,-0.339775910364146,-0.271708683473389,-0.523809523809524,-0.232773109243698,-0.256302521008403,0.0341736694677871,-0.131372549019608,-0.0260504201680672,-0.0927170868347339,-0.223529411764706,-0.246218487394958,0.120168067226891,-0.352380952380952,-0.246498599439776,-0.276750700280112,-0.310924369747899,-0.473949579831933,-0.169187675070028,0.232212885154062,0.0876750700280112,0.101960784313726,0.589355742296919,-0.159943977591036,-0.249579831932773,-0.371428571428571,-0.101680672268908,0.245098039215686,0.430532212885154,-0.365546218487395,0.0795518207282913,-0.0823529411764706,0.187114845938375,-0.0302521008403361,-0.226050420168067,0.36078431372549,0.1,0.240336134453782,-0.23249299719888,-0.308683473389356,-0.204761904761905,-0.293557422969188,0.127170868347339,0.263585434173669,-0.275070028011205,0.262464985994398,0.189355742296919,0.00448179271708684,0.358263305322129,0.333893557422969,0.175070028011204,-0.111484593837535,0.45266106442577,-0.0591036414565826,0.356302521008403,-0.231932773109244,-0.112324929971989,-0.233893557422969,0.463025210084034,0.228851540616247,0.254341736694678,0.080952380952381,-0.219047619047619,-0.365546218487395,0.335014005602241,-0.463025210084034,0.161624649859944,0.239495798319328,-0.111204481792717,0.231932773109244,-0.07703081232493,-0.0224089635854342,0.259383753501401,NA,0.314285714285714,0.0823529411764706,-0.0509803921568628,-0.161624649859944,-0.150700280112045,0.0565826330532213,-0.37703081232493,-0.20140056022409,-0.384593837535014,-0.125210084033613,-0.0319327731092437,-0.208403361344538,0.225770308123249,-0.259663865546219,-0.467226890756303,-0.402801120448179,-0.207002801120448,-0.294117647058824
OTU_211,-0.0820728291316527,0.0156862745098039,0.128851540616247,-0.286274509803922,-0.385714285714286,-0.447058823529412,0.553781512605042,-0.240896358543417,0.254901960784314,-0.153781512605042,-0.124089635854342,-0.217086834733894,0.561904761904762,-0.0238095238095238,-0.10952380952381,-0.192156862745098,-0.0815126050420168,0.590196078431373,-0.595518207282913,0.437254901960784,0.147619047619048,0.517647058823529,-0.410924369747899,-0.311764705882353,0.310924369747899,0.378991596638656,-0.273669467787115,-0.60952380952381,-0.386834733893557,-0.0829131652661065,-0.322128851540616,-0.5296918767507,-0.171988795518207,-0.302801120448179,-0.564985994397759,-0.205042016806723,0.176750700280112,-0.00812324929971989,0.0109243697478992,-0.298879551820728,0.259663865546219,0.274509803921569,0.614565826330532,0.343417366946779,0.18655462184874,-0.378991596638656,-0.391316526610644,0.56890756302521,-0.484593837535014,0.514285714285714,0.322408963585434,0.755182072829132,-0.394957983193277,0.0873949579831933,-0.391316526610644,-0.197198879551821,-0.540336134453782,-0.284313725490196,0.0246498599439776,0.148459383753501,0.693837535014006,-0.484313725490196,0.0492997198879552,0.207282913165266,-0.309243697478992,0.101120448179272,-0.0333333333333333,-0.248739495798319,0.20672268907563,-0.620728291316527,-0.536974789915966,-0.660504201680672,-0.456022408963585,0.191596638655462,-0.315126050420168,-0.325210084033614,-0.443137254901961,0.0717086834733894,0.205322128851541,-0.0420168067226891,-0.660224089635854,0.531932773109244,0.491596638655462,0.499159663865546,-0.0299719887955182,0.112605042016807,-0.795798319327731,0.238655462184874,-0.276470588235294,0.0372549019607843,0.061624649859944,-0.169467787114846,-0.151260504201681,0.123809523809524,-0.103921568627451,-0.196918767507003,-0.607563025210084,0.336414565826331,-0.0941176470588235,0.0456582633053221,-0.64453781512605,-0.386274509803922,-0.764705882352941,-0.286274509803922,0.00504201680672269,0.290196078431373,0.0434173669467787,0.222128851540616,0.708963585434174,0.0238095238095238,-0.0549019607843137,0.163585434173669,0.132212885154062,0.166106442577031,0.092436974789916,-0.218487394957983,0.23781512605042,-0.467507002801121,0.289355742296919,0.050140056022409,0.350700280112045,0.599159663865546,-0.162745098039216,0.670868347338936,0.0613445378151261,-0.466386554621849,0.0627450980392157,-0.179831932773109,0.553781512605042,0.630812324929972,0.427450980392157,0.267787114845938,-0.413725490196078,-0.208403361344538,0.382913165266106,0.314285714285714,NA,-0.159663865546219,-0.221288515406162,-0.204761904761905,-0.0775910364145658,0.517366946778712,0.433893557422969,0.380392156862745,0.169747899159664,-0.300840336134454,-0.216526610644258,0.500840336134454,0.416526610644258,0.361624649859944,0.244257703081233,-0.220168067226891,0.305882352941176,0.0109243697478992
OTU_215,0.836134453781513,-0.797198879551821,0.328851540616247,0.0663865546218488,-0.350140056022409,-0.435854341736695,-0.265546218487395,-0.342577030812325,0.0442577030812325,0.635854341736695,-0.676750700280112,0.236974789915966,0.342296918767507,0.767787114845939,-0.781792717086835,-0.23249299719888,-0.665546218487395,0.247899159663866,0.613725490196078,-0.173669467787115,-0.0061624649859944,0.120168067226891,0.686834733893558,0.783473389355742,-0.295238095238095,0.587114845938375,0.590196078431373,-0.368347338935574,0.540336134453782,0.73109243697479,0.0380952380952381,-0.447899159663866,-0.253221288515406,0.573109243697479,-0.440896358543417,-0.470588235294118,0.0753501400560224,0.336414565826331,-0.128851540616247,0.766946778711485,0.417086834733894,0.570588235294118,-0.225210084033613,-0.613165266106443,0.558543417366947,0.819327731092437,-0.229971988795518,0.168347338935574,-0.491596638655462,0.443697478991597,0.605322128851541,0.271988795518207,-0.164705882352941,-0.141736694677871,-0.507843137254902,-0.630812324929972,-0.382352941176471,0.801680672268908,0.204761904761905,0.580112044817927,0.0661064425770308,0.0142857142857143,-0.635574229691877,0,-0.545378151260504,-0.415686274509804,-0.826050420168067,0.599159663865546,-0.833893557422969,-0.251540616246499,-0.372829131652661,0.455742296918768,0.727450980392157,0.1296918767507,-0.285434173669468,-0.539495798319328,0.22156862745098,0.0184873949579832,-0.46218487394958,0.119887955182073,0.525770308123249,0.403641456582633,0.0935574229691877,0.132773109243698,-0.0117647058823529,0.0778711484593838,-0.0843137254901961,0.333333333333333,0.602521008403361,-0.66078431372549,-0.0697478991596639,0.426050420168067,0.762464985994398,-0.296078431372549,0.880952380952381,-0.775070028011205,-0.371988795518207,0.454341736694678,0.897759103641457,-0.56358543417367,-0.388515406162465,-0.26218487394958,-0.0274509803921569,0.668067226890756,0.0448179271708684,0.270588235294118,0.179831932773109,0.626890756302521,0.174509803921569,-0.804201680672269,-0.0397759103641457,0.358823529411765,0.0750700280112045,0.70812324929972,-0.217366946778712,0.833053221288516,0.503641456582633,-0.160504201680672,0.612044817927171,0.578151260504202,0.0907563025210084,0.146778711484594,-0.108963585434174,-0.329131652661064,0.230812324929972,-0.548739495798319,-0.192436974789916,-0.682352941176471,0.296078431372549,0.260504201680672,-0.110644257703081,0.157703081232493,0.706442577030812,0.847899159663866,-0.0358543417366947,0.0823529411764706,-0.159663865546219,NA,0.621568627450981,-0.645378151260504,0.710644257703081,0.0801120448179272,0.149859943977591,-0.057703081232493,0.154341736694678,-0.4,-0.636694677871149,0.00952380952380952,0.135574229691877,0.210924369747899,0.0450980392156863,-0.25546218487395,0.0271708683473389,0.0669467787114846
OTU_216,0.668627450980392,-0.61764705882353,0.21484593837535,-0.104201680672269,-0.258823529411765,-0.335854341736695,-0.188235294117647,-0.208403361344538,-0.141176470588235,0.604201680672269,-0.524089635854342,0.238095238095238,0.0750700280112045,0.667226890756303,-0.580112044817927,-0.231932773109244,-0.50140056022409,0.0739495798319328,0.604761904761905,-0.41484593837535,0.20812324929972,0.126050420168067,0.584593837535014,0.709803921568628,-0.187955182072829,0.409243697478992,0.363025210084034,-0.30812324929972,0.229411764705882,0.473669467787115,0.0719887955182073,-0.266386554621849,-0.287114845938375,0.488515406162465,-0.351540616246499,-0.443977591036415,-0.142016806722689,0.192717086834734,-0.284313725490196,0.659103641456583,0.0492997198879552,0.351260504201681,-0.0736694677871149,-0.501120448179272,0.41484593837535,0.701960784313726,-0.256582633053221,0.17703081232493,-0.45406162464986,0.403081232492997,0.358543417366947,0.0627450980392157,-0.233053221288515,-0.195518207282913,-0.394397759103642,-0.513725490196078,-0.257142857142857,0.703921568627451,0.0565826330532213,0.476470588235294,-0.0168067226890756,0.0826330532212885,-0.531652661064426,-0.0504201680672269,-0.487675070028011,-0.259383753501401,-0.757703081232493,0.415126050420168,-0.590476190476191,-0.0187675070028011,-0.361624649859944,0.373109243697479,0.567226890756303,-0.00280112044817927,-0.351820728291317,-0.370868347338936,0.198319327731092,-0.0792717086834734,-0.487675070028011,0.110924369747899,0.528571428571429,0.0680672268907563,-0.154341736694678,0.0417366946778712,-0.00756302521008403,-0.0305322128851541,-0.00560224089635854,0.130812324929972,0.455182072829132,-0.546778711484594,-0.0879551820728291,0.472829131652661,0.60140056022409,0.0260504201680672,0.649579831932773,-0.473389355742297,-0.209243697478992,0.267226890756303,0.641456582633053,-0.485994397759104,-0.18655462184874,-0.264425770308123,-0.0341736694677871,0.669467787114846,0.176470588235294,0.169467787114846,0.0896358543417367,0.388515406162465,0.0364145658263305,-0.582072829131653,-0.038375350140056,0.191036414565826,0.0434173669467787,0.461344537815126,-0.194397759103641,0.624929971988796,0.417647058823529,-0.13781512605042,0.612324929971989,0.622689075630252,0.0364145658263305,-0.0260504201680672,-0.269467787114846,-0.228011204481793,0.217927170868347,-0.395238095238095,-0.18515406162465,-0.570588235294118,0.246778711484594,-0.0509803921568628,-0.143137254901961,0.193557422969188,0.670588235294118,0.719047619047619,-0.0204481792717087,-0.0509803921568628,-0.221288515406162,0.621568627450981,NA,-0.390756302521008,0.659383753501401,0.0352941176470588,0.165826330532213,-0.19047619047619,0.216526610644258,-0.495238095238095,-0.438655462184874,0.0568627450980392,-0.0829131652661065,0.0563025210084034,0.0179271708683473,-0.258823529411765,-0.0148459383753501,-0.0593837535014006
OTU_217,-0.734733893557423,0.67703081232493,-0.510644257703081,0.230812324929972,0.586834733893557,0.691596638655462,0.0599439775910364,0.512044817927171,-0.0859943977591037,-0.26218487394958,0.600840336134454,-0.189915966386555,-0.596358543417367,-0.571708683473389,0.731652661064426,0.274229691876751,0.506442577030812,-0.539495798319328,-0.130812324929972,-0.212044817927171,0.226050420168067,-0.313725490196078,-0.373389355742297,-0.374229691876751,0.189075630252101,-0.668067226890756,-0.531932773109244,0.653781512605042,-0.295238095238095,-0.533053221288516,0.205322128851541,0.703641456582633,0.157422969187675,-0.357703081232493,0.648179271708684,0.536134453781513,0.0518207282913165,-0.277871148459384,-0.203921568627451,-0.399159663865546,-0.599159663865546,-0.703081232492997,-0.104201680672269,0.268627450980392,-0.631932773109244,-0.473949579831933,0.305602240896359,-0.257983193277311,0.673389355742297,-0.592717086834734,-0.779551820728291,-0.584313725490196,0.100560224089636,0.215966386554622,0.689355742296919,0.587114845938375,0.553501400560224,-0.436694677871149,-0.247058823529412,-0.489355742296919,-0.326610644257703,0.313165266106443,0.305882352941176,0.00784313725490196,0.643417366946779,0.434453781512605,0.627450980392157,-0.320728291316527,0.630252100840336,0.599159663865546,0.528291316526611,-0.0949579831932773,-0.373109243697479,-0.287394957983193,0.158263305322129,0.678151260504202,0.0941176470588235,0.10952380952381,0.294397759103641,0.00756302521008403,-0.0380952380952381,-0.617366946778712,-0.148739495798319,-0.495798319327731,-0.00112044817927171,0.0571428571428571,0.414285714285714,-0.336694677871148,-0.308683473389356,0.359103641456583,0.0535014005602241,-0.2,-0.573669467787115,0.215686274509804,-0.692997198879552,0.659663865546219,0.676470588235294,-0.714005602240896,-0.740336134453782,0.390196078431373,0.572829131652661,0.482072829131653,0.453781512605042,-0.384313725490196,-0.0109243697478992,-0.569747899159664,-0.247619047619048,-0.833053221288516,-0.560224089635854,0.714565826330532,0.00532212885154062,-0.607563025210084,0.034453781512605,-0.701680672268908,0.13781512605042,-0.673109243697479,-0.715126050420168,0.428851540616247,-0.599719887955182,-0.401680672268908,-0.110084033613445,-0.50672268907563,-0.0988795518207283,-0.0560224089635854,-0.339775910364146,0.56078431372549,0.0932773109243698,0.661344537815126,-0.4,-0.509243697478992,-0.103081232492997,-0.245098039215686,-0.418487394957983,-0.518767507002801,-0.174229691876751,-0.161624649859944,-0.204761904761905,-0.645378151260504,-0.390756302521008,NA,-0.550700280112045,-0.173389355742297,-0.213445378151261,-0.112044817927171,-0.250420168067227,0.495798319327731,0.578711484593838,-0.344817927170868,-0.373949579831933,-0.196638655462185,-0.161904761904762,0.313725490196078,-0.119607843137255,-0.0224089635854342
OTU_221,0.691596638655462,-0.676750700280112,0.250420168067227,-0.181232492997199,-0.291596638655462,-0.292156862745098,-0.07703081232493,-0.442577030812325,0.123249299719888,0.568067226890756,-0.597478991596639,0.179271708683473,0.375070028011205,0.584593837535014,-0.73249299719888,-0.218207282913165,-0.598319327731093,0.274789915966387,0.354621848739496,-0.111764705882353,0.157422969187675,0.255742296918768,0.617366946778712,0.598039215686275,0.0403361344537815,0.497759103641457,0.387394957983193,-0.235014005602241,0.450980392156863,0.73109243697479,0.138375350140056,-0.366666666666667,-0.46358543417367,0.284033613445378,-0.337535014005602,-0.335014005602241,0.122689075630252,0.534733893557423,-0.0876750700280112,0.66890756302521,0.422128851540616,0.33781512605042,-0.114565826330532,-0.482913165266107,0.431652661064426,0.728851540616247,-0.281232492997199,0.317927170868347,-0.340336134453782,0.331932773109244,0.543977591036415,0.24733893557423,-0.0425770308123249,0.196638655462185,-0.306162464985994,-0.303921568627451,-0.197759103641457,0.637535014005602,0.26218487394958,0.634733893557423,0.217647058823529,0.168627450980392,-0.556022408963586,0.0725490196078431,-0.296918767507003,0,-0.623249299719888,0.668067226890756,-0.71484593837535,-0.306162464985994,-0.391316526610644,0.380112044817927,0.698879551820728,0.282913165266106,-0.347619047619048,-0.308683473389356,0.184593837535014,0.0627450980392157,-0.219887955182073,0.312324929971989,0.30952380952381,0.327170868347339,-0.0907563025210084,0.167787114845938,-0.33921568627451,-0.0952380952380952,-0.122128851540616,0.49187675070028,0.497759103641457,-0.697478991596639,-0.315406162464986,0.498879551820728,0.72156862745098,-0.214285714285714,0.647899159663866,-0.669467787114846,-0.352941176470588,0.422408963585434,0.743137254901961,-0.610364145658263,-0.360504201680672,-0.0672268907563025,-0.113725490196078,0.694397759103642,-0.0210084033613445,0.324649859943978,0.356022408963586,0.60140056022409,0.22156862745098,-0.692156862745098,-0.187114845938375,0.316526610644258,0.0198879551820728,0.714005602240896,-0.39187675070028,0.725210084033614,0.402240896358543,0.00672268907563025,0.650700280112045,0.76890756302521,0.0142857142857143,0.0932773109243698,-0.262464985994398,-0.151260504201681,0.250140056022409,-0.367787114845938,-0.352100840336134,-0.383193277310924,0.143977591036415,0.273669467787115,-0.00392156862745098,0.0392156862745098,0.657422969187675,0.692436974789916,-0.217647058823529,-0.150700280112045,-0.0775910364145658,0.710644257703081,0.659383753501401,-0.550700280112045,NA,0.229971988795518,0.419887955182073,0.0820728291316527,0.444257703081233,-0.464145658263305,-0.604761904761905,0.196078431372549,0.0686274509803922,0.222128851540616,0.246778711484594,-0.377591036414566,0.00196078431372549,0.342577030812325
OTU_233,0.0941176470588235,-0.0887955182072829,-0.00728291316526611,-0.225210084033613,-0.298039215686275,-0.209803921568627,0.43109243697479,-0.432212885154062,0.238655462184874,0.0938375350140056,-0.436694677871149,-0.0481792717086835,0.286834733893557,0.210084033613445,-0.297478991596639,-0.430812324929972,-0.269467787114846,0.412044817927171,-0.173389355742297,-0.00756302521008403,0.284593837535014,0.417086834733894,-0.0260504201680672,0.0523809523809524,0.411484593837535,0.311484593837535,-0.262745098039216,-0.322689075630252,-0.0649859943977591,0.140056022408964,-0.249019607843137,-0.334733893557423,-0.404481792717087,-0.167787114845938,-0.375350140056022,-0.0249299719887955,0.302801120448179,0.203361344537815,-0.288515406162465,0.0568627450980392,0.180112044817927,0.0750700280112045,0.467507002801121,-0.030812324929972,0.0173669467787115,0.0170868347338936,-0.260224089635854,0.35406162464986,-0.367226890756303,0.319607843137255,0.303081232492997,0.364985994397759,-0.2703081232493,0.315406162464986,-0.202801120448179,-0.034453781512605,-0.287675070028011,0.107282913165266,0.23249299719888,0.356862745098039,0.449019607843137,-0.317927170868347,-0.234453781512605,0.291036414565826,-0.19327731092437,0.364145658263305,-0.0708683473389356,-0.0159663865546219,-0.0929971988795518,-0.401680672268908,-0.511484593837535,-0.240896358543417,0.0198879551820728,0.313165266106443,-0.40812324929972,-0.139495798319328,-0.14453781512605,0.346218487394958,0.0291316526610644,0.159943977591036,-0.312885154061625,0.201960784313726,0.260224089635854,0.321288515406162,-0.246498599439776,0.313165266106443,-0.488515406162465,0.402240896358543,0.0271708683473389,-0.319607843137255,-0.310084033613445,0.25266106442577,0.0697478991596639,0.026890756302521,0.0210084033613445,-0.242577030812325,-0.407843137254902,0.0568627450980392,0.108403361344538,-0.365826330532213,-0.416806722689076,-0.172829131652661,-0.510364145658263,0.145658263305322,-0.168627450980392,0.057703081232493,0.1296918767507,0.0484593837535014,0.466666666666667,-0.117647058823529,-0.24733893557423,-0.069187675070028,-0.116806722689076,0.156862745098039,-0.250700280112045,-0.0061624649859944,0.131932773109244,-0.250980392156863,0.351260504201681,0.298039215686275,0.0224089635854342,0.465826330532213,-0.485434173669468,0.400560224089636,0.172549019607843,-0.159103641456583,-0.187675070028011,-0.111484593837535,0.375910364145658,0.462745098039216,0.219327731092437,0.130252100840336,-0.129971988795518,0.151540616246499,0.208683473389356,0.0565826330532213,0.517366946778712,0.0801120448179272,0.0352941176470588,-0.173389355742297,0.229971988795518,NA,0.436974789915966,0.437535014005602,0.406442577030812,-0.227450980392157,-0.343137254901961,0.418207282913165,0.335014005602241,0.563865546218488,0.336974789915966,-0.250420168067227,0.302240896358543,0.251540616246499
OTU_252,0.133613445378151,-0.121008403361345,-0.0218487394957983,-0.136974789915966,-0.173389355742297,-0.235294117647059,0.426330532212885,-0.366386554621849,0.392436974789916,0.294397759103641,-0.32436974789916,-0.0820728291316527,0.433333333333333,0.136694677871148,-0.354341736694678,-0.172268907563025,-0.336694677871148,0.378711484593838,-0.151260504201681,0.20672268907563,0.436134453781513,0.498879551820728,0.0425770308123249,0.0837535014005602,0.48375350140056,0.354621848739496,-0.249019607843137,-0.220168067226891,-0.119887955182073,0.37843137254902,0.0526610644257703,-0.272829131652661,-0.534733893557423,-0.198039215686275,-0.392717086834734,-0.0997198879551821,0.368627450980392,0.494117647058824,-0.189075630252101,0.188235294117647,0.174229691876751,0.0705882352941177,0.370588235294118,-0.0938375350140056,0.0109243697478992,0.145098039215686,-0.567507002801121,0.682913165266106,-0.28655462184874,0.370028011204482,0.20140056022409,0.399159663865546,-0.264985994397759,0.382913165266106,-0.180112044817927,0.0943977591036415,-0.291596638655462,0.140056022408964,0.349859943977591,0.378151260504202,0.610644257703081,-0.135014005602241,-0.292997198879552,0.413725490196078,-0.147058823529412,0.424089635854342,-0.220168067226891,0.216526610644258,-0.130812324929972,-0.432773109243697,-0.559103641456583,-0.273669467787115,0.0913165266106443,0.433893557422969,-0.395238095238095,-0.109803921568627,-0.0862745098039216,0.23921568627451,0.126890756302521,0.414565826330532,-0.214565826330532,0.351260504201681,0.253781512605042,0.347058823529412,-0.395798319327731,0.109803921568627,-0.484033613445378,0.607002801120448,0.092436974789916,-0.385434173669468,-0.344257703081233,0.255742296918768,0.207843137254902,0.146498599439776,0.0801120448179272,-0.334173669467787,-0.431932773109244,0.167787114845938,0.182072829131653,-0.438095238095238,-0.387394957983193,-0.111484593837535,-0.451820728291317,0.217366946778712,-0.25546218487395,0.124089635854342,0.534453781512605,0.202801120448179,0.45406162464986,-0.193837535014006,-0.427731092436975,0.0126050420168067,-0.187394957983193,0.407843137254902,-0.347899159663866,0.190196078431373,0.0672268907563025,-0.136414565826331,0.548739495798319,0.573109243697479,-0.0481792717086835,0.428851540616247,-0.381512605042017,0.33921568627451,0.29187675070028,-0.271988795518207,-0.369467787114846,0.0310924369747899,0.318207282913165,0.448459383753501,0.389355742296919,0.140896358543417,-0.0238095238095238,0.242296918767507,0.209243697478992,-0.37703081232493,0.433893557422969,0.149859943977591,0.165826330532213,-0.213445378151261,0.419887955182073,0.436974789915966,NA,0.571148459383754,0.411204481792717,-0.320728291316527,-0.307563025210084,0.564985994397759,0.296358543417367,0.414565826330532,0.498879551820728,-0.247058823529412,0.29047619047619,0.123529411764706
OTU_266,-0.0168067226890756,-0.00196078431372549,0.142577030812325,-0.234453781512605,-0.150980392156863,-0.145658263305322,0.25266106442577,-0.273109243697479,-0.0563025210084034,-0.0983193277310925,-0.141176470588235,0.0103641456582633,0.207563025210084,0.0106442577030812,-0.057703081232493,-0.120448179271709,0.0224089635854342,0.310364145658263,-0.298319327731092,0.253781512605042,0.103641456582633,0.211764705882353,-0.12296918767507,-0.191316526610644,0.209243697478992,0.148179271708684,-0.166666666666667,-0.0859943977591037,-0.166946778711485,-0.00756302521008403,-0.18375350140056,-0.251540616246499,-0.0473389355742297,-0.199719887955182,-0.287394957983193,0.0238095238095238,-0.0644257703081233,0.0204481792717087,-0.0238095238095238,-0.179831932773109,0.135294117647059,0.030812324929972,0.399719887955182,0.112324929971989,-0.129971988795518,-0.159943977591036,-0.108683473389356,0.265546218487395,-0.103921568627451,0.200560224089636,0.212324929971989,0.329411764705882,0.0773109243697479,0.218767507002801,-0.0792717086834734,0.231932773109244,-0.175350140056022,-0.183193277310924,0.0971988795518207,0.197198879551821,0.409803921568628,-0.375350140056022,0.0756302521008403,0.0938375350140056,-0.0630252100840336,0.427450980392157,0.214565826330532,-0.00364145658263305,0.204481792717087,-0.319607843137255,-0.327731092436975,-0.201680672268908,-0.0109243697478992,0.105882352941176,0.0117647058823529,0.034733893557423,-0.175350140056022,-0.101120448179272,0.24593837535014,0.174789915966387,-0.291596638655462,0.182633053221289,0.102240896358543,0.342857142857143,-0.325210084033614,0.145378151260504,-0.357983193277311,0.180392156862745,-0.246778711484594,0.105042016806723,-0.224929971988796,0.15406162464986,-0.135574229691877,0.0330532212885154,-0.0851540616246499,0.042296918767507,-0.2296918767507,0.0240896358543417,-0.0425770308123249,-0.00980392156862745,-0.16750700280112,-0.101120448179272,-0.295518207282913,0.00476190476190476,0.101960784313726,0.0988795518207283,0.11484593837535,0.0554621848739496,0.317086834733894,0.150140056022409,-0.0543417366946779,-0.0638655462184874,-0.38655462184874,0.0406162464985994,-0.188795518207283,-0.100560224089636,0.0619047619047619,-0.362464985994398,0.205602240896359,0.200840336134454,-0.130252100840336,0.428291316526611,-0.163025210084034,0.377591036414566,0.00448179271708684,-0.0305322128851541,-0.193837535014006,0.14733893557423,0.264145658263305,0.317927170868347,0.180392156862745,0.36078431372549,-0.29187675070028,-0.113165266106443,0.238655462184874,-0.20140056022409,0.380392156862745,-0.057703081232493,-0.19047619047619,-0.112044817927171,0.0820728291316527,0.437535014005602,0.571148459383754,NA,0.233333333333333,-0.294117647058824,-0.00476190476190476,0.391036414565826,0.203641456582633,0.373949579831933,0.2296918767507,-0.226050420168067,0.111204481792717,0.0952380952380952
OTU_277,0.282352941176471,-0.301680672268908,0.0372549019607843,-0.0705882352941177,-0.174509803921569,-0.241456582633053,0.278711484593838,-0.504481792717087,0.259943977591036,0.23921568627451,-0.507282913165266,0.0464985994397759,0.263865546218487,0.335854341736695,-0.433333333333333,-0.445378151260504,-0.377591036414566,0.311764705882353,0.0210084033613445,-0.0439775910364146,0.368347338935574,0.407002801120448,0.254621848739496,0.210644257703081,0.373109243697479,0.207282913165266,-0.16078431372549,-0.229411764705882,0.0789915966386555,0.381232492997199,-0.0560224089635854,-0.271148459383754,-0.493557422969188,0.0277310924369748,-0.261904761904762,-0.000840336134453782,0.16750700280112,0.425770308123249,-0.285994397759104,0.329131652661064,0.128571428571429,0.0464985994397759,0.296918767507003,-0.234453781512605,0.0554621848739496,0.278711484593838,-0.371988795518207,0.359383753501401,-0.335854341736695,0.240896358543417,0.326330532212885,0.321848739495798,-0.222408963585434,0.333613445378151,-0.172549019607843,-0.0759103641456583,-0.20672268907563,0.209803921568627,0.236414565826331,0.525770308123249,0.3703081232493,-0.170588235294118,-0.338095238095238,0.369187675070028,-0.242016806722689,0.334173669467787,-0.186834733893557,0.17843137254902,-0.240056022408964,-0.387114845938375,-0.373389355742297,-0.0487394957983193,0.237535014005602,0.289075630252101,-0.450980392156863,-0.147058823529412,-0.00952380952380952,0.282072829131653,0.123529411764706,0.385714285714286,-0.00756302521008403,0.228851540616247,0.131652661064426,0.348739495798319,-0.416526610644258,0.289355742296919,-0.179271708683473,0.44733893557423,0.189915966386555,-0.428571428571429,-0.369747899159664,0.377310924369748,0.148459383753501,-0.0915966386554622,0.0851540616246499,-0.350700280112045,-0.389355742296919,0.0260504201680672,0.219607843137255,-0.46078431372549,-0.375910364145658,-0.0352941176470588,-0.303921568627451,0.431652661064426,-0.00644257703081233,-0.00504201680672269,0.205602240896359,0.189635854341737,0.337254901960784,-0.362745098039216,-0.202521008403361,0.0644257703081233,0.0568627450980392,0.361344537815126,-0.34453781512605,0.204481792717087,0.0997198879551821,-0.184033613445378,0.39859943977591,0.541456582633053,-0.150700280112045,0.345378151260504,-0.352941176470588,0.285434173669468,0.290756302521008,-0.222408963585434,-0.156582633053221,-0.0879551820728291,0.326610644257703,0.191596638655462,0.325210084033614,0.0431372549019608,0.106162464985994,0.248179271708684,0.120168067226891,-0.384593837535014,0.169747899159664,0.154341736694678,0.216526610644258,-0.250420168067227,0.444257703081233,0.406442577030812,0.411204481792717,0.233333333333333,NA,-0.315686274509804,-0.310644257703081,0.353781512605042,0.000560224089635854,0.578711484593838,0.507002801120448,-0.0109243697478992,0.26890756302521,0.420448179271709
OTU_288,-0.657703081232493,0.632773109243698,-0.605322128851541,0.130812324929972,0.646778711484594,0.691316526610644,0.179831932773109,0.54453781512605,0.200280112044818,-0.211764705882353,0.61484593837535,-0.448459383753501,-0.369747899159664,-0.612605042016807,0.58375350140056,0.405602240896359,0.332773109243698,-0.422128851540616,-0.218767507002801,0.0322128851540616,-0.0448179271708684,-0.566386554621849,-0.23249299719888,-0.331932773109244,0.294677871148459,-0.320448179271709,-0.327450980392157,0.510364145658263,0.116526610644258,-0.288235294117647,0.358823529411765,0.699719887955182,0.0030812324929972,-0.403081232492997,0.736414565826331,0.591596638655462,0.257142857142857,0.00644257703081233,0.057703081232493,-0.307282913165266,-0.188235294117647,-0.542016806722689,-0.426610644257703,0.356582633053221,-0.354341736694678,-0.333893557422969,0.269187675070028,-0.28655462184874,0.598319327731093,-0.652100840336135,-0.607002801120448,-0.428011204481793,0.0549019607843137,0.285994397759104,0.610084033613446,0.490196078431373,0.507843137254902,-0.199719887955182,-0.225490196078431,-0.510084033613445,-0.385994397759104,0.470868347338936,0.229971988795518,0.0952380952380952,0.615686274509804,0.198039215686275,0.47843137254902,-0.0602240896358543,0.258263305322129,0.451540616246499,0.6703081232493,-0.0789915966386555,-0.391316526610644,-0.0434173669467787,0.0991596638655462,0.554621848739496,0.138655462184874,0.326610644257703,0.345658263305322,0.0929971988795518,-0.228011204481793,-0.245098039215686,-0.217927170868347,-0.449579831932773,-0.000840336134453782,-0.189635854341737,0.394117647058824,-0.124929971988796,-0.0504201680672269,0.172268907563025,0.0131652661064426,-0.430252100840336,-0.382072829131653,-0.128571428571429,-0.49859943977591,0.330812324929972,0.492436974789916,-0.342296918767507,-0.473669467787115,0.15406162464986,0.4296918767507,0.464145658263305,0.286834733893557,-0.547058823529412,-0.470028011204482,-0.151260504201681,-0.173949579831933,-0.543697478991597,-0.359663865546219,0.404481792717087,-0.299719887955182,-0.279831932773109,0.030812324929972,-0.27563025210084,0.0666666666666667,-0.323529411764706,-0.617086834733894,0.59859943977591,-0.544817927170868,-0.634733893557423,-0.215686274509804,-0.443137254901961,0.185434173669468,-0.154621848739496,-0.382352941176471,0.598039215686275,0.0633053221288516,0.450420168067227,-0.504481792717087,-0.171988795518207,-0.160504201680672,-0.53921568627451,-0.18655462184874,-0.407002801120448,-0.254901960784314,-0.125210084033613,-0.300840336134454,-0.4,-0.495238095238095,0.495798319327731,-0.464145658263305,-0.227450980392157,-0.320728291316527,-0.294117647058824,-0.315686274509804,NA,0.25546218487395,-0.421288515406163,-0.179271708683473,-0.331652661064426,-0.0711484593837535,0.419047619047619,-0.188515406162465,0.0319327731092437
OTU_290,-0.527170868347339,0.519607843137255,-0.156022408963585,0.294957983193277,0.298039215686275,0.408963585434174,-0.115406162464986,0.250140056022409,-0.121288515406162,-0.641456582633053,0.532773109243697,0.0817927170868347,-0.581792717086835,-0.528011204481793,0.667787114845939,0.125490196078431,0.698319327731093,-0.381232492997199,-0.208403361344538,0.0518207282913165,-0.119887955182073,-0.254621848739496,-0.392997198879552,-0.543137254901961,-0.0277310924369748,-0.674229691876751,-0.234453781512605,0.542577030812325,-0.36890756302521,-0.570588235294118,-0.217647058823529,0.454901960784314,0.520168067226891,-0.265266106442577,0.478991596638656,0.344257703081233,-0.0983193277310925,-0.336694677871148,0.171988795518207,-0.602801120448179,-0.422408963585434,-0.485994397759104,0.0246498599439776,0.329971988795518,-0.579831932773109,-0.544817927170868,0.42156862745098,-0.540896358543417,0.519887955182073,-0.53921568627451,-0.526890756302521,-0.517086834733894,0.352380952380952,-0.0414565826330532,0.426890756302521,0.568347338935574,0.440336134453782,-0.623809523809524,-0.115686274509804,-0.520448179271709,-0.457422969187675,-0.0672268907563025,0.564425770308123,-0.0515406162464986,0.563865546218488,0.187394957983193,0.685714285714286,-0.57703081232493,0.603081232492997,0.462745098039216,0.510364145658263,-0.1296918767507,-0.322689075630252,-0.177591036414566,0.431372549019608,0.510364145658263,-0.104481792717087,-0.0313725490196078,0.050140056022409,-0.325210084033614,-0.130812324929972,-0.597478991596639,-0.165266106442577,-0.341736694677871,0.220448179271709,0.0030812324929972,0.369187675070028,-0.546778711484594,-0.462745098039216,0.636974789915966,0.284593837535014,-0.365266106442577,-0.605322128851541,0.0358543417366947,-0.684313725490196,0.777310924369748,0.569467787114846,-0.515126050420168,-0.703921568627451,0.576750700280112,0.616806722689076,0.137535014005602,0.304201680672269,-0.387114845938375,0.120728291316527,-0.453221288515406,-0.0991596638655462,-0.565266106442577,-0.441736694677871,0.670028011204482,0.265266106442577,-0.361064425770308,-0.0582633053221289,-0.768347338935574,0.243137254901961,-0.73921568627451,-0.41624649859944,0.0380952380952381,-0.551820728291317,-0.427450980392157,-0.114005602240896,-0.392156862745098,0.305042016806723,0.0801120448179272,-0.129411764705882,0.543417366946779,0.265546218487395,0.582913165266106,-0.363025210084034,-0.542577030812325,0.0593837535014006,-0.160224089635854,-0.536134453781513,-0.650980392156863,-0.117366946778712,-0.0319327731092437,-0.216526610644258,-0.636694677871149,-0.438655462184874,0.578711484593838,-0.604761904761905,-0.343137254901961,-0.307563025210084,-0.00476190476190476,-0.310644257703081,0.25546218487395,NA,-0.202240896358543,-0.264985994397759,-0.172549019607843,-0.259103641456583,0.330252100840336,-0.149299719887955,-0.150700280112045
OTU_297,0.180952380952381,-0.167226890756303,0.019047619047619,0.0582633053221289,-0.30140056022409,-0.428291316526611,0.440616246498599,-0.410644257703081,0.140896358543417,0.0378151260504202,-0.335294117647059,0.0338935574229692,0.294957983193277,0.226890756302521,-0.330812324929972,-0.354341736694678,-0.199159663865546,0.444257703081233,-0.259663865546219,0.208963585434174,0.267226890756303,0.514565826330532,-0.0563025210084034,-0.00140056022408964,0.340336134453782,0.318207282913165,-0.254341736694678,-0.381512605042017,-0.161344537815126,0.21484593837535,-0.160504201680672,-0.392997198879552,-0.334733893557423,-0.109803921568627,-0.4296918767507,-0.161344537815126,0.10812324929972,0.226610644257703,-0.145658263305322,0.0380952380952381,0.174789915966387,0.145098039215686,0.468067226890756,0.0717086834733894,0.0941176470588235,-0.0207282913165266,-0.484593837535014,0.421848739495798,-0.361344537815126,0.414285714285714,0.380672268907563,0.455182072829132,-0.261624649859944,0.0414565826330532,-0.303361344537815,-0.046218487394958,-0.40672268907563,-0.0316526610644258,0.258823529411765,0.415686274509804,0.553501400560224,-0.388235294117647,-0.0946778711484594,0.301960784313726,-0.300840336134454,0.300280112044818,-0.0857142857142857,-0.0254901960784314,-0.080672268907563,-0.500840336134454,-0.558543417366947,-0.364145658263305,0.0092436974789916,0.36218487394958,-0.328291316526611,-0.21484593837535,-0.205602240896359,0.150420168067227,0.0495798319327731,0.133613445378151,-0.264985994397759,0.276470588235294,0.348739495798319,0.453781512605042,-0.341176470588235,0.374789915966387,-0.436694677871149,0.412044817927171,-0.0156862745098039,-0.226610644257703,-0.362464985994398,0.282633053221289,0.00476190476190476,0.255182072829132,0.0263305322128852,-0.216526610644258,-0.480392156862745,0.162464985994398,0.0644257703081233,-0.295798319327731,-0.458543417366947,-0.315686274509804,-0.491596638655462,0.22156862745098,-0.0406162464985994,0.201120448179272,0.271708683473389,0.199439775910364,0.568067226890756,-0.150980392156863,-0.0879551820728291,0.0439775910364146,-0.187394957983193,0.215126050420168,-0.311204481792717,0.0549019607843137,0.221848739495798,-0.289075630252101,0.447058823529412,0.423529411764706,-0.0574229691876751,0.487675070028011,-0.259943977591036,0.458823529411765,0.513725490196078,-0.291316526610644,-0.23921568627451,0.0299719887955182,0.504761904761905,0.412885154061625,0.488795518207283,0.288515406162465,-0.138655462184874,0.122689075630252,0.2296918767507,-0.208403361344538,0.500840336134454,0.00952380952380952,0.0568627450980392,-0.344817927170868,0.196078431372549,0.418207282913165,0.564985994397759,0.391036414565826,0.353781512605042,-0.421288515406163,-0.202240896358543,NA,0.339775910364146,0.5,0.296078431372549,-0.219607843137255,0.460224089635854,0.213445378151261
OTU_319,0.178711484593838,-0.313445378151261,0.454341736694678,-0.0649859943977591,-0.515406162464986,-0.534453781512605,0.178991596638655,-0.444817927170868,0.174509803921569,-0.217927170868347,-0.292997198879552,0.0792717086834734,0.536974789915966,0.179271708683473,-0.294397759103641,-0.138095238095238,-0.0221288515406163,0.71764705882353,-0.274789915966387,0.464705882352941,0.0526610644257703,0.469747899159664,-0.162464985994398,-0.145658263305322,-0.065546218487395,0.391316526610644,0.147899159663866,-0.483193277310924,-0.180392156862745,0.0123249299719888,-0.588795518207283,-0.635014005602241,0.0162464985994398,0.0366946778711485,-0.626330532212885,-0.51484593837535,0.113725490196078,0.0980392156862745,0.255182072829132,-0.173949579831933,0.37703081232493,0.563305322128852,0.512885154061625,0.235014005602241,0.341176470588235,-0.172268907563025,-0.172829131652661,0.221008403361345,-0.381512605042017,0.575910364145658,0.411484593837535,0.535574229691877,-0.133893557422969,0.0263305322128852,-0.507002801120448,-0.31624649859944,-0.565546218487395,-0.129411764705882,-0.0252100840336134,0.226890756302521,0.534733893557423,-0.495798319327731,0.226050420168067,0.0338935574229692,-0.240616246498599,-0.0798319327731093,-0.175910364145658,-0.241736694677871,0.0187675070028011,-0.596078431372549,-0.482352941176471,-0.333893557422969,-0.0907563025210084,0.0260504201680672,0.00756302521008403,-0.485714285714286,-0.302521008403361,-0.160224089635854,-0.00868347338935574,-0.327731092436975,-0.383473389355742,0.474789915966387,0.221288515406162,0.412044817927171,0.319887955182073,0.00112044817927171,-0.453781512605042,0.0834733893557423,-0.143697478991597,0.0196078431372549,0.214565826330532,-0.121848739495798,0.159663865546219,0.0980392156862745,0.171428571428571,-0.194397759103641,-0.630252100840336,0.536134453781513,0.181232492997199,0.0571428571428571,-0.417927170868347,-0.430252100840336,-0.584033613445378,-0.0327731092436975,0.0563025210084034,0.35546218487395,0.0557422969187675,0.485714285714286,0.632773109243698,-0.187114845938375,0.264425770308123,0.413725490196078,-0.0470588235294118,0.223529411764706,0.130252100840336,0.065546218487395,0.413165266106443,-0.473669467787115,0.240616246498599,0.160224089635854,0.275070028011205,0.592156862745098,0.135854341736695,0.505602240896359,0.134453781512605,-0.384593837535014,0.119887955182073,-0.233333333333333,0.538375350140056,0.71484593837535,0.318487394957983,0.498039215686275,-0.245098039215686,0.0257703081232493,0.480952380952381,0.225770308123249,0.416526610644258,0.135574229691877,-0.0829131652661065,-0.373949579831933,0.0686274509803922,0.335014005602241,0.296358543417367,0.203641456582633,0.000560224089635854,-0.179271708683473,-0.264985994397759,0.339775910364146,NA,0.0834733893557423,0.019327731092437,-0.321848739495798,0.0142857142857143,0.0168067226890756
OTU_325,0.231652661064426,-0.154901960784314,-0.000840336134453782,0.0910364145658263,-0.28655462184874,-0.323529411764706,0.348459383753501,-0.418487394957983,0.212044817927171,0.13921568627451,-0.428851540616247,0.0915966386554622,0.238375350140056,0.296918767507003,-0.40952380952381,-0.455182072829132,-0.345658263305322,0.282913165266106,-0.0277310924369748,0.0109243697478992,0.251540616246499,0.441736694677871,0.0913165266106443,0.105042016806723,0.356022408963586,0.181512605042017,-0.208403361344538,-0.198039215686275,0.00868347338935574,0.246498599439776,-0.203921568627451,-0.259663865546219,-0.252380952380952,0.00532212885154062,-0.332212885154062,-0.0397759103641457,0.214565826330532,0.341456582633053,-0.177591036414566,0.19859943977591,0.143697478991597,-0.0092436974789916,0.375910364145658,-0.214285714285714,-0.110924369747899,0.169467787114846,-0.298319327731092,0.263585434173669,-0.399439775910364,0.220728291316527,0.3,0.306442577030812,-0.189635854341737,0.13781512605042,-0.222689075630252,-0.0725490196078431,-0.298879551820728,0.149299719887955,0.305042016806723,0.316806722689076,0.294117647058824,-0.459663865546219,-0.188795518207283,0.349579831932773,-0.22156862745098,0.263865546218487,-0.115966386554622,0.0103641456582633,-0.156582633053221,-0.351820728291317,-0.50952380952381,-0.141456582633053,0.184313725490196,0.466666666666667,-0.315966386554622,-0.210084033613445,-0.0901960784313726,0.308403361344538,-0.0369747899159664,0.219327731092437,-0.0649859943977591,0.125490196078431,0.435014005602241,0.360504201680672,-0.356022408963586,0.395238095238095,-0.392717086834734,0.328571428571429,0.0840336134453782,-0.241736694677871,-0.380672268907563,0.299439775910364,0.0299719887955182,-0.119607843137255,0.0184873949579832,-0.263025210084034,-0.386834733893557,-0.0837535014005602,0.121288515406162,-0.349019607843137,-0.257703081232493,-0.247058823529412,-0.335574229691877,0.396358543417367,-0.0257703081232493,-0.0621848739495798,0.249299719887955,0.042296918767507,0.366386554621849,-0.264705882352941,-0.135294117647059,0.019047619047619,-0.128291316526611,0.216806722689076,-0.424089635854342,-0.02296918767507,0.147058823529412,-0.39327731092437,0.434453781512605,0.433333333333333,-0.242296918767507,0.280672268907563,-0.266106442577031,0.366106442577031,0.328011204481793,-0.184873949579832,-0.280392156862745,-0.0815126050420168,0.431932773109244,0.23921568627451,0.247058823529412,0.119887955182073,-0.115966386554622,0.152941176470588,0.0621848739495798,-0.259663865546219,0.361624649859944,0.210924369747899,0.0563025210084034,-0.196638655462185,0.222128851540616,0.563865546218488,0.414565826330532,0.373949579831933,0.578711484593838,-0.331652661064426,-0.172549019607843,0.5,0.0834733893557423,NA,0.427731092436975,0.0212885154061625,0.478711484593838,0.249019607843137
OTU_333,0.0428571428571429,-0.0103641456582633,-0.174789915966387,-0.118207282913165,0.0212885154061625,-0.124089635854342,0.450420168067227,-0.182352941176471,0.458823529411765,0.161624649859944,-0.136134453781513,-0.168627450980392,0.285994397759104,0.0187675070028011,-0.231372549019608,-0.143137254901961,-0.313165266106443,0.0994397759103642,-0.173389355742297,0.156022408963585,0.233613445378151,0.245658263305322,0.116526610644258,0.0490196078431373,0.526330532212885,0.231372549019608,-0.284593837535014,-0.0932773109243698,0.0831932773109244,0.263305322128852,0.156582633053221,-0.0815126050420168,-0.459943977591037,-0.228851540616247,-0.0753501400560224,0.165826330532213,0.319607843137255,0.400840336134454,-0.251820728291317,0.170028011204482,0.178991596638655,-0.0680672268907563,0.205322128851541,-0.0641456582633053,-0.0854341736694678,0.138935574229692,-0.323529411764706,0.343977591036415,-0.0596638655462185,0.0380952380952381,0.187394957983193,0.188795518207283,-0.190756302521008,0.419607843137255,-0.0492997198879552,0.111484593837535,-0.080952380952381,0.101960784313726,-0.0310924369747899,0.158263305322129,0.374229691876751,-0.107843137254902,-0.303921568627451,0.412044817927171,-0.049859943977591,0.296078431372549,0.0282913165266106,0.351540616246499,-0.0966386554621849,-0.259383753501401,-0.345658263305322,-0.164985994397759,0.108963585434174,0.296358543417367,-0.419327731092437,-0.00588235294117647,-0.0120448179271709,0.490756302521008,0.257703081232493,0.433613445378151,-0.136694677871148,0.285714285714286,0.0563025210084034,0.163865546218487,-0.388235294117647,0.129971988795518,-0.291036414565826,0.464425770308123,0.151260504201681,-0.397478991596639,-0.23781512605042,0.270868347338936,0.0319327731092437,-0.114285714285714,-0.00252100840336135,-0.226890756302521,-0.177591036414566,-0.00420168067226891,0.122408963585434,-0.353781512605042,-0.245658263305322,0.065266106442577,-0.177310924369748,0.16750700280112,-0.0815126050420168,-0.0403361344537815,0.22296918767507,0.00756302521008403,0.3296918767507,-0.225770308123249,-0.571148459383754,-0.112324929971989,0.0605042016806723,0.420168067226891,-0.289915966386555,0.187675070028011,-0.0165266106442577,-0.0145658263305322,0.344257703081233,0.217086834733894,-0.0280112044817927,0.221848739495798,-0.335014005602241,0.0843137254901961,0.36750700280112,-0.0714285714285714,-0.249019607843137,0.0689075630252101,0.0865546218487395,0.186274509803922,0.110084033613445,-0.122689075630252,0.0187675070028011,0.0868347338935574,0.0565826330532213,-0.467226890756303,0.244257703081233,0.0450980392156863,0.0179271708683473,-0.161904761904762,0.246778711484594,0.336974789915966,0.498879551820728,0.2296918767507,0.507002801120448,-0.0711484593837535,-0.259103641456583,0.296078431372549,0.019327731092437,0.427731092436975,NA,0.15266106442577,0.384313725490196,0.451260504201681
OTU_346,-0.454621848739496,0.407843137254902,-0.525490196078432,0.080952380952381,0.510924369747899,0.218487394957983,0.32296918767507,0.396638655462185,0.0913165266106443,-0.212324929971989,0.428851540616247,-0.483473389355742,-0.38655462184874,-0.405322128851541,0.423809523809524,0.186274509803922,0.236694677871148,-0.56218487394958,-0.148739495798319,-0.0574229691876751,0.14733893557423,-0.217927170868347,-0.302240896358543,-0.194677871148459,0.325770308123249,-0.236134453781513,-0.48515406162465,0.259383753501401,-0.202521008403361,-0.35406162464986,0.224929971988796,0.419887955182073,-0.0266106442577031,-0.435574229691877,0.459103641456583,0.40952380952381,0.0627450980392157,-0.147058823529412,-0.21484593837535,-0.303641456582633,-0.536694677871149,-0.374229691876751,-0.0159663865546219,0.226050420168067,-0.594957983193277,-0.260224089635854,-0.0156862745098039,-0.251540616246499,0.320168067226891,-0.384593837535014,-0.42156862745098,-0.364145658263305,-0.141176470588235,0.00700280112044818,0.180112044817927,0.223529411764706,0.164985994397759,-0.0868347338935574,-0.202521008403361,-0.527170868347339,-0.256302521008403,0.0428571428571429,0.069187675070028,0.116806722689076,0.231372549019608,0.127170868347339,0.308683473389356,-0.0526610644257703,0.302521008403361,0.402240896358543,0.178151260504202,-0.226890756302521,-0.256582633053221,-0.138655462184874,-0.205042016806723,0.160224089635854,-0.226330532212885,0.243977591036415,0.3296918767507,0.0417366946778712,-0.122408963585434,-0.196638655462185,-0.110084033613445,-0.162464985994398,-0.00364145658263305,-0.00476190476190476,0.113165266106443,-0.244257703081233,-0.303361344537815,0.0179271708683473,0.226330532212885,0.129411764705882,-0.5406162464986,0.149579831932773,-0.413165266106443,0.287955182072829,0.441176470588235,-0.413165266106443,-0.293837535014006,0.276750700280112,0.291316526610644,0.110364145658263,0.218207282913165,-0.142857142857143,0.107843137254902,-0.490476190476191,-0.185994397759104,-0.456302521008403,-0.298879551820728,0.217927170868347,-0.137254901960784,-0.355182072829132,0.272549019607843,-0.272268907563025,0.25266106442577,-0.268347338935574,-0.372268907563025,0.137254901960784,-0.12296918767507,-0.269747899159664,0.0621848739495798,-0.268067226890756,-0.144257703081233,-0.192436974789916,-0.0907563025210084,0.371708683473389,0.308963585434174,0.366666666666667,-0.167787114845938,-0.370868347338936,0.0915966386554622,-0.325210084033614,-0.265266106442577,-0.319327731092437,-0.157703081232493,-0.402801120448179,-0.220168067226891,-0.25546218487395,-0.258823529411765,0.313725490196078,-0.377591036414566,-0.250420168067227,-0.247058823529412,-0.226050420168067,-0.0109243697478992,0.419047619047619,0.330252100840336,-0.219607843137255,-0.321848739495798,0.0212885154061625,0.15266106442577,NA,-0.112044817927171,0.16218487394958
OTU_351,0.109243697478992,-0.0280112044817927,-0.0910364145658263,0.0946778711484594,-0.171428571428571,-0.137254901960784,0.132212885154062,-0.325490196078431,0.242296918767507,0.0565826330532213,-0.243137254901961,0.0955182072829132,0.0966386554621849,0.15406162464986,-0.261624649859944,-0.364985994397759,-0.157703081232493,0.157142857142857,-0.0773109243697479,-0.100280112044818,0.0890756302521009,0.205042016806723,0.0431372549019608,0.0215686274509804,0.269187675070028,-0.073109243697479,-0.153501400560224,-0.0798319327731093,-0.084593837535014,0.170868347338936,-0.0145658263305322,-0.111764705882353,-0.159943977591036,-0.0672268907563025,-0.116526610644258,0.0630252100840336,0.282072829131653,0.257983193277311,-0.115686274509804,0.145658263305322,0.0338935574229692,-0.117647058823529,0.169747899159664,-0.310084033613445,-0.0408963585434174,0.057703081232493,-0.0394957983193277,0.2,-0.182913165266106,0.0563025210084034,0.100840336134454,0.101120448179272,0.00588235294117647,0.0302521008403361,-0.0439775910364146,0.0406162464985994,-0.230532212885154,-0.0030812324929972,0.511484593837535,0.257142857142857,0.143137254901961,-0.124649859943978,-0.135294117647059,0.293557422969188,-0.0851540616246499,0.131652661064426,-0.0728291316526611,-0.176470588235294,-0.12156862745098,-0.203081232492997,-0.186274509803922,-0.137535014005602,-0.00252100840336135,0.423809523809524,-0.106442577030812,-0.0156862745098039,-0.00756302521008403,0.267787114845938,-0.189915966386555,0.17563025210084,0.0196078431372549,-0.0456582633053221,0.459663865546219,0.0341736694677871,-0.288795518207283,0.716526610644258,-0.189915966386555,0.464705882352941,0.092156862745098,-0.088515406162465,-0.313165266106443,0.00448179271708684,-0.0235294117647059,0.0453781512605042,0.0515406162464986,-0.194677871148459,-0.140336134453782,-0.150140056022409,0.0445378151260504,-0.208963585434174,-0.139775910364146,-0.103921568627451,-0.249859943977591,0.117366946778712,-0.0689075630252101,-0.0173669467787115,0.373669467787115,0.0358543417366947,0.223529411764706,-0.197478991596639,-0.34453781512605,-0.0327731092436975,-0.156302521008403,0.100560224089636,-0.248179271708684,-0.0361344537815126,-0.100560224089636,-0.0380952380952381,0.189355742296919,0.130252100840336,-0.0630252100840336,0.0680672268907563,-0.187675070028011,0.218207282913165,0.319607843137255,-0.173669467787115,-0.211204481792717,-0.05406162464986,0.092156862745098,0.000560224089635854,0.0366946778711485,-0.0257703081232493,-0.0296918767507003,0.17703081232493,0.19047619047619,-0.207002801120448,0.305882352941176,0.0271708683473389,-0.0148459383753501,-0.119607843137255,0.00196078431372549,0.302240896358543,0.29047619047619,0.111204481792717,0.26890756302521,-0.188515406162465,-0.149299719887955,0.460224089635854,0.0142857142857143,0.478711484593838,0.384313725490196,-0.112044817927171,NA,0.0787114845938375
OTU_368,0.0801120448179272,-0.112324929971989,-0.153781512605042,0.057703081232493,0.0943977591036415,0.110644257703081,0.214285714285714,-0.263025210084034,0.102801120448179,0.084873949579832,-0.218207282913165,0.0061624649859944,-0.00644257703081233,0.0876750700280112,-0.189635854341737,-0.275070028011205,-0.232212885154062,0.0879551820728291,-0.0666666666666667,-0.0532212885154062,0.189915966386555,0.0425770308123249,0.277871148459384,0.145378151260504,0.342857142857143,0.0703081232492997,-0.100560224089636,0.106162464985994,0.343697478991597,0.244817927170868,0.0554621848739496,-0.0431372549019608,-0.410924369747899,-0.263585434173669,0.0882352941176471,0.330532212885154,0.184593837535014,0.235854341736695,-0.256022408963585,0.180952380952381,0.136974789915966,-0.0728291316526611,-0.0165266106442577,-0.143977591036415,-0.104201680672269,0.197198879551821,-0.0168067226890756,0.128571428571429,0.171988795518207,-0.189075630252101,0.200840336134454,0.038375350140056,0.0613445378151261,0.436694677871149,0.129411764705882,0.166666666666667,0.128291316526611,0.0887955182072829,-0.0563025210084034,0.265546218487395,0.212044817927171,0.1,-0.272268907563025,0.211764705882353,0.0826330532212885,0.448179271708684,0.165826330532213,0.35266106442577,-0.15266106442577,-0.207282913165266,-0.0271708683473389,0.228291316526611,0.263865546218487,0.112605042016807,-0.305042016806723,0.188515406162465,0.166386554621849,0.310644257703081,0.305042016806723,0.45406162464986,-0.038655462184874,0.114285714285714,-0.160224089635854,-0.0156862745098039,-0.339775910364146,0.0490196078431373,0.0495798319327731,0.226890756302521,0.16218487394958,-0.416526610644258,-0.311484593837535,0.358543417366947,0.0795518207282913,-0.239775910364146,-0.00980392156862745,-0.1703081232493,0.050140056022409,-0.0969187675070028,0.0907563025210084,-0.265546218487395,-0.112885154061625,0.319607843137255,0.0448179271708684,0.236414565826331,-0.0201680672268908,-0.0946778711484594,-0.0296918767507003,-0.0549019607843137,0.0565826330532213,-0.232212885154062,-0.259663865546219,-0.167787114845938,0.154901960784314,0.217086834733894,-0.153221288515406,0.129131652661064,-0.0795518207282913,0.19047619047619,0.2296918767507,0.259103641456583,-0.0683473389355742,0.0120448179271709,-0.342296918767507,-0.0123249299719888,0.251820728291317,0.0801120448179272,-0.226610644257703,0.175070028011204,-0.0030812324929972,0.165546218487395,0.11624649859944,-0.210084033613445,0.153501400560224,0.0445378151260504,-0.246218487394958,-0.294117647058824,0.0109243697478992,0.0669467787114846,-0.0593837535014006,-0.0224089635854342,0.342577030812325,0.251540616246499,0.123529411764706,0.0952380952380952,0.420448179271709,0.0319327731092437,-0.150700280112045,0.213445378151261,0.0168067226890756,0.249019607843137,0.451260504201681,0.16218487394958,0.0787114845938375,NA
