from	to	weight
1	1	23	0.51701982228298
2	1	27	0.586192754613807
3	1	34	0.585481886534518
4	1	40	0.59907040328093
5	1	42	0.573178400546822
6	1	76	0.557484620642515
7	1	109	0.542911825017088
8	2	4	0.644894053315106
9	2	6	0.599808612440191
10	2	7	0.556664388243336
11	2	8	0.787313738892686
12	2	11	0.522679425837321
13	2	15	0.668243335611757
14	2	16	0.515352016404648
15	2	31	0.662720437457279
16	2	32	0.71917976760082
17	2	36	0.627341079972659
18	2	44	0.643198906356801
19	2	75	0.579275461380724
20	2	83	0.523444976076555
21	2	105	0.522187286397813
22	3	12	0.829692412850308
23	3	13	0.727956254272044
24	3	29	0.639261790840738
25	3	33	0.508598769651401
26	3	41	0.792590567327409
27	3	42	0.600738209159262
28	3	47	0.555543403964457
29	3	48	0.709391660970608
30	3	49	0.52473000683527
31	3	53	0.624661654135338
32	3	56	0.649432672590567
33	3	58	0.568311688311688
34	3	60	0.635160628844839
35	3	64	0.506247436773753
36	3	69	0.53161995898838
37	3	85	0.616541353383459
38	3	88	0.566261107313739
39	3	98	0.663622693096377
40	3	107	0.550102529049897
41	3	108	0.658947368421053
42	3	110	0.750731373889269
43	3	111	0.540013670539986
44	3	112	0.527518796992481
45	3	118	0.753055365686945
46	3	121	0.778045112781955
47	3	123	0.530881749829118
48	3	124	0.699794941900205
49	3	130	0.503267259056733
50	3	132	0.527026657552973
51	3	133	0.504688995215311
52	3	135	0.580013670539986
53	3	139	0.556473000683527
54	3	143	0.69336978810663
55	3	144	0.609952153110048
56	3	145	0.604237867395762
57	3	151	0.521722488038277
58	3	156	0.544962406015038
59	3	157	0.539822282980178
60	3	161	0.523991797676008
61	3	163	0.661161995898838
62	3	173	0.588598769651401
63	3	183	0.527382091592618
64	3	194	0.507395762132604
65	3	202	0.52904989747095
66	3	206	0.565413533834586
67	3	214	0.51403964456596
68	3	218	0.658427887901572
69	4	6	0.580642515379358
70	4	7	0.645167464114833
71	4	10	0.586930963773069
72	4	15	0.598879015721121
73	4	19	0.559070403280929
74	4	24	0.708680792891319
75	4	30	0.509801777170198
76	4	31	0.620341763499658
77	4	32	0.563745727956254
78	4	36	0.683937115516063
79	4	45	0.679125085440875
80	4	46	0.509172932330827
81	4	52	0.578701298701299
82	4	54	0.586930963773069
83	4	75	0.727327409432673
84	4	77	0.617388926862611
85	4	87	0.508954203691046
86	4	91	0.659904306220096
87	4	93	0.626192754613807
88	4	101	0.565058099794942
89	4	153	0.525987696514012
90	5	11	0.540205058099795
91	5	32	0.515406698564593
92	5	65	0.530772385509228
93	5	74	0.594203691045796
94	6	7	0.545645933014354
95	6	11	0.546274777853725
96	6	15	0.534162679425837
97	6	19	0.723691045796309
98	6	21	0.554613807245386
99	6	24	0.672590567327409
100	6	28	0.503212576896787
101	6	31	0.637621326042379
102	6	32	0.794641148325359
103	6	35	0.5053998632946
104	6	36	0.847382091592618
105	6	46	0.519043062200957
106	6	65	0.68257006151743
107	6	75	0.745481886534518
108	6	83	0.674723171565277
109	6	93	0.758222829801777
110	6	113	0.582255639097744
111	6	152	0.730553656869446
112	6	176	0.505290498974709
113	7	11	0.800574162679426
114	7	14	0.545919343814081
115	7	15	0.766343130553657
116	7	16	0.568940533151059
117	7	19	0.522870813397129
118	7	21	0.743458646616541
119	7	24	0.682187286397813
120	7	25	0.646725905673274
121	7	31	0.70365003417635
122	7	32	0.537142857142857
123	7	36	0.733752563226247
124	7	44	0.609323308270677
125	7	45	0.812877648667122
126	7	52	0.658619275461381
127	7	54	0.793164730006835
128	7	75	0.737908407382092
129	7	77	0.518824333561176
130	7	79	0.517457279562543
131	7	83	0.619767600820232
132	7	87	0.574217361585783
133	7	91	0.803198906356801
134	7	93	0.592563226247437
135	7	100	0.551059466848941
136	7	101	0.567327409432673
137	7	103	0.520710868079289
138	7	152	0.500533151059467
139	7	153	0.741462747778537
140	7	179	0.620041011619959
141	7	188	0.509528366370472
142	8	10	0.561476418318524
143	8	15	0.56041011619959
144	8	16	0.562898154477102
145	8	20	0.502638414217362
146	8	31	0.593738892686261
147	8	32	0.669172932330827
148	8	44	0.591825017088175
149	8	50	0.556527682843472
150	8	72	0.595926179084074
151	8	105	0.597593984962406
152	9	30	0.526561859193438
153	9	37	0.917539302802461
154	9	38	0.788899521531101
155	9	62	0.505673274094327
156	9	68	0.732084757347915
157	9	70	0.519781271360219
158	9	78	0.694244702665755
159	9	82	0.619138755980861
160	9	94	0.632727272727273
161	9	122	0.639507860560492
162	9	134	0.533397129186603
163	9	201	0.580888585099111
164	10	24	0.64822966507177
165	10	30	0.599316473000683
166	10	31	0.633492822966507
167	10	36	0.544497607655502
168	10	40	0.500451127819549
169	10	46	0.536896787423103
170	10	61	0.530936431989064
171	10	63	0.546794258373206
172	10	72	0.688010936431989
173	10	87	0.573014354066986
174	10	100	0.515187969924812
175	10	146	0.569077238550923
176	10	154	0.577142857142857
177	11	15	0.684593301435407
178	11	16	0.546384142173616
179	11	19	0.531866028708134
180	11	21	0.559043062200957
181	11	24	0.535611756664388
182	11	25	0.557156527682843
183	11	31	0.679316473000683
184	11	32	0.578673957621326
185	11	36	0.621244019138756
186	11	45	0.642816131237184
187	11	65	0.550922761449077
188	11	74	0.613807245386193
189	11	75	0.722460697197539
190	11	79	0.629282296650718
191	11	83	0.594531784005468
192	11	91	0.725058099794942
193	11	93	0.605577580314422
194	11	113	0.627012987012987
195	12	13	0.729514695830485
196	12	23	0.586821599453178
197	12	29	0.862939166097061
198	12	34	0.55146958304853
199	12	41	0.859630895420369
200	12	47	0.822228298017772
201	12	48	0.754066985645933
202	12	49	0.576076555023923
203	12	53	0.796336295283664
204	12	56	0.84257006151743
205	12	57	0.716117566643882
206	12	58	0.758496240601504
207	12	60	0.843554340396446
208	12	69	0.727518796992481
209	12	76	0.696076555023923
210	12	80	0.675133287764867
211	12	85	0.792563226247437
212	12	86	0.593055365686945
213	12	88	0.645796308954204
214	12	95	0.609159261790841
215	12	98	0.858537252221463
216	12	99	0.798414217361586
217	12	106	0.705864661654135
218	12	108	0.848393711551606
219	12	110	0.724155844155844
220	12	112	0.740369104579631
221	12	115	0.614518113465482
222	12	118	0.821845522898154
223	12	121	0.63876965140123
224	12	123	0.732057416267943
225	12	124	0.81295967190704
226	12	127	0.595816814764183
227	12	132	0.520546821599453
228	12	133	0.792207792207792
229	12	135	0.805768967874231
230	12	136	0.528995215311005
231	12	137	0.69069036226931
232	12	139	0.769815447710185
233	12	140	0.709856459330144
234	12	143	0.779275461380724
235	12	144	0.643827751196172
236	12	145	0.739275461380724
237	12	148	0.69336978810663
238	12	151	0.712207792207792
239	12	156	0.707095010252905
240	12	157	0.737717019822283
241	12	161	0.709254955570745
242	12	162	0.726397812713602
243	12	163	0.748598769651401
244	12	166	0.682433356117567
245	12	171	0.624661654135338
246	12	172	0.626848940533151
247	12	173	0.74488038277512
248	12	178	0.646698564593301
249	12	182	0.632781954887218
250	12	183	0.772467532467532
251	12	184	0.554805194805195
252	12	190	0.575502392344498
253	12	191	0.574053315105947
254	12	193	0.544114832535885
255	12	194	0.654518113465482
256	12	197	0.631633629528366
257	12	198	0.524812030075188
258	12	200	0.625536568694463
259	12	202	0.67825017088175
260	12	206	0.749883800410116
261	12	209	0.624497607655502
262	12	210	0.575584415584416
263	12	212	0.663814080656186
264	12	213	0.638140806561859
265	12	214	0.719507860560492
266	12	216	0.651127819548872
267	12	218	0.565003417634997
268	12	219	0.537033492822966
269	12	223	0.618045112781955
270	12	231	0.517593984962406
271	12	236	0.5526999316473
272	12	237	0.526179084073821
273	13	29	0.799425837320574
274	13	33	0.663704716336295
275	13	41	0.80688995215311
276	13	47	0.705153793574846
277	13	48	0.597457279562543
278	13	49	0.817552973342447
279	13	53	0.738017771701982
280	13	56	0.772494873547505
281	13	58	0.559671907040328
282	13	60	0.739548872180451
283	13	64	0.667067669172932
284	13	69	0.678195488721804
285	13	85	0.775803144224197
286	13	88	0.578181818181818
287	13	98	0.799562542720437
288	13	99	0.659876965140123
289	13	102	0.645577580314422
290	13	106	0.675488721804511
291	13	108	0.700095693779904
292	13	110	0.900861244019139
293	13	114	0.521421736158578
294	13	118	0.784415584415584
295	13	121	0.782091592617908
296	13	123	0.52082023239918
297	13	124	0.785372522214627
298	13	127	0.564894053315106
299	13	130	0.749501025290499
300	13	132	0.646397812713602
301	13	133	0.58107997265892
302	13	134	0.538865345181135
303	13	135	0.738482570061517
304	13	136	0.775557074504443
305	13	137	0.538619275461381
306	13	139	0.583431305536569
307	13	140	0.582583732057416
308	13	143	0.553984962406015
309	13	144	0.760710868079289
310	13	145	0.605987696514012
311	13	149	0.621271360218729
312	13	151	0.584114832535885
313	13	156	0.592645249487355
314	13	157	0.578154477101846
315	13	158	0.51187969924812
316	13	161	0.609569377990431
317	13	162	0.603636363636364
318	13	163	0.637867395762133
319	13	166	0.667395762132604
320	13	167	0.743513328776487
321	13	173	0.603034859876965
322	13	178	0.57634996582365
323	13	183	0.61974025974026
324	13	193	0.576596035543404
325	13	202	0.508051948051948
326	13	206	0.648967874231032
327	13	207	0.568612440191388
328	13	211	0.641613123718387
329	13	212	0.53161995898838
330	13	216	0.518906356801094
331	13	218	0.533479152426521
332	14	19	0.70457963089542
333	14	21	0.648421052631579
334	14	24	0.706575529733424
335	14	40	0.623896103896104
336	14	45	0.735693779904306
337	14	46	0.697853725222146
338	14	51	0.544442925495557
339	14	52	0.671551606288448
340	14	54	0.523855092276145
341	14	61	0.618017771701982
342	14	75	0.518824333561176
343	14	77	0.618755980861244
344	14	91	0.642269309637731
345	14	93	0.633192071086808
346	14	100	0.512399179767601
347	14	101	0.744552289815448
348	14	103	0.763855092276145
349	14	109	0.678933697881066
350	14	117	0.757539302802461
351	14	125	0.585372522214627
352	14	153	0.650635680109364
353	14	179	0.560656185919344
354	14	186	0.736377306903623
355	14	188	0.733834586466165
356	14	203	0.620123034859877
357	14	204	0.519890635680109
358	14	208	0.545892002734108
359	15	16	0.701380724538619
360	15	20	0.524702665755297
361	15	31	0.597593984962406
362	15	32	0.623595352016405
363	15	36	0.658209159261791
364	15	44	0.772522214627478
365	15	45	0.556828434723172
366	15	54	0.601449077238551
367	15	67	0.660943267259057
368	15	75	0.706138072453862
369	15	91	0.68174982911825
370	15	104	0.761175666438824
371	15	205	0.500177717019822
372	16	20	0.5853998632946
373	16	31	0.697717019822283
374	16	44	0.634121667805878
375	16	45	0.522351332877649
376	16	54	0.564101161995899
377	16	67	0.604866712235133
378	16	75	0.503431305536569
379	16	91	0.523034859876965
380	16	104	0.584798359535202
381	16	160	0.58796992481203
382	17	58	0.512344497607655
383	17	73	0.570772385509228
384	17	96	0.542200956937799
385	18	45	0.592809295967191
386	18	51	0.518961038961039
387	18	52	0.661134654818865
388	18	54	0.658865345181135
389	18	87	0.528421052631579
390	18	101	0.508079289131921
391	18	125	0.740587833219412
392	18	126	0.502118933697881
393	18	147	0.572194121667806
394	18	179	0.529295967190704
395	19	21	0.576623376623377
396	19	24	0.88596035543404
397	19	31	0.622392344497608
398	19	32	0.610553656869446
399	19	36	0.756008202323992
400	19	40	0.677375256322625
401	19	45	0.576650717703349
402	19	46	0.851237183868763
403	19	61	0.662091592617908
404	19	65	0.748708133971292
405	19	74	0.54622009569378
406	19	75	0.655666438824334
407	19	77	0.752781954887218
408	19	91	0.530198222829802
409	19	93	0.827723855092276
410	19	100	0.713984962406015
411	19	101	0.579822282980178
412	19	103	0.583677375256323
413	19	113	0.644812030075188
414	19	117	0.820997949419002
415	19	146	0.506165413533835
416	19	152	0.755926179084074
417	19	153	0.522296650717703
418	19	186	0.775201640464798
419	19	188	0.745126452494874
420	19	203	0.555816814764183
421	19	208	0.515570745044429
422	20	44	0.771729323308271
423	20	63	0.61676008202324
424	20	67	0.521695146958305
425	20	87	0.658209159261791
426	20	104	0.526835269993165
427	20	160	0.653506493506493
428	20	164	0.560519480519481
429	20	199	0.531948051948052
430	21	24	0.59917976760082
431	21	25	0.698865345181135
432	21	36	0.568257006151743
433	21	45	0.578127136021873
434	21	54	0.543677375256323
435	21	61	0.505454545454545
436	21	65	0.655885167464115
437	21	75	0.561667805878332
438	21	91	0.636746411483254
439	21	93	0.526643882433356
440	21	113	0.533069036226931
441	21	117	0.544360902255639
442	21	152	0.61295967190704
443	21	153	0.680054682159945
444	21	179	0.538045112781955
445	21	186	0.532467532467533
446	21	188	0.531182501708818
447	22	62	0.539958988380041
448	22	68	0.51228981544771
449	22	89	0.505755297334245
450	22	154	0.510485304169515
451	22	165	0.520492139439508
452	23	29	0.561695146958305
453	23	34	0.558523581681476
454	23	40	0.633328776486671
455	23	47	0.553328776486671
456	23	57	0.529159261790841
457	23	59	0.55136021872864
458	23	76	0.650936431989064
459	23	81	0.660478468899521
460	23	86	0.878742310321258
461	23	95	0.884511278195489
462	23	98	0.557211209842789
463	23	99	0.629665071770335
464	23	112	0.532248803827751
465	23	115	0.552727272727273
466	23	123	0.500533151059467
467	23	133	0.548024606971975
468	23	135	0.624251537935749
469	23	139	0.567245386192755
470	23	140	0.573233082706767
471	23	148	0.754176349965824
472	23	156	0.513766233766234
473	23	157	0.548352699931647
474	23	158	0.541326042378674
475	23	161	0.59907040328093
476	23	162	0.715297334244703
477	23	166	0.520027341079973
478	23	171	0.518687628161312
479	23	172	0.53120984278879
480	23	173	0.509391660970608
481	23	178	0.651018455228982
482	23	182	0.542447026657553
483	23	183	0.674777853725222
484	23	184	0.708051948051948
485	23	191	0.671496924128503
486	23	193	0.583185235816815
487	23	197	0.605222146274778
488	23	200	0.57943950786056
489	23	202	0.560273410799727
490	23	206	0.556883116883117
491	23	209	0.519015721120984
492	23	212	0.524046479835954
493	23	214	0.635242652084757
494	23	236	0.5561995898838
495	23	237	0.514395078605605
496	24	31	0.719917976760082
497	24	32	0.601804511278195
498	24	36	0.781462747778537
499	24	40	0.619603554340396
500	24	45	0.769596719070403
501	24	46	0.834695830485304
502	24	52	0.60863978127136
503	24	54	0.522351332877649
504	24	61	0.742474367737526
505	24	65	0.665864661654135
506	24	72	0.520136705399863
507	24	75	0.746083390293917
508	24	77	0.77501025290499
509	24	91	0.686233766233766
510	24	93	0.794941900205058
511	24	100	0.7419002050581
512	24	101	0.726151742993848
513	24	103	0.718632946001367
514	24	113	0.524155844155844
515	24	117	0.688967874231032
516	24	138	0.54323991797676
517	24	146	0.607108680792891
518	24	152	0.70971975393028
519	24	153	0.697334244702666
520	24	186	0.745208475734792
521	24	188	0.742146274777854
522	24	203	0.596473000683527
523	24	208	0.590731373889269
524	25	65	0.653233082706767
525	25	152	0.559890635680109
526	25	153	0.50066985645933
527	26	51	0.548133971291866
528	26	154	0.506110731373889
529	27	42	0.550922761449077
530	27	76	0.521476418318524
531	27	129	0.521066302118934
532	27	147	0.580095693779904
533	28	35	0.630649350649351
534	28	50	0.559644565960356
535	28	57	0.624388243335612
536	28	59	0.710840738209159
537	28	80	0.563034859876965
538	28	81	0.518687628161312
539	28	169	0.529077238550923
540	29	34	0.500013670539986
541	29	38	0.522378673957621
542	29	41	0.900915926179084
543	29	47	0.854818865345181
544	29	48	0.673028024606972
545	29	49	0.684593301435407
546	29	53	0.818728639781271
547	29	56	0.8473000683527
548	29	57	0.69295967190704
549	29	58	0.674367737525632
550	29	60	0.805085440874915
551	29	69	0.71177033492823
552	29	70	0.524839371155161
553	29	76	0.665454545454545
554	29	80	0.670649350649351
555	29	81	0.579658236500342
556	29	85	0.842214627477785
557	29	86	0.503732057416268
558	29	88	0.592235133287765
559	29	95	0.66282980177717
560	29	98	0.857552973342447
561	29	99	0.810061517429938
562	29	106	0.706575529733424
563	29	108	0.786356801093643
564	29	110	0.709364319890636
565	29	112	0.656842105263158
566	29	114	0.550485304169515
567	29	115	0.569268626110731
568	29	118	0.827669172932331
569	29	121	0.690252904989747
570	29	123	0.647737525632262
571	29	124	0.833219412166781
572	29	130	0.644046479835953
573	29	132	0.575967190704033
574	29	133	0.778673957621326
575	29	135	0.853533834586466
576	29	136	0.694436090225564
577	29	137	0.656158578263841
578	29	139	0.731264524948736
579	29	140	0.727272727272727
580	29	143	0.616842105263158
581	29	144	0.658127136021873
582	29	145	0.701025290498975
583	29	148	0.645358851674641
584	29	149	0.523308270676692
585	29	151	0.643663704716336
586	29	156	0.656568694463431
587	29	157	0.7380997949419
588	29	158	0.529733424470267
589	29	161	0.700123034859877
590	29	162	0.757320574162679
591	29	163	0.696705399863295
592	29	166	0.72863978127136
593	29	167	0.541107313738893
594	29	171	0.572932330827068
595	29	172	0.625700615174299
596	29	173	0.677648667122351
597	29	178	0.644511278195489
598	29	182	0.622501708817498
599	29	183	0.766616541353383
600	29	190	0.54406015037594
601	29	191	0.622392344497608
602	29	193	0.556691729323308
603	29	194	0.566042378673958
604	29	196	0.523226247436774
605	29	197	0.589501025290499
606	29	200	0.575146958304853
607	29	201	0.553246753246753
608	29	202	0.614354066985646
609	29	206	0.779521531100478
610	29	207	0.576705399863295
611	29	209	0.508844839371155
612	29	210	0.595461380724539
613	29	211	0.563663704716336
614	29	212	0.593547505126452
615	29	213	0.59784005468216
616	29	214	0.61501025290499
617	29	216	0.588051948051948
618	29	219	0.569678742310321
619	29	223	0.613971291866029
620	29	236	0.504005468215994
621	30	38	0.54272043745728
622	30	46	0.569104579630895
623	30	63	0.556773752563226
624	30	68	0.570526315789474
625	30	78	0.535256322624744
626	30	94	0.57254955570745
627	30	154	0.503704716336295
628	31	32	0.755980861244019
629	31	36	0.784661654135338
630	31	45	0.642105263157895
631	31	54	0.506138072453862
632	31	72	0.599699248120301
633	31	75	0.680765550239234
634	31	77	0.522788790157211
635	31	83	0.589282296650718
636	31	87	0.53892002734108
637	31	91	0.560218728639781
638	31	93	0.679316473000683
639	31	100	0.589446343130554
640	31	101	0.50447026657553
641	31	103	0.530061517429938
642	31	152	0.587505126452495
643	31	188	0.518304853041695
644	32	35	0.643253588516746
645	32	36	0.820205058099795
646	32	50	0.62498974709501
647	32	65	0.59434039644566
648	32	74	0.617744360902256
649	32	75	0.65419002050581
650	32	83	0.605768967874231
651	32	93	0.655365686944634
652	32	105	0.597703349282297
653	32	116	0.519753930280246
654	32	152	0.633711551606288
655	32	239	0.545618591934381
656	33	47	0.562050580997949
657	33	48	0.581435406698565
658	33	53	0.597511961722488
659	33	69	0.566343130553657
660	33	85	0.593492822966507
661	33	102	0.649815447710185
662	33	106	0.62015037593985
663	33	108	0.515570745044429
664	33	110	0.565796308954204
665	33	114	0.549419002050581
666	33	124	0.556637047163363
667	33	130	0.545591250854409
668	33	133	0.535994531784005
669	33	135	0.505673274094327
670	33	136	0.590567327409433
671	33	144	0.534107997265892
672	33	149	0.563253588516746
673	33	167	0.548462064251538
674	33	196	0.502337662337662
675	33	211	0.597703349282297
676	33	218	0.514066985645933
677	34	48	0.589801777170198
678	34	59	0.556773752563226
679	34	76	0.767081339712919
680	34	80	0.534818865345181
681	34	81	0.633356117566644
682	34	86	0.579958988380041
683	34	95	0.606671223513329
684	34	114	0.5019002050581
685	34	135	0.607846889952153
686	34	148	0.577006151742994
687	34	162	0.721695146958305
688	34	196	0.632836637047163
689	34	214	0.538045112781955
690	35	50	0.720574162679426
691	35	57	0.567053998632946
692	35	59	0.555242652084757
693	35	74	0.582993848257006
694	35	105	0.580888585099111
695	35	114	0.569104579630895
696	35	116	0.660068352699932
697	36	45	0.570881749829118
698	36	46	0.581107313738893
699	36	65	0.647026657552973
700	36	75	0.763691045796309
701	36	77	0.61244019138756
702	36	83	0.649706083390294
703	36	91	0.556801093643199
704	36	93	0.772194121667806
705	36	100	0.640464798359535
706	36	152	0.75012987012987
707	36	176	0.535475051264525
708	36	186	0.550321257689679
709	36	239	0.510840738209159
710	37	38	0.791305536568694
711	37	49	0.521667805878332
712	37	62	0.523253588516746
713	37	68	0.719945317840055
714	37	70	0.600027341079973
715	37	78	0.648065618591934
716	37	81	0.525933014354067
717	37	82	0.569268626110731
718	37	94	0.62056049213944
719	37	122	0.64051948051948
720	37	162	0.548215994531784
721	37	196	0.509555707450444
722	37	201	0.566807928913192
723	38	49	0.623431305536569
724	38	62	0.661408065618592
725	38	68	0.71485987696514
726	38	78	0.759945317840055
727	38	81	0.50796992481203
728	38	82	0.517101845522898
729	38	94	0.742118933697881
730	38	122	0.794750512645249
731	38	134	0.575201640464798
732	38	149	0.51311004784689
733	38	154	0.502638414217362
734	38	162	0.584798359535202
735	38	201	0.524675324675325
736	39	160	0.557129186602871
737	40	46	0.847682843472317
738	40	61	0.715598086124402
739	40	86	0.521777170198223
740	40	95	0.547423103212577
741	40	103	0.561367053998633
742	40	109	0.534025974025974
743	40	117	0.761613123718387
744	40	146	0.557676008202324
745	40	186	0.591332877648667
746	40	188	0.628926862611073
747	40	203	0.626466165413534
748	40	204	0.583157894736842
749	40	208	0.605768967874231
750	41	47	0.750512645249487
751	41	48	0.6507997265892
752	41	49	0.669801777170198
753	41	53	0.726452494873547
754	41	56	0.831250854408749
755	41	57	0.535447710184552
756	41	58	0.644839371155161
757	41	60	0.780587833219412
758	41	69	0.63475051264525
759	41	76	0.52174982911825
760	41	80	0.537252221462748
761	41	85	0.736076555023923
762	41	88	0.530827067669173
763	41	98	0.817361585782638
764	41	99	0.676773752563226
765	41	106	0.585563909774436
766	41	108	0.742036910457963
767	41	110	0.765167464114832
768	41	112	0.571073137388927
769	41	115	0.503978127136022
770	41	118	0.876965140123035
771	41	121	0.810963773069036
772	41	123	0.587313738892686
773	41	124	0.799398496240601
774	41	130	0.691756664388243
775	41	132	0.642406015037594
776	41	133	0.638605604921394
777	41	134	0.520109364319891
778	41	135	0.72164046479836
779	41	136	0.579166097060834
780	41	137	0.542365003417635
781	41	139	0.66241968557758
782	41	140	0.612932330827068
783	41	143	0.635516062884484
784	41	144	0.61511961722488
785	41	145	0.691346548188653
786	41	151	0.593656869446343
787	41	156	0.653670539986329
788	41	157	0.650307587149692
789	41	161	0.598687628161312
790	41	162	0.601968557758031
791	41	163	0.694682159945318
792	41	166	0.650854408749146
793	41	167	0.539166097060834
794	41	171	0.509336978810663
795	41	172	0.516527682843472
796	41	173	0.647846889952153
797	41	178	0.54745044429255
798	41	182	0.539166097060834
799	41	183	0.657006151742994
800	41	191	0.512946001367054
801	41	194	0.547587149692413
802	41	200	0.514887218045113
803	41	201	0.558523581681476
804	41	202	0.601941216678059
805	41	206	0.681066302118934
806	41	207	0.588434723171565
807	41	210	0.677074504442925
808	41	213	0.588653451811347
809	41	214	0.528147641831852
810	41	216	0.571182501708817
811	41	218	0.516527682843472
812	41	223	0.632235133287765
813	42	63	0.537470950102529
814	42	121	0.521394395078606
815	42	147	0.601038961038961
816	42	159	0.570116199589884
817	43	155	0.500013670539986
818	44	54	0.518332194121668
819	44	67	0.515816814764183
820	44	87	0.593766233766234
821	44	91	0.501927546138072
822	44	104	0.614928229665072
823	44	164	0.52473000683527
824	45	46	0.533506493506493
825	45	52	0.861216678058783
826	45	54	0.840847573479152
827	45	75	0.797129186602871
828	45	77	0.647272727272727
829	45	79	0.573943950786056
830	45	87	0.650936431989064
831	45	91	0.866876281613124
832	45	93	0.678687628161312
833	45	101	0.839617224880383
834	45	103	0.78200956937799
835	45	109	0.587614490772385
836	45	125	0.713410799726589
837	45	126	0.531647300068353
838	45	129	0.522187286397813
839	45	138	0.616459330143541
840	45	146	0.512617908407382
841	45	147	0.506821599453178
842	45	153	0.755926179084074
843	45	179	0.647491455912508
844	45	186	0.65511961722488
845	45	188	0.627587149692413
846	46	61	0.73850991114149
847	46	65	0.597183868762816
848	46	77	0.795625427204375
849	46	93	0.660697197539303
850	46	100	0.63393028024607
851	46	101	0.657443609022556
852	46	103	0.635187969924812
853	46	109	0.551907040328093
854	46	117	0.81552973342447
855	46	138	0.511278195488722
856	46	146	0.619521531100478
857	46	152	0.677593984962406
858	46	153	0.522351332877649
859	46	186	0.781708817498291
860	46	188	0.698591934381408
861	46	203	0.661982228298018
862	46	204	0.584661654135338
863	46	208	0.625673274094327
864	47	48	0.613752563226247
865	47	49	0.547368421052632
866	47	53	0.827231715652768
867	47	56	0.81295967190704
868	47	57	0.792508544087491
869	47	58	0.791196172248804
870	47	59	0.522214627477785
871	47	60	0.8365003417635
872	47	69	0.747259056732741
873	47	70	0.564620642515379
874	47	76	0.584196855775803
875	47	80	0.743677375256323
876	47	81	0.55485987696514
877	47	85	0.794203691045796
878	47	86	0.540041011619959
879	47	88	0.630239234449761
880	47	95	0.611182501708817
881	47	98	0.813916609706083
882	47	99	0.834066985645933
883	47	106	0.80812030075188
884	47	108	0.816514012303486
885	47	110	0.647218045112782
886	47	112	0.737334244702666
887	47	114	0.59012987012987
888	47	115	0.65244019138756
889	47	118	0.730553656869446
890	47	123	0.734873547505126
891	47	124	0.847655502392344
892	47	127	0.653643198906357
893	47	130	0.543978127136022
894	47	133	0.872645249487355
895	47	135	0.805604921394395
896	47	136	0.631223513328776
897	47	137	0.744032809295967
898	47	139	0.746684894053315
899	47	140	0.772740943267259
900	47	143	0.641449077238551
901	47	144	0.605304169514696
902	47	145	0.752125768967874
903	47	148	0.659466848940533
904	47	149	0.5019002050581
905	47	151	0.665755297334245
906	47	156	0.655393028024607
907	47	157	0.747395762132604
908	47	158	0.512098427887901
909	47	161	0.667860560492139
910	47	162	0.715625427204375
911	47	163	0.677593984962406
912	47	166	0.702200956937799
913	47	167	0.51660970608339
914	47	171	0.583130553656869
915	47	172	0.626056049213944
916	47	173	0.698591934381408
917	47	178	0.723417634996582
918	47	182	0.6073000683527
919	47	183	0.776787423103213
920	47	184	0.538072453861927
921	47	190	0.546794258373206
922	47	191	0.626848940533151
923	47	193	0.554504442925496
924	47	194	0.603362952836637
925	47	196	0.533807245386193
926	47	197	0.646124401913876
927	47	198	0.504907723855092
928	47	200	0.635461380724539
929	47	201	0.511086807928913
930	47	202	0.678113465481886
931	47	206	0.783485987696514
932	47	207	0.547067669172932
933	47	209	0.543431305536569
934	47	210	0.51095010252905
935	47	211	0.6073000683527
936	47	212	0.644265208475735
937	47	213	0.641449077238551
938	47	214	0.601667805878332
939	47	216	0.565987696514012
940	47	219	0.566507177033493
941	47	223	0.708243335611757
942	47	236	0.549254955570745
943	47	238	0.556801093643199
944	47	247	0.504606971975393
945	47	249	0.501818181818182
946	48	49	0.508926862611073
947	48	53	0.618646616541353
948	48	56	0.704606971975393
949	48	57	0.646561859193438
950	48	58	0.597812713602187
951	48	60	0.680355434039645
952	48	69	0.755297334244703
953	48	76	0.763991797676008
954	48	80	0.779904306220096
955	48	85	0.592262474367737
956	48	98	0.667723855092276
957	48	99	0.578345864661654
958	48	106	0.607600820232399
959	48	108	0.737908407382092
960	48	110	0.593629528366371
961	48	111	0.512672590567327
962	48	112	0.515953520164046
963	48	114	0.53768967874231
964	48	118	0.671004784688995
965	48	121	0.640792891319207
966	48	123	0.553574846206425
967	48	124	0.618783321941217
968	48	127	0.506083390293917
969	48	132	0.64781954887218
970	48	133	0.647382091592618
971	48	135	0.574791524265208
972	48	137	0.501189336978811
973	48	139	0.571237183868763
974	48	143	0.61038961038961
975	48	144	0.573998632946001
976	48	162	0.613424470266575
977	48	163	0.509036226930964
978	48	173	0.509008885850991
979	48	183	0.555570745044429
980	48	196	0.671715652768284
981	48	206	0.545700615174299
982	48	207	0.502064251537936
983	48	212	0.571319207108681
984	48	218	0.548516746411483
985	49	53	0.588735475051265
986	49	56	0.652358168147642
987	49	60	0.64596035543404
988	49	64	0.585372522214627
989	49	69	0.504688995215311
990	49	70	0.533041695146958
991	49	85	0.654436090225564
992	49	94	0.541353383458647
993	49	98	0.659685577580314
994	49	99	0.565577580314422
995	49	102	0.670348598769651
996	49	106	0.643007518796992
997	49	108	0.564155844155844
998	49	110	0.713192071086808
999	49	114	0.508079289131921
1000	49	118	0.679890635680109
1001	49	121	0.672399179767601
1002	49	124	0.618236500341763
1003	49	130	0.660888585099111
1004	49	132	0.62488038277512
1005	49	134	0.587204374572796
1006	49	135	0.587012987012987
1007	49	136	0.571073137388927
1008	49	144	0.555078605604921
1009	49	149	0.609569377990431
1010	49	150	0.520136705399863
1011	49	162	0.509637730690362
1012	49	167	0.68606971975393
1013	49	168	0.6907997265892
1014	50	80	0.521421736158578
1015	50	105	0.685413533834586
1016	50	114	0.579466848940533
1017	51	52	0.51311004784689
1018	51	87	0.597238550922761
1019	51	103	0.655584415584415
1020	51	109	0.571264524948735
1021	51	125	0.600738209159262
1022	51	126	0.549419002050581
1023	51	138	0.534572795625427
1024	51	147	0.526616541353383
1025	51	179	0.558004101161996
1026	51	180	0.567846889952153
1027	51	188	0.571045796308954
1028	51	203	0.519152426520848
1029	52	54	0.840355434039645
1030	52	75	0.573069036226931
1031	52	77	0.618154477101845
1032	52	87	0.677402597402597
1033	52	91	0.710731373889269
1034	52	101	0.781845522898154
1035	52	103	0.748024606971975
1036	52	109	0.633028024606972
1037	52	125	0.773916609706083
1038	52	126	0.595078605604921
1039	52	129	0.532276144907724
1040	52	138	0.542911825017088
1041	52	146	0.54241968557758
1042	52	147	0.701380724538619
1043	52	153	0.682870813397129
1044	52	179	0.670731373889269
1045	52	180	0.524647983595352
1046	52	186	0.524155844155844
1047	52	188	0.510075187969925
1048	53	56	0.794668489405332
1049	53	57	0.691401230348599
1050	53	58	0.698619275461381
1051	53	60	0.793192071086808
1052	53	69	0.678632946001367
1053	53	70	0.521449077238551
1054	53	76	0.565714285714286
1055	53	80	0.664606971975393
1056	53	85	0.84123034859877
1057	53	86	0.522460697197539
1058	53	88	0.674805194805195
1059	53	95	0.518796992481203
1060	53	98	0.784196855775803
1061	53	99	0.790731373889269
1062	53	102	0.538209159261791
1063	53	106	0.754613807245386
1064	53	108	0.837293233082707
1065	53	110	0.665755297334245
1066	53	112	0.74231032125769
1067	53	114	0.516719070403281
1068	53	115	0.609405331510595
1069	53	118	0.72904989747095
1070	53	121	0.536924128503076
1071	53	123	0.7161995898838
1072	53	124	0.81501025290499
1073	53	127	0.611784005468216
1074	53	130	0.604210526315789
1075	53	133	0.840355434039645
1076	53	135	0.804347231715653
1077	53	136	0.622993848257006
1078	53	137	0.761695146958305
1079	53	139	0.747942583732057
1080	53	140	0.690088858509911
1081	53	143	0.634422419685578
1082	53	144	0.637129186602871
1083	53	145	0.74704032809296
1084	53	148	0.626712235133288
1085	53	151	0.646397812713602
1086	53	156	0.658236500341764
1087	53	157	0.748653451811346
1088	53	161	0.717347915242652
1089	53	162	0.66704032809296
1090	53	163	0.667860560492139
1091	53	166	0.735885167464115
1092	53	167	0.546028708133971
1093	53	171	0.613697881066302
1094	53	172	0.66498974709501
1095	53	173	0.773069036226931
1096	53	178	0.674559125085441
1097	53	182	0.594066985645933
1098	53	183	0.723116883116883
1099	53	184	0.579193438140806
1100	53	190	0.601913875598086
1101	53	191	0.609651401230349
1102	53	193	0.538127136021873
1103	53	194	0.681093643198906
1104	53	196	0.534572795625427
1105	53	197	0.56431989063568
1106	53	198	0.513164730006835
1107	53	200	0.596883116883117
1108	53	202	0.641175666438824
1109	53	206	0.771510594668489
1110	53	207	0.508407382091593
1111	53	209	0.61069036226931
1112	53	210	0.57120984278879
1113	53	211	0.62580997949419
1114	53	212	0.614818865345181
1115	53	213	0.630731373889269
1116	53	214	0.606725905673274
1117	53	216	0.57974025974026
1118	53	219	0.559808612440191
1119	53	220	0.536103896103896
1120	53	223	0.574873547505127
1121	53	236	0.522843472317156
1122	53	249	0.579466848940533
1123	54	75	0.54930963773069
1124	54	87	0.73902939166097
1125	54	91	0.721968557758031
1126	54	101	0.678277511961722
1127	54	103	0.584196855775803
1128	54	109	0.530663021189337
1129	54	125	0.717894736842105
1130	54	126	0.64041011619959
1131	54	129	0.560956937799043
1132	54	138	0.52987012987013
1133	54	147	0.545481886534518
1134	54	153	0.735693779904306
1135	54	179	0.742529049897471
1136	54	180	0.604866712235133
1137	56	57	0.758851674641148
1138	56	58	0.837484620642515
1139	56	59	0.500423786739576
1140	56	60	0.943267259056733
1141	56	64	0.580943267259057
1142	56	69	0.83012987012987
1143	56	70	0.723609022556391
1144	56	76	0.589008885850991
1145	56	80	0.763554340396446
1146	56	85	0.800847573479152
1147	56	88	0.678386876281613
1148	56	95	0.568967874231032
1149	56	98	0.91434039644566
1150	56	99	0.822228298017772
1151	56	106	0.77501025290499
1152	56	108	0.89717019822283
1153	56	110	0.785345181134655
1154	56	112	0.677976760082023
1155	56	114	0.558441558441558
1156	56	115	0.736596035543404
1157	56	118	0.848421052631579
1158	56	121	0.637156527682843
1159	56	123	0.72596035543404
1160	56	124	0.824853041695147
1161	56	127	0.642843472317157
1162	56	130	0.511086807928913
1163	56	132	0.572604237867396
1164	56	133	0.777443609022556
1165	56	135	0.776924128503076
1166	56	136	0.53593984962406
1167	56	137	0.714504442925496
1168	56	139	0.704798359535202
1169	56	140	0.740970608339029
1170	56	143	0.660560492139439
1171	56	144	0.704278879015721
1172	56	145	0.722870813397129
1173	56	148	0.564292549555707
1174	56	151	0.668215994531784
1175	56	156	0.714969241285031
1176	56	157	0.694217361585783
1177	56	161	0.672043745727956
1178	56	162	0.710786056049214
1179	56	163	0.714258373205742
1180	56	166	0.779193438140807
1181	56	167	0.610854408749146
1182	56	171	0.579822282980178
1183	56	172	0.582118933697881
1184	56	173	0.733643198906357
1185	56	178	0.679726589200273
1186	56	182	0.666274777853725
1187	56	183	0.740041011619959
1188	56	190	0.615775803144224
1189	56	191	0.645003417634997
1190	56	193	0.604046479835953
1191	56	194	0.68257006151743
1192	56	196	0.616486671223513
1193	56	197	0.581435406698565
1194	56	200	0.569022556390977
1195	56	201	0.596965140123035
1196	56	202	0.631715652768284
1197	56	206	0.773424470266576
1198	56	207	0.604429254955571
1199	56	209	0.556117566643882
1200	56	210	0.69892002734108
1201	56	211	0.595078605604921
1202	56	212	0.668434723171565
1203	56	213	0.590977443609022
1204	56	214	0.517949419002051
1205	56	216	0.640437457279562
1206	56	219	0.576978810663021
1207	56	223	0.607928913192071
1208	56	237	0.504825700615174
1209	57	58	0.831250854408749
1210	57	59	0.773916609706083
1211	57	60	0.760847573479152
1212	57	69	0.836937799043062
1213	57	70	0.628680792891319
1214	57	76	0.596801093643199
1215	57	80	0.89717019822283
1216	57	81	0.604894053315106
1217	57	85	0.675844155844156
1218	57	86	0.576404647983595
1219	57	88	0.573861927546138
1220	57	95	0.562460697197539
1221	57	98	0.685632262474368
1222	57	99	0.819466848940533
1223	57	106	0.749637730690362
1224	57	108	0.811045796308954
1225	57	112	0.714996582365003
1226	57	114	0.688557758031442
1227	57	115	0.708024606971975
1228	57	118	0.62282980177717
1229	57	123	0.714285714285714
1230	57	124	0.678851674641148
1231	57	127	0.683745727956254
1232	57	133	0.865919343814081
1233	57	135	0.701271360218729
1234	57	137	0.71393028024607
1235	57	139	0.753410799726589
1236	57	140	0.743075871496924
1237	57	143	0.64812030075188
1238	57	144	0.528065618591934
1239	57	145	0.625263157894737
1240	57	148	0.60781954887218
1241	57	151	0.666548188653452
1242	57	156	0.572139439507861
1243	57	157	0.666794258373206
1244	57	161	0.581271360218729
1245	57	162	0.678523581681476
1246	57	163	0.592535885167464
1247	57	166	0.668844839371155
1248	57	171	0.606179084073821
1249	57	172	0.634504442925496
1250	57	173	0.673465481886535
1251	57	178	0.554641148325359
1252	57	182	0.693233082706767
1253	57	183	0.65511961722488
1254	57	184	0.506138072453862
1255	57	189	0.516637047163363
1256	57	190	0.660888585099111
1257	57	191	0.621927546138072
1258	57	194	0.617853725222146
1259	57	196	0.619576213260424
1260	57	197	0.588434723171565
1261	57	200	0.597129186602871
1262	57	202	0.582911825017088
1263	57	206	0.636008202323992
1264	57	209	0.630403280929597
1265	57	212	0.683827751196172
1266	57	213	0.575775803144224
1267	57	214	0.600300751879699
1268	57	216	0.521667805878332
1269	57	219	0.552672590567327
1270	57	223	0.519617224880383
1271	58	59	0.536459330143541
1272	58	60	0.834586466165414
1273	58	69	0.804894053315106
1274	58	70	0.561913875598086
1275	58	80	0.72431989063568
1276	58	85	0.6946001367054
1277	58	88	0.709254955570745
1278	58	98	0.771756664388243
1279	58	99	0.744524948735475
1280	58	106	0.743212576896787
1281	58	108	0.834012303485988
1282	58	110	0.639562542720437
1283	58	112	0.720738209159262
1284	58	115	0.755598086124402
1285	58	118	0.748243335611757
1286	58	123	0.745974025974026
1287	58	124	0.767136021872864
1288	58	127	0.785864661654135
1289	58	133	0.788571428571429
1290	58	135	0.618591934381408
1291	58	137	0.774053315105947
1292	58	139	0.668133971291866
1293	58	140	0.724374572795625
1294	58	143	0.729104579630895
1295	58	144	0.606753246753247
1296	58	145	0.679671907040328
1297	58	148	0.50200956937799
1298	58	151	0.648858509911141
1299	58	156	0.6838004101162
1300	58	157	0.647436773752563
1301	58	161	0.564237867395762
1302	58	162	0.504962406015038
1303	58	163	0.738263841421736
1304	58	166	0.700642515379358
1305	58	171	0.561531100478469
1306	58	172	0.611920710868079
1307	58	173	0.684894053315106
1308	58	177	0.517101845522898
1309	58	178	0.584716336295284
1310	58	182	0.659384825700615
1311	58	183	0.639699248120301
1312	58	184	0.513984962406015
1313	58	189	0.590840738209159
1314	58	190	0.676144907723855
1315	58	191	0.573178400546822
1316	58	194	0.708462064251538
1317	58	197	0.5926999316473
1318	58	200	0.587423103212577
1319	58	202	0.643855092276145
1320	58	206	0.709008885850991
1321	58	207	0.57336978810663
1322	58	209	0.576431989063568
1323	58	210	0.602761449077238
1324	58	211	0.590813397129187
1325	58	212	0.631578947368421
1326	58	213	0.605413533834587
1327	58	216	0.571264524948735
1328	58	219	0.573151059466849
1329	58	223	0.616842105263158
1330	58	226	0.514723171565277
1331	58	230	0.504825700615174
1332	58	231	0.549801777170198
1333	58	236	0.510457963089542
1334	58	249	0.516308954203691
1335	59	60	0.514367737525632
1336	59	69	0.673137388926863
1337	59	70	0.554805194805195
1338	59	76	0.571647300068353
1339	59	80	0.740642515379357
1340	59	81	0.585919343814081
1341	59	86	0.542447026657553
1342	59	95	0.55876965140123
1343	59	99	0.603937115516063
1344	59	114	0.597511961722488
1345	59	115	0.560902255639098
1346	59	133	0.607546138072454
1347	59	139	0.517976760082023
1348	59	140	0.552043745727956
1349	59	148	0.549008885850991
1350	59	162	0.557539302802461
1351	59	191	0.513137388926863
1352	59	196	0.633574846206425
1353	60	64	0.538646616541353
1354	60	69	0.83136021872864
1355	60	70	0.752317156527683
1356	60	76	0.58241968557758
1357	60	80	0.759316473000684
1358	60	85	0.796254272043746
1359	60	88	0.691784005468216
1360	60	95	0.53285030758715
1361	60	98	0.896814764183185
1362	60	99	0.847983595352016
1363	60	102	0.539794941900205
1364	60	106	0.833547505126452
1365	60	108	0.875105946684894
1366	60	110	0.749254955570745
1367	60	112	0.680054682159945
1368	60	114	0.561093643198906
1369	60	115	0.752426520847573
1370	60	118	0.795816814764183
1371	60	121	0.580068352699932
1372	60	123	0.76308954203691
1373	60	124	0.842515379357485
1374	60	127	0.67187969924812
1375	60	130	0.503868762816131
1376	60	132	0.551004784688995
1377	60	133	0.798851674641148
1378	60	135	0.791496924128503
1379	60	136	0.534818865345181
1380	60	137	0.747012987012987
1381	60	139	0.724702665755297
1382	60	140	0.732330827067669
1383	60	143	0.668489405331511
1384	60	144	0.659958988380041
1385	60	145	0.732112098427888
1386	60	148	0.589911141490089
1387	60	151	0.655092276144908
1388	60	156	0.707614490772385
1389	60	157	0.684784688995215
1390	60	161	0.683280929596719
1391	60	162	0.705563909774436
1392	60	163	0.714723171565277
1393	60	166	0.7488995215311
1394	60	167	0.637730690362269
1395	60	171	0.580505809979494
1396	60	172	0.6034996582365
1397	60	173	0.762652084757348
1398	60	178	0.705755297334245
1399	60	182	0.639097744360902
1400	60	183	0.763773069036227
1401	60	190	0.596828434723172
1402	60	191	0.653588516746411
1403	60	193	0.629118250170882
1404	60	194	0.657552973342447
1405	60	196	0.614791524265208
1406	60	197	0.59660970608339
1407	60	200	0.535447710184552
1408	60	201	0.618345864661654
1409	60	202	0.618947368421053
1410	60	206	0.776486671223513
1411	60	207	0.620478468899521
1412	60	209	0.550895420369105
1413	60	210	0.665892002734108
1414	60	211	0.550786056049214
1415	60	212	0.688065618591934
1416	60	213	0.571647300068353
1417	60	214	0.5419002050581
1418	60	216	0.624032809295967
1419	60	219	0.538373205741627
1420	60	223	0.569241285030759
1421	60	237	0.513274094326726
1422	61	65	0.567874231032126
1423	61	77	0.581025290498975
1424	61	100	0.59146958304853
1425	61	101	0.555625427204374
1426	61	103	0.590239234449761
1427	61	109	0.573588516746412
1428	61	117	0.681667805878332
1429	61	146	0.623294600136705
1430	61	152	0.526753246753247
1431	61	153	0.616213260423787
1432	61	154	0.556691729323308
1433	61	186	0.622501708817498
1434	61	188	0.717211209842789
1435	61	203	0.673438140806562
1436	61	204	0.52647983595352
1437	61	208	0.720492139439508
1438	62	68	0.538318523581681
1439	62	78	0.609241285030759
1440	62	89	0.553274094326726
1441	62	94	0.603034859876965
1442	62	122	0.63403964456596
1443	63	94	0.582693096377307
1444	63	134	0.507887901572112
1445	63	147	0.507997265892003
1446	63	150	0.518578263841422
1447	63	168	0.513602187286398
1448	64	98	0.560902255639098
1449	64	110	0.779111414900889
1450	64	118	0.501681476418319
1451	64	121	0.534299384825701
1452	64	132	0.544142173615858
1453	64	144	0.561038961038961
1454	64	159	0.547423103212577
1455	64	167	0.654873547505126
1456	65	75	0.599562542720437
1457	65	77	0.507012987012987
1458	65	79	0.594367737525632
1459	65	93	0.65244019138756
1460	65	113	0.630731373889269
1461	65	117	0.600847573479152
1462	65	152	0.888694463431305
1463	65	186	0.635516062884484
1464	65	188	0.526042378673958
1465	65	239	0.537443609022556
1466	66	134	0.536623376623377
1467	67	96	0.540861244019139
1468	67	104	0.762187286397813
1469	67	129	0.579220779220779
1470	67	160	0.725468215994532
1471	68	78	0.684210526315789
1472	68	82	0.7088995215311
1473	68	94	0.650444292549556
1474	68	122	0.630868079289132
1475	68	165	0.631660970608339
1476	69	70	0.695475051264525
1477	69	76	0.545563909774436
1478	69	80	0.839015721120984
1479	69	85	0.715133287764867
1480	69	88	0.579056732740943
1481	69	98	0.767928913192071
1482	69	99	0.768366370471634
1483	69	102	0.523144224196856
1484	69	106	0.75218045112782
1485	69	108	0.776295283663705
1486	69	110	0.70282980177717
1487	69	112	0.606206425153794
1488	69	114	0.739658236500342
1489	69	115	0.669473684210526
1490	69	118	0.730526315789474
1491	69	123	0.666712235133288
1492	69	124	0.706903622693096
1493	69	127	0.749364319890636
1494	69	132	0.508762816131237
1495	69	133	0.775092276144908
1496	69	135	0.695803144224197
1497	69	137	0.631934381408066
1498	69	139	0.69377990430622
1499	69	140	0.706192754613807
1500	69	143	0.649213943950786
1501	69	144	0.626821599453178
1502	69	145	0.622200956937799
1503	69	148	0.53892002734108
1504	69	151	0.566971975393028
1505	69	156	0.602406015037594
1506	69	157	0.566534518113465
1507	69	161	0.548762816131237
1508	69	162	0.63917976760082
1509	69	163	0.619685577580314
1510	69	166	0.689432672590567
1511	69	167	0.555215311004785
1512	69	173	0.641093643198906
1513	69	178	0.514231032125769
1514	69	182	0.568694463431305
1515	69	183	0.613096377306904
1516	69	193	0.519972658920027
1517	69	194	0.56339029391661
1518	69	196	0.725222146274778
1519	69	200	0.518578263841422
1520	69	206	0.662501708817498
1521	69	207	0.648366370471634
1522	69	211	0.62838004101162
1523	69	212	0.623786739576213
1524	70	80	0.705536568694463
1525	70	85	0.512809295967191
1526	70	98	0.662282980177717
1527	70	99	0.723581681476418
1528	70	106	0.674914559125085
1529	70	108	0.593738892686261
1530	70	114	0.58323991797676
1531	70	115	0.704087491455913
1532	70	118	0.500970608339029
1533	70	127	0.502474367737526
1534	70	132	0.504251537935748
1535	70	133	0.551715652768284
1536	70	135	0.523362952836637
1537	70	139	0.50622009569378
1538	70	140	0.51352016404648
1539	70	162	0.541052631578947
1540	70	167	0.578783321941217
1541	70	173	0.524237867395762
1542	70	183	0.541435406698565
1543	70	191	0.52822966507177
1544	70	193	0.552098427887902
1545	70	196	0.666083390293917
1546	70	201	0.574053315105947
1547	70	207	0.532194121667806
1548	70	210	0.53974025974026
1549	70	216	0.501244019138756
1550	71	96	0.541435406698565
1551	71	245	0.515434039644566
1552	72	146	0.55701982228298
1553	73	111	0.502173615857826
1554	74	93	0.531838687628161
1555	74	105	0.606343130553657
1556	74	113	0.557894736842105
1557	74	116	0.604839371155161
1558	75	77	0.596144907723855
1559	75	79	0.634176349965824
1560	75	83	0.52596035543404
1561	75	91	0.813451811346548
1562	75	93	0.850061517429939
1563	75	101	0.598632946001367
1564	75	104	0.551989063568011
1565	75	113	0.645850991114149
1566	75	152	0.659412166780588
1567	75	153	0.537525632262474
1568	75	186	0.554969241285031
1569	76	80	0.688694463431306
1570	76	81	0.802925495557074
1571	76	86	0.647272727272727
1572	76	95	0.611948051948052
1573	76	98	0.62745044429255
1574	76	99	0.612604237867396
1575	76	106	0.507751196172249
1576	76	108	0.636336295283664
1577	76	112	0.534654818865345
1578	76	114	0.510649350649351
1579	76	124	0.530143540669856
1580	76	133	0.608885850991114
1581	76	135	0.612795625427204
1582	76	139	0.599835953520164
1583	76	148	0.681804511278196
1584	76	157	0.528010936431989
1585	76	161	0.564757347915243
1586	76	162	0.779904306220096
1587	76	183	0.63475051264525
1588	76	191	0.58282980177717
1589	76	196	0.607573479152427
1590	76	206	0.530252904989747
1591	76	212	0.551278195488722
1592	76	214	0.555953520164046
1593	77	91	0.519671907040328
1594	77	93	0.696213260423787
1595	77	100	0.640109364319891
1596	77	101	0.664688995215311
1597	77	103	0.603663704716336
1598	77	117	0.658947368421053
1599	77	146	0.581681476418319
1600	77	152	0.53974025974026
1601	77	153	0.600382775119617
1602	77	186	0.692084757347915
1603	77	188	0.633875598086124
1604	77	203	0.614025974025974
1605	77	208	0.564046479835953
1606	78	82	0.594941900205058
1607	78	94	0.682761449077238
1608	78	122	0.820642515379357
1609	79	91	0.592918660287081
1610	79	93	0.52812030075188
1611	79	113	0.712016404647984
1612	79	152	0.559453178400547
1613	80	81	0.651948051948052
1614	80	85	0.632317156527683
1615	80	88	0.504114832535885
1616	80	98	0.702665755297334
1617	80	99	0.759535201640465
1618	80	106	0.7565003417635
1619	80	108	0.772795625427204
1620	80	112	0.632481203007519
1621	80	114	0.717949419002051
1622	80	115	0.59958988380041
1623	80	118	0.618974709501025
1624	80	123	0.627833219412167
1625	80	124	0.637539302802461
1626	80	127	0.630813397129187
1627	80	132	0.526179084073821
1628	80	133	0.777908407382092
1629	80	135	0.644265208475735
1630	80	137	0.606534518113465
1631	80	139	0.660751879699248
1632	80	140	0.625946684894053
1633	80	143	0.571018455228981
1634	80	144	0.554695830485304
1635	80	145	0.532768284347232
1636	80	148	0.518441558441558
1637	80	151	0.571592617908407
1638	80	157	0.606015037593985
1639	80	161	0.526616541353383
1640	80	162	0.685632262474368
1641	80	166	0.587341079972659
1642	80	172	0.526288448393711
1643	80	173	0.60339029391661
1644	80	182	0.525768967874231
1645	80	183	0.64688995215311
1646	80	191	0.580451127819549
1647	80	194	0.520574162679426
1648	80	196	0.776486671223513
1649	80	206	0.583376623376623
1650	80	207	0.521859193438141
1651	80	209	0.519699248120301
1652	80	211	0.529241285030759
1653	80	212	0.663568010936432
1654	80	214	0.515215311004785
1655	81	86	0.608585099111415
1656	81	95	0.68092959671907
1657	81	98	0.50323991797676
1658	81	99	0.592754613807245
1659	81	108	0.526425153793575
1660	81	114	0.520574162679426
1661	81	133	0.548598769651401
1662	81	135	0.534627477785373
1663	81	139	0.513301435406698
1664	81	140	0.508844839371155
1665	81	148	0.618755980861244
1666	81	157	0.518004101161996
1667	81	161	0.511032125768968
1668	81	162	0.761394395078606
1669	81	178	0.501954887218045
1670	81	183	0.584032809295967
1671	81	191	0.584388243335612
1672	81	196	0.569350649350649
1673	81	212	0.52298017771702
1674	81	214	0.520902255639098
1675	82	94	0.508298017771702
1676	83	176	0.52308954203691
1677	85	88	0.686097060833903
1678	85	95	0.551907040328093
1679	85	98	0.78930963773069
1680	85	99	0.781161995898838
1681	85	102	0.578318523581681
1682	85	106	0.755816814764183
1683	85	108	0.790704032809296
1684	85	110	0.724812030075188
1685	85	112	0.640956937799043
1686	85	114	0.531373889268626
1687	85	115	0.616158578263841
1688	85	118	0.761913875598086
1689	85	121	0.560984278879016
1690	85	123	0.645823650034176
1691	85	124	0.795160628844839
1692	85	127	0.5961995898838
1693	85	130	0.601722488038277
1694	85	133	0.753000683526999
1695	85	135	0.846315789473684
1696	85	136	0.636828434723172
1697	85	137	0.745727956254272
1698	85	139	0.666575529733424
1699	85	140	0.726616541353383
1700	85	143	0.64123034859877
1701	85	144	0.637593984962406
1702	85	145	0.711551606288448
1703	85	148	0.615447710184552
1704	85	151	0.622064251537936
1705	85	156	0.644948735475051
1706	85	157	0.687874231032126
1707	85	161	0.671633629528366
1708	85	162	0.674695830485304
1709	85	163	0.714121667805878
1710	85	166	0.759125085440875
1711	85	167	0.610580997949419
1712	85	171	0.595406698564593
1713	85	172	0.603554340396446
1714	85	173	0.671032125768968
1715	85	178	0.637648667122351
1716	85	182	0.585153793574846
1717	85	183	0.709090909090909
1718	85	184	0.53254955570745
1719	85	190	0.56257006151743
1720	85	191	0.547641831852358
1721	85	193	0.561257689678742
1722	85	194	0.630020505809979
1723	85	196	0.514996582365003
1724	85	197	0.602187286397813
1725	85	198	0.509145591250854
1726	85	200	0.58447026657553
1727	85	201	0.614107997265892
1728	85	202	0.628161312371839
1729	85	206	0.829419002050581
1730	85	207	0.525823650034176
1731	85	209	0.600191387559809
1732	85	210	0.523444976076555
1733	85	211	0.584196855775803
1734	85	212	0.618892686261107
1735	85	213	0.609651401230349
1736	85	214	0.573971291866029
1737	85	216	0.580232399179768
1738	85	219	0.570772385509228
1739	85	220	0.626876281613124
1740	85	223	0.523308270676692
1741	86	95	0.77295967190704
1742	86	99	0.604374572795625
1743	86	112	0.582365003417635
1744	86	123	0.542200956937799
1745	86	133	0.605522898154477
1746	86	135	0.611784005468216
1747	86	137	0.531483253588517
1748	86	139	0.571811346548189
1749	86	140	0.56123034859877
1750	86	145	0.521722488038277
1751	86	148	0.785563909774436
1752	86	157	0.509774436090226
1753	86	161	0.603745727956254
1754	86	162	0.667286397812714
1755	86	171	0.591114149008886
1756	86	172	0.552863978127136
1757	86	173	0.500478468899522
1758	86	178	0.575365686944634
1759	86	182	0.561285030758715
1760	86	183	0.586602870813397
1761	86	184	0.638304853041695
1762	86	191	0.561175666438824
1763	86	197	0.594422419685578
1764	86	200	0.540560492139439
1765	86	202	0.506247436773753
1766	86	206	0.547477785372522
1767	86	209	0.538591934381408
1768	86	212	0.549911141490089
1769	86	214	0.678714969241285
1770	86	236	0.537060833902939
1771	87	101	0.553711551606288
1772	87	103	0.602652084757348
1773	87	125	0.544196855775803
1774	87	138	0.634231032125769
1775	87	146	0.51609022556391
1776	87	153	0.51177033492823
1777	87	179	0.505181134654819
1778	87	180	0.6765003417635
1779	87	199	0.577334244702666
1780	88	98	0.657853725222146
1781	88	99	0.670567327409433
1782	88	106	0.63568010936432
1783	88	108	0.701982228298018
1784	88	110	0.59434039644566
1785	88	112	0.607272727272727
1786	88	115	0.633000683526999
1787	88	118	0.508434723171565
1788	88	123	0.625700615174299
1789	88	124	0.711961722488038
1790	88	127	0.584196855775803
1791	88	133	0.652358168147642
1792	88	135	0.659084073820916
1793	88	137	0.690772385509228
1794	88	139	0.559043062200957
1795	88	140	0.693889268626111
1796	88	143	0.53336978810663
1797	88	144	0.59393028024607
1798	88	145	0.657908407382092
1799	88	148	0.594066985645933
1800	88	151	0.57933014354067
1801	88	156	0.594805194805195
1802	88	157	0.613069036226931
1803	88	161	0.717402597402597
1804	88	162	0.512590567327409
1805	88	163	0.647272727272727
1806	88	166	0.686397812713602
1807	88	171	0.557457279562543
1808	88	172	0.616486671223513
1809	88	173	0.612658920027341
1810	88	178	0.623294600136705
1811	88	182	0.607327409432673
1812	88	183	0.613670539986329
1813	88	184	0.532604237867396
1814	88	189	0.544224196855776
1815	88	190	0.598550922761449
1816	88	191	0.501818181818182
1817	88	194	0.623103212576897
1818	88	197	0.542775119617225
1819	88	200	0.53984962406015
1820	88	202	0.635488721804511
1821	88	206	0.653533834586466
1822	88	209	0.61676008202324
1823	88	211	0.503704716336295
1824	88	212	0.614299384825701
1825	88	214	0.534490772385509
1826	88	216	0.540068352699932
1827	88	220	0.554149008885851
1828	88	221	0.529952153110048
1829	88	223	0.511961722488038
1830	88	226	0.510922761449077
1831	88	249	0.580123034859877
1832	90	130	0.557183868762816
1833	90	134	0.536732740943267
1834	90	150	0.513547505126452
1835	90	167	0.549965823650034
1836	90	199	0.570116199589884
1837	91	93	0.699029391660971
1838	91	101	0.711989063568011
1839	91	103	0.608339029391661
1840	91	113	0.505645933014354
1841	91	125	0.572768284347232
1842	91	153	0.697990430622009
1843	91	179	0.574162679425837
1844	91	186	0.556746411483254
1845	91	188	0.503185235816815
1846	92	165	0.519808612440191
1847	93	100	0.566807928913192
1848	93	101	0.62241968557758
1849	93	103	0.524921394395079
1850	93	113	0.65933014354067
1851	93	117	0.563417634996582
1852	93	152	0.746083390293917
1853	93	186	0.658455228981545
1854	93	188	0.564894053315106
1855	94	122	0.711524265208476
1856	94	134	0.502036910457963
1857	94	154	0.536267942583732
1858	95	98	0.631332877648667
1859	95	99	0.653588516746411
1860	95	108	0.536322624743677
1861	95	112	0.511852358168148
1862	95	115	0.563062200956938
1863	95	123	0.542857142857143
1864	95	124	0.504415584415584
1865	95	133	0.586247436773752
1866	95	135	0.712946001367054
1867	95	137	0.527464114832536
1868	95	139	0.546766917293233
1869	95	140	0.674285714285714
1870	95	145	0.563362952836637
1871	95	148	0.750895420369105
1872	95	151	0.542091592617908
1873	95	156	0.556390977443609
1874	95	157	0.61933014354067
1875	95	158	0.546848940533151
1876	95	161	0.666302118933698
1877	95	162	0.762761449077239
1878	95	166	0.645167464114833
1879	95	171	0.595406698564593
1880	95	172	0.50107997265892
1881	95	173	0.52524948735475
1882	95	178	0.678058783321941
1883	95	182	0.620833902939166
1884	95	183	0.685495557074504
1885	95	184	0.625017088174983
1886	95	191	0.667532467532468
1887	95	193	0.62066985645933
1888	95	197	0.654572795625427
1889	95	200	0.608366370471634
1890	95	202	0.589965823650034
1891	95	206	0.549583048530417
1892	95	209	0.525796308954204
1893	95	212	0.514641148325359
1894	95	214	0.596172248803828
1895	95	216	0.520902255639098
1896	95	219	0.548243335611757
1897	95	236	0.526179084073821
1898	95	237	0.51136021872864
1899	97	131	0.517375256322625
1900	97	142	0.823978127136022
1901	97	155	0.759617224880383
1902	97	175	0.712508544087491
1903	98	99	0.833684210526316
1904	98	102	0.534846206425154
1905	98	106	0.768503075871497
1906	98	108	0.84082023239918
1907	98	110	0.809077238550923
1908	98	112	0.6761995898838
1909	98	114	0.520956937799043
1910	98	115	0.707778537252222
1911	98	118	0.791141490088858
1912	98	121	0.614326725905673
1913	98	123	0.708243335611757
1914	98	124	0.84688995215311
1915	98	127	0.581244019138756
1916	98	130	0.520054682159945
1917	98	132	0.607327409432673
1918	98	133	0.727218045112782
1919	98	135	0.798277511961722
1920	98	136	0.650198222829802
1921	98	137	0.694955570745044
1922	98	139	0.744251537935748
1923	98	140	0.749145591250854
1924	98	143	0.63701982228298
1925	98	144	0.700560492139439
1926	98	145	0.731729323308271
1927	98	148	0.641312371838688
1928	98	151	0.70365003417635
1929	98	156	0.699166097060834
1930	98	157	0.710157211209843
1931	98	158	0.53758031442242
1932	98	161	0.747505126452495
1933	98	162	0.749090909090909
1934	98	163	0.714531784005468
1935	98	166	0.784743677375256
1936	98	167	0.632317156527683
1937	98	171	0.608858509911142
1938	98	172	0.584032809295967
1939	98	173	0.738892686261107
1940	98	178	0.737744360902256
1941	98	182	0.636281613123718
1942	98	183	0.824142173615858
1943	98	184	0.546985645933014
1944	98	190	0.595133287764867
1945	98	191	0.714367737525632
1946	98	193	0.707505126452495
1947	98	194	0.685632262474368
1948	98	196	0.6038004101162
1949	98	197	0.6361995898838
1950	98	200	0.579685577580314
1951	98	201	0.538673957621326
1952	98	202	0.646971975393028
1953	98	206	0.768831168831169
1954	98	207	0.531155160628845
1955	98	209	0.535748462064252
1956	98	210	0.625919343814081
1957	98	211	0.590594668489405
1958	98	212	0.684374572795625
1959	98	213	0.588708133971292
1960	98	214	0.597976760082023
1961	98	216	0.748844839371155
1962	98	218	0.530416951469583
1963	98	219	0.607682843472317
1964	98	223	0.578427887901572
1965	98	231	0.523280929596719
1966	98	237	0.541572112098428
1967	99	102	0.569350649350649
1968	99	106	0.806015037593985
1969	99	108	0.803718386876282
1970	99	110	0.63568010936432
1971	99	112	0.66066985645933
1972	99	114	0.668079289131921
1973	99	115	0.768503075871497
1974	99	118	0.650198222829802
1975	99	123	0.659357484620642
1976	99	124	0.773998632946001
1977	99	127	0.627778537252221
1978	99	133	0.811920710868079
1979	99	135	0.831168831168831
1980	99	136	0.531373889268626
1981	99	137	0.65501025290499
1982	99	139	0.798140806561859
1983	99	140	0.782665755297334
1984	99	143	0.612631578947368
1985	99	144	0.626657552973342
1986	99	145	0.681859193438141
1987	99	148	0.703458646616541
1988	99	151	0.733123718386876
1989	99	156	0.624005468215995
1990	99	157	0.689131920710868
1991	99	158	0.535693779904306
1992	99	161	0.691729323308271
1993	99	162	0.769268626110731
1994	99	163	0.602077922077922
1995	99	166	0.760355434039645
1996	99	171	0.580724538619275
1997	99	172	0.704661654135338
1998	99	173	0.740423786739576
1999	99	178	0.751907040328093
2000	99	182	0.698181818181818
2001	99	183	0.772221462747778
2002	99	184	0.588188653451811
2003	99	190	0.675598086124402
2004	99	191	0.742337662337662
2005	99	193	0.686616541353383
2006	99	194	0.637593984962406
2007	99	196	0.626821599453178
2008	99	197	0.62406015037594
2009	99	198	0.521394395078606
2010	99	200	0.547641831852358
2011	99	201	0.560710868079289
2012	99	202	0.666548188653452
2013	99	206	0.723773069036227
2014	99	209	0.650116199589884
2015	99	210	0.559917976760082
2016	99	211	0.504825700615174
2017	99	212	0.742638414217362
2018	99	213	0.53470950102529
2019	99	214	0.683472317156528
2020	99	216	0.700396445659604
2021	99	219	0.600847573479152
2022	99	223	0.552371838687628
2023	99	249	0.529897470950103
2024	100	101	0.537525632262474
2025	100	103	0.536678058783322
2026	100	117	0.630731373889269
2027	100	146	0.557211209842789
2028	100	152	0.526261107313739
2029	100	153	0.578564593301435
2030	100	186	0.606206425153794
2031	100	188	0.585317840054682
2032	100	203	0.53038961038961
2033	101	103	0.77377990430622
2034	101	109	0.599097744360902
2035	101	125	0.665618591934381
2036	101	129	0.518468899521531
2037	101	138	0.640437457279562
2038	101	146	0.609596719070403
2039	101	147	0.506876281613124
2040	101	153	0.678031442241968
2041	101	179	0.504606971975393
2042	101	186	0.702282980177717
2043	101	188	0.646179084073821
2044	101	203	0.586684894053315
2045	101	208	0.603882433356118
2046	102	106	0.660697197539303
2047	102	108	0.506110731373889
2048	102	110	0.629829118250171
2049	102	114	0.553465481886535
2050	102	124	0.56596035543404
2051	102	127	0.653479152426521
2052	102	136	0.504634313055366
2053	102	143	0.581517429938483
2054	102	144	0.612932330827068
2055	102	151	0.516172248803828
2056	102	167	0.528803827751196
2057	102	168	0.509254955570745
2058	102	174	0.514149008885851
2059	102	211	0.501435406698565
2060	102	212	0.50498974709501
2061	102	218	0.508571428571429
2062	103	109	0.700560492139439
2063	103	117	0.508407382091593
2064	103	125	0.642734107997266
2065	103	138	0.647983595352016
2066	103	146	0.679644565960355
2067	103	147	0.513055365686945
2068	103	153	0.639535201640465
2069	103	186	0.679234449760766
2070	103	188	0.71784005468216
2071	103	203	0.678742310321258
2072	103	208	0.581654135338346
2073	104	160	0.558578263841422
2074	105	116	0.507723855092276
2075	106	108	0.799343814080656
2076	106	110	0.67691045796309
2077	106	112	0.625837320574163
2078	106	114	0.681968557758031
2079	106	115	0.606042378673958
2080	106	118	0.618017771701982
2081	106	123	0.697908407382092
2082	106	124	0.781271360218729
2083	106	127	0.688202323991798
2084	106	133	0.779521531100478
2085	106	135	0.720328092959672
2086	106	136	0.553164730006835
2087	106	137	0.719480519480519
2088	106	139	0.671496924128503
2089	106	140	0.72596035543404
2090	106	143	0.617771701982228
2091	106	144	0.655803144224197
2092	106	145	0.624333561175666
2093	106	148	0.599781271360219
2094	106	151	0.682105263157895
2095	106	156	0.559207108680793
2096	106	157	0.620833902939166
2097	106	161	0.639125085440875
2098	106	162	0.661845522898154
2099	106	163	0.638687628161312
2100	106	166	0.694463431305537
2101	106	167	0.652932330827068
2102	106	172	0.61933014354067
2103	106	173	0.638058783321941
2104	106	178	0.651127819548872
2105	106	182	0.571373889268626
2106	106	183	0.663923444976076
2107	106	190	0.587805878332194
2108	106	191	0.521640464798359
2109	106	193	0.512809295967191
2110	106	194	0.640246069719754
2111	106	196	0.608831168831169
2112	106	197	0.548188653451811
2113	106	202	0.565276828434723
2114	106	206	0.657006151742994
2115	106	207	0.525358851674641
2116	106	209	0.537607655502392
2117	106	211	0.617552973342447
2118	106	212	0.735064935064935
2119	106	213	0.620533151059467
2120	106	214	0.544962406015038
2121	106	216	0.555105946684894
2122	106	219	0.538865345181135
2123	106	247	0.526151742993848
2124	108	110	0.70714969241285
2125	108	112	0.741927546138072
2126	108	114	0.56257006151743
2127	108	115	0.687628161312372
2128	108	118	0.777744360902256
2129	108	121	0.543622693096377
2130	108	123	0.764921394395079
2131	108	124	0.831141490088859
2132	108	127	0.669419002050581
2133	108	132	0.532494873547505
2134	108	133	0.831196172248804
2135	108	135	0.75958988380041
2136	108	136	0.505372522214627
2137	108	137	0.796418318523582
2138	108	139	0.760382775119617
2139	108	140	0.78745044429255
2140	108	143	0.671004784688995
2141	108	144	0.701244019138756
2142	108	145	0.683827751196172
2143	108	148	0.593711551606289
2144	108	151	0.697306903622693
2145	108	156	0.627067669172932
2146	108	157	0.722652084757348
2147	108	161	0.693916609706083
2148	108	162	0.701790840738209
2149	108	163	0.728503075871497
2150	108	166	0.739166097060834
2151	108	167	0.578619275461381
2152	108	171	0.616896787423103
2153	108	172	0.620833902939166
2154	108	173	0.730088858509911
2155	108	178	0.65038961038961
2156	108	182	0.681066302118934
2157	108	183	0.734299384825701
2158	108	184	0.567081339712919
2159	108	190	0.672563226247437
2160	108	191	0.640246069719754
2161	108	193	0.550184552289815
2162	108	194	0.708051948051948
2163	108	196	0.568174982911825
2164	108	197	0.602132604237867
2165	108	200	0.615885167464115
2166	108	201	0.53676008202324
2167	108	202	0.674613807245386
2168	108	206	0.715324675324675
2169	108	207	0.540451127819549
2170	108	209	0.658263841421736
2171	108	210	0.585673274094327
2172	108	211	0.5888995215311
2173	108	212	0.704415584415584
2174	108	213	0.648694463431306
2175	108	214	0.576295283663705
2176	108	216	0.618619275461381
2177	108	218	0.501161995898838
2178	108	219	0.544251537935748
2179	108	223	0.611045796308954
2180	108	231	0.50838004101162
2181	108	236	0.524347231715653
2182	108	237	0.522952836637047
2183	108	249	0.519507860560492
2184	109	125	0.694955570745044
2185	109	126	0.532330827067669
2186	109	129	0.509391660970608
2187	109	138	0.622118933697881
2188	109	146	0.617799043062201
2189	109	153	0.629063568010936
2190	109	154	0.521886534518113
2191	109	180	0.539876965140123
2192	109	186	0.57038961038961
2193	109	188	0.555898838004101
2194	109	203	0.659275461380724
2195	109	204	0.543075871496924
2196	109	208	0.593984962406015
2197	110	118	0.762597402597402
2198	110	121	0.733943950786056
2199	110	123	0.569131920710868
2200	110	124	0.741572112098428
2201	110	127	0.617881066302119
2202	110	130	0.638304853041695
2203	110	132	0.611866028708134
2204	110	133	0.540724538619275
2205	110	135	0.656787423103213
2206	110	136	0.625700615174299
2207	110	137	0.562351332877649
2208	110	139	0.566315789473684
2209	110	140	0.564128503075871
2210	110	143	0.592754613807245
2211	110	144	0.740587833219412
2212	110	145	0.59948051948052
2213	110	149	0.515652768284347
2214	110	151	0.552098427887902
2215	110	156	0.609159261790841
2216	110	157	0.551114149008886
2217	110	161	0.589774436090226
2218	110	162	0.530498974709501
2219	110	163	0.705645933014354
2220	110	166	0.681257689678742
2221	110	167	0.755297334244703
2222	110	173	0.596746411483254
2223	110	178	0.56946001367054
2224	110	183	0.58580997949419
2225	110	193	0.602296650717703
2226	110	194	0.55825017088175
2227	110	202	0.537525632262474
2228	110	206	0.599015721120984
2229	110	207	0.556883116883117
2230	110	211	0.628215994531784
2231	110	212	0.512125768967874
2232	110	216	0.570006835269993
2233	110	218	0.5961995898838
2234	111	143	0.546466165413534
2235	111	218	0.574408749145591
2236	112	115	0.577334244702666
2237	112	118	0.591961722488038
2238	112	123	0.815775803144224
2239	112	124	0.693233082706767
2240	112	127	0.598222829801777
2241	112	133	0.850717703349282
2242	112	135	0.662036910457963
2243	112	137	0.772330827067669
2244	112	139	0.70488038277512
2245	112	140	0.679316473000683
2246	112	143	0.59012987012987
2247	112	145	0.709446343130554
2248	112	148	0.624415584415584
2249	112	151	0.60298017771702
2250	112	156	0.710922761449077
2251	112	157	0.738045112781955
2252	112	161	0.696158578263841
2253	112	162	0.593656869446343
2254	112	163	0.69634996582365
2255	112	166	0.574982911825017
2256	112	171	0.593848257006152
2257	112	172	0.590594668489405
2258	112	173	0.69501025290499
2259	112	178	0.625563909774436
2260	112	182	0.683855092276145
2261	112	183	0.734545454545455
2262	112	184	0.638414217361586
2263	112	189	0.510020505809979
2264	112	190	0.62755980861244
2265	112	191	0.55742993848257
2266	112	194	0.629254955570745
2267	112	197	0.584224196855776
2268	112	200	0.592672590567327
2269	112	202	0.601777170198223
2270	112	206	0.641695146958305
2271	112	209	0.624251537935749
2272	112	211	0.577224880382775
2273	112	212	0.58107997265892
2274	112	213	0.587805878332194
2275	112	214	0.665591250854409
2276	112	216	0.551825017088175
2277	112	219	0.545345181134655
2278	112	223	0.559480519480519
2279	112	236	0.548243335611757
2280	112	247	0.508161312371839
2281	112	249	0.555734791524265
2282	113	152	0.611701982228298
2283	114	116	0.600683526999316
2284	114	127	0.533916609706083
2285	114	133	0.625645933014354
2286	114	135	0.610170881749829
2287	114	139	0.52339029391661
2288	114	140	0.57542036910458
2289	114	148	0.550649350649351
2290	114	162	0.615639097744361
2291	114	166	0.5126999316473
2292	114	193	0.51177033492823
2293	114	196	0.634914559125085
2294	114	212	0.569159261790841
2295	115	123	0.604128503075872
2296	115	124	0.585919343814081
2297	115	127	0.511633629528366
2298	115	133	0.670649350649351
2299	115	135	0.627723855092276
2300	115	137	0.606507177033493
2301	115	139	0.634176349965824
2302	115	140	0.723362952836637
2303	115	143	0.507012987012987
2304	115	145	0.590676691729323
2305	115	151	0.62745044429255
2306	115	156	0.607573479152427
2307	115	157	0.601503759398496
2308	115	161	0.52298017771702
2309	115	162	0.583841421736159
2310	115	163	0.543458646616541
2311	115	166	0.647136021872864
2312	115	171	0.585153793574846
2313	115	172	0.569706083390294
2314	115	173	0.705345181134655
2315	115	178	0.661462747778537
2316	115	182	0.672535885167464
2317	115	183	0.683007518796992
2318	115	184	0.632535885167464
2319	115	190	0.621681476418319
2320	115	191	0.62457963089542
2321	115	193	0.6253998632946
2322	115	194	0.635570745044429
2323	115	197	0.610307587149692
2324	115	200	0.645604921394395
2325	115	201	0.61717019822283
2326	115	202	0.517976760082023
2327	115	206	0.655557074504443
2328	115	209	0.554559125085441
2329	115	210	0.56
2330	115	212	0.583677375256323
2331	115	214	0.515324675324675
2332	115	216	0.663267259056733
2333	115	219	0.552071086807929
2334	115	220	0.50107997265892
2335	115	237	0.52606971975393
2336	117	152	0.570635680109364
2337	117	186	0.711004784688995
2338	117	188	0.690663021189337
2339	117	203	0.578755980861244
2340	117	204	0.598304853041695
2341	117	208	0.610416951469583
2342	118	121	0.794996582365003
2343	118	123	0.610116199589884
2344	118	124	0.76647983595352
2345	118	127	0.623540669856459
2346	118	130	0.665727956254272
2347	118	132	0.6219002050581
2348	118	133	0.654107997265892
2349	118	135	0.696705399863295
2350	118	136	0.531127819548872
2351	118	137	0.604401913875598
2352	118	139	0.594969241285031
2353	118	140	0.605495557074504
2354	118	143	0.644976076555024
2355	118	144	0.686971975393028
2356	118	145	0.699138755980861
2357	118	149	0.582993848257006
2358	118	151	0.553274094326726
2359	118	156	0.596937799043062
2360	118	157	0.609760765550239
2361	118	161	0.501599453178401
2362	118	162	0.542693096377307
2363	118	163	0.700779220779221
2364	118	166	0.650088858509911
2365	118	167	0.609733424470267
2366	118	173	0.63012987012987
2367	118	178	0.508872180451128
2368	118	182	0.516336295283664
2369	118	183	0.603827751196172
2370	118	194	0.588954203691046
2371	118	202	0.566999316473001
2372	118	206	0.692166780587833
2373	118	207	0.654326725905673
2374	118	210	0.686343130553657
2375	118	211	0.58323991797676
2376	118	213	0.567518796992481
2377	118	216	0.520246069719754
2378	118	223	0.574299384825701
2379	119	128	0.549282296650718
2380	119	147	0.513902939166097
2381	119	185	0.549665071770335
2382	121	124	0.638824333561176
2383	121	130	0.675461380724539
2384	121	132	0.703376623376623
2385	121	134	0.569213943950786
2386	121	135	0.528612440191388
2387	121	136	0.532987012987013
2388	121	144	0.657826384142174
2389	121	149	0.516254272043746
2390	121	163	0.558414217361586
2391	121	167	0.572303485987696
2392	121	207	0.559261790840738
2393	122	217	0.510047846889952
2394	123	124	0.730307587149692
2395	123	127	0.590157211209843
2396	123	133	0.806753246753247
2397	123	135	0.675023923444976
2398	123	137	0.81254955570745
2399	123	139	0.668298017771702
2400	123	140	0.694490772385509
2401	123	143	0.594750512645249
2402	123	145	0.738345864661654
2403	123	148	0.586684894053315
2404	123	151	0.597484620642515
2405	123	156	0.725741626794258
2406	123	157	0.665892002734108
2407	123	161	0.655693779904306
2408	123	162	0.569131920710868
2409	123	163	0.705946684894053
2410	123	166	0.633820915926179
2411	123	171	0.588161312371839
2412	123	172	0.597894736842105
2413	123	173	0.673738892686261
2414	123	178	0.665153793574846
2415	123	182	0.658345864661654
2416	123	183	0.710266575529733
2417	123	184	0.556336295283664
2418	123	189	0.52051948051948
2419	123	190	0.560683526999316
2420	123	191	0.550184552289815
2421	123	194	0.650936431989064
2422	123	197	0.623321941216678
2423	123	198	0.508626110731374
2424	123	200	0.608092959671907
2425	123	202	0.624716336295284
2426	123	206	0.612713602187286
2427	123	209	0.630731373889269
2428	123	210	0.524019138755981
2429	123	212	0.631907040328093
2430	123	213	0.675105946684894
2431	123	214	0.61377990430622
2432	123	216	0.503568010936432
2433	123	219	0.516937799043062
2434	123	223	0.573752563226247
2435	123	236	0.568448393711552
2436	124	127	0.650553656869446
2437	124	130	0.576240601503759
2438	124	132	0.56812030075188
2439	124	133	0.768694463431306
2440	124	135	0.82580997949419
2441	124	136	0.636363636363636
2442	124	137	0.769077238550923
2443	124	139	0.740177717019822
2444	124	140	0.718058783321941
2445	124	143	0.643855092276145
2446	124	144	0.694818865345181
2447	124	145	0.741271360218729
2448	124	148	0.577799043062201
2449	124	151	0.72524948735475
2450	124	156	0.642296650717703
2451	124	157	0.728284347231716
2452	124	158	0.52123034859877
2453	124	161	0.734873547505126
2454	124	162	0.620615174299385
2455	124	163	0.765358851674641
2456	124	166	0.783759398496241
2457	124	167	0.55568010936432
2458	124	171	0.562652084757348
2459	124	172	0.585591250854409
2460	124	173	0.707477785372522
2461	124	178	0.687218045112782
2462	124	182	0.585481886534518
2463	124	183	0.719753930280246
2464	124	184	0.500533151059467
2465	124	190	0.634559125085441
2466	124	191	0.587641831852358
2467	124	193	0.541462747778537
2468	124	194	0.649897470950103
2469	124	197	0.567163362952837
2470	124	200	0.550457963089542
2471	124	201	0.505317840054682
2472	124	202	0.741681476418318
2473	124	206	0.75475051264525
2474	124	207	0.582993848257006
2475	124	209	0.566233766233766
2476	124	210	0.582392344497608
2477	124	211	0.60041011619959
2478	124	212	0.627477785372522
2479	124	213	0.60997949419002
2480	124	214	0.588653451811347
2481	124	216	0.625099111414901
2482	124	218	0.545454545454545
2483	124	219	0.585509227614491
2484	124	223	0.633055365686945
2485	124	231	0.565003417634997
2486	124	236	0.518140806561859
2487	124	238	0.587723855092276
2488	124	249	0.541052631578947
2489	125	126	0.544142173615858
2490	125	129	0.538017771701982
2491	125	138	0.528721804511278
2492	125	146	0.555242652084757
2493	125	147	0.571674641148325
2494	125	153	0.607245386192755
2495	125	179	0.611674641148325
2496	125	180	0.537470950102529
2497	126	153	0.506192754613807
2498	126	179	0.528967874231032
2499	126	180	0.580369104579631
2500	127	133	0.655393028024607
2501	127	135	0.512235133287765
2502	127	137	0.555051264524949
2503	127	139	0.540423786739576
2504	127	140	0.601913875598086
2505	127	143	0.662146274777854
2506	127	144	0.605358851674641
2507	127	145	0.589965823650034
2508	127	151	0.573670539986329
2509	127	156	0.513301435406698
2510	127	163	0.598441558441558
2511	127	166	0.547067669172932
2512	127	167	0.506794258373206
2513	127	172	0.512891319207109
2514	127	182	0.509501025290499
2515	127	190	0.501326042378674
2516	127	194	0.52308954203691
2517	127	206	0.507286397812714
2518	127	207	0.598031442241968
2519	127	211	0.596855775803144
2520	129	160	0.666110731373889
2521	130	132	0.606753246753247
2522	130	134	0.629063568010936
2523	130	135	0.51784005468216
2524	130	136	0.667669172932331
2525	130	144	0.573697881066302
2526	130	149	0.729897470950102
2527	130	167	0.685604921394395
2528	130	207	0.600109364319891
2529	130	211	0.547341079972659
2530	131	155	0.529186602870813
2531	131	175	0.506493506493506
2532	132	134	0.65511961722488
2533	132	136	0.539931647300068
2534	132	144	0.575174299384826
2535	132	149	0.58272043745728
2536	132	150	0.554231032125769
2537	132	159	0.527901572112098
2538	132	167	0.719316473000684
2539	132	168	0.537388926862611
2540	132	196	0.503349282296651
2541	132	207	0.599398496240601
2542	133	135	0.771811346548189
2543	133	137	0.779630895420369
2544	133	139	0.78447026657553
2545	133	140	0.777525632262474
2546	133	143	0.647136021872864
2547	133	144	0.544032809295967
2548	133	145	0.737717019822283
2549	133	148	0.675160628844839
2550	133	151	0.645030758714969
2551	133	156	0.694080656185919
2552	133	157	0.754723171565277
2553	133	161	0.683444976076555
2554	133	162	0.697334244702666
2555	133	163	0.676226930963773
2556	133	166	0.687737525632262
2557	133	171	0.633137388926863
2558	133	172	0.662611073137389
2559	133	173	0.755844155844156
2560	133	178	0.639562542720437
2561	133	182	0.690717703349282
2562	133	183	0.788817498291183
2563	133	184	0.540861244019139
2564	133	189	0.515625427204375
2565	133	190	0.614244702665755
2566	133	191	0.603062200956938
2567	133	193	0.5092002734108
2568	133	194	0.628516746411483
2569	133	196	0.592207792207792
2570	133	197	0.661216678058783
2571	133	200	0.606944634313055
2572	133	202	0.622392344497608
2573	133	206	0.729432672590567
2574	133	209	0.649733424470267
2575	133	211	0.581244019138756
2576	133	212	0.697334244702666
2577	133	213	0.648749145591251
2578	133	214	0.702173615857826
2579	133	216	0.551032125768968
2580	133	219	0.557511961722488
2581	133	223	0.610034176349966
2582	133	236	0.536842105263158
2583	133	247	0.521449077238551
2584	133	249	0.533069036226931
2585	134	149	0.626028708133971
2586	134	150	0.551414900888585
2587	134	167	0.642624743677375
2588	134	207	0.502255639097744
2589	135	136	0.618646616541353
2590	135	137	0.71568010936432
2591	135	139	0.699822282980178
2592	135	140	0.747177033492823
2593	135	143	0.572631578947368
2594	135	144	0.608667122351333
2595	135	145	0.763198906356801
2596	135	148	0.708051948051948
2597	135	151	0.665044429254956
2598	135	156	0.634805194805195
2599	135	157	0.737607655502392
2600	135	158	0.548817498291182
2601	135	161	0.699548872180451
2602	135	162	0.792453861927546
2603	135	163	0.708817498291183
2604	135	166	0.778947368421053
2605	135	167	0.501845522898154
2606	135	171	0.587177033492823
2607	135	172	0.611127819548872
2608	135	173	0.723362952836637
2609	135	178	0.733342447026658
2610	135	182	0.613834586466165
2611	135	183	0.744224196855776
2612	135	184	0.553410799726589
2613	135	190	0.564292549555707
2614	135	191	0.661216678058783
2615	135	193	0.62498974709501
2616	135	194	0.578209159261791
2617	135	196	0.540396445659604
2618	135	197	0.633274094326726
2619	135	198	0.527026657552973
2620	135	200	0.624087491455913
2621	135	202	0.660341763499658
2622	135	206	0.775721120984279
2623	135	209	0.553028024606972
2624	135	210	0.510594668489405
2625	135	211	0.53727956254272
2626	135	212	0.69161995898838
2627	135	213	0.564073820915926
2628	135	214	0.6692002734108
2629	135	216	0.619958988380041
2630	135	219	0.568858509911142
2631	135	220	0.539138755980861
2632	135	223	0.516336295283664
2633	136	144	0.657115516062884
2634	136	149	0.569213943950786
2635	136	158	0.640874914559125
2636	136	161	0.512235133287765
2637	136	162	0.551524265208476
2638	136	166	0.513164730006835
2639	136	167	0.626493506493506
2640	136	178	0.522187286397813
2641	136	183	0.526425153793575
2642	136	206	0.618619275461381
2643	136	207	0.518550922761449
2644	136	211	0.687026657552973
2645	137	139	0.67002050580998
2646	137	140	0.686561859193438
2647	137	143	0.567136021872864
2648	137	144	0.578236500341764
2649	137	145	0.692166780587833
2650	137	148	0.601257689678742
2651	137	151	0.570006835269993
2652	137	156	0.69419002050581
2653	137	157	0.744798359535202
2654	137	161	0.665974025974026
2655	137	162	0.579111414900889
2656	137	163	0.774381408065619
2657	137	166	0.688311688311688
2658	137	171	0.576049213943951
2659	137	172	0.623978127136022
2660	137	173	0.685632262474368
2661	137	177	0.533096377306904
2662	137	178	0.648776486671223
2663	137	182	0.641995898838004
2664	137	183	0.731537935748462
2665	137	184	0.568503075871497
2666	137	189	0.586165413533835
2667	137	190	0.645413533834586
2668	137	191	0.572303485987696
2669	137	194	0.686753246753247
2670	137	197	0.661353383458647
2671	137	200	0.577197539302802
2672	137	202	0.72339029391661
2673	137	206	0.698947368421053
2674	137	209	0.657525632262474
2675	137	211	0.558906356801094
2676	137	212	0.596008202323992
2677	137	213	0.59002050580998
2678	137	214	0.506876281613124
2679	137	216	0.520191387559809
2680	137	219	0.56041011619959
2681	137	220	0.509227614490772
2682	137	223	0.565331510594668
2683	137	226	0.50406015037594
2684	137	231	0.548079289131921
2685	137	236	0.518195488721805
2686	137	237	0.531756664388243
2687	137	249	0.523581681476418
2688	138	146	0.599097744360902
2689	138	153	0.588735475051265
2690	138	186	0.562515379357485
2691	138	188	0.527764866712235
2692	138	203	0.575037593984962
2693	138	208	0.516855775803144
2694	139	140	0.654818865345181
2695	139	143	0.593602187286398
2696	139	144	0.548215994531784
2697	139	145	0.625837320574163
2698	139	148	0.644894053315106
2699	139	151	0.694107997265892
2700	139	156	0.675078605604921
2701	139	157	0.710758714969241
2702	139	161	0.66879015721121
2703	139	162	0.658400546821599
2704	139	163	0.63136021872864
2705	139	166	0.628626110731374
2706	139	171	0.609186602870813
2707	139	172	0.663485987696514
2708	139	173	0.72174982911825
2709	139	178	0.536131237183869
2710	139	182	0.654381408065619
2711	139	183	0.716801093643199
2712	139	184	0.589501025290499
2713	139	190	0.6688995215311
2714	139	191	0.630157211209843
2715	139	193	0.576295283663705
2716	139	194	0.67701982228298
2717	139	196	0.542583732057416
2718	139	200	0.539248120300752
2719	139	202	0.656076555023923
2720	139	206	0.642077922077922
2721	139	209	0.645987696514012
2722	139	212	0.614900888585099
2723	139	213	0.586848940533151
2724	139	214	0.657826384142174
2725	139	216	0.623021189336979
2726	139	219	0.547587149692413
2727	139	223	0.592453861927546
2728	139	231	0.510786056049214
2729	139	236	0.533643198906357
2730	139	249	0.582392344497608
2731	140	143	0.576131237183869
2732	140	144	0.573971291866029
2733	140	145	0.710813397129187
2734	140	148	0.673383458646617
2735	140	151	0.651920710868079
2736	140	156	0.610553656869446
2737	140	157	0.677621326042379
2738	140	161	0.658701298701299
2739	140	162	0.666712235133288
2740	140	163	0.688858509911142
2741	140	166	0.736404647983595
2742	140	171	0.660615174299385
2743	140	172	0.644128503075871
2744	140	173	0.605058099794942
2745	140	178	0.723253588516746
2746	140	182	0.720574162679426
2747	140	183	0.711496924128503
2748	140	184	0.588161312371839
2749	140	189	0.547696514012303
2750	140	190	0.591305536568694
2751	140	191	0.608174982911825
2752	140	193	0.50107997265892
2753	140	194	0.674832535885167
2754	140	197	0.673848257006152
2755	140	198	0.551223513328777
2756	140	200	0.707231715652768
2757	140	201	0.509829118250171
2758	140	202	0.641995898838004
2759	140	206	0.708735475051264
2760	140	209	0.615283663704716
2761	140	211	0.517457279562543
2762	140	212	0.651182501708818
2763	140	213	0.626848940533151
2764	140	214	0.613889268626111
2765	140	216	0.650334928229665
2766	140	219	0.586056049213944
2767	140	223	0.542036910457963
2768	140	236	0.539958988380041
2769	140	247	0.502911825017088
2770	141	174	0.715844155844156
2771	142	155	0.759535201640465
2772	142	175	0.647245386192755
2773	143	145	0.633219412166781
2774	143	151	0.591032125768968
2775	143	156	0.55228981544771
2776	143	157	0.592317156527683
2777	143	161	0.570225563909774
2778	143	163	0.688475734791524
2779	143	166	0.513602187286398
2780	143	171	0.526971975393028
2781	143	172	0.521722488038277
2782	143	173	0.610006835269993
2783	143	182	0.523417634996582
2784	143	183	0.522488038277512
2785	143	190	0.543540669856459
2786	143	194	0.56555023923445
2787	143	202	0.504524948735475
2788	143	206	0.522351332877649
2789	143	209	0.539521531100479
2790	143	212	0.50930963773069
2791	143	213	0.517539302802461
2792	143	216	0.503868762816131
2793	143	218	0.518605604921394
2794	144	145	0.532522214627478
2795	144	149	0.552781954887218
2796	144	151	0.598961038961039
2797	144	157	0.540970608339029
2798	144	161	0.558796992481203
2799	144	162	0.530225563909774
2800	144	163	0.60514012303486
2801	144	166	0.594504442925496
2802	144	167	0.682214627477785
2803	144	172	0.512371838687628
2804	144	173	0.560273410799727
2805	144	178	0.517976760082023
2806	144	183	0.552043745727956
2807	144	190	0.507887901572112
2808	144	194	0.59177033492823
2809	144	206	0.623212576896787
2810	144	207	0.515625427204375
2811	144	211	0.645030758714969
2812	144	212	0.529733424470267
2813	144	223	0.501954887218045
2814	145	148	0.627423103212577
2815	145	151	0.626028708133971
2816	145	156	0.663814080656186
2817	145	157	0.68688995215311
2818	145	161	0.656842105263158
2819	145	162	0.604456596035543
2820	145	163	0.72514012303486
2821	145	166	0.678277511961722
2822	145	171	0.692576896787423
2823	145	172	0.599015721120984
2824	145	173	0.685632262474368
2825	145	177	0.509419002050581
2826	145	178	0.641394395078606
2827	145	182	0.619658236500342
2828	145	183	0.696267942583732
2829	145	184	0.621244019138756
2830	145	190	0.576842105263158
2831	145	191	0.611346548188653
2832	145	194	0.667259056732741
2833	145	197	0.595953520164046
2834	145	200	0.56473000683527
2835	145	201	0.506684894053315
2836	145	202	0.653998632946001
2837	145	206	0.678058783321941
2838	145	209	0.506930963773069
2839	145	210	0.557211209842789
2840	145	212	0.548653451811347
2841	145	213	0.646561859193438
2842	145	214	0.627915242652085
2843	145	216	0.584251537935748
2844	145	221	0.507423103212577
2845	145	223	0.602351332877649
2846	146	153	0.573178400546822
2847	146	154	0.505345181134655
2848	146	186	0.558441558441558
2849	146	188	0.561804511278196
2850	146	203	0.631825017088175
2851	146	208	0.598277511961722
2852	147	185	0.574080656185919
2853	148	151	0.574244702665755
2854	148	156	0.615994531784005
2855	148	157	0.623321941216678
2856	148	158	0.541954887218045
2857	148	161	0.730772385509228
2858	148	162	0.73799043062201
2859	148	163	0.552098427887902
2860	148	166	0.601777170198223
2861	148	171	0.579986329460014
2862	148	172	0.610143540669856
2863	148	173	0.577361585782638
2864	148	178	0.6107997265892
2865	148	182	0.580232399179768
2866	148	183	0.688885850991114
2867	148	184	0.558277511961722
2868	148	191	0.568038277511962
2869	148	193	0.563144224196856
2870	148	194	0.617197539302802
2871	148	197	0.569022556390977
2872	148	200	0.509883800410116
2873	148	202	0.534272043745728
2874	148	206	0.595789473684211
2875	148	209	0.542611073137389
2876	148	212	0.578373205741627
2877	148	214	0.656568694463431
2878	148	219	0.56987012987013
2879	148	223	0.509036226930964
2880	149	150	0.51218045112782
2881	149	167	0.651674641148325
2882	149	207	0.538783321941217
2883	149	211	0.577088174982912
2884	150	167	0.534900888585099
2885	151	156	0.583978127136022
2886	151	157	0.698263841421736
2887	151	161	0.64647983595352
2888	151	162	0.589282296650718
2889	151	163	0.597211209842789
2890	151	166	0.66488038277512
2891	151	171	0.637156527682843
2892	151	172	0.612467532467532
2893	151	173	0.649651401230349
2894	151	178	0.624634313055366
2895	151	182	0.653752563226247
2896	151	183	0.669938482570061
2897	151	190	0.603472317156528
2898	151	191	0.593192071086808
2899	151	194	0.597785372522215
2900	151	197	0.519535201640465
2901	151	198	0.554176349965824
2902	151	200	0.57984962406015
2903	151	202	0.670239234449761
2904	151	206	0.546876281613124
2905	151	209	0.635297334244703
2906	151	212	0.573588516746412
2907	151	213	0.577006151742994
2908	151	214	0.700724538619276
2909	151	216	0.680328092959672
2910	151	219	0.638714969241285
2911	151	220	0.538017771701982
2912	151	231	0.512481203007519
2913	151	237	0.529924812030075
2914	151	238	0.544962406015038
2915	152	186	0.606151742993848
2916	152	239	0.518222829801777
2917	153	179	0.751496924128503
2918	153	186	0.628434723171565
2919	153	188	0.640765550239234
2920	153	203	0.594395078605605
2921	153	208	0.536295283663705
2922	154	203	0.519125085440875
2923	154	208	0.522323991797676
2924	155	175	0.619138755980861
2925	156	157	0.612631578947368
2926	156	161	0.621353383458647
2927	156	162	0.548762816131237
2928	156	163	0.733561175666439
2929	156	166	0.657252221462748
2930	156	171	0.594613807245386
2931	156	172	0.613424470266575
2932	156	173	0.659822282980178
2933	156	178	0.606643882433356
2934	156	182	0.660478468899521
2935	156	183	0.668106630211893
2936	156	184	0.511961722488038
2937	156	190	0.541517429938483
2938	156	191	0.524155844155844
2939	156	193	0.509282296650718
2940	156	194	0.601175666438824
2941	156	197	0.52822966507177
2942	156	200	0.60987012987013
2943	156	202	0.613588516746411
2944	156	206	0.626493506493506
2945	156	209	0.630430622009569
2946	156	210	0.515105946684894
2947	156	213	0.559781271360219
2948	156	214	0.53974025974026
2949	156	216	0.54149008885851
2950	156	219	0.598632946001367
2951	156	223	0.59866028708134
2952	156	243	0.524866712235133
2953	156	250	0.526561859193438
2954	157	161	0.717922077922078
2955	157	162	0.690498974709501
2956	157	163	0.749583048530417
2957	157	166	0.725030758714969
2958	157	171	0.649596719070403
2959	157	172	0.583267259056733
2960	157	173	0.722296650717703
2961	157	178	0.644265208475735
2962	157	182	0.646015037593985
2963	157	183	0.784825700615174
2964	157	184	0.570772385509228
2965	157	190	0.59958988380041
2966	157	191	0.608803827751196
2967	157	194	0.668571428571429
2968	157	197	0.609487354750513
2969	157	200	0.645714285714286
2970	157	202	0.630512645249487
2971	157	206	0.638195488721805
2972	157	209	0.623075871496924
2973	157	212	0.628680792891319
2974	157	213	0.552891319207109
2975	157	214	0.682816131237184
2976	157	216	0.640109364319891
2977	157	219	0.647682843472317
2978	157	220	0.529596719070403
2979	157	223	0.543732057416268
2980	157	236	0.532248803827751
2981	157	237	0.543267259056733
2982	157	249	0.508981544771018
2983	158	161	0.510594668489405
2984	158	162	0.502447026657553
2985	158	178	0.534244702665755
2986	159	170	0.553766233766234
2987	159	199	0.541025290498975
2988	161	162	0.65634996582365
2989	161	163	0.646561859193438
2990	161	166	0.706302118933698
2991	161	171	0.678168147641832
2992	161	172	0.581298701298701
2993	161	173	0.673984962406015
2994	161	178	0.671278195488722
2995	161	182	0.61799043062201
2996	161	183	0.738947368421053
2997	161	184	0.550704032809296
2998	161	190	0.635980861244019
2999	161	191	0.578810663021189
3000	161	193	0.606343130553657
3001	161	194	0.599043062200957
3002	161	197	0.604429254955571
3003	161	200	0.569022556390977
3004	161	202	0.572877648667122
3005	161	206	0.565850991114149
3006	161	209	0.569295967190704
3007	161	212	0.631305536568694
3008	161	213	0.503157894736842
3009	161	214	0.655256322624744
3010	161	216	0.594367737525632
3011	161	219	0.64596035543404
3012	161	220	0.56524948735475
3013	161	236	0.54498974709501
3014	161	237	0.62930963773069
3015	162	163	0.528475734791524
3016	162	166	0.653697881066302
3017	162	171	0.539357484620642
3018	162	172	0.522925495557074
3019	162	173	0.600902255639098
3020	162	178	0.668243335611757
3021	162	182	0.597785372522215
3022	162	183	0.736541353383459
3023	162	184	0.533889268626111
3024	162	191	0.682460697197539
3025	162	193	0.614354066985646
3026	162	196	0.639972658920027
3027	162	197	0.565003417634997
3028	162	200	0.578701298701299
3029	162	201	0.506876281613124
3030	162	202	0.520437457279563
3031	162	206	0.639015721120984
3032	162	209	0.500341763499658
3033	162	212	0.705563909774436
3034	162	214	0.649213943950786
3035	162	216	0.532221462747779
3036	162	237	0.500205058099795
3037	163	166	0.705345181134655
3038	163	171	0.574818865345181
3039	163	172	0.584497607655502
3040	163	173	0.619685577580314
3041	163	177	0.529897470950103
3042	163	178	0.553738892686261
3043	163	182	0.606124401913876
3044	163	183	0.634285714285714
3045	163	189	0.536076555023923
3046	163	190	0.636555023923445
3047	163	194	0.714941900205058
3048	163	197	0.58416951469583
3049	163	200	0.663568010936432
3050	163	202	0.631250854408749
3051	163	206	0.63393028024607
3052	163	207	0.524894053315106
3053	163	209	0.576267942583732
3054	163	211	0.522679425837321
3055	163	213	0.585181134654819
3056	163	216	0.62066985645933
3057	163	219	0.585017088174983
3058	163	223	0.544114832535885
3059	163	231	0.54622009569378
3060	163	237	0.512344497607655
3061	164	170	0.604073820915926
3062	164	181	0.578017771701982
3063	164	199	0.695994531784005
3064	166	171	0.584278879015721
3065	166	172	0.59002050580998
3066	166	173	0.7015994531784
3067	166	178	0.723581681476418
3068	166	182	0.657388926862611
3069	166	183	0.661271360218729
3070	166	184	0.518851674641148
3071	166	189	0.501244019138756
3072	166	190	0.626766917293233
3073	166	191	0.678168147641832
3074	166	193	0.617498291182502
3075	166	194	0.690170881749829
3076	166	197	0.578291182501709
3077	166	200	0.6292002734108
3078	166	202	0.70622009569378
3079	166	206	0.715707450444293
3080	166	209	0.599945317840055
3081	166	210	0.514422419685578
3082	166	211	0.531592617908407
3083	166	212	0.652987012987013
3084	166	213	0.574053315105947
3085	166	214	0.608721804511278
3086	166	216	0.62755980861244
3087	166	219	0.620505809979494
3088	166	220	0.594149008885851
3089	166	223	0.521722488038277
3090	166	231	0.515215311004785
3091	166	237	0.506930963773069
3092	166	249	0.51526999316473
3093	167	168	0.516035543403964
3094	167	207	0.580369104579631
3095	167	211	0.608667122351333
3096	170	199	0.526835269993165
3097	171	172	0.530498974709501
3098	171	173	0.594231032125769
3099	171	178	0.522679425837321
3100	171	182	0.665755297334245
3101	171	183	0.575037593984962
3102	171	184	0.573287764866712
3103	171	190	0.558988380041012
3104	171	191	0.506001367053999
3105	171	194	0.533725222146275
3106	171	197	0.675570745044429
3107	171	200	0.673164730006835
3108	171	202	0.583704716336295
3109	171	209	0.574135338345865
3110	171	212	0.515461380724539
3111	171	213	0.667313738892686
3112	171	214	0.603827751196172
3113	171	216	0.600738209159262
3114	171	219	0.581134654818865
3115	171	220	0.618537252221463
3116	171	236	0.601066302118934
3117	171	237	0.527682843472317
3118	172	173	0.604538619275461
3119	172	178	0.57244019138756
3120	172	182	0.693643198906357
3121	172	183	0.666876281613124
3122	172	184	0.588680792891319
3123	172	190	0.637511961722488
3124	172	191	0.668352699931647
3125	172	194	0.592672590567327
3126	172	197	0.576650717703349
3127	172	202	0.619193438140807
3128	172	206	0.610635680109364
3129	172	209	0.607682843472317
3130	172	212	0.581408065618592
3131	172	213	0.553547505126452
3132	172	214	0.62025974025974
3133	172	216	0.56215994531784
3134	172	219	0.553219412166781
3135	172	221	0.560574162679426
3136	172	249	0.600136705399863
3137	173	178	0.672399179767601
3138	173	182	0.635324675324675
3139	173	183	0.727272727272727
3140	173	184	0.553574846206425
3141	173	190	0.594395078605605
3142	173	191	0.655967190704033
3143	173	193	0.638851674641148
3144	173	194	0.693451811346548
3145	173	197	0.557867395762133
3146	173	198	0.504251537935748
3147	173	200	0.514121667805878
3148	173	202	0.616650717703349
3149	173	206	0.695228981544771
3150	173	209	0.619166097060834
3151	173	210	0.516062884483937
3152	173	212	0.550211893369788
3153	173	213	0.570717703349282
3154	173	214	0.682323991797676
3155	173	216	0.63136021872864
3156	173	219	0.601640464798359
3157	173	220	0.52904989747095
3158	173	223	0.546958304853042
3159	173	237	0.502884483937115
3160	173	249	0.580642515379358
3161	174	193	0.521093643198906
3162	174	224	0.516144907723855
3163	176	239	0.522597402597403
3164	177	194	0.54498974709501
3165	177	198	0.546192754613807
3166	177	213	0.577006151742994
3167	178	182	0.65850991114149
3168	178	183	0.725495557074504
3169	178	184	0.653615857826384
3170	178	190	0.552617908407382
3171	178	191	0.662583732057416
3172	178	193	0.600246069719754
3173	178	194	0.615557074504443
3174	178	197	0.677894736842105
3175	178	198	0.571537935748462
3176	178	200	0.630622009569378
3177	178	202	0.697361585782638
3178	178	206	0.693588516746411
3179	178	209	0.627696514012304
3180	178	211	0.506848940533151
3181	178	212	0.672371838687628
3182	178	213	0.5238004101162
3183	178	214	0.620587833219412
3184	178	216	0.669446343130554
3185	178	219	0.635844155844156
3186	178	220	0.514203691045796
3187	178	223	0.502747778537252
3188	178	237	0.50971975393028
3189	178	238	0.577498291182502
3190	178	250	0.522597402597403
3191	180	199	0.506794258373206
3192	182	183	0.646671223513329
3193	182	184	0.55784005468216
3194	182	190	0.731866028708134
3195	182	191	0.641722488038277
3196	182	194	0.560328092959672
3197	182	197	0.564647983595352
3198	182	198	0.500041011619959
3199	182	200	0.605413533834587
3200	182	202	0.571455912508544
3201	182	206	0.557703349282297
3202	182	209	0.701572112098428
3203	182	212	0.585673274094327
3204	182	213	0.599507860560492
3205	182	214	0.587395762132604
3206	182	216	0.535365686944634
3207	182	219	0.592426520847574
3208	182	220	0.505481886534518
3209	182	221	0.520984278879016
3210	182	236	0.5126999316473
3211	183	184	0.578236500341764
3212	183	190	0.555023923444976
3213	183	191	0.725796308954204
3214	183	193	0.680656185919344
3215	183	194	0.609077238550923
3216	183	196	0.586192754613807
3217	183	197	0.676992481203007
3218	183	198	0.514258373205742
3219	183	200	0.522843472317156
3220	183	201	0.523609022556391
3221	183	202	0.621298701298701
3222	183	206	0.702200956937799
3223	183	209	0.601722488038277
3224	183	212	0.67866028708134
3225	183	213	0.503622693096377
3226	183	214	0.701353383458647
3227	183	216	0.725386192754614
3228	183	219	0.542091592617908
3229	183	223	0.566507177033493
3230	184	190	0.646944634313055
3231	184	191	0.604347231715653
3232	184	194	0.59784005468216
3233	184	197	0.621408065618592
3234	184	200	0.59958988380041
3235	184	202	0.638222829801777
3236	184	206	0.553738892686261
3237	184	209	0.622255639097744
3238	184	214	0.579822282980178
3239	184	216	0.558031442241969
3240	184	221	0.538646616541353
3241	184	226	0.537935748462064
3242	184	231	0.593055365686945
3243	184	236	0.613178400546821
3244	184	237	0.52987012987013
3245	184	249	0.5019002050581
3246	186	188	0.671114149008886
3247	186	203	0.596308954203691
3248	186	204	0.539084073820916
3249	186	208	0.565604921394395
3250	188	203	0.658619275461381
3251	188	208	0.597785372522215
3252	189	197	0.622146274777854
3253	189	200	0.557047163362953
3254	189	206	0.507532467532468
3255	189	219	0.545563909774436
3256	189	226	0.53203007518797
3257	189	230	0.580314422419686
3258	190	191	0.546466165413534
3259	190	194	0.685577580314422
3260	190	197	0.541818181818182
3261	190	202	0.560792891319207
3262	190	206	0.538263841421736
3263	190	209	0.654299384825701
3264	190	210	0.518742310321258
3265	190	212	0.57984962406015
3266	190	213	0.534900888585099
3267	190	214	0.553902939166097
3268	190	216	0.536240601503759
3269	190	219	0.588434723171565
3270	190	231	0.514668489405331
3271	190	236	0.538810663021189
3272	190	249	0.574518113465482
3273	191	193	0.63907040328093
3274	191	194	0.522597402597403
3275	191	197	0.548516746411483
3276	191	202	0.606370471633629
3277	191	206	0.595598086124402
3278	191	209	0.515379357484621
3279	191	212	0.564702665755297
3280	191	214	0.568339029391661
3281	191	216	0.60298017771702
3282	191	249	0.510403280929597
3283	193	196	0.517539302802461
3284	193	206	0.504497607655502
3285	193	212	0.505591250854409
3286	193	216	0.567518796992481
3287	194	200	0.537006151742994
3288	194	202	0.583978127136022
3289	194	206	0.641120984278879
3290	194	209	0.634422419685578
3291	194	212	0.540478468899521
3292	194	213	0.592645249487355
3293	194	214	0.536678058783322
3294	194	216	0.620642515379358
3295	194	219	0.583130553656869
3296	194	223	0.579384825700615
3297	194	237	0.512399179767601
3298	194	249	0.555926179084074
3299	196	212	0.557238550922761
3300	197	198	0.526671223513329
3301	197	200	0.651045796308954
3302	197	202	0.59444976076555
3303	197	206	0.594969241285031
3304	197	209	0.581763499658236
3305	197	212	0.57470950102529
3306	197	213	0.563773069036227
3307	197	214	0.614572795625427
3308	197	216	0.6180997949419
3309	197	219	0.608393711551606
3310	197	230	0.572303485987696
3311	197	231	0.530034176349966
3312	197	236	0.54622009569378
3313	197	237	0.59948051948052
3314	198	202	0.500369104579631
3315	198	210	0.528913192071087
3316	198	213	0.536814764183185
3317	198	236	0.575721120984279
3318	198	238	0.510922761449077
3319	198	241	0.558961038961039
3320	200	202	0.583677375256323
3321	200	206	0.576377306903623
3322	200	209	0.551715652768284
3323	200	213	0.660095693779904
3324	200	214	0.557949419002051
3325	200	216	0.533697881066302
3326	200	219	0.565522898154477
3327	200	226	0.52904989747095
3328	200	231	0.509090909090909
3329	200	236	0.609405331510595
3330	200	237	0.660013670539986
3331	200	250	0.518496240601504
3332	201	210	0.564429254955571
3333	202	206	0.653861927546138
3334	202	209	0.664442925495557
3335	202	212	0.536568694463431
3336	202	213	0.586575529733424
3337	202	214	0.612330827067669
3338	202	216	0.653533834586466
3339	202	219	0.547614490772386
3340	202	223	0.624825700615174
3341	202	231	0.649377990430622
3342	202	236	0.599398496240601
3343	202	237	0.507997265892003
3344	202	238	0.539876965140123
3345	202	249	0.588407382091593
3346	202	250	0.54149008885851
3347	204	208	0.544771018455229
3348	206	209	0.510239234449761
3349	206	210	0.531182501708818
3350	206	211	0.616377306903623
3351	206	212	0.594914559125085
3352	206	213	0.546930963773069
3353	206	214	0.564374572795625
3354	206	216	0.551332877648667
3355	206	219	0.572658920027341
3356	206	223	0.59691045796309
3357	206	249	0.50971975393028
3358	207	211	0.570416951469583
3359	209	214	0.623185235816815
3360	209	216	0.619138755980861
3361	209	219	0.551223513328777
3362	209	226	0.503978127136022
3363	209	236	0.52987012987013
3364	209	250	0.524073820915926
3365	210	213	0.529788106630212
3366	212	213	0.516473000683527
3367	212	214	0.637566643882433
3368	212	216	0.558578263841422
3369	212	219	0.520382775119617
3370	213	214	0.618400546821599
3371	213	219	0.505563909774436
3372	213	223	0.519507860560492
3373	214	216	0.615748462064251
3374	214	219	0.521531100478469
3375	216	219	0.600191387559809
3376	216	231	0.557894736842105
3377	219	220	0.512891319207109
3378	219	230	0.547614490772386
3379	219	237	0.535693779904306
3380	219	249	0.563472317156528
3381	220	221	0.566042378673958
3382	221	226	0.568694463431305
3383	223	236	0.508270676691729
3384	223	249	0.514559125085441
3385	226	236	0.55485987696514
3386	231	236	0.581271360218729
3387	238	250	0.588243335611757
3388	244	245	0.553957621326042
