from	to	weight
1	1	34	0.570383275261324
2	1	42	0.544773519163763
3	1	48	0.587456445993031
4	1	76	0.737456445993032
5	1	123	0.533623693379791
6	1	153	0.525087108013937
7	1	198	0.537979094076655
8	2	4	0.689895470383275
9	2	8	0.884494773519164
10	2	10	0.714459930313589
11	2	20	0.528048780487805
12	2	24	0.668292682926829
13	2	31	0.606794425087108
14	2	32	0.714459930313589
15	2	36	0.650696864111498
16	2	44	0.583275261324042
17	2	49	0.75226480836237
18	2	50	0.581010452961673
19	2	66	0.662717770034843
20	2	68	0.631533101045296
21	2	72	0.762891986062718
22	2	82	0.510801393728223
23	2	87	0.679790940766551
24	2	90	0.789721254355401
25	2	93	0.651567944250871
26	2	103	0.623170731707317
27	2	129	0.637108013937282
28	2	142	0.661149825783972
29	2	143	0.657665505226481
30	2	145	0.625435540069686
31	2	156	0.564459930313589
32	2	158	0.658188153310105
33	2	159	0.526132404181185
34	3	12	0.502264808362369
35	3	17	0.82020905923345
36	3	105	0.569337979094077
37	3	115	0.504878048780488
38	3	137	0.676132404181185
39	4	7	0.659233449477352
40	4	8	0.712369337979094
41	4	10	0.859581881533101
42	4	15	0.755052264808363
43	4	16	0.587456445993031
44	4	20	0.785017421602788
45	4	24	0.594947735191638
46	4	27	0.506620209059234
47	4	30	0.705052264808362
48	4	36	0.680313588850174
49	4	44	0.727351916376307
50	4	45	0.729442508710802
51	4	49	0.609233449477352
52	4	52	0.718292682926829
53	4	54	0.790766550522648
54	4	63	0.770905923344948
55	4	66	0.726655052264809
56	4	67	0.644425087108014
57	4	68	0.533797909407666
58	4	72	0.5
59	4	75	0.73397212543554
60	4	87	0.762891986062718
61	4	90	0.556968641114983
62	4	91	0.568641114982579
63	4	93	0.700871080139373
64	4	102	0.687108013937282
65	4	118	0.603658536585366
66	4	124	0.57404181184669
67	4	127	0.505052264808362
68	4	129	0.718641114982579
69	4	142	0.624216027874565
70	4	143	0.73623693379791
71	4	145	0.670905923344948
72	4	151	0.640418118466899
73	4	155	0.708188153310105
74	4	156	0.517247386759582
75	4	159	0.59616724738676
76	4	160	0.603484320557491
77	4	183	0.71411149825784
78	5	11	0.504529616724739
79	5	25	0.52787456445993
80	5	100	0.532926829268293
81	5	122	0.569163763066202
82	6	19	0.629442508710802
83	6	24	0.631707317073171
84	6	32	0.567595818815331
85	6	34	0.537804878048781
86	6	36	0.672822299651568
87	6	40	0.542682926829268
88	6	62	0.513763066202091
89	6	75	0.527351916376307
90	6	83	0.784843205574913
91	6	84	0.527700348432056
92	6	92	0.516724738675958
93	6	93	0.543031358885018
94	6	111	0.607142857142857
95	6	113	0.566376306620209
96	6	145	0.504355400696864
97	6	164	0.619686411149826
98	6	180	0.547735191637631
99	7	8	0.531881533101045
100	7	10	0.676132404181185
101	7	11	0.522822299651568
102	7	15	0.832926829268293
103	7	16	0.833623693379791
104	7	20	0.643554006968641
105	7	31	0.753832752613241
106	7	36	0.64425087108014
107	7	44	0.744076655052265
108	7	45	0.819337979094077
109	7	51	0.605226480836237
110	7	52	0.677700348432056
111	7	54	0.756271777003484
112	7	63	0.547386759581882
113	7	67	0.525783972125436
114	7	75	0.550174216027875
115	7	87	0.76794425087108
116	7	91	0.69390243902439
117	7	102	0.602264808362369
118	7	116	0.589721254355401
119	7	140	0.563937282229965
120	7	151	0.568815331010453
121	7	155	0.685714285714286
122	7	160	0.647038327526132
123	7	168	0.606620209059234
124	7	173	0.618466898954704
125	7	183	0.622996515679443
126	8	10	0.838327526132404
127	8	15	0.616202090592335
128	8	16	0.53815331010453
129	8	20	0.651219512195122
130	8	24	0.631010452961673
131	8	31	0.620557491289199
132	8	32	0.740940766550523
133	8	36	0.73205574912892
134	8	38	0.555052264808363
135	8	44	0.620557491289199
136	8	49	0.813414634146342
137	8	50	0.67212543554007
138	8	54	0.501393728222997
139	8	66	0.671602787456446
140	8	68	0.664808362369338
141	8	72	0.757491289198606
142	8	75	0.527351916376307
143	8	87	0.664982578397213
144	8	90	0.717770034843206
145	8	93	0.722996515679443
146	8	103	0.598606271777004
147	8	118	0.523519163763066
148	8	129	0.621254355400697
149	8	142	0.577700348432056
150	8	143	0.693379790940767
151	8	145	0.679442508710801
152	8	156	0.57595818815331
153	8	158	0.563414634146342
154	8	159	0.591811846689896
155	9	26	0.543728222996516
156	9	30	0.734320557491289
157	9	37	0.909581881533101
158	9	38	0.739198606271777
159	9	68	0.794425087108014
160	9	70	0.55801393728223
161	9	78	0.678571428571429
162	9	82	0.691114982578397
163	9	93	0.558188153310105
164	9	118	0.652613240418119
165	9	129	0.586585365853659
166	9	156	0.703832752613241
167	10	15	0.83205574912892
168	10	16	0.609059233449478
169	10	20	0.802090592334495
170	10	22	0.551219512195122
171	10	24	0.613937282229965
172	10	30	0.626655052264808
173	10	31	0.573344947735192
174	10	32	0.553310104529617
175	10	36	0.812369337979094
176	10	44	0.66184668989547
177	10	45	0.639547038327526
178	10	49	0.733623693379791
179	10	52	0.586411149825784
180	10	54	0.790940766550523
181	10	63	0.686411149825784
182	10	66	0.677003484320558
183	10	67	0.68205574912892
184	10	68	0.619163763066202
185	10	72	0.578048780487805
186	10	75	0.678397212543554
187	10	87	0.74425087108014
188	10	90	0.544599303135889
189	10	93	0.638327526132404
190	10	102	0.612369337979094
191	10	118	0.504529616724739
192	10	124	0.609581881533101
193	10	129	0.614459930313589
194	10	143	0.683449477351917
195	10	145	0.711672473867596
196	10	151	0.588327526132404
197	10	155	0.660801393728223
198	10	156	0.563066202090592
199	10	159	0.691289198606272
200	10	183	0.552264808362369
201	11	16	0.5
202	11	18	0.633275261324042
203	11	31	0.73588850174216
204	11	51	0.689372822299652
205	11	73	0.648780487804878
206	11	74	0.779094076655052
207	11	100	0.779442508710802
208	11	116	0.608710801393728
209	12	17	0.561324041811847
210	12	23	0.78815331010453
211	12	29	0.608710801393728
212	12	41	0.534320557491289
213	12	47	0.756968641114983
214	12	53	0.789721254355401
215	12	56	0.736933797909408
216	12	57	0.824738675958188
217	12	58	0.779094076655052
218	12	59	0.541114982578397
219	12	60	0.687630662020906
220	12	71	0.677700348432056
221	12	85	0.639372822299652
222	12	86	0.767770034843206
223	12	88	0.706271777003484
224	12	94	0.758188153310105
225	12	97	0.809407665505227
226	12	98	0.831881533101046
227	12	106	0.772822299651568
228	12	109	0.831533101045296
229	12	112	0.816898954703833
230	12	119	0.772822299651568
231	12	120	0.774738675958188
232	12	128	0.845818815331011
233	12	130	0.810278745644599
234	12	132	0.758885017421603
235	12	133	0.797212543554007
236	12	134	0.820905923344948
237	12	137	0.623867595818815
238	12	139	0.88815331010453
239	12	141	0.689547038327526
240	12	144	0.789547038327526
241	12	147	0.775609756097561
242	12	148	0.851219512195122
243	12	152	0.756271777003484
244	12	153	0.62787456445993
245	12	154	0.731010452961673
246	12	157	0.80383275261324
247	12	161	0.801742160278746
248	12	162	0.751393728222997
249	12	163	0.847735191637631
250	12	166	0.634320557491289
251	12	167	0.734843205574913
252	12	170	0.773867595818815
253	12	171	0.790418118466899
254	12	172	0.818815331010453
255	12	175	0.608362369337979
256	12	176	0.706271777003484
257	12	177	0.711672473867596
258	12	179	0.769512195121951
259	12	181	0.839721254355401
260	12	182	0.767421602787457
261	12	184	0.821080139372823
262	12	185	0.569512195121951
263	12	186	0.807839721254356
264	12	187	0.736933797909408
265	12	189	0.768989547038328
266	12	190	0.625087108013937
267	12	192	0.61794425087108
268	12	193	0.69006968641115
269	12	194	0.813414634146342
270	12	196	0.706968641114983
271	12	199	0.70609756097561
272	12	200	0.532926829268293
273	12	202	0.573867595818815
274	12	206	0.631010452961673
275	12	207	0.512020905923345
276	12	209	0.56602787456446
277	12	213	0.638675958188153
278	12	214	0.721777003484321
279	12	215	0.732752613240418
280	12	219	0.676655052264808
281	12	220	0.605226480836237
282	12	221	0.605749128919861
283	12	222	0.621428571428572
284	13	33	0.763240418118467
285	13	85	0.50191637630662
286	13	103	0.565331010452962
287	13	107	0.532404181184669
288	13	125	0.731533101045296
289	13	131	0.720557491289199
290	13	138	0.515853658536585
291	13	191	0.60993031358885
292	14	19	0.620383275261324
293	14	21	0.583101045296167
294	14	40	0.593205574912892
295	14	92	0.581533101045296
296	14	114	0.770557491289199
297	15	16	0.747560975609756
298	15	20	0.863937282229965
299	15	31	0.582926829268293
300	15	36	0.704355400696864
301	15	44	0.819512195121951
302	15	45	0.72787456445993
303	15	52	0.711672473867596
304	15	54	0.823693379790941
305	15	63	0.700696864111498
306	15	66	0.542160278745645
307	15	67	0.727177700348432
308	15	75	0.60993031358885
309	15	87	0.781533101045296
310	15	91	0.555923344947735
311	15	102	0.760452961672474
312	15	124	0.584320557491289
313	15	140	0.61794425087108
314	15	143	0.557665505226481
315	15	151	0.759407665505227
316	15	155	0.77404181184669
317	15	159	0.654355400696864
318	15	160	0.682229965156795
319	15	173	0.516724738675958
320	15	183	0.627351916376307
321	16	18	0.599128919860627
322	16	20	0.616550522648084
323	16	31	0.799651567944251
324	16	36	0.525783972125436
325	16	44	0.744425087108014
326	16	45	0.74808362369338
327	16	51	0.569686411149826
328	16	52	0.650696864111498
329	16	54	0.72212543554007
330	16	63	0.547038327526132
331	16	67	0.572473867595819
332	16	87	0.742160278745645
333	16	90	0.597038327526133
334	16	91	0.612543554006969
335	16	102	0.637108013937282
336	16	116	0.556271777003484
337	16	124	0.514285714285714
338	16	140	0.605052264808362
339	16	151	0.672473867595819
340	16	155	0.614285714285714
341	16	159	0.521602787456446
342	16	160	0.589895470383275
343	16	168	0.520905923344948
344	16	173	0.686062717770035
345	16	183	0.674390243902439
346	17	43	0.622822299651568
347	17	58	0.628745644599303
348	17	88	0.595470383275261
349	17	105	0.645993031358885
350	17	137	0.722648083623694
351	17	154	0.565679442508711
352	17	209	0.560627177700349
353	18	31	0.502264808362369
354	18	45	0.552264808362369
355	18	51	0.501045296167248
356	18	52	0.558188153310105
357	18	73	0.599651567944251
358	18	91	0.533623693379791
359	18	105	0.579094076655052
360	18	116	0.782229965156795
361	18	121	0.594947735191638
362	18	140	0.669337979094077
363	18	169	0.560975609756098
364	18	173	0.636236933797909
365	19	24	0.649303135888502
366	19	40	0.655749128919861
367	19	46	0.652264808362369
368	19	51	0.539198606271777
369	19	74	0.604703832752613
370	19	83	0.590940766550523
371	19	92	0.649825783972126
372	19	100	0.532229965156795
373	19	101	0.534146341463415
374	19	110	0.508362369337979
375	19	113	0.785191637630662
376	19	114	0.679094076655052
377	19	135	0.667421602787457
378	19	164	0.820731707317073
379	20	27	0.523170731707317
380	20	30	0.560278745644599
381	20	31	0.569512195121951
382	20	32	0.545644599303136
383	20	36	0.754006968641115
384	20	42	0.501219512195122
385	20	44	0.839895470383275
386	20	45	0.630487804878049
387	20	49	0.531010452961673
388	20	50	0.642857142857143
389	20	52	0.671428571428571
390	20	54	0.686933797909408
391	20	63	0.793031358885018
392	20	66	0.728397212543554
393	20	67	0.58205574912892
394	20	72	0.511324041811847
395	20	75	0.670905923344948
396	20	87	0.792682926829268
397	20	93	0.576306620209059
398	20	102	0.718989547038328
399	20	129	0.541289198606272
400	20	140	0.564634146341464
401	20	143	0.721428571428572
402	20	151	0.696515679442509
403	20	155	0.639721254355401
404	20	159	0.744599303135889
405	20	183	0.513588850174216
406	22	24	0.577351916376307
407	22	36	0.515331010452962
408	22	37	0.514459930313589
409	22	38	0.683101045296167
410	22	49	0.591463414634146
411	22	62	0.604878048780488
412	22	68	0.65993031358885
413	22	78	0.560627177700349
414	22	93	0.585540069686411
415	22	118	0.632404181184669
416	23	28	0.755400696864112
417	23	34	0.539198606271777
418	23	40	0.689024390243903
419	23	47	0.661149825783972
420	23	53	0.713937282229965
421	23	56	0.637282229965157
422	23	57	0.85609756097561
423	23	58	0.585540069686411
424	23	59	0.672473867595819
425	23	60	0.685714285714286
426	23	65	0.529965156794425
427	23	76	0.562020905923345
428	23	80	0.575261324041812
429	23	81	0.531533101045296
430	23	85	0.562717770034843
431	23	86	0.933449477351917
432	23	88	0.615505226480836
433	23	94	0.925435540069687
434	23	97	0.783623693379791
435	23	98	0.884494773519164
436	23	106	0.795644599303136
437	23	109	0.792682926829268
438	23	110	0.566550522648084
439	23	112	0.808885017421603
440	23	114	0.65609756097561
441	23	119	0.755052264808363
442	23	120	0.645818815331011
443	23	128	0.825087108013937
444	23	130	0.799825783972126
445	23	132	0.739547038327526
446	23	133	0.840766550522648
447	23	134	0.735191637630662
448	23	139	0.811149825783972
449	23	141	0.819163763066202
450	23	144	0.738501742160279
451	23	147	0.684146341463415
452	23	148	0.80993031358885
453	23	152	0.794076655052265
454	23	153	0.813240418118467
455	23	154	0.53205574912892
456	23	157	0.780662020905924
457	23	161	0.814982578397213
458	23	162	0.726306620209059
459	23	163	0.820905923344948
460	23	167	0.815679442508711
461	23	170	0.742160278745645
462	23	171	0.855923344947735
463	23	172	0.776480836236934
464	23	175	0.535017421602788
465	23	176	0.681358885017422
466	23	177	0.785365853658537
467	23	178	0.643205574912892
468	23	179	0.715331010452962
469	23	181	0.759407665505227
470	23	182	0.70993031358885
471	23	184	0.663937282229965
472	23	185	0.542857142857143
473	23	186	0.739372822299652
474	23	187	0.588501742160279
475	23	189	0.832404181184669
476	23	192	0.735017421602788
477	23	193	0.62020905923345
478	23	194	0.802961672473868
479	23	195	0.58588850174216
480	23	196	0.740940766550523
481	23	199	0.702090592334495
482	23	206	0.558885017421603
483	23	213	0.50993031358885
484	23	214	0.60609756097561
485	23	215	0.639024390243903
486	23	219	0.544599303135889
487	23	220	0.572996515679443
488	23	221	0.576655052264809
489	23	222	0.554355400696864
490	24	31	0.55801393728223
491	24	32	0.64006968641115
492	24	36	0.715853658536585
493	24	38	0.613937282229965
494	24	45	0.515156794425087
495	24	46	0.705226480836237
496	24	49	0.741114982578397
497	24	55	0.507317073170732
498	24	61	0.583275261324042
499	24	62	0.712891986062718
500	24	66	0.513763066202091
501	24	68	0.615679442508711
502	24	72	0.597909407665505
503	24	75	0.680836236933798
504	24	82	0.555923344947735
505	24	89	0.602787456445993
506	24	92	0.640940766550523
507	24	93	0.681533101045296
508	24	101	0.579965156794425
509	24	103	0.567247386759582
510	24	113	0.500348432055749
511	24	118	0.584843205574913
512	24	145	0.754703832752613
513	24	164	0.571080139372822
514	25	43	0.592508710801394
515	25	65	0.686411149825784
516	25	149	0.507839721254356
517	25	184	0.533623693379791
518	25	193	0.511324041811847
519	25	199	0.595470383275261
520	25	205	0.590243902439025
521	25	213	0.503658536585366
522	25	216	0.615505226480836
523	25	217	0.667421602787457
524	26	30	0.521602787456446
525	26	61	0.589024390243903
526	26	68	0.510278745644599
527	26	70	0.521428571428572
528	26	118	0.500348432055749
529	26	129	0.523867595818815
530	26	143	0.506271777003484
531	26	158	0.619860627177701
532	27	30	0.52212543554007
533	27	42	0.584843205574913
534	27	45	0.569512195121951
535	27	48	0.647386759581882
536	27	52	0.605226480836237
537	27	63	0.740418118466899
538	27	66	0.563588850174216
539	27	75	0.671428571428571
540	27	93	0.569686411149826
541	27	99	0.535540069686411
542	27	102	0.576306620209059
543	27	127	0.629965156794425
544	27	129	0.6301393728223
545	27	140	0.69808362369338
546	27	143	0.567421602787457
547	27	151	0.521080139372822
548	28	34	0.553310104529617
549	28	40	0.537979094076655
550	28	47	0.598432055749129
551	28	53	0.622473867595819
552	28	56	0.678745644599303
553	28	57	0.713588850174216
554	28	59	0.710104529616725
555	28	60	0.663414634146342
556	28	76	0.628571428571429
557	28	80	0.696515679442509
558	28	81	0.739024390243903
559	28	84	0.502961672473868
560	28	86	0.633449477351917
561	28	94	0.71411149825784
562	28	97	0.717770034843206
563	28	98	0.661149825783972
564	28	106	0.725261324041812
565	28	109	0.682229965156795
566	28	112	0.628571428571429
567	28	119	0.630313588850174
568	28	120	0.543554006968641
569	28	128	0.664459930313589
570	28	130	0.648606271777004
571	28	132	0.584146341463415
572	28	133	0.710975609756098
573	28	134	0.551219512195122
574	28	139	0.637630662020906
575	28	141	0.543554006968641
576	28	144	0.552613240418119
577	28	148	0.608188153310105
578	28	152	0.551567944250871
579	28	153	0.781881533101045
580	28	157	0.626480836236934
581	28	161	0.595296167247387
582	28	162	0.535191637630662
583	28	163	0.641463414634146
584	28	167	0.709059233449478
585	28	170	0.531707317073171
586	28	171	0.659756097560976
587	28	172	0.684146341463415
588	28	176	0.537630662020906
589	28	177	0.774738675958188
590	28	178	0.512717770034843
591	28	179	0.545296167247387
592	28	181	0.544773519163763
593	28	185	0.555226480836237
594	28	186	0.564634146341464
595	28	189	0.605226480836237
596	28	192	0.513937282229965
597	28	194	0.580487804878049
598	28	195	0.550348432055749
599	28	196	0.542682926829268
600	28	199	0.569512195121951
601	28	214	0.548954703832753
602	28	215	0.507839721254356
603	28	221	0.635540069686411
604	29	41	0.717770034843206
605	29	47	0.860278745644599
606	29	53	0.879268292682927
607	29	56	0.589198606271777
608	29	57	0.656620209059234
609	29	58	0.551742160278746
610	29	60	0.609233449477352
611	29	85	0.818118466898955
612	29	97	0.624216027874565
613	29	98	0.701393728222997
614	29	106	0.593379790940767
615	29	109	0.561498257839721
616	29	112	0.639895470383275
617	29	115	0.581707317073171
618	29	119	0.542334494773519
619	29	120	0.844425087108014
620	29	128	0.697386759581882
621	29	130	0.75
622	29	131	0.527351916376307
623	29	132	0.682926829268293
624	29	133	0.61794425087108
625	29	134	0.625087108013937
626	29	139	0.762891986062718
627	29	144	0.554355400696864
628	29	147	0.660278745644599
629	29	148	0.600696864111498
630	29	154	0.512543554006969
631	29	157	0.633275261324042
632	29	161	0.655574912891986
633	29	162	0.682404181184669
634	29	163	0.643031358885018
635	29	166	0.597038327526133
636	29	167	0.585017421602788
637	29	170	0.638501742160279
638	29	171	0.568292682926829
639	29	172	0.590592334494774
640	29	176	0.644425087108014
641	29	177	0.552961672473868
642	29	181	0.688327526132404
643	29	182	0.574564459930314
644	29	184	0.513937282229965
645	29	185	0.741811846689896
646	29	186	0.709407665505227
647	29	187	0.803658536585366
648	29	189	0.538850174216028
649	29	190	0.508710801393728
650	29	193	0.625435540069686
651	29	195	0.525087108013937
652	29	200	0.517595818815331
653	29	201	0.615331010452962
654	29	202	0.746864111498258
655	29	205	0.55993031358885
656	29	213	0.568815331010453
657	29	214	0.509059233449477
658	29	215	0.650522648083624
659	29	219	0.517421602787457
660	29	220	0.648606271777004
661	29	222	0.601045296167248
662	30	37	0.638850174216028
663	30	38	0.644947735191638
664	30	62	0.541289198606272
665	30	63	0.623519163763066
666	30	66	0.712543554006969
667	30	67	0.542508710801394
668	30	68	0.718989547038328
669	30	75	0.585017421602788
670	30	78	0.617770034843206
671	30	82	0.547212543554007
672	30	93	0.590243902439025
673	30	102	0.531010452961673
674	30	118	0.67595818815331
675	30	124	0.535714285714286
676	30	127	0.668118466898955
677	30	129	0.763066202090593
678	30	142	0.598606271777004
679	30	143	0.675087108013937
680	30	156	0.586933797909408
681	31	32	0.671951219512195
682	31	36	0.741637630662021
683	31	44	0.620034843205575
684	31	45	0.656968641114983
685	31	49	0.595470383275261
686	31	51	0.750174216027875
687	31	72	0.54006968641115
688	31	74	0.596341463414634
689	31	75	0.517421602787457
690	31	83	0.53205574912892
691	31	87	0.755923344947735
692	31	90	0.564459930313589
693	31	91	0.507839721254356
694	31	92	0.546515679442509
695	31	100	0.564285714285714
696	31	101	0.529790940766551
697	31	116	0.521254355400697
698	31	145	0.502613240418119
699	31	159	0.508536585365854
700	32	35	0.538675958188153
701	32	36	0.744076655052265
702	32	49	0.566376306620209
703	32	50	0.739024390243903
704	32	72	0.522299651567944
705	32	83	0.762369337979094
706	32	87	0.521080139372822
707	32	93	0.515853658536585
708	32	111	0.596341463414634
709	32	113	0.531707317073171
710	32	145	0.532752613240418
711	33	72	0.539372822299652
712	33	74	0.625087108013937
713	33	90	0.505226480836237
714	33	100	0.548606271777004
715	33	103	0.720905923344948
716	33	125	0.587630662020906
717	33	131	0.594947735191638
718	33	142	0.521080139372822
719	33	191	0.599303135888502
720	34	40	0.631881533101045
721	34	48	0.684843205574913
722	34	57	0.559233449477352
723	34	59	0.803310104529617
724	34	69	0.670557491289199
725	34	76	0.776829268292683
726	34	80	0.820034843205575
727	34	83	0.559581881533101
728	34	86	0.522996515679443
729	34	94	0.554355400696864
730	34	111	0.606271777003484
731	34	153	0.75609756097561
732	34	178	0.570557491289199
733	34	180	0.802961672473868
734	34	192	0.51794425087108
735	35	83	0.59390243902439
736	35	100	0.527700348432056
737	35	111	0.676132404181185
738	35	113	0.716376306620209
739	35	135	0.504355400696864
740	35	164	0.537804878048781
741	35	178	0.547560975609756
742	36	44	0.60801393728223
743	36	45	0.610975609756098
744	36	49	0.643205574912892
745	36	50	0.584320557491289
746	36	54	0.562543554006969
747	36	63	0.616202090592335
748	36	66	0.570383275261324
749	36	72	0.521777003484321
750	36	75	0.67595818815331
751	36	83	0.721602787456446
752	36	87	0.724912891986063
753	36	92	0.551219512195122
754	36	93	0.602613240418119
755	36	143	0.599303135888502
756	36	145	0.605226480836237
757	36	159	0.588850174216028
758	37	38	0.682578397212544
759	37	55	0.533623693379791
760	37	68	0.770731707317073
761	37	70	0.54006968641115
762	37	78	0.615853658536585
763	37	82	0.580487804878049
764	37	93	0.5198606271777
765	37	118	0.610104529616725
766	37	156	0.647212543554007
767	37	210	0.520731707317073
768	38	46	0.549825783972126
769	38	49	0.6301393728223
770	38	62	0.631707317073171
771	38	66	0.50609756097561
772	38	68	0.870731707317073
773	38	78	0.816898954703833
774	38	82	0.757665505226481
775	38	93	0.787108013937282
776	38	103	0.50993031358885
777	38	118	0.874738675958188
778	38	129	0.573170731707317
779	38	143	0.534494773519164
780	38	145	0.518989547038328
781	38	156	0.637804878048781
782	38	197	0.624738675958188
783	38	203	0.547735191637631
784	40	46	0.730487804878049
785	40	59	0.508188153310105
786	40	76	0.56411149825784
787	40	81	0.552787456445993
788	40	84	0.534668989547038
789	40	86	0.649303135888502
790	40	94	0.605226480836237
791	40	113	0.568815331010453
792	40	114	0.670731707317073
793	40	141	0.572822299651568
794	40	153	0.639547038327526
795	40	164	0.536236933797909
796	40	178	0.547038327526132
797	40	192	0.51602787456446
798	41	47	0.614808362369338
799	41	53	0.603484320557491
800	41	56	0.523344947735192
801	41	71	0.620383275261324
802	41	115	0.785540069686411
803	41	120	0.579442508710801
804	41	139	0.566202090592335
805	41	147	0.565331010452962
806	41	185	0.656620209059234
807	41	187	0.611672473867596
808	41	190	0.745818815331011
809	41	202	0.654529616724739
810	41	214	0.516724738675958
811	41	215	0.519512195121951
812	41	219	0.516724738675958
813	42	48	0.722473867595819
814	42	52	0.576480836236934
815	42	63	0.637456445993031
816	42	102	0.53205574912892
817	42	116	0.506968641114983
818	42	123	0.717421602787457
819	42	140	0.699477351916376
820	42	155	0.500871080139373
821	43	58	0.574390243902439
822	43	88	0.537804878048781
823	43	96	0.550871080139373
824	43	105	0.707491289198606
825	43	136	0.625435540069686
826	43	146	0.565331010452962
827	43	154	0.545993031358885
828	43	175	0.611324041811847
829	43	184	0.570731707317073
830	43	199	0.55609756097561
831	43	209	0.61602787456446
832	43	223	0.586759581881533
833	44	45	0.635714285714286
834	44	50	0.525261324041812
835	44	52	0.610278745644599
836	44	54	0.633275261324042
837	44	63	0.703484320557491
838	44	66	0.707142857142857
839	44	75	0.503484320557491
840	44	87	0.860627177700349
841	44	90	0.648432055749129
842	44	91	0.548606271777004
843	44	102	0.655052264808363
844	44	127	0.508536585365854
845	44	129	0.543379790940767
846	44	140	0.626480836236934
847	44	142	0.521254355400697
848	44	143	0.679790940766551
849	44	151	0.659233449477352
850	44	155	0.734320557491289
851	44	159	0.626132404181185
852	44	160	0.505574912891986
853	44	173	0.644599303135889
854	44	183	0.72595818815331
855	45	52	0.884494773519164
856	45	54	0.824390243902439
857	45	63	0.741637630662021
858	45	66	0.52212543554007
859	45	67	0.663763066202091
860	45	75	0.764285714285714
861	45	77	0.605400696864112
862	45	87	0.676655052264808
863	45	91	0.816898954703833
864	45	92	0.62404181184669
865	45	99	0.670557491289199
866	45	101	0.609407665505227
867	45	102	0.736759581881533
868	45	121	0.509059233449477
869	45	124	0.600348432055749
870	45	140	0.700871080139373
871	45	145	0.505400696864112
872	45	151	0.69198606271777
873	45	155	0.66219512195122
874	45	160	0.616898954703833
875	45	168	0.521777003484321
876	45	169	0.502090592334495
877	45	173	0.64616724738676
878	45	183	0.607317073170732
879	46	62	0.619163763066202
880	46	77	0.538501742160279
881	46	81	0.604529616724739
882	46	89	0.556445993031359
883	46	92	0.578571428571429
884	46	114	0.591289198606272
885	47	53	0.967073170731708
886	47	56	0.782229965156795
887	47	57	0.745818815331011
888	47	58	0.831707317073171
889	47	60	0.77020905923345
890	47	85	0.851045296167248
891	47	86	0.589895470383275
892	47	88	0.736062717770035
893	47	94	0.635714285714286
894	47	97	0.813240418118467
895	47	98	0.801393728222997
896	47	104	0.567073170731707
897	47	106	0.80801393728223
898	47	109	0.80191637630662
899	47	112	0.795470383275262
900	47	115	0.565331010452962
901	47	119	0.799128919860627
902	47	120	0.950348432055749
903	47	128	0.868641114982579
904	47	130	0.829790940766551
905	47	132	0.887282229965157
906	47	133	0.786759581881533
907	47	134	0.818641114982579
908	47	139	0.904529616724739
909	47	141	0.526480836236934
910	47	144	0.732752613240418
911	47	147	0.852439024390244
912	47	148	0.8
913	47	149	0.526480836236934
914	47	152	0.634843205574913
915	47	153	0.513066202090592
916	47	154	0.795121951219512
917	47	157	0.815679442508711
918	47	161	0.810975609756098
919	47	162	0.821951219512195
920	47	163	0.768118466898955
921	47	166	0.72822299651568
922	47	167	0.792334494773519
923	47	170	0.785365853658537
924	47	171	0.692857142857143
925	47	172	0.827177700348432
926	47	175	0.678745644599303
927	47	176	0.81602787456446
928	47	177	0.663066202090593
929	47	179	0.70418118466899
930	47	181	0.782752613240418
931	47	182	0.713066202090592
932	47	184	0.773867595818815
933	47	185	0.698432055749129
934	47	186	0.869512195121951
935	47	187	0.908710801393728
936	47	189	0.724390243902439
937	47	190	0.57595818815331
938	47	193	0.746864111498258
939	47	194	0.590940766550523
940	47	195	0.617247386759582
941	47	196	0.639547038327526
942	47	199	0.71219512195122
943	47	200	0.541811846689896
944	47	201	0.666202090592335
945	47	202	0.814634146341464
946	47	205	0.656620209059234
947	47	207	0.519512195121951
948	47	209	0.506445993031359
949	47	213	0.763414634146342
950	47	214	0.652613240418119
951	47	215	0.707665505226481
952	47	216	0.524738675958188
953	47	217	0.541811846689896
954	47	219	0.62822299651568
955	47	220	0.721777003484321
956	47	221	0.636585365853659
957	47	222	0.637630662020906
958	48	76	0.740766550522648
959	48	80	0.5698606271777
960	48	123	0.511149825783972
961	48	180	0.578745644599303
962	49	55	0.569686411149826
963	49	66	0.615156794425087
964	49	68	0.629790940766551
965	49	72	0.86794425087108
966	49	87	0.592508710801394
967	49	90	0.66794425087108
968	49	93	0.681010452961673
969	49	103	0.690418118466899
970	49	118	0.551219512195122
971	49	142	0.521951219512195
972	49	145	0.773170731707317
973	49	159	0.641114982578397
974	49	203	0.529965156794425
975	50	66	0.584494773519164
976	50	70	0.518466898954704
977	50	72	0.572299651567944
978	50	83	0.551045296167248
979	50	93	0.53397212543554
980	50	103	0.575609756097561
981	50	111	0.616376306620209
982	50	127	0.550871080139373
983	50	142	0.512891986062718
984	50	143	0.637804878048781
985	50	158	0.550696864111498
986	50	180	0.504355400696864
987	51	74	0.552787456445993
988	51	83	0.543379790940767
989	51	116	0.641114982578397
990	51	123	0.542682926829268
991	51	150	0.505052264808362
992	52	54	0.782229965156795
993	52	63	0.810975609756098
994	52	66	0.527700348432056
995	52	67	0.663763066202091
996	52	75	0.772299651567944
997	52	77	0.538327526132404
998	52	87	0.630836236933798
999	52	91	0.792334494773519
1000	52	92	0.604355400696864
1001	52	99	0.64198606271777
1002	52	101	0.562891986062718
1003	52	102	0.832578397212544
1004	52	116	0.52404181184669
1005	52	121	0.600174216027875
1006	52	124	0.58588850174216
1007	52	140	0.789895470383275
1008	52	151	0.72212543554007
1009	52	155	0.674738675958188
1010	52	160	0.620905923344948
1011	52	169	0.553310104529617
1012	52	173	0.561498257839721
1013	52	183	0.571602787456446
1014	53	56	0.798954703832753
1015	53	57	0.810801393728223
1016	53	58	0.798954703832753
1017	53	60	0.809407665505227
1018	53	85	0.86411149825784
1019	53	86	0.646515679442509
1020	53	88	0.71602787456446
1021	53	94	0.696864111498258
1022	53	97	0.83397212543554
1023	53	98	0.868989547038328
1024	53	104	0.576655052264809
1025	53	106	0.84006968641115
1026	53	109	0.806445993031359
1027	53	112	0.855400696864112
1028	53	115	0.505226480836237
1029	53	119	0.794947735191638
1030	53	120	0.934843205574913
1031	53	128	0.903658536585366
1032	53	130	0.858536585365854
1033	53	132	0.883275261324042
1034	53	133	0.827177700348432
1035	53	134	0.840766550522648
1036	53	139	0.921602787456446
1037	53	141	0.552090592334495
1038	53	144	0.768292682926829
1039	53	147	0.83205574912892
1040	53	148	0.822822299651568
1041	53	152	0.699651567944251
1042	53	153	0.577526132404181
1043	53	154	0.763588850174216
1044	53	157	0.844773519163763
1045	53	161	0.855400696864112
1046	53	162	0.854006968641115
1047	53	163	0.824564459930314
1048	53	166	0.724912891986063
1049	53	167	0.804703832752613
1050	53	170	0.814982578397213
1051	53	171	0.758536585365854
1052	53	172	0.84616724738676
1053	53	175	0.664634146341464
1054	53	176	0.839547038327526
1055	53	177	0.730836236933798
1056	53	179	0.757142857142857
1057	53	181	0.820383275261324
1058	53	182	0.757839721254356
1059	53	184	0.763937282229965
1060	53	185	0.748954703832753
1061	53	186	0.891811846689896
1062	53	187	0.878919860627178
1063	53	189	0.765853658536586
1064	53	190	0.602264808362369
1065	53	192	0.517421602787457
1066	53	193	0.761149825783972
1067	53	194	0.639198606271777
1068	53	195	0.620034843205575
1069	53	196	0.7198606271777
1070	53	199	0.703832752613241
1071	53	200	0.593554006968641
1072	53	201	0.637979094076655
1073	53	202	0.754355400696864
1074	53	205	0.650348432055749
1075	53	207	0.53815331010453
1076	53	213	0.732229965156795
1077	53	214	0.685540069686411
1078	53	215	0.763588850174216
1079	53	216	0.505749128919861
1080	53	217	0.562717770034843
1081	53	219	0.65191637630662
1082	53	220	0.736585365853659
1083	53	221	0.671254355400697
1084	53	222	0.68205574912892
1085	54	63	0.744773519163763
1086	54	66	0.51411149825784
1087	54	67	0.794250871080139
1088	54	75	0.572299651567944
1089	54	77	0.531533101045296
1090	54	87	0.707317073170732
1091	54	91	0.640418118466899
1092	54	99	0.533449477351917
1093	54	102	0.761672473867596
1094	54	124	0.718292682926829
1095	54	129	0.519686411149826
1096	54	140	0.581707317073171
1097	54	145	0.512020905923345
1098	54	151	0.758536585365854
1099	54	155	0.732752613240418
1100	54	159	0.568118466898955
1101	54	160	0.686411149825784
1102	54	168	0.563066202090592
1103	54	173	0.582404181184669
1104	54	183	0.69198606271777
1105	55	82	0.515331010452962
1106	55	145	0.561324041811847
1107	56	57	0.753135888501742
1108	56	58	0.74425087108014
1109	56	59	0.667595818815331
1110	56	60	0.912369337979094
1111	56	69	0.517595818815331
1112	56	70	0.534146341463415
1113	56	80	0.528397212543554
1114	56	85	0.595470383275261
1115	56	86	0.573867595818815
1116	56	88	0.654006968641115
1117	56	94	0.65801393728223
1118	56	97	0.835017421602788
1119	56	98	0.744947735191638
1120	56	104	0.537282229965157
1121	56	106	0.867073170731707
1122	56	109	0.75226480836237
1123	56	112	0.84808362369338
1124	56	119	0.811672473867596
1125	56	120	0.758362369337979
1126	56	128	0.792160278745645
1127	56	130	0.759233449477352
1128	56	132	0.792508710801394
1129	56	133	0.819337979094077
1130	56	134	0.797386759581882
1131	56	139	0.766898954703833
1132	56	141	0.514982578397213
1133	56	144	0.68623693379791
1134	56	147	0.720557491289199
1135	56	148	0.718815331010453
1136	56	152	0.61794425087108
1137	56	153	0.63815331010453
1138	56	154	0.694773519163763
1139	56	157	0.79808362369338
1140	56	161	0.749477351916376
1141	56	162	0.694425087108014
1142	56	163	0.781881533101045
1143	56	167	0.755923344947735
1144	56	170	0.70609756097561
1145	56	171	0.665156794425087
1146	56	172	0.843379790940767
1147	56	175	0.698606271777004
1148	56	176	0.626655052264808
1149	56	177	0.717770034843206
1150	56	179	0.743379790940767
1151	56	181	0.690766550522648
1152	56	182	0.615156794425087
1153	56	184	0.768989547038328
1154	56	185	0.71602787456446
1155	56	186	0.753658536585366
1156	56	187	0.720034843205575
1157	56	189	0.6698606271777
1158	56	190	0.623170731707317
1159	56	193	0.605574912891986
1160	56	194	0.564808362369338
1161	56	195	0.602264808362369
1162	56	196	0.690940766550523
1163	56	199	0.683449477351917
1164	56	201	0.506794425087108
1165	56	202	0.558710801393728
1166	56	213	0.609756097560976
1167	56	214	0.696515679442509
1168	56	215	0.660627177700349
1169	56	217	0.541114982578397
1170	56	219	0.624912891986063
1171	56	220	0.522822299651568
1172	56	221	0.741463414634147
1173	56	222	0.529268292682927
1174	57	58	0.650174216027875
1175	57	59	0.745121951219512
1176	57	60	0.803658536585366
1177	57	69	0.558710801393728
1178	57	76	0.544076655052265
1179	57	80	0.714808362369338
1180	57	85	0.653484320557492
1181	57	86	0.844773519163763
1182	57	88	0.608710801393728
1183	57	94	0.830662020905924
1184	57	97	0.864285714285715
1185	57	98	0.924564459930314
1186	57	106	0.848780487804878
1187	57	109	0.790418118466899
1188	57	112	0.869163763066202
1189	57	119	0.806968641114983
1190	57	120	0.722648083623694
1191	57	128	0.872996515679443
1192	57	130	0.865156794425087
1193	57	132	0.741463414634147
1194	57	133	0.893728222996516
1195	57	134	0.78205574912892
1196	57	139	0.848954703832753
1197	57	141	0.698257839721255
1198	57	144	0.787282229965157
1199	57	147	0.752961672473868
1200	57	148	0.813414634146342
1201	57	152	0.787456445993032
1202	57	153	0.762020905923345
1203	57	154	0.600522648083624
1204	57	157	0.819512195121951
1205	57	161	0.795470383275262
1206	57	162	0.793728222996516
1207	57	163	0.891637630662021
1208	57	167	0.810278745644599
1209	57	170	0.796341463414634
1210	57	171	0.846864111498258
1211	57	172	0.800174216027875
1212	57	175	0.596515679442509
1213	57	176	0.747212543554007
1214	57	177	0.811149825783972
1215	57	178	0.619337979094077
1216	57	179	0.784320557491289
1217	57	181	0.812543554006969
1218	57	182	0.700696864111498
1219	57	184	0.681533101045296
1220	57	185	0.684320557491289
1221	57	186	0.767770034843206
1222	57	187	0.653658536585366
1223	57	189	0.846864111498258
1224	57	190	0.510627177700349
1225	57	192	0.689372822299652
1226	57	193	0.649477351916376
1227	57	194	0.771602787456446
1228	57	195	0.638501742160279
1229	57	196	0.775609756097561
1230	57	199	0.658536585365854
1231	57	202	0.504878048780488
1232	57	213	0.597735191637631
1233	57	214	0.668118466898955
1234	57	215	0.631533101045296
1235	57	217	0.508536585365854
1236	57	219	0.571951219512195
1237	57	220	0.568815331010453
1238	57	221	0.729442508710802
1239	57	222	0.585017421602788
1240	58	60	0.687979094076655
1241	58	85	0.749825783972126
1242	58	86	0.597560975609756
1243	58	88	0.899128919860627
1244	58	94	0.549825783972126
1245	58	97	0.76411149825784
1246	58	98	0.699303135888502
1247	58	106	0.76602787456446
1248	58	109	0.75226480836237
1249	58	112	0.779268292682927
1250	58	119	0.763066202090593
1251	58	120	0.836062717770035
1252	58	122	0.612717770034843
1253	58	128	0.759581881533101
1254	58	130	0.705052264808362
1255	58	132	0.86411149825784
1256	58	133	0.691114982578397
1257	58	134	0.789547038327526
1258	58	137	0.538675958188153
1259	58	139	0.781358885017422
1260	58	141	0.520905923344948
1261	58	144	0.754355400696864
1262	58	147	0.832926829268293
1263	58	148	0.75993031358885
1264	58	149	0.539372822299652
1265	58	152	0.655574912891986
1266	58	154	0.926829268292683
1267	58	157	0.813763066202091
1268	58	161	0.744773519163763
1269	58	162	0.766898954703833
1270	58	163	0.709407665505227
1271	58	166	0.749651567944251
1272	58	167	0.754355400696864
1273	58	170	0.760278745644599
1274	58	171	0.580313588850174
1275	58	172	0.825261324041812
1276	58	175	0.762020905923345
1277	58	176	0.792160278745645
1278	58	177	0.528222996515679
1279	58	179	0.763937282229965
1280	58	181	0.761846689895471
1281	58	182	0.716376306620209
1282	58	184	0.860278745644599
1283	58	186	0.826480836236934
1284	58	187	0.787108013937282
1285	58	189	0.686759581881533
1286	58	190	0.529790940766551
1287	58	193	0.739198606271777
1288	58	194	0.545296167247387
1289	58	196	0.641114982578397
1290	58	199	0.763414634146342
1291	58	200	0.601742160278746
1292	58	201	0.62787456445993
1293	58	202	0.650522648083624
1294	58	205	0.602090592334495
1295	58	206	0.501393728222997
1296	58	208	0.528571428571429
1297	58	209	0.644425087108014
1298	58	213	0.727526132404181
1299	58	214	0.599825783972126
1300	58	215	0.601742160278746
1301	58	217	0.50418118466899
1302	58	219	0.527351916376307
1303	58	220	0.618466898954704
1304	58	221	0.563240418118467
1305	58	222	0.507142857142857
1306	59	60	0.672299651567944
1307	59	69	0.743031358885018
1308	59	70	0.556271777003484
1309	59	76	0.641289198606272
1310	59	80	0.798432055749129
1311	59	86	0.644773519163763
1312	59	94	0.725435540069686
1313	59	97	0.737282229965157
1314	59	98	0.693728222996516
1315	59	106	0.646864111498258
1316	59	109	0.569163763066202
1317	59	112	0.623867595818815
1318	59	119	0.574738675958188
1319	59	128	0.59425087108014
1320	59	130	0.655923344947735
1321	59	133	0.694076655052265
1322	59	139	0.56219512195122
1323	59	141	0.643554006968641
1324	59	144	0.590766550522648
1325	59	152	0.59390243902439
1326	59	153	0.73623693379791
1327	59	157	0.598606271777004
1328	59	161	0.512369337979094
1329	59	163	0.6801393728223
1330	59	167	0.575435540069687
1331	59	171	0.582752613240418
1332	59	172	0.601742160278746
1333	59	177	0.708710801393728
1334	59	178	0.59425087108014
1335	59	179	0.520557491289199
1336	59	180	0.7
1337	59	181	0.501219512195122
1338	59	189	0.570383275261324
1339	59	194	0.572648083623693
1340	59	196	0.593554006968641
1341	59	221	0.636759581881533
1342	59	223	0.521428571428572
1343	60	69	0.558536585365854
1344	60	70	0.657491289198606
1345	60	80	0.521254355400697
1346	60	85	0.637979094076655
1347	60	86	0.656620209059234
1348	60	88	0.611498257839721
1349	60	94	0.742334494773519
1350	60	97	0.829965156794425
1351	60	98	0.814808362369338
1352	60	104	0.701742160278746
1353	60	106	0.884843205574913
1354	60	109	0.738675958188153
1355	60	112	0.860801393728223
1356	60	119	0.879616724738676
1357	60	120	0.715156794425087
1358	60	128	0.834668989547038
1359	60	130	0.76602787456446
1360	60	132	0.808188153310105
1361	60	133	0.839721254355401
1362	60	134	0.83815331010453
1363	60	139	0.789372822299652
1364	60	141	0.571254355400697
1365	60	144	0.684494773519164
1366	60	147	0.731533101045296
1367	60	148	0.745644599303136
1368	60	152	0.67595818815331
1369	60	153	0.665331010452962
1370	60	154	0.654878048780488
1371	60	157	0.813763066202091
1372	60	161	0.778919860627178
1373	60	162	0.744773519163763
1374	60	163	0.805923344947735
1375	60	166	0.532578397212544
1376	60	167	0.793379790940767
1377	60	170	0.789024390243903
1378	60	171	0.712717770034843
1379	60	172	0.813414634146342
1380	60	175	0.659756097560976
1381	60	176	0.7
1382	60	177	0.709059233449478
1383	60	178	0.560452961672474
1384	60	179	0.767421602787457
1385	60	181	0.684320557491289
1386	60	182	0.675087108013937
1387	60	184	0.716898954703833
1388	60	185	0.772996515679443
1389	60	186	0.744425087108014
1390	60	187	0.66602787456446
1391	60	189	0.706620209059234
1392	60	190	0.581184668989547
1393	60	192	0.564285714285714
1394	60	193	0.658362369337979
1395	60	194	0.533275261324042
1396	60	195	0.719163763066202
1397	60	196	0.680836236933798
1398	60	199	0.665156794425087
1399	60	201	0.500174216027875
1400	60	207	0.503310104529617
1401	60	213	0.62787456445993
1402	60	214	0.680487804878049
1403	60	215	0.637456445993031
1404	60	217	0.639547038327526
1405	60	219	0.676655052264808
1406	60	220	0.552090592334495
1407	60	221	0.795993031358885
1408	60	222	0.691114982578397
1409	61	81	0.600174216027875
1410	61	82	0.528048780487805
1411	61	145	0.617770034843206
1412	62	68	0.652613240418119
1413	62	75	0.62787456445993
1414	62	78	0.567770034843206
1415	62	89	0.530487804878049
1416	62	93	0.540766550522648
1417	62	118	0.582404181184669
1418	62	197	0.516724738675958
1419	63	66	0.695296167247387
1420	63	67	0.627526132404181
1421	63	75	0.74198606271777
1422	63	77	0.537282229965157
1423	63	87	0.660801393728223
1424	63	91	0.635540069686411
1425	63	93	0.586062717770035
1426	63	99	0.553484320557491
1427	63	102	0.804006968641115
1428	63	117	0.5
1429	63	127	0.604355400696864
1430	63	129	0.668466898954704
1431	63	140	0.720557491289199
1432	63	143	0.719686411149826
1433	63	151	0.722996515679443
1434	63	155	0.715505226480836
1435	63	159	0.542508710801394
1436	63	173	0.598606271777004
1437	63	183	0.621080139372822
1438	64	107	0.523519163763066
1439	65	94	0.517770034843206
1440	65	106	0.522822299651568
1441	65	109	0.524390243902439
1442	65	112	0.547560975609756
1443	65	119	0.515853658536585
1444	65	132	0.630836236933798
1445	65	134	0.564459930313589
1446	65	144	0.526829268292683
1447	65	147	0.532229965156795
1448	65	148	0.528397212543554
1449	65	149	0.73205574912892
1450	65	152	0.520731707317073
1451	65	154	0.502613240418119
1452	65	157	0.558536585365854
1453	65	161	0.667073170731707
1454	65	162	0.54616724738676
1455	65	167	0.64808362369338
1456	65	170	0.562891986062718
1457	65	172	0.548954703832753
1458	65	175	0.500522648083624
1459	65	176	0.618466898954704
1460	65	179	0.552613240418119
1461	65	181	0.511149825783972
1462	65	182	0.536236933797909
1463	65	186	0.529616724738676
1464	65	189	0.600348432055749
1465	65	193	0.571080139372822
1466	65	195	0.64390243902439
1467	65	199	0.631881533101045
1468	65	201	0.570731707317073
1469	65	205	0.506794425087108
1470	65	216	0.63397212543554
1471	65	217	0.64808362369338
1472	65	220	0.538675958188153
1473	66	68	0.500174216027875
1474	66	72	0.615679442508711
1475	66	75	0.598432055749129
1476	66	87	0.642334494773519
1477	66	90	0.642857142857143
1478	66	93	0.622299651567944
1479	66	102	0.590940766550523
1480	66	103	0.64390243902439
1481	66	118	0.505923344947735
1482	66	127	0.57020905923345
1483	66	129	0.741463414634147
1484	66	142	0.688501742160279
1485	66	143	0.763240418118467
1486	66	151	0.522473867595819
1487	66	155	0.512369337979094
1488	66	158	0.517421602787457
1489	66	159	0.610452961672474
1490	66	183	0.571428571428572
1491	67	75	0.53815331010453
1492	67	102	0.748432055749129
1493	67	124	0.887979094076655
1494	67	129	0.530313588850174
1495	67	151	0.813763066202091
1496	67	155	0.646689895470383
1497	67	160	0.549477351916376
1498	68	72	0.531881533101045
1499	68	78	0.716550522648084
1500	68	82	0.735365853658537
1501	68	84	0.513240418118467
1502	68	93	0.745644599303136
1503	68	118	0.752090592334495
1504	68	129	0.649477351916376
1505	68	142	0.515156794425087
1506	68	143	0.574738675958188
1507	68	145	0.535191637630662
1508	68	156	0.773519163763066
1509	68	197	0.636759581881533
1510	69	70	0.614634146341464
1511	69	80	0.59616724738676
1512	69	94	0.500522648083624
1513	69	97	0.531707317073171
1514	69	107	0.502613240418119
1515	69	111	0.652439024390244
1516	69	130	0.514285714285714
1517	69	178	0.561324041811847
1518	69	180	0.668292682926829
1519	70	185	0.562369337979094
1520	70	188	0.549651567944251
1521	70	195	0.524216027874565
1522	70	210	0.541114982578397
1523	70	221	0.554355400696864
1524	71	79	0.518815331010453
1525	71	95	0.512891986062718
1526	71	109	0.518989547038328
1527	71	112	0.563240418118467
1528	71	134	0.571777003484321
1529	71	137	0.656794425087108
1530	71	139	0.569337979094077
1531	71	144	0.505226480836237
1532	71	147	0.543554006968641
1533	71	148	0.522648083623694
1534	71	157	0.505226480836237
1535	71	161	0.528745644599303
1536	71	163	0.501567944250871
1537	71	166	0.517247386759582
1538	71	170	0.587804878048781
1539	71	182	0.61794425087108
1540	71	184	0.506968641114983
1541	71	185	0.536411149825784
1542	71	186	0.519686411149826
1543	71	190	0.701567944250871
1544	71	200	0.580487804878049
1545	71	215	0.533275261324042
1546	71	218	0.543554006968641
1547	71	219	0.502090592334495
1548	72	87	0.607665505226481
1549	72	90	0.80801393728223
1550	72	93	0.638327526132404
1551	72	103	0.797038327526133
1552	72	125	0.523693379790941
1553	72	129	0.512891986062718
1554	72	142	0.635191637630662
1555	72	143	0.510801393728223
1556	72	145	0.506794425087108
1557	72	159	0.602090592334495
1558	73	116	0.609059233449478
1559	74	100	0.845818815331011
1560	74	113	0.618815331010453
1561	74	135	0.579965156794425
1562	74	164	0.55191637630662
1563	75	77	0.516898954703833
1564	75	87	0.526829268292683
1565	75	89	0.513240418118467
1566	75	91	0.605226480836237
1567	75	92	0.670557491289199
1568	75	93	0.612717770034843
1569	75	101	0.525261324041812
1570	75	102	0.638327526132404
1571	75	140	0.510975609756098
1572	75	143	0.513937282229965
1573	75	145	0.618641114982579
1574	76	80	0.762717770034843
1575	76	81	0.687108013937282
1576	76	86	0.562717770034843
1577	76	94	0.509233449477352
1578	76	106	0.505400696864112
1579	76	141	0.541463414634146
1580	76	153	0.807839721254356
1581	76	163	0.547735191637631
1582	76	171	0.579616724738676
1583	76	177	0.624564459930314
1584	76	178	0.517421602787457
1585	76	180	0.691811846689896
1586	76	192	0.531358885017422
1587	76	194	0.541114982578397
1588	77	121	0.507317073170732
1589	78	82	0.702090592334495
1590	78	93	0.718292682926829
1591	78	118	0.863937282229965
1592	78	129	0.585540069686411
1593	78	197	0.623519163763066
1594	78	203	0.560975609756098
1595	80	81	0.546689895470383
1596	80	86	0.526480836236934
1597	80	94	0.568989547038328
1598	80	97	0.644947735191638
1599	80	98	0.605749128919861
1600	80	106	0.547386759581882
1601	80	128	0.514982578397213
1602	80	130	0.557839721254355
1603	80	133	0.617421602787457
1604	80	141	0.503658536585366
1605	80	153	0.725783972125436
1606	80	163	0.618292682926829
1607	80	171	0.623519163763066
1608	80	177	0.683797909407666
1609	80	180	0.71794425087108
1610	80	189	0.516550522648084
1611	80	192	0.527700348432056
1612	80	194	0.550174216027875
1613	80	196	0.535540069686411
1614	80	221	0.515505226480836
1615	81	94	0.513066202090592
1616	81	153	0.666550522648084
1617	81	171	0.589547038327526
1618	81	177	0.608536585365854
1619	82	93	0.593554006968641
1620	82	118	0.595470383275261
1621	82	129	0.580487804878049
1622	82	142	0.501567944250871
1623	82	145	0.546864111498258
1624	82	156	0.593379790940767
1625	82	197	0.673867595818816
1626	83	111	0.684843205574913
1627	83	113	0.694425087108014
1628	83	135	0.565853658536586
1629	83	164	0.668989547038328
1630	83	180	0.522473867595819
1631	84	153	0.573170731707317
1632	84	178	0.619686411149826
1633	85	86	0.528222996515679
1634	85	88	0.685365853658537
1635	85	94	0.541811846689896
1636	85	97	0.634668989547038
1637	85	98	0.735714285714286
1638	85	106	0.592508710801394
1639	85	109	0.562369337979094
1640	85	112	0.766376306620209
1641	85	119	0.593379790940767
1642	85	120	0.854529616724739
1643	85	128	0.721777003484321
1644	85	130	0.801393728222997
1645	85	132	0.799303135888502
1646	85	133	0.619163763066202
1647	85	134	0.692682926829268
1648	85	139	0.783449477351917
1649	85	144	0.665853658536586
1650	85	147	0.75418118466899
1651	85	148	0.648432055749129
1652	85	149	0.541463414634146
1653	85	152	0.533623693379791
1654	85	154	0.700174216027875
1655	85	157	0.723344947735192
1656	85	161	0.740592334494774
1657	85	162	0.79006968641115
1658	85	163	0.631184668989547
1659	85	166	0.772996515679443
1660	85	167	0.643205574912892
1661	85	170	0.732404181184669
1662	85	171	0.55801393728223
1663	85	172	0.643379790940767
1664	85	175	0.548780487804878
1665	85	176	0.73588850174216
1666	85	179	0.620731707317073
1667	85	181	0.73623693379791
1668	85	182	0.686759581881533
1669	85	184	0.624738675958188
1670	85	185	0.688501742160279
1671	85	186	0.833623693379791
1672	85	187	0.807665505226481
1673	85	189	0.610975609756098
1674	85	193	0.740418118466899
1675	85	195	0.592508710801394
1676	85	196	0.53815331010453
1677	85	199	0.614808362369338
1678	85	200	0.666898954703833
1679	85	201	0.681707317073171
1680	85	202	0.698432055749129
1681	85	205	0.533449477351917
1682	85	213	0.596515679442509
1683	85	215	0.641463414634146
1684	85	216	0.542682926829268
1685	85	217	0.599303135888502
1686	85	220	0.642682926829268
1687	85	222	0.619860627177701
1688	86	88	0.616898954703833
1689	86	94	0.861846689895471
1690	86	97	0.793728222996516
1691	86	98	0.859233449477352
1692	86	106	0.767073170731707
1693	86	109	0.758710801393728
1694	86	110	0.556445993031359
1695	86	112	0.773344947735192
1696	86	114	0.651567944250871
1697	86	119	0.734494773519164
1698	86	120	0.597212543554007
1699	86	128	0.810104529616725
1700	86	130	0.731358885017422
1701	86	132	0.656794425087108
1702	86	133	0.79808362369338
1703	86	134	0.682404181184669
1704	86	139	0.771951219512195
1705	86	141	0.833623693379791
1706	86	144	0.719163763066202
1707	86	147	0.606968641114983
1708	86	148	0.75993031358885
1709	86	152	0.826829268292683
1710	86	153	0.764982578397213
1711	86	154	0.521254355400697
1712	86	157	0.741811846689896
1713	86	161	0.764634146341464
1714	86	162	0.727177700348432
1715	86	163	0.816898954703833
1716	86	167	0.789198606271777
1717	86	170	0.76219512195122
1718	86	171	0.8301393728223
1719	86	172	0.724912891986063
1720	86	175	0.543205574912892
1721	86	176	0.705052264808362
1722	86	177	0.731881533101046
1723	86	178	0.709059233449478
1724	86	179	0.736933797909408
1725	86	181	0.747560975609756
1726	86	182	0.687282229965157
1727	86	184	0.660975609756098
1728	86	186	0.72787456445993
1729	86	187	0.514459930313589
1730	86	189	0.787108013937282
1731	86	192	0.782926829268293
1732	86	193	0.653832752613241
1733	86	194	0.830662020905924
1734	86	195	0.516898954703833
1735	86	196	0.713414634146342
1736	86	199	0.712369337979094
1737	86	206	0.673867595818816
1738	86	214	0.575087108013937
1739	86	215	0.575087108013937
1740	86	219	0.533101045296167
1741	86	220	0.505749128919861
1742	86	221	0.546515679442509
1743	86	222	0.559059233449477
1744	87	90	0.635365853658537
1745	87	91	0.570034843205575
1746	87	93	0.50383275261324
1747	87	102	0.587979094076655
1748	87	103	0.525087108013937
1749	87	140	0.546341463414634
1750	87	143	0.587108013937282
1751	87	151	0.616898954703833
1752	87	155	0.589547038327526
1753	87	159	0.665331010452962
1754	87	173	0.556445993031359
1755	87	183	0.700871080139373
1756	88	94	0.612543554006969
1757	88	97	0.755052264808363
1758	88	98	0.6698606271777
1759	88	106	0.730662020905923
1760	88	107	0.524390243902439
1761	88	109	0.711846689895471
1762	88	112	0.738501742160279
1763	88	119	0.678571428571429
1764	88	120	0.760104529616725
1765	88	122	0.638327526132404
1766	88	128	0.705574912891986
1767	88	130	0.66602787456446
1768	88	132	0.807142857142857
1769	88	133	0.626132404181185
1770	88	134	0.74198606271777
1771	88	137	0.538850174216028
1772	88	139	0.710627177700349
1773	88	141	0.613763066202091
1774	88	144	0.733449477351917
1775	88	147	0.695818815331011
1776	88	148	0.688501742160279
1777	88	149	0.625261324041812
1778	88	152	0.710278745644599
1779	88	154	0.889721254355401
1780	88	157	0.740766550522648
1781	88	161	0.74808362369338
1782	88	162	0.68623693379791
1783	88	163	0.659059233449477
1784	88	166	0.694250871080139
1785	88	167	0.736585365853659
1786	88	170	0.644599303135889
1787	88	171	0.578571428571429
1788	88	172	0.771428571428572
1789	88	175	0.769337979094077
1790	88	176	0.705400696864112
1791	88	179	0.720034843205575
1792	88	181	0.662717770034843
1793	88	182	0.61794425087108
1794	88	184	0.742160278745645
1795	88	186	0.776132404181185
1796	88	187	0.674216027874565
1797	88	189	0.669512195121951
1798	88	191	0.506968641114983
1799	88	192	0.516376306620209
1800	88	193	0.618641114982579
1801	88	194	0.539895470383275
1802	88	196	0.681707317073171
1803	88	199	0.687979094076655
1804	88	200	0.581010452961673
1805	88	201	0.63397212543554
1806	88	202	0.511324041811847
1807	88	205	0.587630662020906
1808	88	206	0.544425087108014
1809	88	208	0.557142857142857
1810	88	209	0.707317073170732
1811	88	213	0.550174216027875
1812	88	215	0.506968641114983
1813	88	220	0.524738675958188
1814	90	103	0.61411149825784
1815	90	125	0.603135888501742
1816	90	129	0.614808362369338
1817	90	142	0.698606271777004
1818	90	143	0.593728222996516
1819	90	158	0.647386759581882
1820	90	183	0.568466898954704
1821	91	92	0.663414634146342
1822	91	99	0.663414634146342
1823	91	101	0.553135888501742
1824	91	102	0.594947735191638
1825	91	140	0.679965156794425
1826	91	155	0.646864111498258
1827	91	160	0.636236933797909
1828	91	173	0.610104529616725
1829	91	183	0.536933797909408
1830	92	99	0.55801393728223
1831	92	101	0.649303135888502
1832	92	164	0.514285714285714
1833	93	103	0.618466898954704
1834	93	118	0.822822299651568
1835	93	129	0.670557491289199
1836	93	142	0.651045296167247
1837	93	143	0.664459930313589
1838	93	145	0.613414634146342
1839	93	156	0.576480836236934
1840	93	158	0.521777003484321
1841	93	159	0.500871080139373
1842	93	197	0.530836236933798
1843	93	203	0.557142857142857
1844	94	97	0.790243902439025
1845	94	98	0.868292682926829
1846	94	106	0.77212543554007
1847	94	109	0.747909407665505
1848	94	112	0.805052264808363
1849	94	114	0.526829268292683
1850	94	119	0.747386759581882
1851	94	120	0.638327526132404
1852	94	128	0.80383275261324
1853	94	130	0.799651567944251
1854	94	132	0.719337979094077
1855	94	133	0.795644599303136
1856	94	134	0.760801393728223
1857	94	139	0.780662020905924
1858	94	141	0.810278745644599
1859	94	144	0.699303135888502
1860	94	147	0.640940766550523
1861	94	148	0.777003484320558
1862	94	152	0.836585365853659
1863	94	153	0.787979094076655
1864	94	154	0.535365853658537
1865	94	157	0.801567944250871
1866	94	161	0.82404181184669
1867	94	162	0.66411149825784
1868	94	163	0.80801393728223
1869	94	167	0.8
1870	94	170	0.72822299651568
1871	94	171	0.820034843205575
1872	94	172	0.765505226480836
1873	94	175	0.582926829268293
1874	94	176	0.628745644599303
1875	94	177	0.721428571428572
1876	94	178	0.619337979094077
1877	94	179	0.672473867595819
1878	94	181	0.705923344947735
1879	94	182	0.678745644599303
1880	94	184	0.642682926829268
1881	94	185	0.559233449477352
1882	94	186	0.702787456445993
1883	94	187	0.539372822299652
1884	94	189	0.804703832752613
1885	94	192	0.689547038327526
1886	94	193	0.555400696864112
1887	94	194	0.709407665505227
1888	94	195	0.59198606271777
1889	94	196	0.731707317073171
1890	94	199	0.652090592334495
1891	94	206	0.557491289198606
1892	94	209	0.515853658536585
1893	94	214	0.612369337979094
1894	94	215	0.621428571428572
1895	94	219	0.556620209059234
1896	94	220	0.51411149825784
1897	94	221	0.63815331010453
1898	94	222	0.600174216027875
1899	96	126	0.644773519163763
1900	96	136	0.837456445993031
1901	96	146	0.716724738675958
1902	96	165	0.580662020905923
1903	96	212	0.510975609756098
1904	97	98	0.868118466898955
1905	97	104	0.644947735191638
1906	97	106	0.899128919860627
1907	97	109	0.870383275261324
1908	97	112	0.851219512195122
1909	97	119	0.863937282229965
1910	97	120	0.828048780487805
1911	97	128	0.871777003484321
1912	97	130	0.820557491289199
1913	97	132	0.808710801393728
1914	97	133	0.829616724738676
1915	97	134	0.821254355400697
1916	97	139	0.862543554006969
1917	97	141	0.713763066202091
1918	97	144	0.816898954703833
1919	97	147	0.745296167247387
1920	97	148	0.784146341463415
1921	97	152	0.810801393728223
1922	97	153	0.727003484320558
1923	97	154	0.720731707317073
1924	97	157	0.859407665505227
1925	97	161	0.805226480836237
1926	97	162	0.794425087108014
1927	97	163	0.871951219512195
1928	97	166	0.532578397212544
1929	97	167	0.886062717770035
1930	97	170	0.769686411149826
1931	97	171	0.805574912891986
1932	97	172	0.891289198606272
1933	97	175	0.763588850174216
1934	97	176	0.776655052264809
1935	97	177	0.814459930313589
1936	97	178	0.598954703832753
1937	97	179	0.810104529616725
1938	97	181	0.790592334494774
1939	97	182	0.664459930313589
1940	97	184	0.801393728222997
1941	97	185	0.57822299651568
1942	97	186	0.827351916376307
1943	97	187	0.746689895470383
1944	97	189	0.768989547038328
1945	97	192	0.691114982578397
1946	97	193	0.684146341463415
1947	97	194	0.777003484320558
1948	97	196	0.757142857142857
1949	97	199	0.740766550522648
1950	97	201	0.592682926829268
1951	97	202	0.570731707317073
1952	97	205	0.633797909407666
1953	97	209	0.59425087108014
1954	97	213	0.662020905923345
1955	97	214	0.698954703832753
1956	97	215	0.679442508710801
1957	97	219	0.606620209059234
1958	97	220	0.5801393728223
1959	97	221	0.753310104529617
1960	97	222	0.620034843205575
1961	98	104	0.565853658536586
1962	98	106	0.854006968641115
1963	98	109	0.815853658536586
1964	98	112	0.882752613240418
1965	98	119	0.821602787456446
1966	98	120	0.786585365853659
1967	98	128	0.914285714285714
1968	98	130	0.87787456445993
1969	98	132	0.808710801393728
1970	98	133	0.882229965156795
1971	98	134	0.8301393728223
1972	98	139	0.910104529616725
1973	98	141	0.747212543554007
1974	98	144	0.820034843205575
1975	98	147	0.809407665505227
1976	98	148	0.827351916376307
1977	98	152	0.835191637630662
1978	98	153	0.751219512195122
1979	98	154	0.666724738675958
1980	98	157	0.884146341463415
1981	98	161	0.864982578397213
1982	98	162	0.843031358885018
1983	98	163	0.909581881533101
1984	98	166	0.582926829268293
1985	98	167	0.851045296167248
1986	98	170	0.848257839721254
1987	98	171	0.87822299651568
1988	98	172	0.843031358885018
1989	98	175	0.640243902439025
1990	98	176	0.806271777003485
1991	98	177	0.808536585365854
1992	98	178	0.595470383275261
1993	98	179	0.794425087108014
1994	98	181	0.850871080139373
1995	98	182	0.756968641114983
1996	98	184	0.750871080139373
1997	98	185	0.704703832752613
1998	98	186	0.840243902439025
1999	98	187	0.712369337979094
2000	98	189	0.868641114982579
2001	98	190	0.562717770034843
2002	98	192	0.676655052264808
2003	98	193	0.73397212543554
2004	98	194	0.803658536585366
2005	98	195	0.637456445993031
2006	98	196	0.818989547038328
2007	98	199	0.680836236933798
2008	98	200	0.547560975609756
2009	98	201	0.501742160278746
2010	98	202	0.569337979094077
2011	98	206	0.559407665505227
2012	98	207	0.539024390243902
2013	98	213	0.578048780487805
2014	98	214	0.668641114982578
2015	98	215	0.714808362369338
2016	98	217	0.538327526132404
2017	98	219	0.648257839721255
2018	98	220	0.622996515679443
2019	98	221	0.672299651567944
2020	98	222	0.673519163763066
2021	99	101	0.547212543554007
2022	99	102	0.555226480836237
2023	99	124	0.507491289198606
2024	99	140	0.539024390243902
2025	100	113	0.660452961672474
2026	100	135	0.698257839721255
2027	100	164	0.610104529616725
2028	102	117	0.564982578397213
2029	102	124	0.605923344947735
2030	102	129	0.593554006968641
2031	102	140	0.711324041811847
2032	102	143	0.549303135888502
2033	102	151	0.76602787456446
2034	102	155	0.742160278745645
2035	102	160	0.586933797909408
2036	102	173	0.527700348432056
2037	102	183	0.601567944250871
2038	103	125	0.598432055749129
2039	103	142	0.617247386759582
2040	103	159	0.541114982578397
2041	103	203	0.508188153310105
2042	104	106	0.651219512195122
2043	104	109	0.515331010452962
2044	104	112	0.539547038327526
2045	104	119	0.696689895470383
2046	104	120	0.548954703832753
2047	104	128	0.65993031358885
2048	104	132	0.585365853658537
2049	104	133	0.532229965156795
2050	104	134	0.685714285714286
2051	104	139	0.52212543554007
2052	104	141	0.501393728222997
2053	104	148	0.546689895470383
2054	104	152	0.50418118466899
2055	104	153	0.526306620209059
2056	104	154	0.518815331010453
2057	104	157	0.56602787456446
2058	104	161	0.571428571428572
2059	104	162	0.596341463414634
2060	104	163	0.563066202090592
2061	104	167	0.659059233449477
2062	104	170	0.587804878048781
2063	104	171	0.564808362369338
2064	104	172	0.590592334494774
2065	104	175	0.538501742160279
2066	104	176	0.616376306620209
2067	104	179	0.601219512195122
2068	104	181	0.522822299651568
2069	104	184	0.510452961672474
2070	104	186	0.531881533101045
2071	104	189	0.537979094076655
2072	104	192	0.517073170731707
2073	104	193	0.547560975609756
2074	104	196	0.510452961672474
2075	104	201	0.507317073170732
2076	104	205	0.505574912891986
2077	104	215	0.554878048780488
2078	104	219	0.534668989547038
2079	104	221	0.589024390243903
2080	104	222	0.624216027874565
2081	105	136	0.586411149825784
2082	105	209	0.521777003484321
2083	106	109	0.863066202090592
2084	106	112	0.856794425087108
2085	106	119	0.893554006968641
2086	106	120	0.755400696864112
2087	106	128	0.894076655052265
2088	106	130	0.771080139372822
2089	106	132	0.850348432055749
2090	106	133	0.87404181184669
2091	106	134	0.88623693379791
2092	106	139	0.810975609756098
2093	106	141	0.684668989547038
2094	106	144	0.770383275261324
2095	106	147	0.763588850174216
2096	106	148	0.844425087108014
2097	106	149	0.506794425087108
2098	106	152	0.775783972125436
2099	106	153	0.721951219512195
2100	106	154	0.75
2101	106	157	0.83205574912892
2102	106	161	0.831881533101046
2103	106	162	0.817770034843206
2104	106	163	0.895470383275262
2105	106	166	0.562020905923345
2106	106	167	0.88397212543554
2107	106	170	0.797038327526133
2108	106	171	0.821254355400697
2109	106	172	0.887630662020906
2110	106	175	0.784843205574913
2111	106	176	0.793031358885018
2112	106	177	0.808362369337979
2113	106	178	0.587804878048781
2114	106	179	0.868989547038328
2115	106	181	0.797386759581882
2116	106	182	0.72787456445993
2117	106	184	0.787456445993032
2118	106	185	0.633101045296167
2119	106	186	0.801045296167248
2120	106	187	0.723867595818815
2121	106	189	0.835540069686411
2122	106	190	0.527526132404181
2123	106	192	0.67212543554007
2124	106	193	0.690243902439025
2125	106	194	0.688675958188153
2126	106	195	0.603135888501742
2127	106	196	0.796864111498258
2128	106	199	0.784320557491289
2129	106	201	0.572648083623693
2130	106	202	0.512020905923345
2131	106	205	0.601219512195122
2132	106	207	0.522648083623694
2133	106	209	0.552613240418119
2134	106	213	0.665331010452962
2135	106	214	0.727003484320558
2136	106	215	0.711498257839721
2137	106	217	0.5
2138	106	219	0.639895470383275
2139	106	220	0.673170731707317
2140	106	221	0.766376306620209
2141	106	222	0.614808362369338
2142	107	122	0.636411149825784
2143	107	138	0.523170731707317
2144	107	191	0.665156794425087
2145	109	112	0.798954703832753
2146	109	119	0.882404181184669
2147	109	120	0.774912891986063
2148	109	128	0.882578397212544
2149	109	130	0.701567944250871
2150	109	132	0.809233449477352
2151	109	133	0.83397212543554
2152	109	134	0.838327526132404
2153	109	139	0.883797909407666
2154	109	141	0.695296167247387
2155	109	144	0.891811846689896
2156	109	147	0.814459930313589
2157	109	148	0.836411149825784
2158	109	149	0.504878048780488
2159	109	152	0.807665505226481
2160	109	153	0.620383275261324
2161	109	154	0.746515679442509
2162	109	157	0.80383275261324
2163	109	161	0.846864111498258
2164	109	162	0.828919860627178
2165	109	163	0.822822299651568
2166	109	166	0.581881533101045
2167	109	167	0.868815331010453
2168	109	170	0.814982578397213
2169	109	171	0.801742160278746
2170	109	172	0.901567944250871
2171	109	175	0.683797909407666
2172	109	176	0.844076655052265
2173	109	177	0.811498257839721
2174	109	179	0.823344947735192
2175	109	181	0.799825783972126
2176	109	182	0.754878048780488
2177	109	184	0.836759581881533
2178	109	185	0.585540069686411
2179	109	186	0.804703832752613
2180	109	187	0.671428571428571
2181	109	189	0.825435540069687
2182	109	190	0.612717770034843
2183	109	192	0.582229965156794
2184	109	193	0.728048780487805
2185	109	194	0.792334494773519
2186	109	195	0.528745644599303
2187	109	196	0.761149825783972
2188	109	199	0.78397212543554
2189	109	200	0.510104529616725
2190	109	201	0.524216027874565
2191	109	202	0.571254355400697
2192	109	205	0.592508710801394
2193	109	207	0.64198606271777
2194	109	209	0.5801393728223
2195	109	213	0.73815331010453
2196	109	214	0.785714285714286
2197	109	215	0.714459930313589
2198	109	219	0.717247386759582
2199	109	220	0.677003484320558
2200	109	221	0.725435540069686
2201	109	222	0.652961672473868
2202	110	141	0.526655052264808
2203	110	206	0.60418118466899
2204	111	113	0.725609756097561
2205	111	164	0.576829268292683
2206	111	178	0.538675958188153
2207	111	180	0.656620209059234
2208	112	119	0.853832752613241
2209	112	120	0.787979094076655
2210	112	128	0.871777003484321
2211	112	130	0.832752613240418
2212	112	132	0.856794425087108
2213	112	133	0.886933797909408
2214	112	134	0.861324041811847
2215	112	139	0.855226480836237
2216	112	141	0.650348432055749
2217	112	144	0.845121951219512
2218	112	147	0.823344947735192
2219	112	148	0.834146341463415
2220	112	149	0.566724738675958
2221	112	152	0.783101045296167
2222	112	153	0.639547038327526
2223	112	154	0.760278745644599
2224	112	157	0.905400696864112
2225	112	161	0.895644599303136
2226	112	162	0.8301393728223
2227	112	163	0.855052264808363
2228	112	166	0.65801393728223
2229	112	167	0.852613240418119
2230	112	170	0.869512195121951
2231	112	171	0.782578397212544
2232	112	172	0.84808362369338
2233	112	175	0.717595818815331
2234	112	176	0.781533101045296
2235	112	177	0.687979094076655
2236	112	178	0.582229965156794
2237	112	179	0.85418118466899
2238	112	181	0.836759581881533
2239	112	182	0.829616724738676
2240	112	184	0.797038327526133
2241	112	185	0.749303135888502
2242	112	186	0.886585365853659
2243	112	187	0.723170731707317
2244	112	189	0.812543554006969
2245	112	190	0.609756097560976
2246	112	192	0.620383275261324
2247	112	193	0.750522648083624
2248	112	194	0.701742160278746
2249	112	195	0.679268292682927
2250	112	196	0.803484320557491
2251	112	199	0.770557491289199
2252	112	200	0.596689895470383
2253	112	201	0.630313588850174
2254	112	202	0.551393728222997
2255	112	205	0.512020905923345
2256	112	206	0.537630662020906
2257	112	207	0.555052264808363
2258	112	213	0.670557491289199
2259	112	214	0.7
2260	112	215	0.708710801393728
2261	112	217	0.618292682926829
2262	112	219	0.644425087108014
2263	112	220	0.658362369337979
2264	112	221	0.702264808362369
2265	112	222	0.633623693379791
2266	113	135	0.700174216027875
2267	113	164	0.821777003484321
2268	113	178	0.528222996515679
2269	113	198	0.500348432055749
2270	114	141	0.532752613240418
2271	114	148	0.529094076655052
2272	114	152	0.542682926829268
2273	114	164	0.52212543554007
2274	114	171	0.533797909407666
2275	114	189	0.51794425087108
2276	114	194	0.563763066202091
2277	115	117	0.604529616724739
2278	115	120	0.528222996515679
2279	115	187	0.558362369337979
2280	115	190	0.566376306620209
2281	115	202	0.625087108013937
2282	116	121	0.568815331010453
2283	116	123	0.564808362369338
2284	116	140	0.612020905923345
2285	116	169	0.519337979094077
2286	117	151	0.551742160278746
2287	117	173	0.524390243902439
2288	118	129	0.614808362369338
2289	118	143	0.571602787456446
2290	118	156	0.600871080139373
2291	118	197	0.610104529616725
2292	118	203	0.620905923344948
2293	119	120	0.744947735191638
2294	119	128	0.902439024390244
2295	119	130	0.724912891986063
2296	119	132	0.857665505226481
2297	119	133	0.859059233449478
2298	119	134	0.88815331010453
2299	119	139	0.834843205574913
2300	119	141	0.692334494773519
2301	119	144	0.813414634146342
2302	119	147	0.853310104529617
2303	119	148	0.863240418118467
2304	119	149	0.524390243902439
2305	119	152	0.769163763066202
2306	119	153	0.652961672473868
2307	119	154	0.757665505226481
2308	119	157	0.830662020905924
2309	119	161	0.833275261324042
2310	119	162	0.828571428571429
2311	119	163	0.825609756097561
2312	119	166	0.618989547038328
2313	119	167	0.885017421602788
2314	119	170	0.852090592334495
2315	119	171	0.795296167247387
2316	119	172	0.855400696864112
2317	119	175	0.711324041811847
2318	119	176	0.80418118466899
2319	119	177	0.725609756097561
2320	119	178	0.570731707317073
2321	119	179	0.840766550522648
2322	119	181	0.774390243902439
2323	119	182	0.769163763066202
2324	119	184	0.831707317073171
2325	119	185	0.651219512195122
2326	119	186	0.762369337979094
2327	119	187	0.683623693379791
2328	119	189	0.816550522648084
2329	119	190	0.556445993031359
2330	119	192	0.641114982578397
2331	119	193	0.745121951219512
2332	119	194	0.694076655052265
2333	119	195	0.631881533101045
2334	119	196	0.749651567944251
2335	119	199	0.7698606271777
2336	119	201	0.510278745644599
2337	119	202	0.569512195121951
2338	119	205	0.519163763066202
2339	119	207	0.56411149825784
2340	119	213	0.768641114982578
2341	119	214	0.75609756097561
2342	119	215	0.679790940766551
2343	119	217	0.603658536585366
2344	119	219	0.744425087108014
2345	119	220	0.626829268292683
2346	119	221	0.763588850174216
2347	119	222	0.66219512195122
2348	120	128	0.836411149825784
2349	120	130	0.82020905923345
2350	120	131	0.512369337979094
2351	120	132	0.87787456445993
2352	120	133	0.744599303135889
2353	120	134	0.793031358885018
2354	120	139	0.877003484320558
2355	120	141	0.548606271777004
2356	120	144	0.745121951219512
2357	120	147	0.813414634146342
2358	120	148	0.75418118466899
2359	120	149	0.542857142857143
2360	120	152	0.684320557491289
2361	120	154	0.790766550522648
2362	120	157	0.80418118466899
2363	120	161	0.821951219512195
2364	120	162	0.810278745644599
2365	120	163	0.754703832752613
2366	120	166	0.741811846689896
2367	120	167	0.798606271777004
2368	120	170	0.771602787456446
2369	120	171	0.679616724738676
2370	120	172	0.836585365853659
2371	120	175	0.692160278745645
2372	120	176	0.811149825783972
2373	120	177	0.641289198606272
2374	120	179	0.681184668989547
2375	120	181	0.80993031358885
2376	120	182	0.673170731707317
2377	120	184	0.771080139372822
2378	120	185	0.647735191637631
2379	120	186	0.851219512195122
2380	120	187	0.886062717770035
2381	120	189	0.697560975609756
2382	120	190	0.508536585365854
2383	120	193	0.765156794425087
2384	120	194	0.628919860627178
2385	120	195	0.528397212543554
2386	120	196	0.671777003484321
2387	120	199	0.735365853658537
2388	120	200	0.601219512195122
2389	120	201	0.697212543554007
2390	120	202	0.769512195121951
2391	120	205	0.661498257839721
2392	120	209	0.59006968641115
2393	120	213	0.726306620209059
2394	120	214	0.612020905923345
2395	120	215	0.725783972125436
2396	120	217	0.524216027874565
2397	120	219	0.602264808362369
2398	120	220	0.703135888501742
2399	120	221	0.60418118466899
2400	120	222	0.609756097560976
2401	121	168	0.536411149825784
2402	121	173	0.505574912891986
2403	121	183	0.545296167247387
2404	122	154	0.567770034843206
2405	124	151	0.752439024390244
2406	125	131	0.655574912891986
2407	125	142	0.684146341463415
2408	125	188	0.523344947735192
2409	126	136	0.563240418118467
2410	126	143	0.595644599303136
2411	126	146	0.562717770034843
2412	126	155	0.527177700348432
2413	126	188	0.518118466898955
2414	127	129	0.716202090592335
2415	127	142	0.562543554006969
2416	127	143	0.674912891986063
2417	127	158	0.653658536585366
2418	128	130	0.82787456445993
2419	128	132	0.854355400696864
2420	128	133	0.892160278745645
2421	128	134	0.88815331010453
2422	128	139	0.919337979094077
2423	128	141	0.732926829268293
2424	128	144	0.842334494773519
2425	128	147	0.801742160278746
2426	128	148	0.903484320557492
2427	128	152	0.819163763066202
2428	128	153	0.719163763066202
2429	128	154	0.745296167247387
2430	128	157	0.859233449477352
2431	128	161	0.88623693379791
2432	128	162	0.861324041811847
2433	128	163	0.907142857142857
2434	128	166	0.67212543554007
2435	128	167	0.877351916376307
2436	128	170	0.845121951219512
2437	128	171	0.856445993031359
2438	128	172	0.885191637630662
2439	128	175	0.65801393728223
2440	128	176	0.861149825783972
2441	128	177	0.782404181184669
2442	128	178	0.530487804878049
2443	128	179	0.860801393728223
2444	128	181	0.874564459930314
2445	128	182	0.799303135888502
2446	128	184	0.805052264808363
2447	128	185	0.678919860627178
2448	128	186	0.837108013937282
2449	128	187	0.75993031358885
2450	128	189	0.880662020905923
2451	128	190	0.558536585365854
2452	128	192	0.663240418118467
2453	128	193	0.791289198606272
2454	128	194	0.804355400696864
2455	128	195	0.629616724738676
2456	128	196	0.823693379790941
2457	128	199	0.772473867595819
2458	128	200	0.514285714285714
2459	128	201	0.528571428571429
2460	128	202	0.587804878048781
2461	128	205	0.536236933797909
2462	128	206	0.523344947735192
2463	128	207	0.592508710801394
2464	128	213	0.716376306620209
2465	128	214	0.730836236933798
2466	128	215	0.762020905923345
2467	128	217	0.556271777003484
2468	128	219	0.750522648083624
2469	128	220	0.692160278745645
2470	128	221	0.718466898954704
2471	128	222	0.682404181184669
2472	129	142	0.718466898954704
2473	129	143	0.814634146341464
2474	129	155	0.568815331010453
2475	129	156	0.579442508710801
2476	129	158	0.705923344947735
2477	129	183	0.555923344947735
2478	130	132	0.798432055749129
2479	130	133	0.799825783972126
2480	130	134	0.788850174216028
2481	130	139	0.876132404181185
2482	130	141	0.655052264808363
2483	130	144	0.691463414634146
2484	130	147	0.743379790940767
2485	130	148	0.802787456445993
2486	130	152	0.665853658536586
2487	130	153	0.692160278745645
2488	130	154	0.658362369337979
2489	130	157	0.822996515679443
2490	130	161	0.8
2491	130	162	0.738675958188153
2492	130	163	0.803484320557491
2493	130	166	0.598257839721254
2494	130	167	0.750871080139373
2495	130	170	0.720557491289199
2496	130	171	0.763937282229965
2497	130	172	0.775435540069687
2498	130	175	0.591289198606272
2499	130	176	0.660975609756098
2500	130	177	0.716550522648084
2501	130	179	0.702439024390244
2502	130	181	0.780836236933798
2503	130	182	0.674390243902439
2504	130	184	0.687804878048781
2505	130	185	0.684320557491289
2506	130	186	0.832578397212544
2507	130	187	0.800696864111498
2508	130	189	0.749825783972126
2509	130	192	0.659581881533101
2510	130	193	0.629965156794425
2511	130	194	0.684320557491289
2512	130	195	0.599303135888502
2513	130	196	0.682752613240418
2514	130	199	0.628048780487805
2515	130	201	0.534320557491289
2516	130	202	0.616550522648084
2517	130	213	0.582752613240418
2518	130	214	0.562369337979094
2519	130	215	0.705400696864112
2520	130	217	0.51219512195122
2521	130	219	0.535191637630662
2522	130	220	0.565156794425087
2523	130	221	0.598432055749129
2524	130	222	0.641811846689896
2525	131	138	0.57212543554007
2526	131	191	0.635191637630662
2527	131	201	0.627700348432056
2528	131	205	0.637282229965157
2529	132	133	0.771080139372822
2530	132	134	0.877526132404181
2531	132	139	0.847212543554007
2532	132	141	0.582404181184669
2533	132	144	0.800348432055749
2534	132	147	0.871777003484321
2535	132	148	0.823344947735192
2536	132	149	0.645121951219512
2537	132	152	0.723170731707317
2538	132	153	0.520731707317073
2539	132	154	0.831881533101046
2540	132	157	0.851393728222997
2541	132	161	0.886062717770035
2542	132	162	0.832752613240418
2543	132	163	0.763937282229965
2544	132	166	0.807665505226481
2545	132	167	0.891637630662021
2546	132	170	0.837108013937282
2547	132	171	0.714634146341463
2548	132	172	0.880836236933798
2549	132	175	0.758710801393728
2550	132	176	0.816724738675958
2551	132	177	0.647212543554007
2552	132	179	0.800696864111498
2553	132	181	0.833275261324042
2554	132	182	0.789895470383275
2555	132	184	0.824390243902439
2556	132	185	0.670731707317073
2557	132	186	0.849477351916377
2558	132	187	0.806620209059234
2559	132	189	0.778571428571429
2560	132	190	0.521602787456446
2561	132	192	0.566724738675958
2562	132	193	0.805749128919861
2563	132	194	0.624912891986063
2564	132	195	0.639721254355401
2565	132	196	0.727700348432056
2566	132	199	0.817247386759582
2567	132	200	0.644599303135889
2568	132	201	0.676306620209059
2569	132	202	0.665156794425087
2570	132	205	0.65801393728223
2571	132	207	0.569163763066202
2572	132	209	0.589198606271777
2573	132	213	0.723693379790941
2574	132	214	0.64006968641115
2575	132	215	0.735714285714286
2576	132	216	0.507665505226481
2577	132	217	0.662717770034843
2578	132	219	0.659407665505227
2579	132	220	0.705226480836237
2580	132	221	0.615156794425087
2581	132	222	0.641289198606272
2582	133	134	0.80383275261324
2583	133	139	0.845818815331011
2584	133	141	0.757491289198606
2585	133	144	0.786933797909408
2586	133	147	0.796864111498258
2587	133	148	0.853832752613241
2588	133	152	0.738850174216028
2589	133	153	0.73205574912892
2590	133	154	0.638850174216028
2591	133	157	0.815156794425087
2592	133	161	0.837979094076655
2593	133	162	0.812543554006969
2594	133	163	0.901393728222997
2595	133	166	0.510627177700349
2596	133	167	0.790418118466899
2597	133	170	0.805574912891986
2598	133	171	0.830313588850174
2599	133	172	0.844599303135889
2600	133	175	0.632926829268293
2601	133	176	0.766202090592335
2602	133	177	0.808362369337979
2603	133	178	0.506271777003484
2604	133	179	0.80383275261324
2605	133	181	0.789024390243903
2606	133	182	0.734843205574913
2607	133	184	0.724912891986063
2608	133	185	0.681358885017422
2609	133	186	0.809059233449477
2610	133	187	0.694250871080139
2611	133	189	0.862020905923345
2612	133	190	0.592160278745645
2613	133	192	0.603310104529617
2614	133	193	0.705574912891986
2615	133	194	0.732926829268293
2616	133	195	0.667421602787457
2617	133	196	0.779268292682927
2618	133	199	0.692682926829268
2619	133	202	0.509059233449477
2620	133	213	0.610975609756098
2621	133	214	0.718989547038328
2622	133	215	0.655574912891986
2623	133	217	0.525783972125436
2624	133	219	0.627700348432056
2625	133	220	0.606271777003484
2626	133	221	0.714634146341463
2627	133	222	0.586062717770035
2628	134	139	0.846341463414634
2629	134	141	0.636585365853659
2630	134	144	0.778397212543554
2631	134	147	0.821254355400697
2632	134	148	0.912717770034843
2633	134	149	0.553135888501742
2634	134	152	0.788501742160279
2635	134	153	0.605052264808362
2636	134	154	0.846864111498258
2637	134	157	0.878919860627178
2638	134	161	0.89006968641115
2639	134	162	0.823170731707317
2640	134	163	0.805749128919861
2641	134	166	0.754355400696864
2642	134	167	0.871254355400697
2643	134	170	0.840592334494774
2644	134	171	0.78623693379791
2645	134	172	0.882404181184669
2646	134	175	0.76794425087108
2647	134	176	0.81602787456446
2648	134	177	0.680836236933798
2649	134	179	0.868989547038328
2650	134	181	0.823693379790941
2651	134	182	0.812717770034843
2652	134	184	0.843728222996516
2653	134	185	0.617770034843206
2654	134	186	0.830313588850174
2655	134	187	0.747386759581882
2656	134	189	0.840940766550523
2657	134	190	0.583623693379791
2658	134	192	0.652264808362369
2659	134	193	0.723170731707317
2660	134	194	0.642508710801394
2661	134	195	0.693379790940767
2662	134	196	0.769686411149826
2663	134	199	0.75
2664	134	200	0.592682926829268
2665	134	201	0.623693379790941
2666	134	202	0.565505226480836
2667	134	205	0.551567944250871
2668	134	207	0.548954703832753
2669	134	209	0.610104529616725
2670	134	213	0.694425087108014
2671	134	214	0.707839721254356
2672	134	215	0.779965156794425
2673	134	217	0.603658536585366
2674	134	219	0.719163763066202
2675	134	220	0.741114982578397
2676	134	221	0.760104529616725
2677	134	222	0.760278745644599
2678	135	164	0.747909407665505
2679	135	178	0.502787456445993
2680	135	198	0.562717770034843
2681	136	146	0.752961672473868
2682	136	165	0.518118466898955
2683	137	154	0.516724738675958
2684	137	206	0.648432055749129
2685	138	175	0.503484320557491
2686	138	191	0.614982578397213
2687	138	208	0.536585365853659
2688	138	209	0.534494773519164
2689	139	141	0.681010452961673
2690	139	144	0.818292682926829
2691	139	147	0.837804878048781
2692	139	148	0.859233449477352
2693	139	152	0.76219512195122
2694	139	153	0.641811846689896
2695	139	154	0.738327526132404
2696	139	157	0.89006968641115
2697	139	161	0.871777003484321
2698	139	162	0.817770034843206
2699	139	163	0.830313588850174
2700	139	166	0.661498257839721
2701	139	167	0.82822299651568
2702	139	170	0.842334494773519
2703	139	171	0.786411149825784
2704	139	172	0.872822299651568
2705	139	175	0.600522648083624
2706	139	176	0.830313588850174
2707	139	177	0.759233449477352
2708	139	179	0.774390243902439
2709	139	181	0.847212543554007
2710	139	182	0.791463414634146
2711	139	184	0.840592334494774
2712	139	185	0.710104529616725
2713	139	186	0.903658536585366
2714	139	187	0.825087108013937
2715	139	189	0.774738675958188
2716	139	190	0.67020905923345
2717	139	192	0.602090592334495
2718	139	193	0.79390243902439
2719	139	194	0.759407665505227
2720	139	195	0.626132404181185
2721	139	196	0.691114982578397
2722	139	199	0.733101045296167
2723	139	200	0.542160278745645
2724	139	201	0.552613240418119
2725	139	202	0.722996515679443
2726	139	205	0.543205574912892
2727	139	207	0.614634146341464
2728	139	213	0.731184668989547
2729	139	214	0.716724738675958
2730	139	215	0.756620209059234
2731	139	217	0.565156794425087
2732	139	219	0.735714285714286
2733	139	220	0.678048780487805
2734	139	221	0.686933797909408
2735	139	222	0.745818815331011
2736	140	151	0.672473867595819
2737	140	155	0.559407665505227
2738	140	160	0.552613240418119
2739	140	173	0.642160278745645
2740	140	183	0.586411149825784
2741	141	144	0.636585365853659
2742	141	147	0.58815331010453
2743	141	148	0.696341463414634
2744	141	152	0.757491289198606
2745	141	153	0.754006968641115
2746	141	154	0.518815331010453
2747	141	157	0.656445993031359
2748	141	161	0.715156794425087
2749	141	162	0.612717770034843
2750	141	163	0.729442508710802
2751	141	167	0.684668989547038
2752	141	170	0.624738675958188
2753	141	171	0.775261324041812
2754	141	172	0.688850174216028
2755	141	175	0.516724738675958
2756	141	176	0.595818815331011
2757	141	177	0.627177700348432
2758	141	178	0.587804878048781
2759	141	179	0.693205574912892
2760	141	181	0.617421602787457
2761	141	182	0.502961672473868
2762	141	184	0.594599303135889
2763	141	186	0.621428571428572
2764	141	189	0.765331010452962
2765	141	192	0.664285714285714
2766	141	193	0.505400696864112
2767	141	194	0.744947735191638
2768	141	196	0.682229965156795
2769	141	198	0.509756097560976
2770	141	199	0.601742160278746
2771	141	206	0.647909407665505
2772	141	209	0.563763066202091
2773	141	215	0.537282229965157
2774	142	143	0.698432055749129
2775	142	158	0.67822299651568
2776	143	155	0.572299651567944
2777	143	156	0.523170731707317
2778	143	158	0.694773519163763
2779	143	183	0.579965156794425
2780	144	147	0.815156794425087
2781	144	148	0.783101045296167
2782	144	149	0.591289198606272
2783	144	152	0.807142857142857
2784	144	153	0.507491289198606
2785	144	154	0.739547038327526
2786	144	157	0.808885017421603
2787	144	161	0.820557491289199
2788	144	162	0.848606271777004
2789	144	163	0.813763066202091
2790	144	166	0.655749128919861
2791	144	167	0.838501742160279
2792	144	170	0.801393728222997
2793	144	171	0.74006968641115
2794	144	172	0.841114982578397
2795	144	175	0.679965156794425
2796	144	176	0.833797909407666
2797	144	177	0.720557491289199
2798	144	179	0.851219512195122
2799	144	181	0.849825783972126
2800	144	182	0.80418118466899
2801	144	184	0.790766550522648
2802	144	185	0.59616724738676
2803	144	186	0.803135888501742
2804	144	187	0.631010452961673
2805	144	189	0.843554006968641
2806	144	190	0.509233449477352
2807	144	193	0.753832752613241
2808	144	194	0.800871080139373
2809	144	196	0.835714285714286
2810	144	199	0.792334494773519
2811	144	200	0.626480836236934
2812	144	201	0.562543554006969
2813	144	202	0.521951219512195
2814	144	205	0.598257839721254
2815	144	206	0.532578397212544
2816	144	207	0.624912891986063
2817	144	209	0.546515679442509
2818	144	213	0.688850174216028
2819	144	214	0.687282229965157
2820	144	215	0.658885017421603
2821	144	216	0.506620209059234
2822	144	217	0.537630662020906
2823	144	219	0.673344947735192
2824	144	220	0.671777003484321
2825	144	221	0.648954703832753
2826	144	222	0.585191637630662
2827	147	148	0.789372822299652
2828	147	149	0.557317073170732
2829	147	152	0.663937282229965
2830	147	154	0.809756097560976
2831	147	157	0.840766550522648
2832	147	161	0.811324041811847
2833	147	162	0.864285714285715
2834	147	163	0.754006968641115
2835	147	166	0.725609756097561
2836	147	167	0.797038327526133
2837	147	170	0.859059233449478
2838	147	171	0.734494773519164
2839	147	172	0.832926829268293
2840	147	175	0.679094076655052
2841	147	176	0.83205574912892
2842	147	177	0.639721254355401
2843	147	179	0.764285714285714
2844	147	181	0.801393728222997
2845	147	182	0.732926829268293
2846	147	184	0.822996515679443
2847	147	185	0.691463414634146
2848	147	186	0.80609756097561
2849	147	187	0.771254355400697
2850	147	189	0.806968641114983
2851	147	190	0.620905923344948
2852	147	193	0.759581881533101
2853	147	194	0.625783972125436
2854	147	195	0.644773519163763
2855	147	196	0.681010452961673
2856	147	199	0.707665505226481
2857	147	200	0.623693379790941
2858	147	201	0.582578397212544
2859	147	202	0.718641114982579
2860	147	207	0.554878048780488
2861	147	212	0.585191637630662
2862	147	213	0.740940766550523
2863	147	214	0.68205574912892
2864	147	215	0.68588850174216
2865	147	216	0.554006968641115
2866	147	217	0.589547038327526
2867	147	219	0.620731707317073
2868	147	220	0.685714285714286
2869	147	221	0.617247386759582
2870	147	222	0.587108013937282
2871	148	152	0.783449477351917
2872	148	153	0.631533101045296
2873	148	154	0.765679442508711
2874	148	157	0.842334494773519
2875	148	161	0.853658536585366
2876	148	162	0.790766550522648
2877	148	163	0.831358885017422
2878	148	166	0.68623693379791
2879	148	167	0.814459930313589
2880	148	170	0.802264808362369
2881	148	171	0.806271777003485
2882	148	172	0.832926829268293
2883	148	175	0.677351916376307
2884	148	176	0.794773519163763
2885	148	177	0.75226480836237
2886	148	179	0.85801393728223
2887	148	181	0.818815331010453
2888	148	182	0.85191637630662
2889	148	184	0.80801393728223
2890	148	185	0.548432055749129
2891	148	186	0.825261324041812
2892	148	187	0.742682926829269
2893	148	189	0.859407665505227
2894	148	190	0.549651567944251
2895	148	192	0.659407665505227
2896	148	193	0.720034843205575
2897	148	194	0.727177700348432
2898	148	195	0.642334494773519
2899	148	196	0.764285714285714
2900	148	199	0.75
2901	148	200	0.508536585365854
2902	148	202	0.560627177700349
2903	148	206	0.535191637630662
2904	148	207	0.557839721254355
2905	148	209	0.636585365853659
2906	148	213	0.743031358885018
2907	148	214	0.685540069686411
2908	148	215	0.706620209059234
2909	148	217	0.562891986062718
2910	148	219	0.658362369337979
2911	148	220	0.708362369337979
2912	148	221	0.68815331010453
2913	148	222	0.674216027874565
2914	149	154	0.635540069686411
2915	149	157	0.524564459930314
2916	149	161	0.585365853658537
2917	149	162	0.532578397212544
2918	149	166	0.50191637630662
2919	149	167	0.601742160278746
2920	149	172	0.507317073170732
2921	149	175	0.646515679442509
2922	149	176	0.534668989547038
2923	149	179	0.553310104529617
2924	149	181	0.536759581881533
2925	149	182	0.516550522648084
2926	149	186	0.549651567944251
2927	149	187	0.527003484320558
2928	149	193	0.526132404181185
2929	149	199	0.643554006968641
2930	149	201	0.683623693379791
2931	149	205	0.575783972125436
2932	149	208	0.509059233449477
2933	149	209	0.600871080139373
2934	149	216	0.65
2935	149	217	0.552264808362369
2936	149	220	0.567247386759582
2937	151	155	0.662543554006969
2938	151	159	0.567595818815331
2939	151	160	0.501742160278746
2940	151	173	0.563937282229965
2941	151	183	0.626306620209059
2942	152	153	0.64198606271777
2943	152	154	0.662717770034843
2944	152	157	0.8
2945	152	161	0.83588850174216
2946	152	162	0.734146341463415
2947	152	163	0.781184668989547
2948	152	166	0.55383275261324
2949	152	167	0.867247386759582
2950	152	170	0.790243902439025
2951	152	171	0.827003484320558
2952	152	172	0.803135888501742
2953	152	175	0.694947735191638
2954	152	176	0.791637630662021
2955	152	177	0.713937282229965
2956	152	178	0.620034843205575
2957	152	179	0.790243902439025
2958	152	181	0.736062717770035
2959	152	182	0.678048780487805
2960	152	184	0.728397212543554
2961	152	186	0.7198606271777
2962	152	189	0.823344947735192
2963	152	192	0.691289198606272
2964	152	193	0.649825783972126
2965	152	194	0.74425087108014
2966	152	195	0.506445993031359
2967	152	196	0.828397212543554
2968	152	199	0.723519163763066
2969	152	200	0.53588850174216
2970	152	205	0.507665505226481
2971	152	206	0.631010452961673
2972	152	207	0.537282229965157
2973	152	209	0.559756097560976
2974	152	213	0.581881533101045
2975	152	214	0.571080139372822
2976	152	215	0.590592334494774
2977	152	219	0.61219512195122
2978	152	220	0.556620209059234
2979	152	221	0.581184668989547
2980	152	222	0.5698606271777
2981	153	157	0.597560975609756
2982	153	161	0.619512195121951
2983	153	162	0.509059233449477
2984	153	163	0.723344947735192
2985	153	167	0.669686411149826
2986	153	170	0.546864111498258
2987	153	171	0.764285714285714
2988	153	172	0.625435540069686
2989	153	177	0.69616724738676
2990	153	178	0.661149825783972
2991	153	179	0.585017421602788
2992	153	180	0.638501742160279
2993	153	181	0.54808362369338
2994	153	185	0.500348432055749
2995	153	186	0.506794425087108
2996	153	189	0.662717770034843
2997	153	192	0.719337979094077
2998	153	194	0.7
2999	153	196	0.650522648083624
3000	153	214	0.500871080139373
3001	153	215	0.550696864111498
3002	153	221	0.547735191637631
3003	154	157	0.788675958188153
3004	154	161	0.763240418118467
3005	154	162	0.714982578397213
3006	154	163	0.65801393728223
3007	154	166	0.792160278745645
3008	154	167	0.751742160278746
3009	154	170	0.74006968641115
3010	154	171	0.561149825783972
3011	154	172	0.791811846689896
3012	154	175	0.795121951219512
3013	154	176	0.772996515679443
3014	154	179	0.788850174216028
3015	154	181	0.718815331010453
3016	154	182	0.698257839721255
3017	154	184	0.834494773519164
3018	154	186	0.779790940766551
3019	154	187	0.723344947735192
3020	154	189	0.703310104529617
3021	154	193	0.656445993031359
3022	154	194	0.517247386759582
3023	154	196	0.681707317073171
3024	154	199	0.703832752613241
3025	154	200	0.639024390243903
3026	154	201	0.680487804878049
3027	154	202	0.618641114982579
3028	154	205	0.585714285714286
3029	154	208	0.518466898954704
3030	154	209	0.656620209059234
3031	154	213	0.706968641114983
3032	154	214	0.550696864111498
3033	154	215	0.600522648083624
3034	154	219	0.539024390243902
3035	154	220	0.674738675958188
3036	154	221	0.574216027874565
3037	154	222	0.523867595818815
3038	155	160	0.711149825783972
3039	155	168	0.570383275261324
3040	155	173	0.549651567944251
3041	155	183	0.662020905923345
3042	157	161	0.860801393728223
3043	157	162	0.76219512195122
3044	157	163	0.806968641114983
3045	157	166	0.671777003484321
3046	157	167	0.888850174216028
3047	157	170	0.842334494773519
3048	157	171	0.757665505226481
3049	157	172	0.904878048780488
3050	157	175	0.716376306620209
3051	157	176	0.819337979094077
3052	157	177	0.695296167247387
3053	157	179	0.822648083623694
3054	157	181	0.84390243902439
3055	157	182	0.788850174216028
3056	157	184	0.884494773519164
3057	157	185	0.643205574912892
3058	157	186	0.875261324041812
3059	157	187	0.760278745644599
3060	157	189	0.809581881533101
3061	157	190	0.62212543554007
3062	157	192	0.616202090592335
3063	157	193	0.746864111498258
3064	157	194	0.65801393728223
3065	157	195	0.705749128919861
3066	157	196	0.751567944250871
3067	157	199	0.763240418118467
3068	157	200	0.547909407665505
3069	157	201	0.59425087108014
3070	157	202	0.614808362369338
3071	157	205	0.57822299651568
3072	157	207	0.605226480836237
3073	157	209	0.529616724738676
3074	157	213	0.712020905923345
3075	157	214	0.651742160278746
3076	157	215	0.694773519163763
3077	157	217	0.611672473867596
3078	157	219	0.642682926829268
3079	157	220	0.68815331010453
3080	157	221	0.72787456445993
3081	157	222	0.66219512195122
3082	160	183	0.567073170731707
3083	161	162	0.837630662020906
3084	161	163	0.778571428571429
3085	161	166	0.689895470383275
3086	161	167	0.884146341463415
3087	161	170	0.873867595818816
3088	161	171	0.835714285714286
3089	161	172	0.843205574912892
3090	161	175	0.716898954703833
3091	161	176	0.820905923344948
3092	161	177	0.691463414634146
3093	161	179	0.818989547038328
3094	161	181	0.861672473867596
3095	161	182	0.787630662020906
3096	161	184	0.830836236933798
3097	161	185	0.644076655052265
3098	161	186	0.864634146341464
3099	161	187	0.706445993031359
3100	161	189	0.852961672473868
3101	161	190	0.564808362369338
3102	161	192	0.621602787456446
3103	161	193	0.819337979094077
3104	161	194	0.720557491289199
3105	161	195	0.635017421602788
3106	161	196	0.809059233449477
3107	161	199	0.797560975609756
3108	161	200	0.666202090592335
3109	161	201	0.645470383275261
3110	161	202	0.603484320557491
3111	161	205	0.541289198606272
3112	161	207	0.595644599303136
3113	161	209	0.551045296167248
3114	161	213	0.638675958188153
3115	161	214	0.707665505226481
3116	161	215	0.795121951219512
3117	161	216	0.542334494773519
3118	161	217	0.644599303135889
3119	161	219	0.729442508710802
3120	161	220	0.73815331010453
3121	161	221	0.641114982578397
3122	161	222	0.719337979094077
3123	162	163	0.818641114982579
3124	162	166	0.676306620209059
3125	162	167	0.813937282229965
3126	162	170	0.871951219512195
3127	162	171	0.809233449477352
3128	162	172	0.815505226480836
3129	162	175	0.696864111498258
3130	162	176	0.888501742160279
3131	162	177	0.725087108013937
3132	162	179	0.804006968641115
3133	162	181	0.848432055749129
3134	162	182	0.783101045296167
3135	162	184	0.74808362369338
3136	162	185	0.645644599303136
3137	162	186	0.853832752613241
3138	162	187	0.745470383275261
3139	162	189	0.838327526132404
3140	162	190	0.502613240418119
3141	162	192	0.536759581881533
3142	162	193	0.810452961672474
3143	162	194	0.724912891986063
3144	162	195	0.568118466898955
3145	162	196	0.757665505226481
3146	162	199	0.783101045296167
3147	162	200	0.652264808362369
3148	162	201	0.621428571428572
3149	162	202	0.612543554006969
3150	162	205	0.57822299651568
3151	162	207	0.545818815331011
3152	162	213	0.68815331010453
3153	162	214	0.74616724738676
3154	162	215	0.795644599303136
3155	162	216	0.570034843205575
3156	162	217	0.625609756097561
3157	162	219	0.658710801393728
3158	162	220	0.698954703832753
3159	162	221	0.660452961672474
3160	162	222	0.69006968641115
3161	163	166	0.551393728222997
3162	163	167	0.789024390243903
3163	163	170	0.799303135888502
3164	163	171	0.851567944250871
3165	163	172	0.83815331010453
3166	163	175	0.662891986062718
3167	163	176	0.77212543554007
3168	163	177	0.822299651567944
3169	163	178	0.558710801393728
3170	163	179	0.828397212543554
3171	163	181	0.820034843205575
3172	163	182	0.752439024390244
3173	163	184	0.696864111498258
3174	163	185	0.664982578397213
3175	163	186	0.781881533101045
3176	163	187	0.68815331010453
3177	163	189	0.858188153310105
3178	163	190	0.55383275261324
3179	163	192	0.630313588850174
3180	163	193	0.683797909407666
3181	163	194	0.806968641114983
3182	163	195	0.546341463414634
3183	163	196	0.811846689895471
3184	163	199	0.690592334494774
3185	163	201	0.504355400696864
3186	163	206	0.583623693379791
3187	163	213	0.612020905923345
3188	163	214	0.664459930313589
3189	163	215	0.654355400696864
3190	163	219	0.585191637630662
3191	163	220	0.569686411149826
3192	163	221	0.674912891986063
3193	163	222	0.554006968641115
3194	166	167	0.667247386759582
3195	166	170	0.661498257839721
3196	166	172	0.689721254355401
3197	166	174	0.556794425087108
3198	166	175	0.608536585365854
3199	166	176	0.707665505226481
3200	166	179	0.65418118466899
3201	166	181	0.707317073170732
3202	166	182	0.731358885017422
3203	166	184	0.655749128919861
3204	166	185	0.506271777003484
3205	166	186	0.707491289198606
3206	166	187	0.705400696864112
3207	166	189	0.613066202090592
3208	166	193	0.660278745644599
3209	166	195	0.532752613240418
3210	166	196	0.541637630662021
3211	166	199	0.622473867595819
3212	166	200	0.697909407665505
3213	166	201	0.611324041811847
3214	166	202	0.536062717770035
3215	166	205	0.538675958188153
3216	166	209	0.50383275261324
3217	166	213	0.640766550522648
3218	166	215	0.602961672473868
3219	166	217	0.521777003484321
3220	166	219	0.550696864111498
3221	166	220	0.70191637630662
3222	166	222	0.594947735191638
3223	167	170	0.855574912891986
3224	167	171	0.829616724738676
3225	167	172	0.905226480836237
3226	167	175	0.757491289198606
3227	167	176	0.85801393728223
3228	167	177	0.727700348432056
3229	167	178	0.613588850174216
3230	167	179	0.8301393728223
3231	167	181	0.851045296167248
3232	167	182	0.739024390243903
3233	167	184	0.831707317073171
3234	167	185	0.586933797909408
3235	167	186	0.809233449477352
3236	167	187	0.674738675958188
3237	167	189	0.844773519163763
3238	167	192	0.699303135888502
3239	167	193	0.765853658536586
3240	167	194	0.733623693379791
3241	167	195	0.660801393728223
3242	167	196	0.807839721254356
3243	167	199	0.840243902439025
3244	167	200	0.511846689895471
3245	167	201	0.615156794425087
3246	167	202	0.539721254355401
3247	167	205	0.641811846689896
3248	167	207	0.592334494773519
3249	167	209	0.548257839721254
3250	167	213	0.707142857142857
3251	167	214	0.651219512195122
3252	167	215	0.698780487804878
3253	167	217	0.595121951219512
3254	167	219	0.660278745644599
3255	167	220	0.71219512195122
3256	167	221	0.676655052264808
3257	167	222	0.635191637630662
3258	170	171	0.805400696864112
3259	170	172	0.799128919860627
3260	170	175	0.644947735191638
3261	170	176	0.891114982578397
3262	170	177	0.62787456445993
3263	170	179	0.815156794425087
3264	170	181	0.827177700348432
3265	170	182	0.817073170731707
3266	170	184	0.80993031358885
3267	170	185	0.695993031358885
3268	170	186	0.849477351916377
3269	170	187	0.623519163763066
3270	170	189	0.81794425087108
3271	170	190	0.611149825783972
3272	170	192	0.581358885017422
3273	170	193	0.824738675958188
3274	170	194	0.697038327526133
3275	170	195	0.720383275261324
3276	170	196	0.721602787456446
3277	170	199	0.793728222996516
3278	170	200	0.631010452961673
3279	170	201	0.599651567944251
3280	170	202	0.573170731707317
3281	170	205	0.518815331010453
3282	170	206	0.540766550522648
3283	170	207	0.636062717770035
3284	170	213	0.748257839721254
3285	170	214	0.664982578397213
3286	170	215	0.691637630662021
3287	170	216	0.511498257839721
3288	170	217	0.65191637630662
3289	170	219	0.650522648083624
3290	170	220	0.690766550522648
3291	170	221	0.635365853658537
3292	170	222	0.697212543554007
3293	171	172	0.785540069686411
3294	171	175	0.568641114982579
3295	171	176	0.760975609756098
3296	171	177	0.832578397212544
3297	171	178	0.593205574912892
3298	171	179	0.768815331010453
3299	171	181	0.779965156794425
3300	171	182	0.638501742160279
3301	171	184	0.676132404181185
3302	171	185	0.541637630662021
3303	171	186	0.731184668989547
3304	171	187	0.577003484320558
3305	171	189	0.887456445993032
3306	171	192	0.71411149825784
3307	171	193	0.659581881533101
3308	171	194	0.829790940766551
3309	171	195	0.55418118466899
3310	171	196	0.815505226480836
3311	171	199	0.639198606271777
3312	171	213	0.540418118466899
3313	171	214	0.641811846689896
3314	171	215	0.686411149825784
3315	171	219	0.577700348432056
3316	171	220	0.576480836236934
3317	171	221	0.565156794425087
3318	171	222	0.582578397212544
3319	172	175	0.727526132404181
3320	172	176	0.852961672473868
3321	172	177	0.787979094076655
3322	172	179	0.849303135888502
3323	172	181	0.831881533101046
3324	172	182	0.725435540069686
3325	172	184	0.848954703832753
3326	172	185	0.607839721254355
3327	172	186	0.839372822299652
3328	172	187	0.761498257839721
3329	172	189	0.837282229965157
3330	172	190	0.575609756097561
3331	172	192	0.631358885017422
3332	172	193	0.728745644599303
3333	172	194	0.720557491289199
3334	172	195	0.625609756097561
3335	172	196	0.784494773519164
3336	172	199	0.789198606271777
3337	172	200	0.513066202090592
3338	172	201	0.575783972125436
3339	172	202	0.559233449477352
3340	172	205	0.618292682926829
3341	172	207	0.558188153310105
3342	172	209	0.609407665505227
3343	172	213	0.711846689895471
3344	172	214	0.709581881533101
3345	172	215	0.751393728222997
3346	172	217	0.559407665505227
3347	172	219	0.663414634146342
3348	172	220	0.649128919860627
3349	172	221	0.739895470383275
3350	172	222	0.634320557491289
3351	173	183	0.638850174216028
3352	175	176	0.637456445993031
3353	175	177	0.55
3354	175	179	0.726132404181185
3355	175	181	0.676829268292683
3356	175	182	0.629094076655052
3357	175	184	0.739721254355401
3358	175	186	0.738501742160279
3359	175	187	0.679965156794425
3360	175	189	0.636236933797909
3361	175	193	0.580487804878049
3362	175	194	0.525783972125436
3363	175	196	0.67595818815331
3364	175	199	0.707665505226481
3365	175	200	0.577526132404181
3366	175	201	0.721602787456446
3367	175	202	0.51411149825784
3368	175	205	0.683275261324042
3369	175	208	0.5198606271777
3370	175	209	0.722299651567944
3371	175	213	0.520731707317073
3372	175	214	0.57020905923345
3373	175	215	0.5698606271777
3374	175	219	0.501045296167248
3375	175	220	0.643728222996516
3376	175	221	0.584668989547038
3377	175	222	0.515679442508711
3378	176	177	0.673867595818816
3379	176	179	0.839721254355401
3380	176	181	0.830313588850174
3381	176	182	0.742682926829269
3382	176	184	0.788675958188153
3383	176	185	0.582229965156794
3384	176	186	0.82822299651568
3385	176	187	0.675261324041812
3386	176	189	0.822822299651568
3387	176	190	0.518815331010453
3388	176	192	0.536759581881533
3389	176	193	0.849825783972126
3390	176	194	0.674738675958188
3391	176	195	0.636585365853659
3392	176	196	0.70993031358885
3393	176	199	0.779790940766551
3394	176	200	0.596341463414634
3395	176	201	0.649651567944251
3396	176	202	0.583623693379791
3397	176	205	0.681707317073171
3398	176	207	0.599477351916376
3399	176	213	0.767247386759582
3400	176	214	0.637804878048781
3401	176	215	0.676829268292683
3402	176	216	0.521254355400697
3403	176	217	0.569686411149826
3404	176	219	0.593728222996516
3405	176	220	0.733275261324042
3406	176	221	0.64198606271777
3407	176	222	0.661672473867596
3408	177	179	0.714634146341463
3409	177	181	0.690940766550523
3410	177	182	0.576306620209059
3411	177	184	0.622473867595819
3412	177	185	0.55418118466899
3413	177	186	0.671254355400697
3414	177	187	0.612717770034843
3415	177	189	0.750871080139373
3416	177	192	0.56219512195122
3417	177	193	0.590766550522648
3418	177	194	0.761846689895471
3419	177	196	0.708362369337979
3420	177	199	0.583449477351916
3421	177	213	0.522299651567944
3422	177	214	0.656968641114983
3423	177	215	0.613588850174216
3424	177	219	0.529268292682927
3425	177	220	0.501393728222997
3426	177	221	0.66219512195122
3427	177	222	0.559059233449477
3428	178	179	0.51602787456446
3429	178	192	0.65993031358885
3430	178	194	0.511846689895471
3431	178	196	0.611149825783972
3432	179	181	0.807665505226481
3433	179	182	0.762891986062718
3434	179	184	0.798606271777004
3435	179	185	0.578571428571429
3436	179	186	0.808188153310105
3437	179	187	0.631184668989547
3438	179	189	0.840592334494774
3439	179	192	0.624216027874565
3440	179	193	0.731184668989547
3441	179	194	0.742508710801394
3442	179	195	0.606794425087108
3443	179	196	0.784146341463415
3444	179	199	0.767770034843206
3445	179	200	0.550174216027875
3446	179	201	0.576655052264809
3447	179	205	0.547735191637631
3448	179	206	0.522996515679443
3449	179	207	0.563414634146342
3450	179	209	0.55418118466899
3451	179	213	0.663763066202091
3452	179	214	0.625435540069686
3453	179	215	0.673170731707317
3454	179	217	0.526480836236934
3455	179	219	0.601393728222997
3456	179	220	0.679268292682927
3457	179	221	0.657491289198606
3458	179	222	0.623693379790941
3459	181	182	0.829965156794425
3460	181	184	0.839198606271777
3461	181	185	0.593379790940767
3462	181	186	0.850174216027875
3463	181	187	0.774564459930314
3464	181	189	0.838501742160279
3465	181	190	0.572299651567944
3466	181	192	0.564634146341464
3467	181	193	0.881533101045296
3468	181	194	0.813240418118467
3469	181	195	0.579094076655052
3470	181	196	0.767421602787457
3471	181	199	0.84390243902439
3472	181	200	0.635365853658537
3473	181	201	0.618292682926829
3474	181	202	0.592160278745645
3475	181	205	0.560278745644599
3476	181	206	0.510104529616725
3477	181	207	0.607839721254355
3478	181	209	0.506271777003484
3479	181	213	0.665156794425087
3480	181	214	0.719337979094077
3481	181	215	0.819512195121951
3482	181	216	0.530313588850174
3483	181	217	0.606445993031359
3484	181	219	0.689895470383275
3485	181	220	0.76794425087108
3486	181	221	0.625783972125436
3487	181	222	0.682578397212544
3488	182	184	0.765853658536586
3489	182	185	0.594076655052265
3490	182	186	0.835714285714286
3491	182	187	0.667770034843206
3492	182	189	0.737630662020906
3493	182	190	0.64425087108014
3494	182	192	0.524564459930314
3495	182	193	0.76219512195122
3496	182	194	0.653832752613241
3497	182	195	0.6
3498	182	196	0.705574912891986
3499	182	199	0.794773519163763
3500	182	200	0.665679442508711
3501	182	201	0.534843205574913
3502	182	202	0.505574912891986
3503	182	205	0.555923344947735
3504	182	206	0.564459930313589
3505	182	207	0.6301393728223
3506	182	209	0.522473867595819
3507	182	213	0.737108013937282
3508	182	214	0.69808362369338
3509	182	215	0.696515679442509
3510	182	216	0.533275261324042
3511	182	217	0.663588850174216
3512	182	219	0.696864111498258
3513	182	220	0.715331010452962
3514	182	221	0.636062717770035
3515	182	222	0.723344947735192
3516	184	185	0.521254355400697
3517	184	186	0.838675958188153
3518	184	187	0.734320557491289
3519	184	189	0.729616724738676
3520	184	190	0.649651567944251
3521	184	192	0.52787456445993
3522	184	193	0.808710801393728
3523	184	194	0.663763066202091
3524	184	195	0.533101045296167
3525	184	196	0.663588850174216
3526	184	199	0.839547038327526
3527	184	200	0.541289198606272
3528	184	201	0.539721254355401
3529	184	202	0.67404181184669
3530	184	205	0.566376306620209
3531	184	207	0.651045296167247
3532	184	209	0.558885017421603
3533	184	212	0.537979094076655
3534	184	213	0.752613240418119
3535	184	214	0.755749128919861
3536	184	215	0.733797909407666
3537	184	217	0.599651567944251
3538	184	219	0.729965156794425
3539	184	220	0.709233449477352
3540	184	221	0.664634146341464
3541	184	222	0.645121951219512
3542	184	223	0.528571428571429
3543	185	186	0.623344947735192
3544	185	187	0.592160278745645
3545	185	189	0.531533101045296
3546	185	190	0.680836236933798
3547	185	193	0.584146341463415
3548	185	195	0.672996515679443
3549	185	199	0.511498257839721
3550	185	202	0.540418118466899
3551	185	207	0.543554006968641
3552	185	213	0.567073170731707
3553	185	214	0.556271777003484
3554	185	215	0.575783972125436
3555	185	218	0.56219512195122
3556	185	219	0.62212543554007
3557	185	220	0.520731707317073
3558	185	221	0.540243902439025
3559	185	222	0.552961672473868
3560	186	187	0.833797909407666
3561	186	189	0.740418118466899
3562	186	190	0.5801393728223
3563	186	192	0.558885017421603
3564	186	193	0.80801393728223
3565	186	194	0.702787456445993
3566	186	195	0.613588850174216
3567	186	196	0.684320557491289
3568	186	199	0.795993031358885
3569	186	200	0.65801393728223
3570	186	201	0.698954703832753
3571	186	202	0.673170731707317
3572	186	205	0.650522648083624
3573	186	207	0.54390243902439
3574	186	209	0.560104529616725
3575	186	213	0.689721254355401
3576	186	214	0.694773519163763
3577	186	215	0.752090592334495
3578	186	216	0.558536585365854
3579	186	217	0.636585365853659
3580	186	219	0.622822299651568
3581	186	220	0.725435540069686
3582	186	221	0.632578397212544
3583	186	222	0.730836236933798
3584	187	189	0.60191637630662
3585	187	190	0.511324041811847
3586	187	193	0.70191637630662
3587	187	194	0.547735191637631
3588	187	196	0.524390243902439
3589	187	199	0.674564459930314
3590	187	200	0.541289198606272
3591	187	201	0.661149825783972
3592	187	202	0.816202090592335
3593	187	205	0.608710801393728
3594	187	209	0.56219512195122
3595	187	213	0.66794425087108
3596	187	214	0.603484320557491
3597	187	215	0.754703832752613
3598	187	219	0.605052264808362
3599	187	220	0.696864111498258
3600	187	221	0.578919860627178
3601	187	222	0.62787456445993
3602	189	192	0.619163763066202
3603	189	193	0.68205574912892
3604	189	194	0.770905923344948
3605	189	195	0.639024390243903
3606	189	196	0.879616724738676
3607	189	199	0.734843205574913
3608	189	200	0.521254355400697
3609	189	206	0.541114982578397
3610	189	207	0.543031358885018
3611	189	209	0.521080139372822
3612	189	213	0.629965156794425
3613	189	214	0.622299651567944
3614	189	215	0.694773519163763
3615	189	217	0.534320557491289
3616	189	219	0.583449477351916
3617	189	220	0.646689895470383
3618	189	221	0.635365853658537
3619	189	222	0.551742160278746
3620	190	193	0.595121951219512
3621	190	195	0.546341463414634
3622	190	202	0.507142857142857
3623	190	207	0.63397212543554
3624	190	213	0.563240418118467
3625	190	214	0.665331010452962
3626	190	215	0.549477351916376
3627	190	218	0.583449477351916
3628	190	219	0.579094076655052
3629	190	221	0.532578397212544
3630	190	222	0.535365853658537
3631	191	205	0.525783972125436
3632	191	208	0.515679442508711
3633	192	194	0.635540069686411
3634	192	196	0.632752613240418
3635	192	199	0.521428571428572
3636	192	206	0.548780487804878
3637	192	215	0.535540069686411
3638	193	194	0.667073170731707
3639	193	195	0.569163763066202
3640	193	196	0.579790940766551
3641	193	199	0.802439024390244
3642	193	200	0.636759581881533
3643	193	201	0.650871080139373
3644	193	202	0.590766550522648
3645	193	205	0.605574912891986
3646	193	207	0.657491289198606
3647	193	213	0.663240418118467
3648	193	214	0.657665505226481
3649	193	215	0.705226480836237
3650	193	216	0.523867595818815
3651	193	217	0.673170731707317
3652	193	219	0.682578397212544
3653	193	220	0.665331010452962
3654	193	221	0.514808362369338
3655	193	222	0.686062717770035
3656	194	196	0.753658536585366
3657	194	198	0.515331010452962
3658	194	199	0.664459930313589
3659	194	206	0.576132404181185
3660	194	214	0.607142857142857
3661	194	215	0.660452961672474
3662	194	219	0.560801393728223
3663	194	220	0.503310104529617
3664	194	222	0.522822299651568
3665	195	199	0.518815331010453
3666	195	207	0.515679442508711
3667	195	210	0.537108013937282
3668	195	213	0.526132404181185
3669	195	217	0.670383275261324
3670	195	220	0.568466898954704
3671	195	221	0.569686411149826
3672	195	222	0.599477351916376
3673	196	199	0.689895470383275
3674	196	200	0.544076655052265
3675	196	206	0.572299651567944
3676	196	209	0.525435540069687
3677	196	213	0.546864111498258
3678	196	214	0.574216027874565
3679	196	215	0.627351916376307
3680	196	219	0.602613240418119
3681	196	220	0.593728222996516
3682	196	221	0.621080139372822
3683	197	203	0.506271777003484
3684	198	206	0.550522648083624
3685	199	200	0.527351916376307
3686	199	201	0.591463414634146
3687	199	202	0.553135888501742
3688	199	205	0.635540069686411
3689	199	207	0.601393728222997
3690	199	208	0.517770034843206
3691	199	209	0.621777003484321
3692	199	213	0.782229965156795
3693	199	214	0.672648083623694
3694	199	215	0.735714285714286
3695	199	216	0.585365853658537
3696	199	217	0.642508710801394
3697	199	219	0.683623693379791
3698	199	220	0.735191637630662
3699	199	221	0.626829268292683
3700	199	222	0.599128919860627
3701	200	201	0.683449477351917
3702	200	206	0.513937282229965
3703	200	215	0.625261324041812
3704	200	220	0.540418118466899
3705	200	222	0.514634146341463
3706	201	202	0.573170731707317
3707	201	205	0.775087108013937
3708	201	215	0.556271777003484
3709	201	220	0.552787456445993
3710	201	222	0.523867595818815
3711	202	205	0.553310104529617
3712	202	212	0.582752613240418
3713	202	213	0.654355400696864
3714	202	214	0.531010452961673
3715	202	215	0.63815331010453
3716	202	216	0.535017421602788
3717	202	219	0.559059233449477
3718	202	220	0.587979094076655
3719	202	222	0.510627177700349
3720	205	209	0.512020905923345
3721	205	213	0.626306620209059
3722	205	220	0.568292682926829
3723	205	221	0.511498257839721
3724	207	212	0.548780487804878
3725	207	213	0.581707317073171
3726	207	215	0.542160278745645
3727	207	219	0.648780487804878
3728	208	209	0.770557491289199
3729	209	220	0.514634146341463
3730	210	217	0.534494773519164
3731	213	214	0.586411149825784
3732	213	215	0.59425087108014
3733	213	216	0.576306620209059
3734	213	217	0.569512195121951
3735	213	219	0.59808362369338
3736	213	220	0.633623693379791
3737	213	221	0.634494773519164
3738	213	222	0.552090592334495
3739	214	215	0.728919860627178
3740	214	217	0.55801393728223
3741	214	219	0.706794425087108
3742	214	220	0.613937282229965
3743	214	221	0.76411149825784
3744	214	222	0.655226480836237
3745	215	216	0.529094076655052
3746	215	217	0.555052264808363
3747	215	218	0.519337979094077
3748	215	219	0.733275261324042
3749	215	220	0.666724738675958
3750	215	221	0.59006968641115
3751	215	222	0.750348432055749
3752	216	217	0.737108013937282
3753	216	220	0.586933797909408
3754	216	222	0.535365853658537
3755	217	219	0.516724738675958
3756	217	221	0.612369337979094
3757	217	222	0.662543554006969
3758	219	220	0.614285714285714
3759	219	221	0.620731707317073
3760	219	222	0.705400696864112
3761	220	221	0.605400696864112
3762	220	222	0.662891986062718
3763	221	222	0.658536585365854
