20680	20681	20682	20683	20728	20729	20730	20731	20732	20733	20734	20735	20837	20838	20840	20841	20842	20843	20844	20845	20846	20851	20852	20853	20854	20855	20856	20857	20858	20859	20860	20861	20862	20863	20864	20865	20866	20887	20888	20889	20890	20891	20892	20893	20894	20951	20952	20953	20954	20955	20956	20957	20958	20972	20979	20980	20981	20982	21020	21022	21079	21080	21081	21082	21083	21084	21085	21086	21095	21096	21097	21098	21099	21100	21101	21102
OTU_1	7824	5228	4426	5545	12001	6033	8602	8891	6032	11439	9593	7783	8578	7608	8090	11764	12316	8703	9154	6287	6056	11655	10054	5931	7459	3992	9312	8197	5310	18359	14383	20115	11189	5516	4951	4638	5410	7688	9166	7114	5667	2155	3034	2106	2531	9848	10738	9566	9719	3040	3718	3275	3703	9700	14622	14144	13693	17389	10034	6357	8495	5853	9410	9700	16048	12595	8376	12473	8636	8009	7030	7296	3997	6101	5626	4281
OTU_2	11625	12370	12785	13034	6017	11430	9902	7452	8939	3560	5581	5804	9065	10386	6988	4406	6030	4750	5273	8052	9362	564	1159	2232	2081	9082	5231	7078	7185	2272	3172	2583	4701	2315	2264	3699	2480	3098	3071	3849	2465	11171	11487	12976	12054	1077	3117	2668	1985	10302	10781	9014	10643	11069	1070	2111	2346	2579	3596	5979	4359	8209	4892	4869	4727	5700	8310	5969	2098	1506	2080	1804	9176	6953	11659	9573
OTU_3	2557	3406	1874	1815	8473	4654	6216	7187	602	1616	942	833	1514	1559	563	849	656	1029	611	365	454	16720	22434	17601	19653	4150	9004	6928	5085	1955	1359	2105	1089	9299	11699	9508	11049	4803	5246	5179	2798	611	544	372	506	9877	8013	8072	9185	712	499	501	487	4622	8815	9149	9966	9756	4525	3228	10029	5230	8984	8699	1464	1340	1153	1373	6189	7335	7128	7012	814	1132	901	820
OTU_4	3641	3388	4583	4151	3811	3548	3623	4258	3983	3393	3993	2815	4762	4893	4363	4184	3920	4679	4778	3879	3619	3328	2599	2365	2430	3921	3506	2891	3494	3776	3924	3268	4107	1241	673	852	765	1354	1363	1399	1610	2931	4073	3762	3776	968	851	1119	1058	3148	4061	4111	3405	2642	1240	1339	1230	1241	2987	2391	2993	3418	3907	3290	4052	4010	3487	3943	1899	1367	802	817	6305	5267	4805	4783
OTU_5	3728	3453	4645	4785	1137	2466	1888	1328	1809	1995	2231	2817	1159	1527	2735	2262	2390	3120	3812	3966	3031	1811	1626	2469	1971	1768	1057	1487	1737	2200	2440	1764	2970	7324	6440	7693	6609	2399	2024	2684	4250	3731	3201	3717	3583	1630	2122	2160	2156	3824	3793	5117	4370	935	1485	1182	1242	1126	1674	2718	866	1161	562	822	1591	2000	2761	1927	2149	1609	2093	1832	4061	3060	2696	3014
OTU_6	2291	2427	2465	2623	1793	2897	2497	1723	1721	2432	2756	2513	2616	2996	3260	3054	2800	4010	3800	3760	4500	877	860	1381	1094	1627	1133	1493	1612	2115	2139	2058	2175	863	800	874	756	1602	1278	1681	1541	6082	6239	4311	5353	2605	2304	2413	2508	6767	3981	5376	5877	2145	2520	2522	2687	2639	1682	1909	2139	2810	1902	2045	3637	3750	4427	3785	1506	1384	1242	1236	5678	6333	4982	5975
OTU_7	1421	1354	1852	2093	738	2075	1401	1209	8330	8814	9945	10861	1697	1873	6266	5049	5753	4560	5168	7616	6654	1547	1277	1922	1602	6211	3479	4818	5919	2489	3138	2278	4263	384	92	185	130	163	81	96	204	7104	5956	7552	7097	260	347	336	354	4065	5412	5215	4569	248	100	132	133	95	923	1549	159	249	169	197	2148	2179	3534	2363	283	106	159	76	3918	2414	3352	3814
OTU_8	5713	5559	7499	7433	2309	5935	4187	3539	1157	1009	1255	1519	2225	2469	1474	1183	1341	1512	2283	3741	3430	755	675	1448	1232	2343	1256	1840	1951	1452	2495	1508	2965	865	841	1519	961	1368	1068	1578	3018	2631	2340	2801	2750	708	1268	1129	1145	2366	3456	2936	2786	4503	1160	1163	1152	1097	2939	5049	2149	4278	1961	2299	1332	1366	2142	1402	1123	725	1020	712	2086	1527	1722	2253
OTU_9	686	953	690	444	514	235	171	1122	1980	487	104	150	2440	740	416	257	123	848	573	148	273	89	36	35	46	70	68	113	80	22	24	16	56	19	15	0	7	1673	531	636	3443	252	50	1461	277	345	30	19	41	41	25	42	16	2103	343	642	285	249	1160	592	2097	1344	350	924	231	109	206	68	897	824	749	1031	286	130	158	73
OTU_10	2985	3091	3886	3956	845	2015	1525	1201	1094	999	1409	1533	3055	3865	4044	3290	4571	2130	3209	3197	3673	768	520	1216	1041	468	132	238	289	1388	2241	1445	3026	150	85	180	97	332	271	424	626	374	290	354	284	120	317	252	182	1394	1844	1372	1489	2331	530	559	502	521	1873	3445	773	1764	1002	957	2208	2955	3732	2904	282	238	334	215	416	589	441	544
OTU_11	541	596	763	726	504	968	701	603	1266	1335	1454	1751	676	755	1055	877	1070	2033	2530	2509	2270	425	244	557	407	2914	2033	2402	2792	1128	1725	1160	2547	1704	1250	1858	1383	123	108	87	222	3554	3041	3863	3383	716	989	976	939	3097	3823	3550	3141	218	183	228	195	197	589	641	181	284	147	164	1366	1542	2224	1547	269	62	101	102	2558	1972	2488	2785
OTU_12	877	927	605	534	2196	736	1165	1208	163	330	261	162	452	330	192	341	246	207	151	69	84	3037	2519	1620	2153	180	328	204	197	336	258	317	229	3232	4192	3826	4422	4298	4736	4062	2993	146	165	146	160	5156	4283	4274	4073	180	172	166	184	993	6590	6543	5883	5347	1363	923	2692	1414	2834	2961	521	471	243	453	5034	6668	6457	6880	334	537	477	425
OTU_13	2327	2372	1891	2037	1975	2040	2164	1969	272	788	536	701	1138	1240	325	563	624	623	650	482	484	1078	906	1226	1126	765	749	686	812	126	133	109	118	3347	3641	3371	3269	1998	1792	2150	2479	199	101	112	86	2150	1849	2152	2224	197	119	100	75	2543	1430	1471	1510	1378	3012	2390	2696	3228	2876	3247	595	559	675	620	1729	1764	2341	2097	109	85	139	85
OTU_14	523	658	495	472	1338	870	1106	1013	1762	2387	2320	1984	2377	2279	2520	3224	2999	2401	1285	1704	1782	970	701	751	730	1249	1806	1433	1608	4288	4660	5091	3792	1206	488	462	382	718	804	646	679	859	1374	749	1114	1544	1397	1321	1283	935	698	1029	1106	282	1443	1265	1241	1062	598	651	299	187	137	258	2552	2441	1584	2521	1019	938	815	795	1599	1711	1373	1515
OTU_15	1192	1480	1664	1473	466	787	632	459	883	709	930	867	662	759	879	696	734	921	1110	1745	1604	1069	1103	1849	1349	2319	1146	1647	1813	836	1068	821	1294	105	71	67	35	107	100	71	136	3160	2737	3058	3414	134	165	208	168	3668	3131	3492	3423	738	104	141	163	124	726	1122	490	943	465	680	609	701	918	647	241	88	87	39	2556	2495	2229	2579
OTU_16	1023	1055	796	765	1042	1375	1553	1359	322	668	656	838	598	637	268	243	356	1290	1118	907	988	693	1138	2328	1794	1239	790	1038	1168	683	994	652	990	378	252	373	335	161	168	245	140	1027	1044	1055	1052	117	404	374	302	1130	1334	1026	1051	596	55	51	81	73	1204	1653	194	419	257	224	749	957	1202	882	149	58	110	80	667	662	787	806
OTU_17	435	611	385	491	970	779	791	997	468	721	724	844	760	840	489	695	662	966	693	623	518	2223	1999	2612	2511	1487	1979	1857	1595	902	769	930	946	3630	3893	3352	3716	914	863	967	912	1863	1944	1704	2081	3740	2728	2915	3183	1909	1445	1641	1528	632	1629	1464	1525	1395	311	303	1109	885	904	732	557	532	663	675	1090	1051	1285	691	1626	1519	1485	1577
OTU_18	459	556	354	368	1518	1203	1359	1273	1356	3443	2664	2444	1232	1460	1456	1757	1496	1579	1242	929	1252	4693	5353	5392	4990	2784	4265	3333	3907	1081	866	1119	807	1664	1792	1804	1694	124	147	176	110	919	959	624	842	881	868	908	1066	826	409	713	696	371	316	406	407	356	452	490	528	451	638	553	1464	1436	1172	1478	364	205	151	168	1036	1317	960	1257
OTU_19	165	125	144	149	265	258	269	303	657	826	1089	1041	1161	1229	2173	2403	2381	1634	2057	1347	1466	0	0	0	0	0	0	0	0	4187	4480	3715	3346	572	96	85	113	50	18	21	13	539	979	842	963	380	453	496	354	1225	1347	1316	1419	136	495	506	564	479	150	151	53	54	54	16	2005	2244	1972	1692	168	26	36	18	1510	2941	1663	1482
OTU_20	2382	2041	2761	2840	1719	1528	1392	1542	1177	1319	1510	1098	629	615	583	580	639	1308	1616	722	830	2117	1327	1237	1118	2167	1672	1799	1911	626	497	415	508	320	199	189	177	345	347	306	339	634	708	826	859	539	459	573	566	685	830	779	711	1034	597	418	511	477	3759	2687	1896	2175	2203	2375	833	780	846	896	425	321	192	214	1197	783	846	731
OTU_21	531	621	771	686	516	632	622	316	1208	1810	2027	2415	1564	1707	2682	3074	2677	1793	1456	1311	1350	706	772	1150	862	1520	686	966	1341	1268	1645	1100	1382	511	351	272	265	949	715	928	1276	1516	1547	1407	1600	756	1008	973	848	1620	1347	1476	1375	463	959	887	803	656	257	437	333	575	398	326	871	822	1178	947	729	648	939	757	1363	1127	1083	1317
OTU_22	14	0	23	5	10	15	0	18	852	24	13	33	722	337	1804	1019	363	7	0	0	0	0	0	7	7	9	12	22	14	7	0	0	0	4	0	0	0	3	0	0	25	0	0	0	0	0	0	0	0	0	0	1	0	10	18	13	109	21	707	384	9	22	12	5	7	0	14	6	8	14	0	4	13	0	14	0
OTU_23	650	709	563	579	710	251	439	563	478	916	862	659	1322	1045	670	1046	854	1079	721	800	745	198	107	127	99	20	53	42	34	1060	849	1246	687	973	961	854	894	1899	1982	1338	1319	223	408	200	204	2616	2269	2186	2245	344	526	508	568	806	3397	3222	2940	2792	682	401	801	620	1174	788	2093	1867	1029	2098	2435	2659	2458	2994	818	995	670	751
OTU_24	437	487	451	551	564	748	525	552	956	1311	1264	1244	1198	1489	2443	2414	2108	1716	1464	1889	2132	49	39	21	34	350	298	344	282	3087	3662	2918	3747	477	59	75	34	178	137	137	139	764	810	563	663	180	129	190	126	876	661	1088	805	556	413	454	450	460	602	501	310	177	247	299	1662	1472	1686	1679	263	136	62	60	1307	1007	942	1232
OTU_25	515	486	546	524	335	587	446	429	1554	1626	1751	2133	720	776	1421	1541	1590	1353	1517	1430	1101	386	455	760	587	895	686	860	1060	308	329	284	389	683	681	693	696	879	762	1035	1475	1777	1491	1711	1668	389	526	516	523	1431	1425	1398	1326	412	438	349	365	382	275	304	327	531	427	383	753	865	1303	946	724	601	792	708	1045	883	939	1194
OTU_26	835	700	670	733	598	919	885	636	661	1043	867	1048	1418	1530	523	862	1047	1061	911	1012	1008	392	403	623	566	893	798	766	1003	868	748	656	941	532	351	444	399	704	719	928	1104	480	328	275	334	546	599	660	661	267	241	240	270	618	471	494	593	536	493	500	660	982	815	759	623	680	850	746	774	630	948	796	193	252	201	308
OTU_27	494	794	327	276	1103	833	1214	1282	213	754	409	327	696	739	363	518	440	1363	990	475	508	561	707	703	747	525	1191	1212	644	1563	1036	1829	1022	413	251	203	267	444	565	589	380	444	468	191	320	713	576	678	742	391	238	240	411	1003	553	612	620	528	785	699	1066	905	1433	1132	1922	1605	1480	1874	675	606	541	566	519	829	664	702
OTU_28	292	411	309	230	393	318	445	420	136	327	267	363	503	702	284	315	288	582	528	131	122	43	45	33	53	3	0	0	0	302	331	309	373	325	186	230	258	722	679	635	511	1690	1964	1673	1425	655	517	581	717	2188	1879	1449	1526	634	551	456	619	606	308	250	608	531	778	491	409	447	460	512	919	893	839	942	1879	2666	2147	2351
OTU_29	991	705	492	529	1395	709	1024	1043	92	191	131	129	239	209	100	125	128	221	243	324	253	501	343	274	299	29	43	63	41	142	104	164	91	1072	1570	1452	1617	1799	2044	1675	1101	79	131	59	65	681	640	693	633	66	102	108	95	1066	1410	1342	1265	1249	1718	1005	1615	922	1716	1730	427	355	247	459	1811	1906	1891	1813	139	226	170	139
OTU_30	631	526	547	598	786	458	542	617	618	653	704	564	940	823	621	672	591	821	753	551	614	488	430	371	311	396	484	500	338	520	613	536	550	257	217	213	189	497	514	463	404	324	498	409	546	263	270	219	227	426	415	388	396	659	383	324	298	250	674	667	929	685	1004	861	1031	954	731	874	591	609	621	562	529	525	495	486
OTU_31	417	504	468	495	477	890	792	628	536	342	395	486	430	526	590	437	595	781	953	1185	1024	82	53	152	137	254	163	184	186	403	457	335	584	145	88	182	97	16	21	26	23	552	473	581	551	110	207	162	163	926	1255	1086	1031	149	51	28	60	67	840	1459	64	137	53	44	569	810	1169	798	32	13	0	23	495	276	480	447
OTU_32	442	475	896	636	188	367	378	206	121	182	251	290	272	263	332	283	313	355	424	614	509	16	19	27	68	116	65	54	80	260	440	244	381	103	50	89	62	84	122	148	202	2154	1777	1922	1824	223	279	312	334	1703	2030	1683	1601	295	86	78	84	83	558	1002	117	302	132	99	234	384	426	323	178	91	65	61	1169	1102	1259	1419
OTU_33	283	397	212	228	536	355	539	555	41	49	30	56	226	244	19	37	32	75	68	43	17	0	33	58	40	166	246	257	262	180	246	165	243	6388	7281	6370	7050	277	251	219	185	181	206	156	114	329	287	338	324	105	105	102	76	665	215	265	288	225	483	671	647	652	729	570	78	90	99	125	116	140	105	93	169	244	176	195
OTU_34	549	481	706	601	660	260	422	400	119	230	218	215	274	324	327	339	289	351	165	234	271	231	215	172	208	262	403	243	249	553	468	524	466	153	131	111	141	422	382	239	260	156	187	135	201	1846	1601	1659	1549	129	271	188	140	583	1475	1194	1291	1056	747	522	1203	744	1195	1206	580	535	369	444	717	703	693	909	299	399	384	212
OTU_35	375	422	342	458	95	205	171	86	57	30	26	37	51	63	31	25	29	84	125	266	172	0	0	8	10	19	11	0	8	47	74	43	44	110	110	200	124	154	143	108	225	2581	2449	2157	2413	189	351	379	267	1839	2293	2399	2135	240	299	353	252	276	223	376	21	89	42	26	78	127	83	64	294	98	161	144	2151	1296	1667	2140
OTU_36	239	341	350	272	227	340	259	186	1287	472	598	462	257	392	506	491	389	398	505	1477	836	168	107	130	191	115	75	158	90	273	391	271	366	121	44	88	67	71	54	92	157	1045	1061	854	830	182	194	182	192	1187	1119	1001	1465	250	152	160	210	183	375	348	196	202	237	159	402	527	607	419	119	111	112	123	1196	1218	821	1190
OTU_37	186	283	231	190	255	77	22	161	170	112	9	34	459	217	157	51	37	81	133	17	84	0	0	0	0	0	0	6	0	0	0	0	0	7	0	0	0	272	95	162	575	31	9	304	85	24	11	10	12	12	0	4	0	1293	148	376	149	94	449	181	688	331	38	127	47	9	5	30	284	209	278	284	30	52	41	22
OTU_38	400	435	299	125	331	375	321	1980	198	382	58	111	2101	1344	240	272	80	280	384	0	47	0	0	0	0	0	0	0	0	0	0	0	0	23	30	16	13	495	194	328	1702	32	16	61	38	24	7	6	0	0	0	0	0	181	562	418	382	307	1523	987	1621	2047	691	1385	178	274	376	227	173	273	133	187	36	21	37	0
OTU_39	470	665	400	201	316	182	240	323	74	334	140	318	175	242	34	72	31	335	473	51	25	693	713	623	646	497	1730	801	926	180	206	231	277	104	70	60	66	314	340	464	519	430	461	360	388	1573	1841	1979	2293	222	141	96	156	1655	115	111	104	99	1730	1508	499	690	801	504	408	617	465	501	395	198	340	248	236	290	454	390
OTU_40	239	323	220	343	303	163	193	250	403	499	552	441	869	798	933	1116	918	899	659	713	598	0	7	7	5	8	0	6	9	791	881	872	679	237	134	143	121	266	308	208	236	85	111	98	160	426	386	376	371	205	226	201	193	231	555	602	537	568	357	370	228	142	258	246	1462	1488	939	1337	320	344	408	257	219	480	331	213
OTU_41	488	373	311	348	650	439	521	493	89	211	148	143	155	131	64	68	77	169	125	119	156	1504	987	656	899	67	154	183	145	72	59	69	39	621	795	790	894	1357	1635	1099	859	49	59	63	42	366	307	330	299	38	42	47	35	721	743	894	687	697	886	668	970	601	939	1137	215	192	161	215	1229	1250	1157	1244	71	138	109	73
OTU_42	549	286	308	291	670	509	489	689	256	458	356	292	401	389	283	384	315	425	394	376	308	1012	1130	1031	1147	838	898	741	978	468	388	420	399	254	215	233	203	309	305	319	203	100	115	89	101	904	677	792	809	259	126	159	166	345	502	529	572	623	389	331	923	770	1012	826	319	344	294	307	200	276	270	262	143	194	177	164
OTU_43	120	106	82	75	170	299	265	185	961	1226	1423	1493	319	313	601	614	600	165	175	163	163	409	477	990	634	1427	1251	1379	1781	409	423	328	425	361	389	466	423	462	556	615	545	474	357	387	417	789	886	904	859	426	285	273	249	152	119	119	137	145	12	38	171	328	240	157	94	114	148	91	356	380	441	432	317	233	311	275
OTU_44	794	657	970	1060	367	725	445	324	353	477	561	544	220	224	241	219	246	455	377	486	525	406	330	525	346	1509	911	644	1222	311	310	273	366	199	117	97	97	58	55	53	60	490	487	576	736	200	176	214	208	482	549	651	490	137	47	45	47	38	346	283	470	753	760	654	160	254	260	173	67	40	58	32	396	375	397	398
OTU_45	57	61	47	58	429	352	375	290	365	695	660	513	468	581	647	865	843	1147	613	742	1031	191	174	209	278	681	992	890	1116	747	625	689	678	131	11	22	7	27	0	10	16	434	422	293	368	40	23	26	24	325	260	546	429	60	26	20	39	21	130	124	53	53	59	31	997	1192	853	978	88	19	19	0	477	574	394	490
OTU_46	144	128	103	158	279	156	197	269	448	611	671	555	751	637	700	844	739	821	793	623	521	10	7	4	20	18	9	14	6	995	888	1012	723	184	37	45	43	156	115	57	72	98	182	156	189	142	137	104	118	187	201	141	200	136	290	243	295	224	197	168	163	104	163	151	1450	1335	1056	1372	236	197	257	124	266	477	409	344
OTU_47	85	26	21	10	209	93	112	197	6	0	9	7	11	15	0	4	9	8	6	0	9	132	0	4	4	0	0	10	0	0	0	9	6	1174	1554	1441	1540	2752	3892	2743	1239	0	7	8	10	405	278	281	312	10	8	6	7	311	557	566	488	460	41	31	832	323	851	651	16	12	9	3	2273	2922	1981	2385	25	24	15	20
OTU_48	331	462	282	227	644	464	508	711	95	186	71	129	233	261	68	134	75	187	124	129	140	406	440	483	503	120	218	180	226	229	178	240	161	253	271	249	237	267	366	260	246	286	366	175	200	778	693	716	740	220	149	149	199	384	645	560	603	502	505	400	873	666	964	644	268	170	179	258	373	365	441	387	304	366	246	321
OTU_49	1126	1058	837	799	801	900	1076	860	21	44	49	51	451	636	69	61	83	12	45	22	28	99	90	160	166	77	13	16	14	0	10	6	15	298	239	372	278	186	209	246	430	14	0	7	12	21	62	87	61	36	17	12	15	546	475	432	412	372	1914	3144	184	735	424	280	15	19	15	24	135	77	149	129	5	10	9	7
OTU_50	417	466	450	371	186	167	118	138	0	20	0	15	0	0	0	0	0	22	17	8	12	0	0	6	0	0	0	12	0	6	7	5	5	4	0	4	7	19	7	11	12	272	261	190	161	96	90	92	64	936	926	614	689	145	9	10	7	4	4057	4432	157	100	210	168	7	7	4	2	46	8	16	8	362	487	420	559
OTU_51	128	240	152	170	364	325	378	393	342	551	615	724	1105	1086	919	859	991	454	379	239	314	79	144	251	148	2005	1437	1807	2302	567	585	548	819	152	116	131	120	97	106	116	63	27	34	42	61	407	639	617	604	162	91	65	49	139	77	127	106	142	89	160	86	157	58	35	219	255	262	216	51	43	15	54	14	35	22	24
OTU_52	251	163	124	144	492	257	375	315	644	913	738	690	434	352	357	464	484	411	387	493	481	521	514	293	387	395	837	668	476	733	485	725	451	173	64	61	60	60	86	65	42	140	198	149	167	102	108	126	106	153	242	240	207	178	177	128	105	105	231	148	214	126	204	254	750	648	367	638	207	71	50	40	341	387	336	266
OTU_53	126	71	74	0	320	118	190	249	0	0	0	0	5	6	0	0	0	0	0	0	0	36	0	8	0	0	0	0	0	0	10	0	0	770	953	880	975	1956	2380	1939	1030	0	0	0	0	618	495	428	480	0	4	0	0	653	981	752	923	782	396	187	852	424	742	889	0	0	0	0	1539	2386	1536	1635	0	0	0	0
OTU_54	101	112	168	113	172	258	238	105	1419	778	1120	1019	533	467	793	614	683	356	425	1026	748	594	666	886	802	3283	1702	2122	2210	196	260	139	261	21	8	14	6	21	14	10	21	233	181	135	127	9	7	0	10	169	173	183	178	91	11	20	37	22	113	150	40	41	37	49	271	349	589	401	16	20	17	5	183	214	108	170
OTU_55	476	399	193	163	311	169	229	305	98	620	88	121	89	81	19	42	25	179	198	26	13	66	83	74	72	77	430	222	112	247	125	340	188	83	50	67	71	212	228	185	105	260	222	151	161	0	18	21	16	339	273	194	275	358	194	138	144	201	1011	731	123	47	137	73	392	300	266	445	506	159	225	224	391	439	983	521
OTU_56	336	398	251	194	199	282	280	181	41	85	64	76	94	141	44	42	24	59	58	24	47	303	314	416	381	11	0	0	4	0	0	1	2	410	419	379	404	1183	1456	1879	1416	74	36	29	38	545	524	493	590	51	23	39	23	486	489	519	552	555	130	249	536	875	539	584	37	19	50	26	1097	1260	1455	1203	68	55	38	49
OTU_57	264	366	170	214	298	249	206	213	31	64	62	77	88	113	100	43	48	83	44	78	113	119	116	103	102	0	14	0	6	29	23	15	22	253	287	277	318	870	615	723	735	234	213	243	139	934	732	747	733	358	166	347	280	317	1035	809	879	679	252	211	397	154	445	312	103	120	110	134	865	986	1004	1103	403	473	317	334
OTU_58	116	78	91	50	82	92	66	73	37	44	34	38	30	24	9	5	11	12	13	0	4	165	179	236	271	0	0	22	0	0	0	0	4	1696	1561	1515	1394	1553	1232	1313	1317	138	129	153	149	945	824	773	876	167	55	55	102	204	643	595	578	572	34	20	307	257	329	288	2	23	23	14	1070	1258	1306	806	118	197	99	140
OTU_59	298	195	307	226	135	73	105	65	107	96	147	144	116	94	80	101	90	143	129	140	193	63	114	79	114	29	5	0	0	142	132	108	98	62	95	111	96	438	320	292	272	196	206	235	284	1022	1048	1109	947	267	220	238	287	264	290	343	352	367	148	155	542	264	427	340	250	255	239	222	572	597	371	410	414	613	440	317
OTU_60	194	188	138	107	110	107	59	68	15	10	12	24	10	29	9	0	0	3	0	0	0	76	33	112	57	0	0	0	0	0	0	0	0	109	158	211	147	2182	2069	2838	4314	15	0	0	31	187	505	447	300	17	4	0	0	476	407	440	573	507	17	40	149	507	323	419	0	3	11	0	1193	1024	1447	1520	21	7	0	4
OTU_61	81	122	95	135	172	250	205	168	226	382	343	434	508	648	603	543	431	447	511	531	740	0	11	0	8	25	25	33	40	723	842	723	1036	77	0	34	13	136	98	220	210	204	207	151	218	63	94	77	90	72	63	53	78	93	91	114	86	95	24	76	36	2	115	30	343	452	530	463	90	79	79	98	90	92	68	63
OTU_62	0	0	6	5	18	5	6	11	70	50	0	0	735	294	178	79	8	0	9	0	0	0	0	0	0	0	10	0	0	0	0	0	0	2	0	0	0	12	0	5	0	0	0	0	4	0	0	0	0	0	0	0	0	137	29	56	92	37	237	128	107	16	15	17	4	9	39	5	4	0	0	4	0	0	0	0
OTU_63	386	297	382	411	673	595	643	608	170	261	262	256	512	444	279	314	268	217	124	144	179	587	526	486	463	124	199	140	107	181	154	189	175	71	36	35	26	50	56	58	53	88	136	87	118	177	145	121	128	130	69	134	128	356	157	210	174	162	427	383	598	575	621	617	296	264	172	214	135	101	136	178	182	180	97	133
OTU_64	541	657	451	503	253	289	335	212	282	429	403	486	427	393	259	263	307	184	179	174	192	290	404	570	556	347	226	284	304	37	45	32	35	376	394	358	405	323	397	358	418	25	20	34	20	425	686	685	548	211	97	143	96	416	183	138	209	206	88	128	254	546	409	313	62	77	96	91	270	277	371	252	68	28	47	60
OTU_65	69	58	22	51	24	27	36	15	102	142	129	131	258	253	436	453	422	912	567	444	761	0	16	0	8	18	15	20	23	226	255	246	268	107	81	49	54	201	116	167	257	508	458	402	494	33	36	55	45	564	401	671	614	53	40	41	35	28	0	32	12	29	0	20	525	553	709	558	114	120	233	112	457	327	341	476
OTU_66	223	74	91	99	175	347	218	195	0	0	0	0	17	25	4	0	3	4	0	0	0	0	0	14	0	0	0	0	0	0	0	0	0	5	4	0	0	0	6	10	0	0	2	0	12	0	0	0	0	0	0	0	2	61	11	0	0	0	116	109	969	1846	1025	1295	7	0	0	0	4	0	5	0	5	0	6	0
OTU_67	120	239	137	55	158	77	78	157	25	268	84	251	107	181	45	44	30	101	125	7	0	1276	1413	1437	1364	1336	1494	657	1686	105	104	139	139	33	12	0	17	59	42	48	98	515	622	319	420	0	0	9	0	165	274	187	214	437	42	100	56	41	419	413	113	127	104	65	86	158	75	107	243	24	69	67	207	337	454	417
OTU_68	36	40	51	15	38	38	25	93	325	29	38	66	532	281	1136	450	345	23	51	26	39	0	0	3	0	0	0	36	0	1	0	5	15	0	0	0	5	130	19	27	269	41	15	25	51	0	0	3	1	0	9	6	9	291	9	71	33	26	112	360	236	333	82	202	18	15	15	23	15	11	32	20	64	48	40	9
OTU_69	358	499	368	373	215	162	123	133	58	100	69	99	78	90	55	66	39	115	90	47	76	135	173	186	114	56	81	53	57	66	54	51	51	237	277	259	288	337	279	262	333	197	141	197	146	573	456	593	531	144	117	125	112	545	338	304	315	309	220	172	468	462	529	512	105	70	87	109	295	401	260	342	193	197	147	155
OTU_70	287	589	473	384	138	219	186	162	252	287	387	406	122	116	176	122	117	22	23	0	36	119	85	170	95	9	0	0	0	0	0	0	0	112	86	105	95	330	334	529	559	125	134	105	123	229	293	289	221	185	166	139	191	540	243	230	271	268	144	297	252	346	305	403	10	16	13	16	246	324	377	418	123	194	103	151
OTU_71	26	17	7	6	0	7	16	35	406	126	98	153	0	7	0	4	8	39	6	61	20	455	184	260	227	29	227	133	166	0	0	17	21	73	200	158	285	97	127	182	179	362	411	327	332	10	39	72	31	443	432	384	678	283	332	360	374	365	151	137	11	9	6	27	21	29	18	17	601	287	601	478	624	1146	1657	1257
OTU_72	447	475	413	394	187	407	199	241	154	200	235	232	48	46	100	65	120	311	390	307	422	0	33	23	38	20	5	20	21	132	222	119	295	126	111	139	154	44	42	32	67	74	64	57	54	0	17	18	21	148	145	119	128	351	57	47	60	80	237	407	136	241	98	163	207	271	271	190	43	30	11	46	80	54	67	61
OTU_73	193	181	280	298	82	194	193	145	165	125	152	170	108	115	71	69	62	23	45	65	86	228	227	382	300	357	174	312	315	52	90	63	105	216	229	312	192	39	66	49	48	259	209	221	216	152	300	311	267	351	391	250	382	140	148	173	141	202	68	109	118	227	124	159	13	35	36	15	27	36	39	25	219	225	199	183
OTU_74	6	43	28	80	46	120	85	34	0	0	10	7	38	35	38	18	30	45	72	58	119	0	0	0	0	9	0	0	9	139	204	178	304	180	218	400	199	8	0	37	0	261	267	267	234	46	137	113	108	214	187	215	191	9	26	32	30	35	39	72	12	0	0	9	18	26	63	17	4	0	0	0	177	150	149	152
OTU_75	71	37	49	72	104	126	103	125	72	128	92	83	162	153	128	141	163	419	225	317	287	69	60	56	62	158	188	149	158	176	166	197	133	19	0	0	3	32	18	31	15	545	564	313	430	54	41	75	51	348	194	439	353	134	66	68	54	55	89	85	70	87	95	71	318	341	273	402	110	7	11	5	615	619	388	591
OTU_76	118	161	88	80	389	220	301	359	32	77	72	42	189	206	68	95	59	128	71	75	67	102	112	117	114	0	17	38	31	189	128	192	125	89	87	54	55	269	250	282	96	68	95	16	44	508	459	389	421	111	64	61	91	326	373	401	426	417	162	134	379	170	391	335	226	234	182	248	231	267	227	267	83	147	145	118
OTU_77	99	57	73	140	393	131	195	223	170	293	276	214	105	92	155	253	202	297	215	93	119	76	86	68	101	27	69	39	17	562	431	526	479	137	36	22	12	40	26	21	14	104	186	112	111	24	28	16	27	142	142	122	74	31	79	112	103	85	83	48	36	147	37	38	607	523	277	442	143	72	98	68	174	238	177	159
OTU_78	31	5	27	0	162	207	119	185	607	90	35	68	184	51	86	115	34	3	44	12	0	0	0	0	0	0	0	8	8	0	0	0	0	0	0	0	0	119	138	69	264	14	30	262	81	0	0	0	0	0	0	0	0	41	82	34	77	41	446	50	155	306	82	108	25	91	330	245	94	44	11	78	6	38	21	44
OTU_79	0	0	0	0	0	0	0	0	18	36	13	25	0	0	33	22	22	152	213	0	10	0	5	0	0	201	824	539	397	202	95	283	184	79	13	0	0	35	0	9	0	138	234	189	134	0	0	0	0	355	369	208	362	4	5	0	2	0	0	0	0	0	0	0	282	423	435	548	475	19	43	31	499	1104	1113	678
OTU_80	244	172	176	200	222	277	252	225	44	48	81	29	90	171	50	44	56	61	29	47	73	106	66	114	99	8	0	10	0	15	7	8	11	99	81	98	101	266	228	233	248	183	200	137	129	340	332	357	335	240	94	184	190	253	332	256	314	292	214	283	364	194	398	318	65	75	53	74	324	323	269	413	240	259	120	193
OTU_81	140	132	86	141	323	212	289	341	73	118	108	80	221	304	123	150	119	159	118	122	169	53	78	66	26	8	8	0	7	114	88	104	90	69	53	79	52	264	294	313	142	78	87	60	80	276	221	226	272	92	138	91	161	329	278	228	274	300	184	168	155	129	273	139	265	244	163	234	312	326	266	281	204	275	191	167
OTU_82	34	41	0	15	22	75	32	864	4624	57	27	56	205	64	31	136	59	76	10	201	225	0	0	0	1	0	0	3	0	16	21	3	4	4	7	7	5	128	41	78	214	78	33	258	134	27	0	0	0	4	10	9	0	63	9	7	11	15	41	138	83	12	24	77	41	13	22	8	43	0	8	30	44	41	43	44
OTU_83	125	78	146	109	52	130	127	47	393	260	380	484	60	61	84	73	87	143	181	228	164	0	0	11	19	239	131	34	222	11	21	35	29	9	9	8	9	15	15	19	25	129	110	116	133	260	317	316	277	457	654	532	629	72	69	34	98	55	79	59	39	78	48	8	110	127	126	131	14	17	22	17	171	159	163	126
OTU_84	141	89	104	62	97	126	88	54	1454	114	246	177	201	169	172	185	154	132	163	453	172	10	5	0	0	0	0	0	0	33	118	69	57	85	114	84	92	141	154	158	140	97	60	74	78	137	149	162	122	218	193	103	223	248	126	203	220	197	88	165	122	215	198	121	116	191	191	194	50	93	245	81	129	112	93	124
OTU_85	111	79	68	24	50	36	24	18	0	0	0	0	5	8	0	0	0	0	0	0	0	0	8	10	0	0	0	0	0	0	0	4	0	1178	1350	1309	1222	439	376	367	476	16	0	0	0	47	62	49	49	0	0	0	0	45	166	114	143	129	81	72	139	71	90	95	0	7	0	0	867	1002	1450	880	4	0	0	0
OTU_86	65	110	102	64	103	23	70	93	12	47	38	25	95	88	90	115	96	87	67	62	57	0	0	9	10	0	0	0	0	198	204	200	147	141	118	109	106	172	170	191	151	8	51	46	46	403	385	352	333	66	103	79	76	77	515	563	475	345	72	57	42	47	128	82	148	144	102	138	176	204	217	238	114	137	89	68
OTU_87	305	351	377	262	99	153	156	102	611	342	510	464	130	188	163	185	206	562	643	637	548	99	60	64	37	686	521	484	548	50	28	34	67	41	15	16	28	0	0	0	0	39	14	14	9	0	19	21	25	29	56	48	20	0	0	0	17	18	109	149	96	69	90	181	194	233	308	253	0	0	0	0	25	22	21	13
OTU_88	13	0	0	0	0	0	3	0	0	0	0	0	0	0	0	0	0	0	0	0	0	0	5	9	0	0	0	0	0	7	0	11	0	1573	1587	1520	1451	96	71	45	90	0	0	0	0	1087	1292	1334	1377	39	0	5	0	12	33	42	34	30	0	3	22	19	7	38	0	0	12	0	51	62	79	59	0	0	0	0
OTU_89	0	0	0	8	12	12	6	0	430	5	0	0	155	61	200	66	47	0	0	0	13	0	14	0	0	0	0	30	0	0	0	0	0	0	0	0	3	0	0	0	0	0	0	5	0	0	0	0	0	0	0	0	0	22	9	0	19	6	186	48	5	0	0	8	0	0	3	8	4	8	0	0	8	0	0	0
OTU_90	284	353	299	220	167	183	233	203	126	121	158	227	86	57	23	16	20	17	16	21	7	16	13	23	27	180	116	161	170	14	24	20	26	122	121	217	129	16	29	14	34	13	21	12	25	4	5	6	11	19	0	0	3	441	0	0	0	0	80	151	138	163	138	112	8	22	20	16	6	4	27	23	0	0	19	0
OTU_91	12	60	5	42	68	94	111	64	82	87	93	118	125	151	128	182	96	151	154	148	159	66	33	45	46	415	270	352	263	268	296	251	259	17	0	0	0	4	5	0	0	176	137	141	138	10	10	25	6	139	94	118	128	13	11	0	10	0	10	11	32	0	17	17	112	103	110	89	12	0	36	0	172	145	161	188
OTU_92	0	0	0	7	0	0	16	0	58	8	0	0	38	23	90	78	24	0	0	0	0	0	0	0	0	0	0	0	0	0	0	0	0	0	0	0	0	0	0	0	0	0	0	0	0	0	0	0	0	0	0	0	0	48	0	0	15	11	38	36	7	11	0	0	0	0	0	0	0	0	0	0	0	0	0	0
OTU_93	43	89	0	36	136	118	108	86	50	94	69	70	100	166	113	135	120	265	123	111	148	46	35	37	9	15	92	31	32	187	161	217	178	34	11	6	5	20	0	15	0	192	225	103	229	67	58	95	36	157	172	206	184	37	93	68	85	25	85	52	45	0	34	27	193	246	126	206	50	21	24	5	290	294	254	230
OTU_94	29	54	30	32	141	831	286	588	274	34	7	24	61	39	66	28	23	13	0	12	22	0	0	0	0	0	0	0	0	0	0	0	0	0	0	0	0	12	6	0	178	0	0	26	2	0	0	0	4	5	4	0	0	39	7	44	20	16	94	20	230	427	151	268	46	30	49	33	4	7	0	0	4	0	0	0
OTU_95	101	55	49	58	53	7	46	28	15	44	23	23	75	84	74	101	114	95	58	89	112	7	9	10	0	0	0	7	0	48	21	40	25	50	70	91	104	246	293	201	87	20	19	7	17	346	303	267	294	3	20	20	5	91	325	393	363	342	56	20	42	62	82	92	152	178	91	110	363	487	252	595	32	54	53	28
OTU_96	9	59	6	0	8	0	8	9	6	10	6	18	0	22	11	4	19	5	11	11	0	877	469	606	1100	305	1148	733	331	17	14	28	22	38	31	29	62	34	17	7	3	77	67	62	30	17	26	9	7	38	46	37	66	6	37	7	10	20	16	18	5	0	0	11	18	21	21	33	145	0	16	32	116	216	162	140
OTU_97	32	7	39	6	0	12	7	31	62	6	8	1	7	11	8	9	1	37	24	21	79	449	314	664	471	1107	231	507	430	715	686	61	60	68	14	66	33	336	37	60	419	96	5	266	20	147	27	8	4	19	22	54	24	12	0	0	0	0	0	14	162	105	20	41	21	7	0	4	28	36	17	14	30	41	11	11
OTU_98	78	49	94	46	70	76	82	105	22	42	26	43	31	45	0	17	9	19	13	0	0	53	67	33	38	0	0	0	0	0	3	0	0	135	170	153	165	312	301	365	274	4	8	5	0	293	349	334	414	0	2	0	11	105	179	195	205	210	81	63	125	145	222	155	2	9	14	17	276	464	340	480	0	0	0	3
OTU_99	89	44	60	62	72	14	49	27	22	25	16	31	13	14	10	4	0	13	0	0	9	0	8	4	9	0	0	0	0	11	0	4	0	94	129	110	198	380	430	295	376	0	4	0	4	214	241	237	218	43	14	15	17	89	451	549	415	273	77	46	112	19	131	109	21	7	7	11	361	376	352	509	8	19	10	18
OTU_100	22	43	11	0	6	15	15	14	178	187	218	158	31	25	99	112	105	17	12	39	17	0	0	0	0	0	0	0	0	196	255	208	259	28	0	0	0	0	0	0	0	0	18	7	6	7	4	0	0	115	80	159	95	0	0	0	0	13	0	0	4	0	4	0	6	13	26	6	0	0	0	0	10	0	10	3
OTU_101	45	40	6	4	72	67	134	87	33	203	97	111	199	235	111	257	134	204	181	75	207	13	46	40	46	71	97	74	61	205	142	145	127	35	3	0	0	14	10	10	20	42	15	18	23	23	21	17	6	66	13	27	28	15	18	0	21	15	22	22	24	0	17	39	403	409	333	414	23	25	17	33	80	92	98	109
OTU_102	177	135	188	174	111	198	177	123	8	4	0	10	53	61	16	11	6	0	0	0	0	0	13	30	15	13	7	7	13	12	7	4	14	303	260	431	252	29	31	41	99	0	0	13	32	114	236	246	217	58	89	34	45	39	75	80	80	118	107	207	19	10	29	71	0	6	0	0	13	8	48	0	0	0	0	0
OTU_103	18	46	23	30	81	51	58	73	82	98	70	67	92	112	86	156	120	235	139	105	116	23	33	12	25	44	96	74	116	321	232	369	250	101	13	11	11	27	20	19	6	19	30	21	15	21	52	39	50	53	31	40	29	18	29	20	22	27	68	31	2	8	31	42	204	216	171	253	36	23	0	16	30	43	16	48
OTU_104	54	44	50	38	72	58	48	71	46	24	43	42	67	42	35	35	34	18	18	0	38	224	189	217	208	65	37	98	89	57	54	35	58	9	0	0	0	4	0	5	0	293	283	178	225	0	7	12	9	107	152	145	235	55	33	0	0	12	50	53	73	60	42	77	17	44	37	23	52	26	0	21	326	252	198	281
OTU_105	73	18	52	62	43	84	111	55	12	3	7	0	6	17	9	6	11	16	19	19	17	0	0	0	0	0	0	0	0	33	29	25	40	54	53	60	36	13	0	1	6	113	101	103	57	9	8	6	0	197	131	246	198	50	15	28	22	28	111	119	103	92	97	167	17	11	14	15	18	0	5	0	148	90	68	155
OTU_106	71	58	89	93	88	140	134	117	14	0	0	18	36	53	14	4	5	0	4	0	0	0	6	11	16	14	0	30	4	3	0	0	0	70	94	168	83	167	219	335	163	15	15	12	15	37	200	132	122	53	32	30	53	110	69	99	145	168	60	80	61	235	70	71	0	8	3	0	147	125	83	180	20	24	35	38
OTU_107	19	36	20	27	50	30	39	37	36	46	47	40	56	32	19	22	20	64	46	25	60	237	338	225	273	276	350	291	317	46	33	43	41	371	468	408	398	47	80	61	21	21	17	15	22	126	97	118	107	13	4	10	6	51	20	0	21	13	13	13	54	8	45	43	46	77	42	52	35	47	31	50	5	0	11	8
OTU_108	7	29	0	0	44	31	28	33	0	0	0	0	11	6	0	0	0	0	0	0	0	0	6	9	5	0	0	0	0	0	0	0	0	67	74	80	79	483	416	645	563	3	0	0	0	189	263	375	302	5	0	0	0	112	148	277	221	188	4	0	80	77	62	98	0	0	0	0	232	284	365	393	11	0	0	0
OTU_109	0	0	7	0	40	4	6	23	91	282	62	122	39	67	118	199	165	324	293	169	76	20	23	16	11	34	98	100	54	441	272	538	301	74	8	0	0	8	16	10	0	7	6	0	3	0	0	0	0	10	6	0	0	15	24	38	24	34	6	0	0	0	9	0	289	257	286	281	19	5	17	7	0	0	0	0
OTU_110	103	98	166	140	64	115	110	78	45	25	38	24	26	38	12	16	24	20	13	11	28	36	101	111	110	32	37	34	47	0	0	0	0	168	243	252	215	114	132	136	84	8	6	7	0	229	197	203	160	3	0	3	5	172	64	46	58	110	50	43	133	181	148	137	7	15	10	16	75	80	89	65	5	0	7	4
OTU_111	167	105	161	177	76	53	32	58	0	8	0	0	14	8	0	0	0	4	0	0	0	115	85	79	121	85	68	53	105	30	24	20	12	60	30	41	40	69	33	27	21	35	31	50	15	96	70	98	117	41	28	52	49	42	93	101	91	88	63	72	0	67	18	0	5	0	0	9	46	77	0	53	35	14	30	14
OTU_112	0	0	0	0	4	0	15	7	0	2	0	0	0	0	0	0	0	0	0	0	0	73	0	0	0	0	0	0	0	0	0	0	0	66	72	50	71	654	716	779	254	0	4	0	0	169	118	166	183	2	0	0	0	19	88	112	127	129	0	0	9	0	22	0	0	3	0	0	506	786	414	663	2	16	0	0
OTU_113	0	11	0	0	0	0	0	0	0	14	16	34	22	30	22	22	26	67	114	0	0	0	0	0	0	34	13	14	34	117	116	124	144	27	9	14	19	16	5	17	0	271	352	262	244	7	10	12	7	206	160	114	176	15	40	62	53	36	7	12	0	0	0	0	65	117	91	119	90	0	0	5	208	247	350	361
OTU_114	123	140	152	206	44	66	46	53	7	15	7	8	36	21	15	17	11	33	19	22	47	0	0	0	0	0	0	0	0	4	3	7	0	49	39	57	53	43	45	50	42	27	16	6	6	150	128	148	138	98	40	101	59	140	93	93	144	142	105	128	70	162	107	77	20	21	51	24	52	26	35	42	96	26	68	34
OTU_115	17	60	8	11	0	6	0	5	48	75	71	52	5	0	10	4	23	8	0	0	0	0	7	13	0	0	0	0	0	0	0	0	0	88	64	71	56	356	395	348	426	24	9	9	10	109	80	80	110	21	9	0	12	44	221	126	172	158	20	11	19	36	17	35	7	0	3	6	419	553	542	540	22	26	9	0
OTU_116	64	52	52	67	50	40	19	60	5	5	10	7	31	20	10	18	19	27	49	35	26	0	0	0	0	0	0	0	0	33	61	43	58	36	24	18	38	8	11	12	15	23	39	24	19	106	78	91	102	67	77	74	58	23	113	80	111	62	78	130	6	17	23	9	37	57	24	24	16	3	0	11	52	57	58	41
OTU_117	4	0	13	21	13	12	22	19	53	183	138	139	91	47	158	174	138	36	58	19	25	0	0	0	0	0	0	0	0	313	371	349	420	54	3	12	4	4	15	18	11	25	34	21	21	63	31	30	26	14	30	44	23	0	37	56	45	33	3	0	9	0	0	0	71	86	57	61	35	42	34	9	52	31	38	26
OTU_118	61	76	48	18	193	59	83	56	0	13	5	0	0	9	0	0	0	0	0	0	0	373	220	87	99	0	0	0	0	0	0	0	0	144	216	176	232	129	145	168	146	0	0	0	0	71	40	28	25	0	0	0	0	102	166	69	68	77	65	7	368	118	321	351	0	0	0	0	145	181	182	272	0	0	0	0
OTU_119	29	39	38	29	76	96	114	87	37	42	37	25	52	50	21	26	38	38	17	21	20	178	189	233	192	43	50	80	78	110	80	96	133	53	24	50	42	1	11	10	7	54	39	20	17	136	153	168	172	35	66	48	57	0	11	74	23	33	40	43	0	0	22	40	47	19	18	23	14	6	0	4	42	21	31	0
OTU_120	0	0	0	0	0	0	0	0	44	0	0	0	77	37	92	71	46	0	0	0	0	0	0	0	0	0	0	0	0	0	0	0	0	0	0	0	0	0	0	0	0	0	0	0	0	0	0	0	0	0	0	0	0	0	0	0	0	0	0	0	0	0	0	0	0	0	0	0	0	0	0	0	0	0	0	0
OTU_121	69	81	30	15	244	122	88	104	0	42	10	15	0	17	0	0	0	9	27	12	4	752	494	215	372	22	80	14	16	0	0	0	0	48	95	74	73	43	62	52	29	0	0	0	0	43	35	36	30	0	0	0	0	60	75	0	44	48	136	60	350	152	229	221	31	21	19	16	41	71	55	93	0	0	0	0
OTU_122	20	17	31	10	46	65	32	35	152	23	0	9	124	48	33	39	11	13	27	0	0	0	0	0	0	0	0	15	0	0	0	0	0	0	0	0	0	26	21	11	91	5	0	64	14	0	0	4	0	0	0	0	0	0	22	19	22	12	178	15	107	156	40	37	4	24	73	48	4	23	0	15	0	12	4	11
OTU_123	6	0	2	3	10	13	0	8	0	0	0	0	0	0	0	3	0	0	0	0	0	43	0	0	0	0	0	0	0	0	0	0	0	39	41	50	41	423	390	463	440	3	3	0	0	157	222	180	248	19	4	0	0	45	190	227	209	210	0	0	4	50	15	0	0	2	0	0	372	442	336	369	6	0	0	0
OTU_124	25	6	0	11	54	22	28	21	0	0	0	5	0	2	0	0	0	0	0	0	0	16	9	0	8	0	0	0	0	0	0	0	0	177	244	169	277	207	397	287	146	0	0	0	0	89	109	69	128	6	0	0	0	41	133	65	123	160	46	44	89	70	174	155	0	0	0	0	241	293	268	219	0	0	0	0
OTU_125	0	0	0	0	59	9	39	47	33	587	47	66	22	14	45	43	29	139	145	26	12	112	122	66	106	146	768	411	110	183	61	264	79	24	0	0	0	0	0	0	0	0	0	0	0	0	0	0	0	0	0	0	0	0	0	0	0	0	0	0	0	0	0	0	193	257	130	201	0	0	0	0	0	0	0	0
OTU_126	0	0	0	0	7	0	10	0	608	96	166	148	5	18	138	107	109	7	23	17	6	0	21	27	45	801	672	961	807	0	0	2	4	0	0	0	0	0	0	3	0	0	0	3	0	0	0	0	0	0	5	0	0	0	0	0	0	0	0	0	0	0	0	0	7	14	9	0	9	0	0	0	0	0	0	0
OTU_127	75	79	141	107	44	27	73	54	10	0	18	0	21	24	4	0	0	5	0	0	16	73	47	54	59	13	43	37	35	0	0	0	17	131	120	185	163	100	59	113	154	39	20	53	66	87	115	139	133	108	72	62	66	35	60	59	54	58	14	51	63	57	92	99	0	0	0	0	57	47	83	81	18	83	56	32
OTU_128	9	0	4	54	65	7	40	72	26	32	36	47	51	61	36	43	27	47	24	17	22	66	61	92	61	163	280	231	209	84	73	62	63	17	9	7	7	18	13	10	0	29	68	32	43	183	130	116	101	31	31	61	61	18	40	51	58	49	9	5	18	77	31	39	51	40	36	42	35	0	0	0	44	67	63	35
OTU_129	45	79	58	0	69	31	19	55	3	61	15	62	67	93	38	52	40	86	167	24	10	76	76	71	82	352	240	94	226	43	31	57	60	19	8	0	5	3	33	8	33	62	56	15	22	0	0	0	0	0	0	0	4	92	9	19	14	11	102	132	29	13	35	9	106	181	117	117	35	23	30	22	16	14	36	21
OTU_130	55	39	19	35	52	43	32	38	8	12	8	0	10	9	0	0	0	0	0	7	0	16	9	0	12	0	9	14	18	0	0	0	0	133	132	153	148	25	43	52	21	0	0	0	0	0	0	0	0	0	0	0	0	250	0	0	0	0	177	74	302	203	259	279	0	0	0	0	62	52	12	55	0	0	0	0
OTU_131	69	27	73	51	0	39	19	44	55	13	10	10	55	13	13	26	9	44	0	29	173	73	27	54	54	40	6	24	20	61	38	7	0	0	16	24	12	364	29	48	449	57	12	21	24	39	18	23	0	0	0	28	16	22	0	0	6	0	13	23	138	166	71	163	77	8	15	17	11	7	0	28	32	10	17	0
OTU_132	91	92	37	41	389	104	179	226	0	0	0	9	25	46	0	0	5	0	0	0	0	59	48	19	26	0	22	6	17	0	0	0	0	0	0	0	0	44	55	24	31	0	0	0	0	49	34	46	37	0	0	0	0	44	0	0	0	0	52	28	604	296	359	494	0	0	0	0	64	51	62	66	0	0	0	0
OTU_133	11	26	18	7	11	14	7	12	27	0	0	5	4	3	0	4	6	8	0	19	0	13	0	0	6	0	5	0	0	5	5	12	7	0	0	0	0	0	18	5	0	0	0	9	0	0	4	4	0	0	0	10	7	0	5	0	0	7	12	24	6	38	10	0	5	7	5	5	4	0	15	18	0	7	9	0
OTU_134	9	11	13	0	27	15	20	9	0	0	0	0	2	0	0	0	0	0	0	0	0	10	0	0	0	0	0	0	0	0	0	0	0	53	65	47	110	225	285	266	169	3	3	0	3	123	110	100	107	16	9	4	0	23	208	224	254	163	8	12	23	20	13	23	7	4	0	0	254	279	188	208	14	16	10	8
OTU_135	111	148	39	17	315	190	298	461	0	6	0	0	58	60	0	0	3	0	0	0	0	0	20	20	20	0	13	6	6	0	0	0	0	0	0	0	5	105	16	37	10	0	0	0	0	0	0	0	0	0	0	0	0	85	0	0	0	0	26	21	403	437	217	265	0	0	5	0	17	17	17	26	0	0	0	0
OTU_137	42	32	17	21	25	7	8	12	0	6	0	0	0	10	0	0	5	0	0	6	7	0	0	0	0	0	0	0	0	3	0	5	0	69	132	68	139	166	87	111	92	0	0	0	0	94	69	100	101	0	0	0	0	34	163	170	125	128	27	12	120	99	100	102	8	5	0	0	192	186	241	331	0	0	0	0
OTU_138	29	37	24	24	93	43	68	107	0	11	13	13	27	41	3	0	8	4	16	15	0	0	5	0	0	0	0	10	0	8	17	6	18	172	173	140	128	68	82	100	50	0	0	0	0	76	61	67	65	0	0	0	0	137	0	0	0	0	102	184	80	49	45	101	21	16	16	17	66	71	121	86	0	0	0	0
OTU_139	12	0	0	0	7	5	0	0	0	0	0	0	2	0	0	0	0	0	0	0	0	0	0	0	0	0	0	0	0	0	0	0	0	75	103	64	88	419	275	350	314	5	0	0	0	14	34	16	37	0	0	0	0	16	29	42	64	26	0	0	5	27	24	12	0	1	0	0	281	286	404	314	5	0	0	0
OTU_140	0	17	0	0	0	0	0	9	49	140	122	142	4	24	32	49	40	291	210	83	70	0	0	0	10	15	0	14	33	17	10	19	26	6	0	0	0	0	0	0	0	0	0	0	0	0	0	0	0	0	0	0	0	0	0	0	0	0	7	0	0	0	0	9	224	234	173	228	0	0	0	0	0	0	0	0
OTU_141	0	33	0	9	4	4	0	4	2	0	0	0	5	0	0	0	0	0	0	0	0	0	0	0	0	0	0	0	0	0	0	0	0	34	22	23	17	243	202	315	128	0	0	0	0	132	112	110	112	0	0	0	0	42	199	157	166	171	0	10	59	0	56	35	0	0	0	2	214	259	113	247	0	0	0	4
OTU_142	11	0	0	19	13	0	14	4	0	0	0	0	0	0	0	0	0	0	5	0	23	0	0	0	0	0	0	0	0	0	0	0	0	45	72	89	70	194	200	252	232	4	0	0	0	56	81	72	60	4	0	0	0	28	68	103	136	92	0	0	22	50	0	29	3	0	4	4	207	239	328	259	0	7	0	0
OTU_143	38	13	11	9	18	49	54	27	60	46	39	29	0	15	14	8	15	0	0	0	0	0	0	0	0	0	0	0	0	21	52	27	53	36	16	15	24	10	0	0	0	0	0	11	9	94	59	104	90	44	72	63	38	0	31	31	32	26	13	26	7	12	0	0	0	0	0	0	0	0	28	10	5	0	0	0
OTU_144	2	27	34	0	0	7	3	14	59	0	0	0	17	13	4	3	0	17	9	33	26	69	48	102	60	276	91	168	89	152	151	31	7	54	38	62	34	97	44	31	65	59	0	9	11	149	22	29	6	54	14	51	32	0	0	0	0	0	6	0	70	51	28	20	3	0	0	0	9	5	19	4	5	5	6	12
OTU_145	28	35	15	17	25	8	17	7	0	0	0	0	0	0	0	0	0	0	0	0	0	40	51	103	53	0	0	29	6	0	0	0	0	102	152	88	128	12	13	14	48	0	7	0	5	66	37	75	40	0	14	9	9	31	108	125	128	137	7	15	29	0	0	23	6	0	0	0	52	65	83	30	13	16	9	6
OTU_146	12	27	0	24	97	61	71	103	0	0	0	0	16	15	0	4	0	6	0	0	0	0	27	25	23	0	5	0	12	0	0	0	0	72	88	73	163	49	74	35	38	0	0	0	0	126	81	77	96	19	10	23	20	15	13	0	4	12	16	17	129	105	81	119	0	0	3	2	39	65	79	71	0	0	0	0
OTU_147	0	0	7	0	6	0	6	2	0	0	0	0	0	0	0	0	0	0	0	0	0	10	0	0	0	0	0	0	0	0	0	0	0	42	113	51	87	229	249	111	82	0	0	0	0	47	42	44	40	0	0	0	0	16	164	158	130	78	0	6	32	6	70	34	0	0	0	0	249	253	365	434	0	0	0	0
OTU_148	9	0	0	0	8	7	15	10	18	42	35	24	9	0	24	23	21	186	163	111	67	0	0	0	0	0	0	0	0	148	81	121	137	7	0	0	0	0	0	0	0	0	0	0	0	0	0	0	0	8	0	0	0	0	0	0	0	0	14	9	0	0	4	0	96	151	139	123	0	0	0	0	0	0	0	0
OTU_149	13	37	7	0	59	29	46	36	32	38	39	34	39	16	15	16	19	21	10	21	26	162	128	93	155	59	120	74	90	141	123	100	81	20	0	0	0	0	0	0	0	14	7	9	11	27	35	22	29	5	4	7	0	35	0	0	7	0	22	4	29	14	126	79	31	37	27	35	4	6	0	0	6	0	19	17
OTU_150	15	18	15	28	23	0	14	26	0	0	6	0	29	18	13	20	0	0	12	14	13	0	1	0	2	0	0	0	5	22	17	22	14	19	30	32	34	41	51	50	22	0	0	8	0	166	142	149	123	5	17	7	17	26	106	159	132	97	0	32	23	29	29	11	32	46	23	18	31	65	27	51	4	12	20	9
OTU_151	115	77	0	82	147	47	123	89	0	0	0	0	18	18	0	7	0	0	11	0	0	0	0	0	0	0	0	0	0	0	0	0	0	24	0	16	28	11	13	18	12	0	0	0	0	9	0	0	0	0	0	0	0	203	0	0	0	0	12	28	236	497	411	213	0	0	0	0	6	21	0	0	0	0	0	0
OTU_152	140	78	71	47	107	115	119	103	0	0	0	0	7	7	0	8	0	0	0	0	0	23	0	4	0	0	0	0	0	0	0	0	0	0	0	0	0	4	0	7	4	0	0	0	0	3	0	0	0	0	0	0	0	57	0	0	0	0	0	28	173	270	179	343	0	4	0	0	0	0	0	10	0	0	0	0
OTU_153	5	0	0	0	0	0	0	0	0	0	0	0	0	0	0	0	0	0	0	0	0	0	0	0	0	0	0	0	0	0	0	0	0	70	41	30	33	361	327	303	107	0	0	0	0	87	68	87	84	0	2	0	0	0	57	43	41	73	3	5	5	0	0	0	0	0	0	0	261	344	188	340	0	0	0	0
OTU_154	8	20	0	0	14	0	4	0	32	22	21	22	35	33	40	49	33	66	88	60	73	0	0	0	0	0	0	0	0	22	31	20	21	5	0	3	0	8	6	25	10	56	57	43	64	7	6	3	0	95	73	87	69	10	29	8	9	7	12	28	0	0	0	0	61	72	60	53	25	12	27	20	38	35	50	69
OTU_155	9	0	0	0	0	36	25	8	126	81	108	100	36	46	95	81	66	35	43	44	42	0	4	0	12	32	20	51	18	53	78	83	138	1	0	0	0	0	11	0	0	33	16	39	19	0	0	0	0	11	10	10	22	0	0	0	0	0	0	0	0	0	0	0	32	33	29	46	0	0	0	0	6	0	0	19
OTU_156	24	54	32	15	78	41	82	78	46	103	63	153	288	415	219	264	197	26	61	0	0	0	0	0	0	0	0	0	0	12	23	8	21	0	0	0	0	2	10	14	2	0	0	0	0	0	0	0	0	0	0	0	0	39	22	11	5	5	17	18	0	0	0	0	16	7	23	13	9	0	0	0	0	0	0	0
OTU_157	0	0	21	12	0	5	0	17	46	13	0	6	10	6	0	15	6	18	5	11	77	0	35	42	38	139	42	132	53	162	80	13	12	11	13	35	8	163	26	27	54	41	0	16	8	87	33	9	5	28	6	34	5	0	0	0	0	0	0	0	49	61	13	38	32	0	0	4	11	7	15	25	0	0	0	0
OTU_158	20	0	0	0	0	0	0	0	0	0	0	0	0	0	0	0	0	0	0	0	0	10	0	0	7	0	0	0	0	0	0	0	0	55	52	71	57	276	205	199	324	0	0	0	0	26	15	16	17	0	0	0	0	7	64	57	53	24	0	0	34	0	46	0	0	0	0	0	192	244	176	298	0	0	0	0
OTU_159	0	0	0	0	14	0	0	6	0	0	0	0	0	0	0	0	0	0	0	0	0	0	0	0	0	0	0	0	0	0	0	0	0	54	49	30	70	242	183	143	34	0	0	0	0	89	35	49	49	0	0	0	0	7	148	124	128	92	0	0	12	0	0	3	0	0	0	0	240	329	260	328	3	0	4	0
OTU_160	12	52	0	53	39	0	0	0	8	0	24	51	58	42	19	19	10	17	0	18	0	0	0	0	0	0	0	0	0	9	0	9	14	74	85	65	52	59	74	43	90	0	0	0	0	0	50	125	79	0	0	0	0	0	0	0	0	0	39	43	44	53	0	0	17	32	31	16	59	88	79	70	0	0	0	0
OTU_161	45	0	34	17	43	115	71	47	89	37	45	25	50	30	17	12	17	6	4	15	0	23	23	57	31	143	100	161	134	2	0	2	7	5	0	0	0	27	11	23	36	0	0	0	0	104	226	147	161	11	0	0	0	0	0	0	0	8	12	24	32	16	12	34	0	2	5	0	20	23	0	26	0	0	0	0
OTU_162	25	55	54	0	20	9	24	24	0	0	0	6	19	35	0	0	0	48	32	10	0	224	195	181	193	46	275	170	103	7	14	16	8	4	0	0	0	0	0	0	0	14	20	16	21	0	0	0	0	0	14	6	11	19	0	0	2	0	83	70	64	47	36	22	26	51	26	47	12	0	0	3	20	45	48	35
OTU_163	45	0	0	10	18	0	15	7	0	0	0	0	0	4	0	0	0	0	0	6	0	0	0	0	0	0	0	0	0	0	0	0	0	29	24	24	27	123	200	129	110	0	0	0	0	193	151	185	147	0	0	0	0	19	173	141	93	111	5	10	0	0	0	12	0	7	10	0	134	193	160	57	0	0	0	0
OTU_164	10	15	4	14	23	10	23	16	0	12	0	10	12	21	20	0	5	8	4	0	0	0	0	0	0	0	0	0	0	5	0	0	0	9	12	11	8	86	73	86	16	0	0	0	0	97	91	63	108	0	0	0	6	54	126	149	135	141	22	13	49	89	68	36	12	14	13	20	56	77	70	95	18	12	4	0
OTU_165	16	6	0	15	6	5	17	10	0	0	0	0	0	0	0	0	0	0	0	0	0	20	25	13	14	0	0	0	0	0	0	0	0	216	179	148	146	157	137	131	162	0	0	0	2	61	52	55	82	0	0	0	0	28	46	49	42	34	0	0	35	50	0	20	0	0	0	0	115	112	54	122	0	0	0	0
OTU_166	29	19	63	30	15	16	16	12	20	24	25	29	43	53	24	18	11	3	0	0	0	145	146	252	263	330	123	131	173	0	0	0	0	0	0	1	0	5	0	7	0	15	18	16	16	3	0	0	2	0	0	0	14	6	2	0	0	0	0	5	25	26	22	16	4	6	0	0	2	0	9	1	7	16	0	7
OTU_167	0	14	32	7	8	4	0	11	22	7	14	5	30	15	215	119	51	10	24	15	0	0	0	0	0	0	0	46	0	4	0	0	35	0	0	0	0	11	0	6	34	0	0	0	0	0	0	0	0	0	0	0	0	15	0	0	7	0	11	22	23	78	0	28	5	14	6	0	5	0	0	6	24	0	27	17
OTU_168	4	0	15	26	0	2	2	0	0	0	0	3	0	4	0	0	0	0	0	0	0	0	0	0	8	0	0	0	0	0	0	0	0	47	53	59	58	142	154	148	110	7	0	0	1	100	52	79	32	0	0	2	0	35	91	91	75	44	9	0	10	17	20	16	0	0	0	2	145	200	200	242	0	0	0	0
OTU_169	73	147	41	80	82	131	103	140	59	7	11	0	15	29	0	0	5	0	0	0	0	0	9	16	4	8	5	5	3	0	0	0	0	20	10	23	21	105	52	59	68	9	0	0	0	17	22	18	40	0	0	0	0	57	0	5	0	2	7	6	91	167	107	141	0	0	0	0	9	14	40	32	0	0	0	0
OTU_170	66	84	67	46	8	12	26	21	0	0	0	0	15	10	0	5	0	0	0	0	0	0	34	16	16	0	0	0	0	4	0	3	0	19	1	1	0	4	4	0	0	0	0	0	0	0	4	4	0	4	2	0	0	4	22	13	4	15	78	88	51	60	30	11	0	0	0	0	0	0	0	0	0	0	0	6
OTU_171	0	0	0	0	0	0	0	0	0	0	0	0	0	0	0	0	0	0	0	0	0	0	0	0	0	0	0	0	0	0	0	0	0	0	0	0	0	0	0	0	0	253	205	190	162	0	0	0	0	96	102	60	129	0	0	0	0	0	0	0	0	0	0	0	0	3	10	0	49	0	0	0	137	185	270	169
OTU_172	16	37	15	20	19	36	12	14	0	11	14	0	28	16	9	9	0	0	0	0	0	122	271	527	439	62	46	67	67	0	0	0	0	0	0	5	0	18	22	10	5	10	0	4	12	7	4	7	12	0	0	12	0	20	0	0	4	6	0	12	12	0	12	12	0	0	0	0	15	0	0	0	0	0	7	5
OTU_173	0	0	0	0	0	0	0	0	0	0	0	0	0	0	0	0	0	0	0	0	0	0	0	0	0	0	0	0	0	0	0	0	0	10	21	9	39	180	209	231	66	0	0	0	0	11	16	7	10	0	0	0	0	0	40	32	26	21	0	0	0	0	0	0	0	0	0	0	198	272	426	419	4	0	0	0
OTU_174	7	0	0	0	0	0	0	5	0	0	0	0	0	0	0	0	0	0	0	0	0	0	0	0	0	0	0	0	0	0	0	0	0	16	20	43	23	264	189	293	312	0	0	0	0	0	27	15	26	4	4	0	0	0	29	20	37	36	0	0	16	0	0	0	0	0	0	0	168	129	272	163	0	7	0	0
OTU_175	4	11	0	0	17	12	0	5	0	3	0	0	0	0	0	3	0	0	0	0	0	0	0	0	0	0	0	0	0	0	0	0	0	28	20	27	42	105	155	142	57	0	0	0	0	69	90	119	115	0	0	0	0	32	73	146	137	127	6	0	41	0	23	31	3	0	0	0	106	128	46	157	0	0	0	0
OTU_176	0	33	7	5	0	0	8	0	0	0	4	0	4	0	0	0	0	8	16	46	7	0	11	0	6	0	5	0	3	19	0	23	39	11	3	5	8	4	3	5	15	20	40	25	36	66	68	75	60	29	11	21	0	12	0	0	0	0	8	18	8	0	8	20	20	14	19	21	5	11	17	10	46	17	33	59
OTU_177	34	9	40	48	33	72	26	33	48	40	45	30	18	39	25	28	34	9	0	7	19	0	0	0	0	0	0	0	0	26	21	23	21	42	15	12	18	6	7	6	7	0	0	4	0	44	57	55	29	7	10	22	33	19	124	69	58	39	26	16	14	6	20	14	0	11	7	5	0	5	15	8	0	3	4	0
OTU_178	11	0	0	16	7	0	0	46	70	5	0	2	13	0	2	8	2	7	0	8	33	92	42	103	44	134	36	84	53	170	142	18	7	10	11	23	9	88	27	25	98	77	19	35	26	77	4	0	0	6	7	19	19	0	0	0	3	2	25	9	19	0	13	12	6	7	0	0	0	14	0	11	12	9	5	0
OTU_179	0	26	0	0	0	0	0	0	94	5	10	12	0	0	0	0	0	4	0	0	6	0	0	0	0	0	6	0	0	0	0	0	0	0	0	0	0	0	0	0	0	61	111	97	72	0	0	0	0	209	166	592	165	0	0	0	0	0	0	0	0	0	0	0	0	6	0	3	0	0	0	0	187	9	188	19
OTU_180	0	0	0	0	0	0	0	0	0	0	0	0	0	0	0	0	0	0	0	0	0	0	0	0	0	0	0	0	0	0	0	0	0	383	436	471	439	59	30	53	57	6	0	0	0	0	0	0	0	0	0	0	0	0	0	2	2	6	0	0	0	0	0	0	0	0	0	0	92	36	27	52	0	0	0	0
OTU_181	28	19	30	17	13	12	14	9	0	4	0	11	12	43	5	12	5	14	19	14	0	23	12	30	34	8	13	29	11	0	14	0	8	11	0	18	8	25	17	28	47	12	9	4	8	4	6	3	11	12	28	22	27	18	0	11	18	6	18	32	29	27	17	10	3	0	5	6	30	19	47	18	0	14	11	9
OTU_182	11	0	0	5	8	12	14	1	3	4	7	4	4	9	4	3	1	3	6	0	6	0	0	0	0	0	1	3	0	6	3	3	0	36	52	30	27	112	131	172	164	0	0	1	1	76	61	66	64	10	0	0	0	20	46	62	39	56	5	0	0	16	29	3	4	1	0	1	143	107	214	101	0	0	0	0
OTU_183	7	0	3	4	0	12	43	11	87	42	87	90	93	69	72	73	54	19	1	24	25	16	6	18	18	102	43	53	108	26	73	35	45	0	0	0	3	1	0	6	7	0	18	9	9	1	1	0	1	0	4	4	9	1	2	1	1	0	0	4	4	3	0	0	7	16	0	16	0	0	0	0	3	16	0	2
OTU_184	45	41	16	17	10	17	0	23	69	119	133	165	0	10	58	53	37	96	74	57	80	0	29	44	32	159	77	126	157	0	0	0	0	0	0	0	0	0	0	0	0	0	0	0	0	0	0	0	0	0	0	0	0	0	0	0	0	0	0	0	0	0	0	0	14	39	42	58	0	0	0	0	0	0	0	0
OTU_185	0	0	0	0	94	0	37	50	14	27	12	0	30	21	0	17	9	15	0	0	0	956	573	277	355	28	116	54	0	0	0	0	0	0	0	0	0	0	0	0	0	0	0	0	0	0	0	0	0	0	0	0	0	0	0	0	0	0	0	0	0	0	37	49	0	0	0	0	0	0	0	0	0	0	0	0
OTU_186	4	0	8	10	18	8	0	11	3	0	0	9	9	11	4	0	3	2	6	29	9	0	8	0	10	0	6	15	0	0	7	5	10	0	6	0	0	4	9	7	0	7	3	0	10	0	5	9	6	0	10	0	0	26	0	0	5	0	7	8	0	0	0	0	0	3	0	0	0	7	0	8	3	0	0	0
OTU_187	6	9	0	0	3	0	3	6	0	0	0	0	0	0	0	0	0	0	0	0	0	0	0	3	0	0	0	0	0	0	0	0	0	27	24	30	28	126	169	204	217	0	0	5	0	16	16	9	15	13	0	0	0	12	71	111	58	88	0	0	0	0	15	0	0	0	0	0	151	123	137	177	0	12	0	0
OTU_189	14	0	0	3	10	13	16	19	0	6	10	6	12	0	0	3	5	0	0	0	0	0	0	4	0	0	0	0	0	0	0	5	0	12	14	12	20	45	113	75	45	0	0	0	0	69	29	68	40	0	2	0	0	13	181	141	136	170	3	11	13	7	14	10	3	10	5	4	63	117	83	138	0	0	0	4
OTU_190	0	0	0	0	0	0	0	0	0	0	0	0	0	0	0	0	0	0	0	0	0	0	0	0	0	0	0	0	0	0	0	0	0	27	42	32	32	214	205	235	64	0	0	0	0	57	47	46	39	0	0	0	2	7	37	34	63	43	0	0	0	0	17	10	0	0	0	0	120	173	156	137	0	0	0	0
OTU_191	8	16	3	28	16	39	40	29	0	16	14	34	4	13	14	12	16	7	0	0	0	20	33	53	87	37	76	111	103	34	33	52	62	17	6	8	6	0	0	0	0	0	6	3	0	7	13	0	11	13	8	7	4	0	0	0	6	0	12	12	16	20	17	4	0	2	0	3	0	12	9	0	4	5	0	2
OTU_192	0	0	0	0	3	0	6	9	8	9	17	14	17	23	17	19	13	71	61	51	32	0	0	0	0	0	0	0	4	89	94	97	74	10	3	0	0	0	0	0	0	5	6	0	14	0	0	0	6	12	0	10	11	0	7	0	10	11	0	0	0	0	0	0	105	112	102	120	6	10	0	0	16	7	0	18
OTU_193	0	0	0	0	0	0	0	0	0	0	0	0	0	0	0	0	0	0	0	0	12	0	0	0	0	0	0	0	0	0	0	0	0	365	365	555	449	5	5	4	5	0	7	10	0	0	0	0	0	4	7	0	0	0	0	0	7	0	0	0	0	0	0	0	0	0	0	0	0	0	0	0	2	5	0	2
OTU_194	0	0	0	3	0	1	4	8	53	0	4	8	0	8	6	0	0	5	6	10	9	0	0	0	0	0	0	11	43	0	5	0	13	0	8	0	0	4	0	8	0	0	0	20	30	0	0	3	5	0	22	14	45	0	0	0	0	0	0	21	0	22	0	19	0	17	29	10	15	11	0	0	11	0	19	6
OTU_195	11	11	7	11	0	12	5	6	10	0	0	10	4	0	0	0	0	16	0	0	0	30	15	8	13	9	11	34	28	67	24	0	7	0	14	0	5	47	4	3	12	12	0	19	8	7	0	0	0	0	0	0	0	0	0	0	0	0	3	18	10	67	29	23	0	0	4	8	10	6	38	0	0	21	0	0
OTU_196	0	0	0	0	5	13	2	18	9	32	26	30	55	62	88	96	67	49	57	29	28	0	0	0	0	0	0	7	0	104	88	79	78	26	0	0	0	0	0	0	0	0	6	6	11	11	3	12	9	17	0	0	0	0	0	0	0	0	0	7	0	0	0	0	45	60	42	54	0	0	0	0	0	12	0	0
OTU_197	7	0	0	3	0	0	0	6	0	0	0	0	0	0	0	0	0	29	32	7	0	0	4	5	0	0	0	0	0	6	0	3	0	61	31	35	38	62	81	106	110	34	15	12	2	60	69	86	77	12	4	0	7	0	0	15	5	0	0	0	4	19	0	37	0	0	0	0	82	65	46	74	12	0	28	10
OTU_198	11	0	0	9	0	4	0	0	24	23	27	48	4	14	17	12	5	25	23	42	39	0	0	13	4	43	20	49	25	3	14	4	7	0	0	0	0	0	0	0	0	16	12	19	37	6	2	4	5	49	49	50	61	0	0	4	5	0	0	10	8	0	0	0	28	11	28	9	0	0	17	0	25	10	30	26
OTU_199	0	0	8	6	0	0	0	0	0	0	0	0	53	26	16	12	10	0	0	0	0	0	0	0	0	0	0	0	0	0	0	0	0	3	0	0	0	0	0	0	0	0	0	0	0	0	0	0	0	0	0	0	0	0	0	0	12	12	63	9	0	36	0	0	0	0	0	0	0	0	0	6	0	0	0	0
OTU_200	0	0	0	0	8	0	11	8	0	0	0	0	0	0	0	0	0	0	0	7	0	0	0	0	0	0	0	0	0	0	0	0	0	64	35	71	53	145	154	152	146	0	0	0	0	27	39	31	16	15	0	5	6	28	55	19	30	32	0	0	0	0	8	0	0	0	0	0	72	118	73	60	0	0	0	10
OTU_201	10	0	13	0	25	7	5	26	0	24	12	22	11	7	6	0	8	6	0	4	7	0	0	0	0	0	0	0	0	0	0	0	0	6	10	0	17	47	91	54	45	0	0	5	4	43	38	52	46	4	4	0	7	15	51	33	54	48	0	0	46	0	45	28	3	7	16	9	36	113	100	94	0	3	0	0
OTU_202	0	0	0	0	11	5	0	0	2	0	0	0	0	0	43	71	8	0	0	0	0	0	8	12	0	163	210	374	402	19	0	0	0	0	0	5	5	0	3	8	0	0	0	0	0	0	0	0	0	0	0	0	0	0	0	0	10	0	9	4	13	0	7	2	0	0	0	0	0	0	0	4	0	0	0	0
OTU_203	42	25	17	9	4	18	0	17	39	13	22	25	12	12	0	10	10	12	0	14	0	0	0	0	0	0	0	0	0	0	0	0	0	20	13	10	12	35	25	23	36	5	0	0	0	97	91	92	111	0	0	0	5	20	58	54	53	25	21	8	11	35	25	12	24	27	11	5	18	16	28	7	0	0	0	0
OTU_204	0	0	0	0	6	0	0	5	0	0	2	0	0	0	0	0	0	0	0	0	0	0	8	0	0	0	0	0	0	0	0	0	0	51	24	17	20	118	83	154	88	0	0	0	0	59	61	79	47	0	0	5	0	20	46	63	74	44	0	5	14	10	0	0	0	0	0	0	37	109	109	93	0	0	0	0
OTU_205	0	10	4	7	25	19	16	4	10	22	20	12	50	26	43	40	48	10	15	37	0	0	0	0	0	0	0	0	0	28	19	32	20	10	0	0	0	12	0	4	0	0	0	4	0	13	10	11	14	0	0	0	5	0	13	12	22	16	9	4	12	22	11	11	57	40	33	53	13	16	8	12	17	0	6	0
OTU_206	0	0	0	0	0	5	0	0	13	4	0	0	0	15	14	5	7	0	0	0	0	0	0	0	0	0	0	5	0	0	0	0	3	0	0	0	0	0	0	6	35	0	0	17	0	0	0	0	0	0	0	0	0	7	0	0	7	0	13	24	6	56	6	4	0	0	0	0	0	0	0	0	0	0	0	0
OTU_207	0	0	0	0	0	0	0	0	0	0	0	0	7	0	0	0	0	0	0	0	0	53	11	28	41	416	205	462	270	5	0	0	0	0	0	0	0	0	0	0	0	0	0	0	0	0	0	0	0	0	0	0	0	0	0	0	0	0	0	0	0	0	0	0	0	0	0	0	0	0	0	0	0	0	0	0
OTU_208	10	10	21	29	17	6	23	19	0	4	4	6	8	4	0	0	0	0	0	0	0	0	0	4	0	0	0	0	0	0	0	0	0	0	0	0	5	38	12	17	11	10	14	0	9	104	81	74	82	0	0	9	0	18	31	22	29	22	13	28	77	53	67	68	0	0	0	0	28	26	0	4	13	14	0	13
OTU_209	0	0	0	0	4	0	0	0	0	0	0	0	0	0	0	0	0	0	0	0	0	0	0	0	0	0	0	0	0	0	0	0	0	13	20	16	35	130	127	73	38	0	0	0	0	16	15	16	14	0	0	0	0	0	35	36	32	17	0	0	0	0	0	0	0	0	0	0	168	185	148	219	5	0	0	0
OTU_210	0	0	0	0	0	0	0	0	0	0	0	0	0	0	0	0	0	0	0	0	0	0	0	0	0	0	0	0	0	0	0	0	0	7	8	18	14	151	149	170	66	0	0	0	0	0	0	6	0	0	0	0	0	0	20	46	31	16	0	0	0	0	0	0	0	0	0	0	199	148	113	176	0	0	0	0
OTU_211	19	38	73	13	38	77	46	32	94	16	42	29	49	35	11	6	15	0	0	15	4	16	23	54	30	157	95	111	123	0	0	0	0	3	0	0	0	0	0	0	0	0	0	0	0	0	0	0	0	0	0	0	0	0	0	0	0	0	0	0	10	54	4	4	2	0	0	0	0	0	0	0	0	0	0	0
OTU_212	0	0	0	0	0	0	0	0	0	0	0	0	0	0	0	0	0	0	0	0	0	0	0	0	0	0	0	0	0	0	0	0	0	22	19	27	24	83	103	161	143	0	0	0	0	30	14	16	22	0	0	0	0	0	40	23	11	11	0	0	0	12	0	0	0	0	0	0	96	119	133	158	3	0	0	0
OTU_213	16	29	0	0	0	0	0	0	0	0	0	0	0	0	0	0	0	0	0	0	0	0	0	0	0	0	0	0	0	0	0	0	0	4	0	3	0	66	107	104	174	0	0	0	0	0	0	0	0	0	0	0	0	35	49	54	36	34	12	10	5	14	34	14	0	0	0	0	90	83	135	83	0	0	0	0
OTU_214	0	0	0	0	0	0	0	0	0	0	0	0	0	0	0	0	0	0	0	0	0	0	0	0	0	0	0	0	0	0	0	0	0	33	41	38	39	96	87	82	61	0	0	0	0	14	11	16	15	0	0	0	0	0	24	36	26	16	0	0	3	0	10	8	0	0	0	0	106	90	161	264	0	0	0	6
OTU_215	3	0	22	0	18	10	22	10	11	35	16	12	19	44	21	36	22	65	83	24	28	0	0	0	0	0	8	6	0	77	88	72	51	20	5	0	0	0	0	3	0	0	9	4	0	0	0	0	4	0	0	0	0	0	5	0	11	7	6	0	0	16	0	0	60	21	49	63	0	5	4	2	0	9	0	0
OTU_216	0	0	0	0	20	0	0	0	0	16	35	10	30	38	33	32	33	22	15	0	20	0	0	0	0	0	0	0	0	104	73	89	71	26	0	0	0	24	31	22	0	13	0	0	15	16	17	0	0	0	12	0	24	0	0	0	16	17	0	0	0	0	18	0	27	20	27	22	20	24	28	18	0	0	0	13
OTU_217	0	0	0	0	0	0	0	0	0	0	0	0	0	0	4	0	0	7	0	0	9	0	0	0	0	0	0	0	0	0	0	0	0	0	0	0	0	0	0	0	0	34	26	23	30	0	0	0	0	106	94	41	87	0	0	0	0	0	0	0	0	0	0	0	0	0	0	0	0	0	0	0	23	45	46	26
OTU_218	0	0	0	0	0	0	0	0	37	0	0	0	0	0	0	4	0	0	0	0	0	0	0	15	0	23	0	12	8	9	0	0	0	0	4	5	4	12	0	7	6	0	4	18	0	0	0	0	9	0	0	8	5	0	0	0	0	2	0	0	13	0	0	0	0	0	4	0	0	0	0	0	0	0	0	8
OTU_219	0	0	0	0	5	9	0	7	0	0	0	0	0	0	0	0	0	0	0	0	0	0	0	0	0	0	0	0	0	0	0	0	0	29	62	49	58	87	93	37	40	0	0	0	0	9	9	11	5	0	0	0	0	0	16	20	21	9	5	0	42	28	22	59	0	0	0	0	51	103	98	127	0	0	0	0
OTU_220	53	88	24	19	8	0	14	0	0	0	0	0	0	0	0	0	0	0	0	0	0	26	9	10	18	0	0	0	0	0	0	0	0	0	22	13	19	19	16	27	62	8	0	6	14	11	0	10	0	7	0	0	13	133	0	0	0	5	7	14	23	52	29	22	0	0	0	0	19	18	50	21	0	0	9	0
OTU_221	0	0	0	0	8	2	10	10	22	117	55	57	12	34	29	36	17	53	41	0	26	0	0	2	0	0	0	0	0	34	48	41	32	0	0	0	2	0	6	12	0	6	0	0	0	0	0	0	0	0	0	4	0	4	0	5	0	2	0	0	0	0	0	4	73	48	62	37	4	16	0	5	0	0	0	0
OTU_222	8	0	0	0	5	6	4	0	0	0	0	0	3	0	4	4	0	0	0	0	0	0	0	0	0	0	0	0	0	0	0	0	3	7	29	9	14	65	58	71	55	0	0	0	0	67	17	46	36	22	0	2	0	6	62	63	48	58	0	0	14	0	0	0	0	0	0	4	52	85	27	91	0	0	0	0
OTU_223	0	13	11	2	0	0	3	0	9	12	6	14	0	0	0	0	0	0	0	0	0	40	22	9	29	0	0	0	0	0	0	0	0	6	11	14	17	27	66	46	79	0	0	0	0	0	0	0	10	0	0	0	0	28	31	43	24	28	0	0	7	0	13	29	0	0	0	0	36	58	42	70	0	0	0	0
OTU_224	11	1	7	1	5	22	22	30	0	12	0	0	0	2	0	0	0	0	12	0	3	0	0	0	0	0	0	0	0	0	7	0	0	60	30	54	44	22	26	25	24	0	5	4	0	96	57	19	30	6	0	0	0	31	0	0	0	0	1	5	24	17	45	17	0	0	0	0	18	2	0	23	0	0	0	0
OTU_225	0	0	4	9	8	12	9	19	0	6	0	4	3	11	0	0	0	0	0	0	0	0	0	0	3	0	0	0	0	0	0	5	0	15	22	6	13	27	0	21	30	3	0	3	0	26	71	70	61	5	2	0	0	16	80	67	64	40	10	8	0	18	4	17	0	0	0	0	33	15	34	24	9	3	0	5
OTU_226	0	0	0	0	0	0	0	6	4	0	0	0	9	0	11	8	0	0	0	0	0	0	0	0	0	0	0	0	0	0	0	0	0	0	0	0	0	0	0	0	0	0	0	0	0	0	0	0	0	0	0	0	0	0	0	0	0	0	0	10	0	0	0	0	0	0	0	0	0	0	0	0	0	0	0	0
OTU_227	0	0	4	0	8	2	0	0	0	0	0	0	0	0	0	0	0	0	0	0	0	0	0	0	0	0	0	0	0	0	0	0	0	26	17	24	26	62	101	89	100	3	0	0	0	0	5	4	5	0	0	0	0	0	20	16	13	9	0	0	0	0	12	0	0	0	0	0	90	109	136	98	4	0	0	0
OTU_228	0	0	0	0	8	0	8	3	0	2	0	0	0	0	0	0	0	0	0	0	0	0	0	0	0	0	0	0	0	0	0	0	0	12	14	0	12	37	67	22	11	0	0	0	0	59	63	44	69	0	0	0	0	0	64	85	83	61	4	8	4	0	12	0	4	7	0	6	51	76	15	87	5	0	2	0
OTU_229	43	45	37	25	0	0	0	0	0	0	0	0	0	0	0	0	0	0	0	0	0	0	0	0	0	0	0	0	0	0	0	0	0	6	5	9	7	27	24	10	38	0	0	15	5	6	0	11	0	0	0	0	3	13	13	18	14	16	20	9	0	22	11	17	0	0	0	0	0	0	16	16	0	0	0	0
OTU_230	16	19	11	8	45	12	35	21	0	2	0	14	24	18	4	10	4	4	4	0	0	0	14	18	3	0	0	30	14	5	5	6	5	35	29	22	36	0	6	0	0	0	0	0	0	0	5	4	6	3	0	0	0	26	7	0	0	0	12	20	31	29	0	36	2	17	7	11	0	3	0	0	0	0	0	0
OTU_231	10	16	13	7	6	0	0	0	0	0	0	0	0	0	10	3	0	0	0	0	0	0	0	0	0	0	0	0	0	5	0	4	0	0	0	0	0	0	0	0	19	0	0	4	0	0	0	0	0	0	0	0	0	0	0	0	0	0	14	2	0	0	0	12	0	0	0	0	0	0	0	4	0	0	0	0
OTU_232	9	41	21	12	16	18	22	18	0	0	0	0	10	0	0	0	0	0	0	0	0	0	0	20	16	11	0	7	0	0	0	0	0	20	14	23	26	18	21	38	31	0	0	0	0	14	20	13	15	0	0	0	0	28	11	0	0	0	4	5	43	54	28	6	0	0	0	0	26	15	22	15	0	0	0	0
OTU_233	3	12	0	17	0	0	0	0	116	66	104	193	0	3	11	5	7	0	0	0	0	0	0	0	0	0	0	0	0	0	0	0	0	0	3	3	0	4	20	37	98	0	0	0	0	3	0	0	0	0	0	0	0	6	0	9	18	5	0	0	0	0	0	0	0	0	2	0	23	55	79	24	0	0	0	0
OTU_234	6	0	0	0	0	3	4	0	0	0	0	0	0	0	0	0	0	0	0	0	0	0	0	0	0	0	0	0	0	0	0	0	0	9	12	0	19	75	80	78	55	0	0	0	0	57	33	69	61	0	0	0	0	0	68	20	44	52	5	4	7	0	0	2	0	0	0	0	43	42	16	40	0	0	0	0
OTU_235	6	0	0	0	12	5	0	0	0	0	0	0	0	6	2	0	0	0	0	0	0	0	0	0	0	0	0	0	0	0	0	0	0	10	10	0	8	29	43	32	31	2	0	0	0	44	40	30	20	4	0	4	7	10	44	66	58	47	6	0	10	14	34	7	0	0	0	0	11	39	58	34	0	3	12	12
OTU_236	10	0	0	0	0	10	0	4	0	0	0	0	10	0	0	0	0	0	0	0	0	0	0	0	0	0	0	0	0	0	0	0	0	17	17	27	36	35	69	64	42	0	0	0	0	39	23	64	26	0	4	0	0	0	16	35	45	44	0	0	7	0	34	0	3	0	0	0	35	55	5	33	0	0	0	0
OTU_237	0	0	0	0	3	0	0	7	0	2	0	0	5	0	7	7	6	0	0	0	0	0	0	0	0	0	0	0	0	0	0	0	0	0	0	0	0	0	0	0	0	0	0	0	0	0	0	0	0	0	0	0	0	38	9	0	4	5	19	10	0	0	0	0	0	0	0	0	4	0	0	0	0	0	0	0
OTU_238	4	0	0	0	0	12	4	18	17	0	0	0	79	21	5	20	8	0	0	0	0	0	0	0	0	0	0	0	6	0	0	0	0	0	0	0	0	13	19	4	6	0	0	0	0	0	0	0	0	0	0	0	0	0	0	0	4	0	14	4	22	0	11	27	8	0	0	3	0	0	0	5	3	0	0	0
OTU_239	0	0	0	0	0	0	0	0	0	0	0	0	0	0	0	0	0	0	0	0	0	0	0	0	0	0	0	0	0	0	0	5	10	15	8	0	10	4	5	0	0	20	25	26	21	0	0	0	0	22	61	26	30	0	2	9	6	9	0	0	0	0	0	5	0	0	0	0	14	0	0	0	18	57	35	48
OTU_240	0	0	7	0	0	0	0	3	50	52	70	65	0	7	16	12	11	0	0	0	0	0	0	9	3	28	0	8	14	0	0	0	0	0	0	4	0	7	11	0	0	40	14	16	16	0	0	7	0	0	38	31	12	0	0	0	0	4	4	0	5	34	0	0	6	0	0	4	0	4	0	0	12	21	22	23
OTU_241	0	0	0	0	0	0	0	0	39	65	47	37	4	0	23	46	14	0	0	0	0	0	0	0	0	0	0	0	0	0	0	0	0	12	11	8	13	25	28	32	6	0	0	0	4	13	7	11	5	0	7	0	7	0	29	32	14	9	0	0	0	0	0	12	6	4	8	0	43	57	47	45	0	0	0	0
OTU_242	0	0	0	0	16	6	17	6	0	0	0	0	0	0	0	0	0	0	0	0	0	13	11	0	0	0	0	10	0	0	0	0	0	7	7	5	28	11	3	10	0	0	0	0	0	66	54	40	46	0	0	0	0	0	126	168	82	90	0	20	0	0	0	0	0	0	0	0	0	0	0	0	0	0	0	0
OTU_243	3	0	4	0	11	24	9	5	0	0	0	0	0	0	0	0	0	5	6	7	0	69	21	15	29	24	15	37	14	0	0	6	0	0	10	0	10	0	0	0	0	0	4	0	0	9	3	0	0	0	4	0	0	18	0	16	6	9	37	11	14	0	0	0	6	7	7	10	0	0	0	0	0	14	5	0
OTU_244	0	0	15	0	6	18	17	11	0	0	0	0	18	15	14	19	13	13	2	8	36	0	0	5	7	9	16	0	0	0	0	0	23	13	19	0	0	4	12	0	0	0	0	0	12	7	11	5	0	0	0	0	6	0	0	12	13	3	0	0	0	0	0	2	0	0	0	0	0	0	0	0	0	0	0	0
OTU_245	0	0	0	0	0	0	0	0	0	0	0	0	3	0	0	0	0	0	0	0	0	0	0	0	0	0	0	0	0	0	0	0	0	0	7	0	0	10	10	20	5	0	0	0	0	6	8	0	0	9	11	8	0	0	0	13	8	7	0	0	0	0	0	0	0	0	0	0	11	3	11	7	0	10	10	7
OTU_246	0	0	0	0	2	0	0	0	0	0	0	0	0	0	0	0	0	0	0	0	0	0	0	0	0	0	0	0	0	0	0	0	0	15	8	25	20	74	78	114	49	0	0	0	0	21	11	32	27	0	0	0	0	0	13	4	0	19	0	0	0	0	0	0	0	0	0	0	53	58	100	47	0	0	0	0
OTU_247	9	8	5	5	8	16	16	17	3	12	11	3	13	9	9	4	6	30	21	3	4	16	11	9	6	0	1	3	5	8	19	4	13	0	0	0	1	0	0	2	1	10	17	12	12	0	1	4	5	16	5	6	0	6	0	0	2	0	10	6	0	0	2	1	8	8	8	8	1	0	0	0	3	7	10	6
OTU_249	3	0	0	0	0	0	0	0	0	0	0	0	0	0	0	0	0	0	0	0	0	0	0	0	0	0	0	0	0	0	0	0	0	36	48	34	81	35	41	10	59	1	0	0	0	0	0	0	4	0	0	9	0	0	0	34	21	13	37	15	0	0	0	0	0	0	0	0	20	37	16	17	2	0	0	0
OTU_250	0	0	0	0	0	0	0	0	0	26	4	26	0	0	7	21	13	16	29	11	10	0	0	0	0	0	0	0	0	0	0	0	0	10	7	5	7	4	0	0	0	0	0	9	7	0	0	0	0	0	0	0	0	4	0	0	0	0	6	0	0	0	0	0	49	52	53	75	0	2	0	0	0	0	0	0
OTU_251	0	0	0	0	0	0	0	0	0	0	0	0	0	0	0	0	0	0	0	0	0	0	0	0	0	0	0	0	0	0	0	0	0	60	47	32	39	35	51	29	43	0	0	0	0	0	18	8	16	0	0	0	0	0	0	7	0	0	0	5	0	0	0	8	0	0	0	0	56	52	144	61	0	0	0	0
OTU_252	0	5	0	0	0	0	0	0	74	175	167	187	0	0	17	12	29	0	0	0	0	0	0	0	0	0	0	0	0	0	0	0	0	0	0	0	0	0	0	0	0	0	0	4	0	0	0	0	0	4	0	0	0	0	0	0	0	0	0	8	0	0	0	0	0	0	0	0	0	0	0	0	0	0	0	0
OTU_253	0	0	0	0	0	0	0	0	0	0	0	0	0	0	0	0	0	0	0	0	0	0	2	0	0	0	0	0	0	0	0	0	0	27	25	28	21	43	61	48	42	0	0	0	0	16	16	22	14	0	0	0	0	0	42	20	19	14	0	0	0	0	0	8	0	0	0	0	44	58	51	58	0	0	0	0
OTU_254	0	0	0	0	0	0	0	0	0	0	0	0	51	17	0	10	0	0	0	0	0	0	0	0	0	0	0	0	0	0	0	0	0	0	0	0	0	0	0	0	0	0	0	0	0	0	0	0	0	0	0	0	0	6	0	0	0	0	23	12	0	0	0	8	0	7	0	0	0	0	0	0	0	0	0	0
OTU_255	0	0	0	0	0	0	0	0	0	0	0	0	0	0	0	0	0	0	0	0	0	13	0	0	0	0	0	0	0	0	0	0	0	20	27	23	43	53	67	10	44	0	0	0	0	10	7	0	0	0	0	0	0	0	27	11	0	0	0	0	23	16	29	20	0	0	0	0	31	48	61	87	0	0	0	0
OTU_256	2	0	8	0	72	58	68	49	20	30	31	25	61	87	17	25	13	3	0	0	0	0	0	0	0	0	0	0	0	0	0	1	0	0	4	3	0	0	0	0	0	0	0	0	0	0	0	0	0	0	0	0	0	0	7	0	0	0	6	5	5	0	4	22	0	5	0	0	0	0	0	0	0	0	0	0
OTU_257	10	33	39	0	0	0	6	6	21	0	0	0	0	0	0	0	0	9	0	18	0	0	0	0	0	0	0	0	13	10	16	0	4	0	0	7	0	19	0	10	171	8	0	0	11	0	5	3	0	0	0	0	22	0	0	0	0	0	0	0	13	0	0	25	0	0	0	0	0	0	12	0	0	0	0	0
OTU_258	8	10	8	0	42	12	27	50	0	0	0	0	0	0	7	0	0	0	7	0	0	0	11	11	0	0	0	5	0	0	0	0	0	0	0	0	2	0	4	0	12	0	0	0	0	0	0	0	0	0	0	0	0	13	0	0	0	4	0	0	27	17	4	13	6	5	0	5	0	0	0	0	0	0	0	0
OTU_259	18	0	7	7	5	0	6	3	0	5	0	0	0	0	0	0	0	0	0	0	0	0	0	0	0	0	0	0	0	0	0	5	4	12	16	9	33	43	48	19	42	0	0	0	0	10	14	20	9	0	0	0	0	0	38	23	25	16	9	0	6	5	5	0	0	0	0	0	24	55	42	28	0	0	0	0
OTU_260	16	4	7	0	4	7	0	5	17	15	8	12	10	7	8	12	8	14	18	10	10	20	8	27	11	6	10	0	5	3	0	3	4	0	3	13	4	0	0	0	0	4	18	8	0	0	4	0	4	13	11	16	31	9	5	0	3	5	3	0	0	6	0	7	7	17	25	8	4	0	0	0	3	12	16	12
OTU_261	0	0	0	0	0	0	0	0	0	0	0	0	0	0	0	0	0	0	0	0	0	0	0	0	0	0	0	0	0	0	0	0	0	6	5	4	8	81	81	101	53	6	0	0	0	0	6	7	5	0	0	0	0	0	0	0	0	0	0	0	0	0	0	4	0	0	0	0	66	25	71	60	5	0	0	0
OTU_262	0	0	0	0	0	0	0	0	9	0	0	0	4	0	16	0	0	14	18	12	6	0	0	0	0	0	2	0	0	0	0	0	0	0	0	0	0	0	0	0	0	36	26	14	28	0	0	0	0	0	6	9	0	0	0	0	0	2	23	0	0	0	0	0	0	0	0	0	0	0	0	0	6	12	24	14
OTU_263	7	0	14	7	10	18	30	10	0	0	0	0	19	10	9	25	19	13	9	11	39	23	0	0	14	0	4	2	0	0	0	0	19	13	8	3	0	6	10	0	0	0	0	0	9	6	6	5	0	0	0	0	8	0	0	0	14	0	0	0	0	0	0	3	0	0	0	0	0	0	0	0	0	0	0	0
OTU_264	0	0	9	0	3	0	10	0	4	12	19	28	0	3	6	14	7	0	0	0	0	0	0	0	0	0	0	0	0	0	0	0	0	9	8	7	0	26	39	37	18	0	0	2	0	21	11	11	22	0	0	0	0	13	29	41	20	37	0	0	7	0	8	0	6	7	0	3	19	32	8	31	12	0	0	0
OTU_265	4	0	0	0	0	0	0	0	0	0	0	0	0	0	0	0	0	0	0	0	0	0	0	0	0	0	0	0	0	0	0	0	0	22	30	19	32	56	62	33	61	0	0	0	0	9	5	0	6	0	0	0	0	0	13	13	12	19	0	0	5	3	0	0	0	0	0	0	26	47	70	65	0	0	0	0
OTU_266	0	0	0	0	11	0	0	0	151	88	120	197	0	9	0	0	11	0	0	0	0	0	0	0	0	0	0	0	0	0	0	0	0	0	0	0	0	0	0	0	0	0	0	0	0	0	0	0	0	0	0	0	0	0	0	0	0	0	0	0	0	0	0	0	0	0	0	0	0	0	0	0	0	0	0	0
OTU_267	0	0	0	0	0	0	0	0	0	0	0	0	0	0	0	0	0	0	0	0	0	0	0	0	0	0	0	0	0	0	0	0	0	31	17	30	20	11	8	0	0	3	0	0	0	26	51	25	50	14	4	0	0	0	55	82	37	63	3	4	0	0	0	0	0	0	0	0	0	0	0	0	0	0	0	0
OTU_268	0	0	17	0	0	0	0	8	31	4	0	0	0	0	0	0	0	6	0	0	17	36	18	18	24	18	19	12	20	48	45	2	8	0	5	4	0	71	0	2	21	51	0	11	4	29	0	0	0	0	4	4	0	0	0	0	0	0	0	0	0	0	0	0	3	0	0	0	7	0	0	0	0	0	0	0
OTU_269	0	0	0	0	0	0	0	0	0	0	0	0	0	0	0	0	0	0	0	0	0	0	0	0	9	0	0	0	0	0	0	0	0	0	7	0	0	39	31	58	43	0	0	0	0	0	0	0	0	0	0	0	7	0	0	0	0	0	0	0	0	0	0	0	0	0	0	0	98	69	178	78	0	0	0	0
OTU_270	0	0	0	0	0	12	0	0	0	0	0	0	0	0	0	0	0	12	11	15	16	0	0	0	0	0	0	0	0	0	0	0	0	0	0	8	5	5	0	2	11	33	20	24	20	0	15	25	20	22	42	49	35	0	11	0	12	14	0	0	0	0	0	0	0	0	0	0	0	0	0	0	36	0	0	12
OTU_271	0	0	0	0	6	5	0	3	0	0	0	0	0	0	0	0	0	0	0	0	0	0	0	0	0	0	0	0	0	0	0	0	0	46	66	34	65	7	0	8	0	0	0	0	0	103	58	85	84	0	0	0	0	0	0	0	0	0	0	0	0	6	0	0	0	0	0	0	13	4	24	18	0	0	0	0
OTU_272	0	0	0	0	0	0	0	0	0	0	0	0	0	0	0	0	0	0	0	0	0	0	0	0	0	0	0	0	0	0	0	0	0	15	36	14	19	9	5	15	0	0	0	0	0	117	103	154	87	0	0	0	0	0	0	0	6	2	0	0	0	0	0	7	0	0	0	0	8	19	9	25	0	0	0	0
OTU_273	12	15	2	21	0	4	15	19	9	0	1	11	1	2	1	0	1	3	1	3	15	33	2	4	3	1	4	3	3	1	7	8	6	2	0	0	0	0	2	1	0	8	11	8	7	1	3	3	4	5	4	4	3	19	0	4	3	4	6	3	10	8	12	20	16	9	7	12	1	0	0	0	4	2	7	4
OTU_274	0	0	0	0	0	0	0	0	0	0	0	0	0	0	0	0	0	0	0	0	0	0	0	0	0	0	0	0	0	0	0	0	0	32	25	10	15	38	37	50	54	0	0	0	0	19	37	23	25	0	0	0	0	0	18	17	39	30	0	0	0	0	0	0	0	0	0	0	25	25	5	57	0	0	0	0
OTU_275	7	7	0	0	0	0	6	0	0	2	7	6	0	11	2	6	6	0	0	0	0	0	0	0	0	0	0	0	0	0	3	0	0	0	0	0	2	0	6	17	4	3	6	2	4	0	0	0	0	13	13	12	5	10	9	4	0	11	14	16	3	0	4	8	7	4	0	7	6	0	0	12	0	9	0	0
OTU_276	0	9	4	0	9	14	0	0	37	0	0	0	0	0	7	0	0	0	18	0	0	0	0	0	0	0	0	6	0	0	0	0	0	0	0	0	0	8	4	12	87	7	0	41	0	0	0	0	0	0	0	0	0	0	0	0	0	0	0	4	23	45	0	0	6	6	0	0	6	14	12	11	0	0	0	0
OTU_277	0	0	0	0	0	8	0	0	135	73	104	140	0	0	43	40	40	0	0	0	0	0	0	0	0	0	0	0	0	0	0	0	0	0	0	0	0	0	0	0	0	0	0	0	0	0	0	0	0	0	0	0	0	0	0	0	0	0	0	0	0	0	0	0	0	0	0	0	0	0	0	0	0	0	0	0
OTU_278	0	0	28	0	0	0	0	9	20	0	0	3	14	0	0	0	0	9	0	0	0	0	0	0	0	8	0	0	0	7	0	0	0	0	0	0	8	100	0	4	72	0	0	0	0	23	0	0	0	13	8	12	0	0	0	0	0	0	0	0	0	0	12	0	0	0	0	0	0	0	9	0	0	0	0	7
OTU_279	0	0	0	0	8	11	0	2	0	0	0	0	3	7	0	0	0	0	0	0	0	0	0	0	0	0	0	0	0	0	0	0	0	15	8	4	8	43	32	67	61	0	0	0	0	11	16	16	4	0	0	0	0	0	9	19	13	16	3	0	0	0	0	10	0	0	0	0	15	12	9	34	0	0	0	0
OTU_280	3	0	3	0	0	0	0	4	0	0	0	0	0	0	0	0	0	5	0	0	0	0	0	0	5	20	0	8	0	37	0	9	0	12	0	0	0	75	11	17	154	6	0	69	7	19	0	0	0	0	0	0	0	0	0	0	0	0	0	0	14	2	0	0	0	0	0	5	3	0	8	11	0	0	0	0
OTU_281	0	0	0	0	0	0	0	0	0	0	0	0	0	0	0	0	0	0	0	0	0	7	0	0	0	0	0	0	0	0	0	0	0	6	15	13	23	62	84	101	20	0	0	0	0	7	0	4	6	0	0	0	0	4	27	0	0	6	0	0	0	0	0	0	0	0	0	0	43	54	34	53	0	0	0	0
OTU_282	0	0	0	0	0	0	0	0	0	0	0	0	0	0	0	0	0	0	0	0	0	0	0	0	0	0	0	0	0	0	0	0	0	0	0	10	4	98	70	94	38	0	0	0	0	0	3	0	9	0	0	0	0	0	11	0	9	4	0	0	0	0	0	0	0	0	0	0	67	80	22	20	0	0	0	0
OTU_283	2	0	0	7	5	5	3	0	10	40	37	64	0	5	2	5	6	0	0	0	0	0	0	0	0	0	0	0	0	0	0	0	0	24	5	5	11	27	18	23	11	0	0	5	0	4	17	15	26	0	4	3	0	0	9	12	12	13	0	0	0	0	9	0	0	0	0	0	16	37	26	18	0	0	0	0
OTU_284	4	46	15	2	20	12	9	5	0	0	0	0	0	2	0	0	0	0	0	0	0	0	5	28	4	0	0	0	8	0	0	0	0	12	15	0	0	0	0	0	0	0	0	0	0	0	0	0	0	0	0	0	0	15	0	0	3	0	0	24	45	43	68	33	0	0	0	0	0	0	0	0	0	0	0	0
OTU_285	0	0	0	0	0	0	0	0	0	0	0	0	0	0	0	0	0	0	0	0	0	0	0	0	0	0	0	0	0	0	0	0	0	12	34	22	26	32	37	35	25	0	0	0	0	9	4	15	9	0	0	0	0	0	38	39	20	16	0	0	0	0	0	0	0	0	0	0	38	42	58	53	0	0	0	0
OTU_286	3	0	0	0	4	0	0	0	0	0	0	0	0	0	0	0	0	0	0	0	0	0	0	6	0	0	0	0	0	0	0	0	0	22	33	32	31	49	47	65	26	3	0	0	0	9	21	16	22	0	0	0	0	0	0	0	6	4	0	0	0	0	0	0	0	0	0	0	37	0	44	57	0	0	0	0
OTU_287	0	0	0	0	0	0	0	0	0	0	0	0	0	0	0	0	0	0	0	0	0	0	0	0	0	0	0	0	0	0	0	0	0	0	12	2	3	61	44	35	19	0	0	0	0	0	6	0	0	0	0	0	0	0	13	5	8	5	0	0	0	0	0	0	0	0	0	0	55	62	118	85	0	0	0	0
OTU_288	0	0	0	0	0	0	5	0	0	0	0	0	0	0	0	0	0	38	24	80	70	0	0	0	0	0	0	0	0	0	0	0	0	0	0	0	2	10	0	0	0	52	60	70	56	0	0	0	0	10	21	6	10	0	0	0	0	0	0	0	0	0	0	0	0	7	0	0	0	0	0	0	9	33	12	14
OTU_289	4	16	0	12	0	0	0	5	29	0	0	2	26	7	10	0	6	7	0	0	0	0	0	0	0	0	0	2	0	0	3	0	0	0	0	0	0	0	0	0	11	0	0	3	7	0	0	0	0	0	0	0	0	0	0	0	0	0	2	5	0	0	0	0	0	0	0	0	0	0	0	4	0	0	0	0
OTU_290	0	0	0	0	0	0	0	0	0	0	0	0	0	0	0	0	0	0	0	0	0	59	58	73	54	0	7	7	0	0	0	0	0	0	0	0	0	0	0	5	0	15	10	22	12	0	0	0	0	0	6	7	17	0	0	0	0	7	0	0	0	0	0	0	0	0	0	0	0	0	8	0	25	52	78	43
OTU_291	0	0	0	0	0	0	3	6	17	0	0	3	18	6	8	0	0	7	0	17	13	0	0	0	0	20	0	0	0	0	0	4	0	0	0	0	0	58	7	10	8	21	0	0	0	11	0	4	0	0	4	11	0	0	0	0	0	0	0	0	10	0	0	0	0	0	0	0	0	22	0	0	0	0	0	0
OTU_292	0	0	0	0	0	3	0	0	0	0	0	0	0	0	0	0	0	0	0	0	0	0	0	0	0	0	0	0	0	0	0	0	0	8	13	0	7	50	47	54	50	0	0	0	3	4	9	14	0	0	0	0	0	0	0	4	12	21	0	0	0	32	11	9	0	0	0	0	36	21	63	11	0	0	0	0
OTU_293	0	0	0	0	0	0	6	0	0	0	0	0	0	0	0	0	0	0	0	0	0	0	0	0	0	0	0	0	0	0	0	0	0	0	2	0	0	66	55	30	37	0	0	0	0	14	3	16	19	0	0	0	0	0	22	0	20	19	0	0	0	0	0	0	0	0	0	0	41	36	56	52	0	0	0	0
OTU_294	3	0	0	0	6	0	4	0	13	21	6	18	11	10	17	18	8	26	49	0	0	13	15	0	14	0	5	0	0	10	0	4	5	8	3	5	0	0	0	0	0	0	0	0	0	0	5	0	0	0	5	0	0	0	0	0	3	0	0	0	0	0	0	4	20	38	23	14	8	0	0	0	0	0	0	0
OTU_295	0	0	0	4	0	0	0	0	0	15	8	8	0	0	0	0	0	6	7	0	0	7	0	11	6	0	0	0	0	0	0	0	0	0	0	26	21	9	15	8	2	15	0	0	3	11	0	0	6	3	4	0	15	0	0	0	0	0	4	0	0	0	0	0	0	0	4	0	17	22	0	30	0	0	4	5
OTU_296	0	6	0	0	0	0	3	0	0	0	0	0	0	0	0	0	0	0	0	0	0	0	0	0	0	0	0	0	0	0	0	0	0	0	11	6	6	39	24	23	54	0	0	0	0	0	0	3	0	0	0	0	0	0	11	0	0	0	0	0	0	0	0	0	0	0	0	0	57	50	75	98	0	0	0	7
OTU_297	0	0	0	0	0	0	0	0	58	101	89	81	0	8	18	21	26	0	0	0	0	0	19	18	17	0	3	5	0	0	0	0	0	0	0	0	0	0	0	0	0	0	0	0	0	0	0	0	0	0	0	0	0	0	0	0	0	0	0	0	0	0	6	0	0	0	0	0	4	0	0	0	0	0	0	0
OTU_298	9	0	0	0	0	0	0	0	9	12	1	38	0	0	13	1	0	5	17	14	19	0	0	0	0	0	0	0	0	0	0	0	0	6	0	0	4	0	8	0	0	34	37	34	21	0	0	0	0	10	11	0	5	0	0	0	0	0	0	0	0	0	0	0	0	0	0	0	0	4	0	0	0	0	11	4
OTU_299	0	0	0	0	0	6	7	0	24	5	11	10	0	0	3	3	4	0	5	7	0	0	0	0	0	0	0	0	0	8	7	13	5	0	0	0	0	0	0	0	4	0	5	0	0	0	0	0	9	4	4	13	13	0	0	0	10	8	0	3	0	0	0	0	0	0	0	0	0	0	0	0	0	0	0	0
OTU_300	0	0	0	0	0	0	0	0	0	0	0	0	0	0	0	0	0	5	0	0	0	0	0	0	0	0	0	0	0	0	0	0	0	0	0	0	2	70	37	59	96	0	0	0	0	0	0	0	0	0	0	0	0	0	0	0	5	0	0	0	0	0	0	0	0	0	0	0	27	17	83	50	0	0	0	0
OTU_301	0	0	1	0	0	0	17	11	0	0	0	0	0	0	5	0	0	4	0	0	0	0	0	0	0	0	10	14	0	0	0	0	0	0	0	0	0	0	0	0	0	39	26	16	10	0	0	0	0	0	0	0	0	0	0	0	0	0	0	0	0	9	0	10	0	0	13	10	0	0	0	0	16	0	10	15
OTU_302	0	0	0	0	8	0	0	0	0	0	0	0	0	0	0	0	0	0	0	0	0	0	0	0	0	0	0	0	0	0	0	6	5	13	16	14	14	0	0	0	0	0	0	0	0	0	0	0	0	0	0	0	0	0	0	0	0	0	0	0	14	0	12	2	0	0	0	0	0	0	0	0	0	0	0	0
OTU_303	0	0	0	0	0	0	0	0	0	0	0	0	0	0	0	0	0	0	0	0	0	0	0	0	0	0	0	0	0	0	0	0	0	0	0	0	0	0	29	17	17	0	0	0	0	0	0	0	0	0	0	0	0	0	93	91	83	73	0	0	0	0	0	5	0	0	0	0	20	3	27	18	0	0	0	0
OTU_304	0	20	0	0	13	35	49	51	0	0	0	0	12	4	0	0	0	0	0	0	0	0	0	3	0	0	0	10	13	0	0	0	0	6	7	0	5	10	0	6	0	0	0	0	0	0	0	0	0	0	0	0	0	13	0	0	0	0	14	0	18	0	0	20	0	0	0	0	0	0	17	9	0	0	0	0
OTU_305	0	0	0	0	0	0	0	0	0	0	0	0	0	0	0	0	0	0	0	0	0	0	0	0	0	0	0	0	0	0	0	0	0	6	12	13	5	35	52	66	0	0	0	0	0	21	17	8	14	0	0	0	0	0	20	20	12	23	0	0	0	0	0	0	0	0	0	0	23	43	42	25	0	0	0	0
OTU_306	0	0	0	27	0	0	0	46	0	0	0	0	0	0	0	0	0	38	0	0	0	0	8	22	6	10	6	15	12	13	0	0	0	0	0	0	0	0	0	0	0	0	0	0	0	0	0	0	0	0	0	0	0	0	0	0	0	0	0	0	0	0	0	0	30	0	0	0	0	0	0	0	26	0	0	0
OTU_307	1	0	1	6	1	1	0	5	1	3	8	6	1	3	0	0	3	6	15	0	1	0	5	4	0	0	2	4	2	5	14	3	5	4	1	6	3	0	2	0	0	19	12	11	11	0	3	1	0	4	7	2	1	1	0	0	0	3	4	4	0	0	0	0	2	6	0	5	0	0	0	0	1	2	5	4
OTU_308	9	4	9	19	8	11	2	5	6	5	8	5	4	9	5	2	4	14	11	4	13	10	6	2	0	5	5	4	10	5	9	10	6	0	0	0	3	0	0	0	0	9	11	7	12	1	1	0	7	11	3	2	4	3	0	0	0	0	2	2	3	2	7	2	2	4	2	2	0	0	0	0	4	9	5	2
OTU_309	10	23	18	9	8	0	3	9	0	0	0	7	0	8	0	0	0	0	5	0	0	0	0	6	27	0	0	3	14	0	0	0	0	4	3	8	0	0	3	19	11	5	0	12	0	0	0	3	0	0	0	6	0	0	0	0	2	0	0	4	6	43	5	0	0	3	0	0	8	10	0	0	0	0	9	3
OTU_311	4	23	10	0	8	6	0	0	0	0	0	0	0	0	0	0	0	0	0	0	4	0	0	0	0	0	0	0	0	0	0	0	0	0	0	0	0	0	64	17	0	0	0	0	0	0	0	0	11	0	0	0	0	16	0	0	0	0	0	0	48	13	0	0	0	0	0	0	0	0	0	0	0	0	0	0
OTU_312	0	0	0	0	2	0	0	0	0	0	0	0	0	0	0	0	0	0	0	0	0	0	0	0	0	0	0	0	0	0	0	0	0	0	15	10	18	28	27	12	33	0	0	0	0	10	0	4	0	0	0	0	0	0	24	43	18	23	0	0	0	0	0	0	0	0	0	0	20	53	31	53	0	0	0	0
OTU_313	3	0	3	2	1	2	3	1	3	8	8	17	0	1	13	6	3	15	24	8	17	0	0	0	0	0	0	1	5	3	0	0	0	0	0	0	0	0	0	0	0	12	19	18	10	0	0	0	0	4	8	1	0	0	0	0	0	0	4	0	0	0	0	0	6	3	0	0	0	0	0	0	1	3	2	6
OTU_314	0	0	0	0	0	8	0	0	0	0	0	0	0	0	0	0	0	0	0	0	0	0	0	5	0	0	0	0	0	0	0	0	0	0	0	6	0	0	0	0	4	24	17	31	22	0	8	0	0	5	10	12	8	0	0	0	0	13	0	0	0	0	0	0	4	5	0	0	0	4	0	0	12	28	15	16
OTU_315	11	2	4	8	2	9	11	12	1	5	7	3	4	9	5	4	6	14	21	7	4	13	5	4	4	0	2	5	3	9	5	9	12	1	0	0	2	0	2	0	0	5	4	5	8	0	0	0	1	4	3	3	3	3	2	0	0	0	5	3	0	0	3	2	7	7	10	8	0	0	0	0	2	2	5	4
OTU_316	0	0	0	10	10	12	0	9	0	0	0	0	7	4	0	0	0	0	0	0	0	0	0	20	0	4	14	3	19	5	9	0	0	0	0	0	0	5	3	8	7	5	9	11	0	0	4	5	0	5	0	0	0	0	0	0	0	4	0	0	0	0	0	4	0	0	0	0	4	5	0	11	0	0	6	4
OTU_317	0	0	0	0	0	0	0	0	0	0	3	0	0	0	0	0	0	0	0	0	0	13	0	0	0	0	0	0	0	0	0	0	0	0	0	0	0	41	19	13	100	0	0	0	0	0	0	0	0	2	4	2	13	0	5	10	7	2	0	0	0	0	0	0	0	0	0	0	28	8	19	11	9	5	4	6
OTU_318	0	0	0	3	0	0	0	4	0	0	0	0	0	0	0	0	0	0	0	0	0	0	0	0	0	0	0	0	0	0	0	0	0	0	5	7	0	26	24	23	22	0	3	0	0	4	7	16	16	4	4	0	2	9	29	28	26	32	0	0	0	0	0	0	0	3	0	0	16	26	22	24	0	0	6	0
OTU_319	0	5	0	0	6	0	0	0	0	9	0	9	2	16	9	8	0	2	4	0	3	0	14	11	28	111	41	42	65	4	0	0	0	0	0	0	0	0	0	0	0	0	0	0	0	0	0	0	0	0	0	0	0	0	0	0	0	0	0	0	0	0	0	0	0	0	0	0	0	0	0	0	0	0	0	0
OTU_320	0	0	0	0	0	0	0	0	0	0	0	0	0	0	0	0	0	0	0	0	0	0	0	0	0	0	0	0	0	0	0	0	0	3	2	3	0	25	25	33	24	0	0	0	0	0	6	15	6	0	0	0	0	0	38	54	75	40	0	0	0	0	0	0	0	0	0	0	4	5	19	13	0	0	0	0
OTU_321	0	0	0	0	0	0	0	0	0	0	0	0	0	0	0	0	0	0	0	0	0	0	0	0	0	0	0	0	0	0	0	0	0	4	0	10	9	30	72	77	48	0	0	0	0	0	0	0	0	0	0	0	0	0	0	0	0	2	0	0	0	0	0	0	0	0	0	0	37	7	28	38	0	0	0	0
OTU_322	0	0	0	0	0	0	0	0	0	0	0	10	5	5	11	12	10	4	0	12	0	0	0	0	0	34	18	5	35	18	0	15	0	6	0	0	0	0	0	0	0	0	4	0	0	0	0	9	2	0	0	0	0	0	0	17	6	0	0	5	0	0	0	0	9	7	7	12	0	0	0	0	0	0	0	0
OTU_323	6	0	4	0	0	0	2	0	0	0	0	0	11	0	0	0	0	0	0	0	0	0	0	0	0	0	0	0	0	0	0	0	2	10	5	18	24	33	20	19	23	0	0	0	0	10	32	6	19	5	0	0	0	0	13	9	4	13	0	0	0	0	0	0	2	0	0	0	18	11	34	22	0	0	0	0
OTU_324	0	0	0	0	0	0	0	0	0	0	0	0	0	0	0	0	0	19	22	14	29	0	0	0	0	0	0	0	0	0	0	0	3	0	0	0	0	0	0	0	0	36	33	47	14	0	2	0	0	7	31	14	10	0	0	0	0	0	0	0	0	0	0	0	0	0	0	4	0	0	0	0	28	0	9	27
OTU_325	0	0	0	0	0	0	0	0	87	70	81	81	0	0	10	10	21	0	0	0	0	0	0	0	0	0	0	0	0	0	0	0	0	0	0	0	0	0	0	0	0	0	0	0	0	0	0	0	0	0	0	0	0	0	0	0	0	0	0	0	0	0	0	0	0	0	0	0	0	0	0	0	0	0	0	0
OTU_327	0	0	0	0	0	0	0	0	0	0	0	0	0	0	0	0	0	0	0	0	0	0	0	0	0	0	0	0	0	0	0	0	0	0	5	8	4	46	36	29	21	0	0	0	0	16	9	10	10	0	0	0	0	0	5	18	21	19	0	0	0	0	0	0	0	0	0	0	21	32	15	37	0	0	0	0
OTU_328	0	0	0	0	0	0	0	0	0	0	0	0	0	0	0	0	0	0	0	0	0	0	0	0	0	0	0	0	0	0	0	0	0	0	0	4	5	24	21	24	85	0	0	0	0	6	14	13	2	12	0	0	0	0	0	0	9	5	0	0	2	0	0	2	0	0	0	0	9	24	22	49	0	0	0	0
OTU_329	0	0	0	0	0	0	4	3	0	0	0	0	0	6	0	0	0	0	0	0	0	23	25	14	12	0	0	0	0	0	0	0	0	8	23	14	11	4	0	7	5	0	0	0	0	9	2	7	0	0	0	0	0	0	4	9	10	0	2	3	0	0	0	0	2	0	0	0	4	0	0	0	0	0	0	0
OTU_330	0	0	0	0	0	0	0	0	0	0	0	0	0	0	0	0	0	0	0	0	0	0	0	0	0	0	0	0	0	0	0	0	0	28	27	12	26	19	18	14	0	0	0	0	0	0	11	19	0	0	0	0	0	0	0	20	0	19	0	0	41	0	17	0	0	0	0	0	15	18	13	18	0	0	0	0
OTU_331	0	0	0	0	0	0	0	0	0	0	0	0	0	0	0	0	0	0	0	0	0	0	0	0	0	0	0	0	0	0	0	0	0	0	12	4	6	34	17	24	20	0	0	0	0	0	23	5	0	0	0	0	0	0	0	6	8	14	0	0	0	0	0	0	0	0	0	0	29	34	82	43	0	0	0	0
OTU_332	5	7	2	9	3	12	1	1	4	4	6	6	3	6	1	4	1	7	13	0	0	20	5	3	4	3	1	1	5	11	0	3	3	0	0	0	0	0	0	1	0	6	6	1	4	3	1	2	1	3	2	3	5	12	0	0	1	2	18	7	5	4	8	7	5	6	4	0	0	0	0	0	1	2	7	2
OTU_333	0	0	0	0	0	0	0	0	184	13	27	35	0	0	0	2	3	0	0	6	0	0	0	0	0	0	0	0	0	0	0	0	0	0	0	0	0	0	10	0	7	5	0	3	0	0	0	0	0	0	15	0	0	0	0	0	0	2	0	4	0	0	0	0	2	0	0	0	0	0	0	5	10	0	0	0
OTU_334	0	0	0	0	0	0	5	0	0	0	0	0	0	0	0	0	0	0	0	0	0	0	0	0	0	0	0	0	0	0	0	0	0	12	19	16	12	37	25	40	48	0	0	0	0	6	4	0	10	0	0	0	0	0	0	5	3	9	0	0	0	9	0	0	0	0	0	0	25	21	0	27	0	0	0	0
OTU_335	2	0	1	4	2	3	9	3	2	3	1	3	6	5	10	2	10	2	6	3	6	0	0	0	1	0	0	1	2	1	0	3	4	0	0	0	0	0	0	0	0	5	5	8	6	1	0	1	5	10	5	1	5	13	0	3	0	2	0	0	0	3	0	0	4	7	6	5	0	0	1	0	4	7	17	11
OTU_336	14	11	3	0	4	12	3	3	5	4	0	9	0	20	20	12	13	0	5	1	12	0	0	0	0	0	3	0	0	0	5	0	0	0	9	9	0	0	0	5	0	0	1	1	0	0	5	0	4	2	10	3	0	4	0	0	0	1	0	4	1	2	0	0	0	1	0	1	1	0	0	0	9	3	7	1
OTU_337	3	0	3	3	2	4	0	5	8	17	18	21	0	1	6	8	14	9	11	1	6	0	0	0	0	0	0	1	7	6	2	2	9	0	0	0	0	0	0	0	0	13	8	20	17	0	0	0	0	3	3	2	4	0	0	0	0	0	3	0	0	0	0	0	2	3	1	1	0	0	0	0	3	2	5	4
OTU_338	0	0	0	0	0	0	3	7	0	11	11	17	0	0	0	0	0	0	0	0	0	0	0	0	0	8	0	0	0	0	0	0	0	9	9	10	4	0	0	0	7	0	0	0	0	0	9	11	0	7	0	0	0	0	0	0	0	0	0	0	0	0	0	0	0	0	0	0	0	0	0	0	0	0	0	0
OTU_339	0	0	0	0	3	0	0	0	0	0	0	0	0	0	0	0	0	0	0	0	0	0	5	8	10	0	0	0	0	0	0	0	0	0	0	0	0	4	5	13	0	0	0	0	0	80	65	94	56	0	0	0	0	0	5	0	0	0	0	0	0	0	0	0	0	0	0	0	0	6	0	18	0	0	0	0
OTU_340	5	0	0	0	0	0	0	0	0	0	0	0	0	5	0	4	0	0	0	7	0	0	0	0	0	0	0	0	0	0	0	0	0	0	0	0	0	0	0	0	0	0	0	0	0	0	0	0	0	0	0	0	0	0	0	0	0	0	7	11	0	0	0	3	0	0	0	0	0	0	0	0	0	0	0	0
OTU_341	0	0	0	0	0	0	0	0	0	6	0	0	0	0	0	0	10	0	0	0	0	73	56	33	36	4	25	9	14	0	0	0	0	0	0	0	0	9	9	5	16	4	0	3	4	0	0	0	0	0	0	4	0	0	0	0	0	0	0	0	0	0	0	0	0	0	0	0	7	6	0	20	0	7	0	0
OTU_342	3	10	10	7	2	11	2	3	7	2	7	6	3	10	1	5	8	7	6	6	10	0	6	8	0	0	1	0	0	0	0	2	5	0	0	0	0	0	0	0	0	10	9	0	4	0	2	0	0	1	11	0	2	6	0	0	0	0	0	2	2	0	0	2	6	5	1	5	0	0	0	0	0	10	0	0
OTU_343	0	0	0	0	0	0	2	0	0	0	0	0	0	0	3	0	0	17	0	0	4	0	0	0	0	0	0	0	0	0	0	0	0	0	0	0	2	5	22	0	14	10	28	37	15	0	5	0	0	9	11	0	0	0	0	0	0	0	0	0	0	21	0	0	0	0	0	0	2	0	0	11	18	10	19	16
OTU_344	9	5	4	2	6	4	4	6	0	0	0	0	7	0	3	14	0	0	24	0	0	0	1	5	0	1	5	6	5	10	12	4	0	1	1	1	0	0	1	1	0	0	1	0	0	1	1	1	1	0	4	5	5	0	0	0	0	1	2	4	0	1	1	0	3	9	6	5	0	1	1	1	3	5	2	1
OTU_345	0	0	0	0	0	0	0	0	21	31	42	43	0	4	14	11	3	0	0	0	6	0	0	0	0	0	0	0	0	0	9	0	0	0	0	0	0	19	17	0	9	0	0	0	0	0	0	0	0	10	0	0	0	1	4	9	8	15	0	0	0	0	0	0	0	0	0	0	14	12	0	8	10	0	0	8
OTU_346	3	0	0	0	0	0	0	5	82	0	0	0	0	4	0	0	0	0	5	18	0	0	0	0	0	0	0	0	0	1	0	0	0	0	0	0	0	4	8	9	12	6	4	15	7	0	0	5	0	0	5	1	27	0	0	0	0	0	0	7	8	0	0	0	0	0	0	0	0	13	0	0	7	0	9	0
OTU_347	0	21	0	0	0	0	0	11	0	10	0	7	9	0	4	0	0	7	0	0	0	0	25	5	21	13	24	26	39	0	0	0	0	0	0	0	0	19	7	0	0	0	0	0	0	0	0	0	0	0	0	0	0	0	0	7	0	0	0	0	0	0	0	0	16	12	12	7	0	0	0	0	0	0	0	0
OTU_349	0	0	0	0	40	14	14	35	0	0	0	0	0	15	0	0	0	0	0	0	0	0	27	17	23	0	7	0	5	0	0	0	0	0	0	0	0	4	7	0	6	0	0	0	0	0	0	0	0	0	0	0	0	0	0	0	0	0	7	0	20	16	37	8	0	0	0	0	0	7	0	0	0	0	0	0
OTU_350	0	0	0	0	0	0	0	0	0	0	0	0	0	0	0	0	0	18	7	0	3	0	0	0	0	0	0	0	0	0	0	0	0	0	0	0	0	0	0	0	0	14	6	7	12	0	0	0	0	0	0	0	0	0	0	0	0	0	0	0	0	0	0	0	15	46	43	50	0	0	0	0	0	0	0	0
OTU_351	0	0	0	0	8	0	3	0	7	8	0	0	0	2	82	33	18	0	0	0	0	16	51	20	6	0	0	0	0	0	0	0	0	0	0	0	1	4	3	5	8	0	0	0	0	0	0	0	0	0	6	0	0	0	0	0	2	3	0	0	0	0	0	0	6	0	0	3	0	0	13	0	0	0	0	4
OTU_352	0	0	0	0	0	0	0	0	0	0	0	0	0	0	0	0	0	0	0	0	0	0	0	0	0	0	0	0	0	0	0	0	0	33	30	28	21	19	23	44	26	0	0	0	0	0	9	5	6	0	0	0	0	4	4	2	0	3	0	0	0	0	0	0	0	0	0	0	16	19	13	8	0	0	0	0
OTU_353	0	21	0	0	0	0	0	0	0	0	0	0	0	0	0	0	0	0	0	0	0	0	0	0	0	0	0	0	0	0	0	0	0	6	7	12	9	36	30	30	15	0	0	0	0	20	0	0	12	0	0	0	0	0	9	0	0	0	0	0	0	0	0	0	0	0	0	0	16	28	28	8	8	0	0	0
OTU_354	0	0	0	0	0	0	0	0	0	0	0	0	0	0	0	0	0	0	7	0	0	0	0	0	0	0	0	0	0	0	0	0	0	0	0	0	0	3	0	0	0	10	21	18	37	0	0	0	0	4	0	4	0	0	0	0	0	0	0	0	0	0	0	0	0	0	0	0	4	0	0	0	3	7	10	7
OTU_355	6	4	17	10	0	6	4	3	4	9	11	5	5	6	6	5	2	14	7	0	3	0	8	2	0	3	6	4	8	4	3	5	4	0	1	0	0	0	0	1	0	4	7	6	12	0	2	0	2	2	1	2	1	0	0	0	0	0	4	1	5	2	5	4	0	3	2	2	0	0	0	0	2	2	7	1
OTU_356	0	0	0	11	0	0	3	7	0	0	0	0	0	0	0	0	0	13	0	0	0	0	0	0	0	0	0	4	4	0	33	22	26	10	26	16	15	0	0	0	0	0	0	0	0	0	0	3	0	0	0	0	0	0	0	0	0	0	0	0	0	0	0	0	12	0	0	0	0	12	5	3	12	12	0	0
OTU_357	0	0	0	0	0	0	0	0	0	0	0	0	0	0	0	0	0	4	0	0	0	0	0	0	0	0	0	0	4	0	0	0	13	0	0	0	0	0	0	0	0	0	10	0	0	0	4	0	6	27	4	11	16	0	0	0	0	0	0	0	0	0	0	0	0	0	9	0	0	0	0	0	9	26	21	30
OTU_358	0	0	0	0	0	0	0	0	0	0	0	0	0	0	0	0	0	0	4	6	0	0	0	0	0	0	0	2	4	7	7	4	3	0	0	0	0	5	0	0	0	12	4	4	7	0	0	0	0	13	8	4	12	0	0	0	0	0	0	0	0	0	0	0	0	0	0	0	9	0	0	0	14	5	20	22
OTU_359	0	0	0	0	37	24	28	48	4	0	0	0	13	9	6	0	0	0	0	0	0	0	0	0	0	0	0	0	10	0	0	0	0	0	0	0	0	0	0	0	0	0	0	0	0	0	0	0	0	0	0	0	0	0	0	0	0	0	0	0	25	0	12	27	0	0	0	0	0	0	0	0	0	0	0	0
OTU_360	0	0	0	4	0	0	0	0	0	0	5	0	0	0	0	0	0	0	0	0	0	0	0	0	0	0	0	0	0	0	0	0	0	5	0	3	2	32	19	51	31	0	0	0	0	0	5	0	5	0	0	0	0	0	9	25	14	6	0	0	0	0	0	0	0	0	0	0	21	8	0	30	0	0	0	0
OTU_361	0	0	0	0	0	0	0	0	0	0	0	0	0	0	0	0	0	0	0	0	0	0	0	0	0	0	0	0	0	0	0	0	0	0	4	10	3	42	23	24	15	0	0	0	0	0	0	4	0	0	0	0	0	0	0	0	7	11	0	0	0	0	0	0	0	0	0	0	29	0	74	40	4	0	0	0
OTU_362	10	7	6	5	2	2	0	3	0	0	1	0	5	8	1	1	2	0	1	1	3	0	0	0	0	0	3	2	1	2	2	0	2	0	0	0	0	0	0	2	0	4	15	5	9	1	1	0	4	2	0	2	1	6	0	2	0	1	11	4	0	5	1	1	1	2	2	2	1	1	1	0	0	3	5	3
OTU_363	0	0	0	0	0	0	0	0	0	0	0	0	0	0	0	0	0	0	0	0	0	0	0	0	0	0	0	0	0	0	0	0	0	0	0	0	0	0	0	0	0	0	0	0	10	0	0	0	0	0	0	0	0	0	0	0	0	0	0	0	0	0	0	0	0	0	0	0	0	0	0	0	0	0	0	0
OTU_364	0	0	0	0	0	0	0	0	0	0	0	0	3	0	0	0	4	0	0	0	0	0	0	0	0	0	0	0	0	0	0	0	0	0	0	0	0	8	20	36	23	0	0	0	0	0	0	0	0	0	0	0	0	0	47	34	45	30	0	0	0	0	0	0	0	0	0	0	7	11	24	11	0	0	0	0
OTU_365	0	0	12	7	0	3	4	10	0	0	0	3	0	2	0	0	0	0	0	0	3	0	0	0	6	10	0	6	0	0	0	0	4	0	0	0	0	0	0	4	27	0	0	0	0	0	0	0	2	6	0	0	0	0	0	0	5	0	0	11	0	28	0	0	0	0	0	0	10	0	9	6	0	0	0	4
OTU_366	1	0	0	6	2	0	1	0	1	4	4	4	6	4	18	7	14	4	15	3	7	0	0	0	0	0	0	0	0	4	3	6	4	0	1	0	1	0	2	2	0	2	3	0	4	3	4	1	2	1	3	0	0	0	11	5	2	5	2	1	1	0	0	1	9	7	8	5	0	0	0	0	1	3	5	1
OTU_367	3	0	2	2	2	2	0	3	0	8	4	5	4	6	4	9	4	2	4	6	17	0	2	0	1	4	2	4	4	6	5	3	12	2	1	0	1	0	0	0	0	0	0	5	1	3	0	0	4	1	2	5	3	0	0	1	0	1	2	1	1	0	1	1	5	3	7	7	0	0	0	0	3	5	2	0
OTU_368	0	0	0	9	0	0	0	0	131	8	27	28	0	0	0	0	0	6	0	26	0	0	0	0	0	0	0	0	0	0	0	0	0	0	0	0	0	0	6	0	12	0	0	0	0	0	0	0	0	0	0	0	0	0	0	0	0	0	0	0	5	0	0	0	6	0	0	0	0	0	0	0	0	0	0	0
OTU_369	0	0	0	0	0	2	4	4	0	0	0	0	0	0	2	0	0	0	0	0	0	0	0	0	0	0	0	0	0	0	0	0	0	9	8	6	11	9	49	29	0	0	0	0	0	27	13	19	21	0	0	0	0	0	0	0	0	6	0	0	0	0	0	0	0	0	0	0	6	5	0	35	0	0	0	0
OTU_370	8	0	0	10	8	0	8	118	0	0	0	0	0	0	0	0	0	0	0	0	0	0	5	9	11	0	4	0	9	0	0	0	0	0	0	0	0	0	0	0	4	0	0	0	0	0	0	0	0	0	0	0	0	0	5	0	0	0	0	0	6	10	10	28	0	0	0	0	0	0	0	0	0	0	0	0
OTU_372	0	0	0	0	0	6	0	0	0	0	0	0	0	0	0	0	0	0	0	0	0	0	0	0	0	0	0	0	0	0	0	0	0	6	12	3	5	20	15	19	21	0	0	0	0	13	5	11	0	0	0	0	0	0	5	5	11	9	0	0	0	0	0	0	0	0	0	0	34	24	13	31	0	0	0	0
OTU_373	0	0	0	0	0	0	0	0	0	0	0	0	0	0	0	0	0	0	0	0	0	0	0	0	0	0	0	0	0	0	0	0	0	0	0	0	0	31	29	35	32	0	0	0	0	0	0	5	0	0	0	0	0	0	0	0	0	0	0	0	0	0	0	0	0	0	0	0	35	34	59	13	0	0	0	0
OTU_375	0	0	0	0	0	0	0	0	0	0	0	0	0	0	0	0	0	0	0	0	0	0	0	0	0	0	0	0	0	0	0	0	0	12	4	9	3	15	28	27	21	0	0	0	0	0	6	8	5	0	0	0	0	0	0	4	6	9	0	0	0	0	0	0	0	0	0	0	27	17	38	26	0	0	0	0
OTU_376	0	0	0	0	0	2	5	0	0	0	0	0	0	0	0	0	0	0	10	0	0	0	0	8	40	0	0	5	0	0	5	13	13	0	0	11	11	8	10	0	25	0	0	0	0	0	0	8	0	11	5	16	0	0	0	0	0	0	0	0	0	0	0	3	5	0	0	0	0	0	0	0	9	0	0	3
OTU_377	3	1	3	2	0	4	0	2	8	1	3	2	0	1	3	2	0	1	5	0	0	3	2	4	0	8	3	5	0	2	9	5	0	0	1	0	0	0	0	0	0	4	7	4	2	0	1	2	4	13	0	7	6	1	0	0	0	0	1	0	0	0	0	0	0	0	1	3	1	0	0	0	4	5	4	0
OTU_378	0	0	0	0	0	0	0	0	0	0	0	0	0	0	0	0	0	0	0	0	0	0	0	0	0	0	0	0	0	0	0	0	0	0	5	4	0	12	16	30	23	0	0	0	0	0	0	0	0	0	0	0	0	0	0	5	8	3	0	0	0	0	0	0	0	0	0	0	39	25	56	36	0	0	0	0
OTU_379	0	5	0	2	0	2	2	3	0	0	1	1	1	1	1	2	3	1	7	10	4	0	0	0	0	3	1	5	8	1	5	2	3	1	1	2	1	0	0	0	0	7	1	6	3	1	1	5	1	1	6	3	2	1	0	0	0	2	4	1	0	2	2	0	3	1	1	2	0	1	0	0	4	3	4	1
OTU_380	0	0	0	0	0	0	0	0	0	0	0	0	0	0	48	7	5	0	0	0	0	0	0	0	0	0	0	0	0	0	0	0	0	0	0	0	0	0	0	0	0	0	0	0	0	0	0	0	0	0	0	0	0	0	0	0	0	0	0	5	0	0	0	0	8	0	9	0	0	0	0	0	0	0	4	0
OTU_381	0	0	0	0	0	0	0	0	13	0	0	0	0	0	0	0	2	0	0	0	0	33	23	34	29	23	30	42	39	0	0	0	0	0	0	0	0	0	0	0	0	0	0	0	0	0	0	0	0	0	0	0	0	0	0	0	0	0	0	0	0	0	0	0	0	0	0	0	0	0	0	0	0	0	0	0
OTU_382	3	1	2	6	3	8	1	5	1	0	0	1	3	7	0	10	0	0	0	6	0	16	0	1	1	8	15	9	12	6	9	9	0	0	0	0	0	0	0	0	0	1	4	1	0	0	0	0	0	0	6	0	7	0	0	0	0	0	0	1	0	0	0	0	8	12	0	6	0	0	0	0	6	9	1	2
OTU_383	1	2	3	2	5	6	1	1	0	2	2	3	3	2	1	0	2	5	17	4	4	0	0	0	0	0	0	0	0	0	0	0	7	2	2	1	0	0	0	0	0	4	18	10	3	0	2	1	0	7	4	3	0	0	0	4	1	1	0	2	0	0	0	0	6	2	3	4	0	0	0	0	5	14	2	4
OTU_384	0	0	0	0	0	0	0	0	0	0	0	0	0	0	0	0	0	9	18	0	0	0	0	0	0	0	0	0	0	0	0	0	0	0	0	0	0	0	0	0	0	19	25	39	17	0	0	0	0	24	11	20	21	0	0	0	0	0	0	0	0	0	0	0	0	0	0	0	0	0	0	0	0	21	16	12
OTU_385	16	0	14	0	0	0	0	0	0	2	0	6	0	0	0	0	4	0	0	0	0	26	11	15	25	6	47	17	8	0	0	0	0	0	0	0	0	0	0	0	0	0	2	0	0	0	0	0	0	0	0	0	0	0	0	0	0	0	8	13	9	0	0	0	0	0	0	0	0	4	0	0	3	0	0	0
OTU_386	0	0	2	1	2	2	2	0	1	6	9	7	4	7	2	6	3	8	9	4	3	0	0	0	0	0	0	0	0	3	14	5	2	0	3	0	0	0	3	1	0	0	0	0	2	6	3	1	0	3	2	1	0	3	0	2	2	5	0	3	1	0	3	2	7	9	4	9	0	0	0	0	1	0	6	0
OTU_387	0	0	0	0	0	0	0	0	0	0	0	0	0	0	0	0	0	0	13	33	26	0	0	0	0	0	0	0	0	0	0	0	0	0	0	0	0	0	0	0	0	21	43	40	29	0	0	0	0	17	0	0	6	0	0	0	0	0	0	0	0	0	0	0	0	0	0	0	0	0	0	0	11	0	15	0
OTU_389	0	0	0	0	0	0	4	0	0	0	0	0	0	0	5	0	0	9	16	33	17	0	4	0	0	0	0	3	0	0	2	0	4	0	0	0	0	0	0	0	0	24	15	25	18	0	0	0	2	0	9	0	0	0	0	0	4	0	0	0	0	0	0	0	0	0	0	0	14	0	13	0	10	0	2	0
OTU_390	10	7	18	1	7	4	23	5	0	0	1	0	5	8	0	0	0	0	0	11	1	7	0	1	1	0	0	0	0	0	19	0	0	0	0	0	0	0	4	3	0	0	0	2	0	0	0	0	0	4	0	0	0	10	0	0	0	4	8	4	3	0	1	0	0	0	0	0	2	0	0	0	0	0	0	0
OTU_391	0	0	0	0	0	0	0	0	0	0	0	0	0	0	0	0	0	0	0	0	0	0	0	0	0	0	0	0	0	0	0	0	0	0	0	0	0	6	0	0	0	0	0	0	0	23	30	31	27	0	0	0	0	0	0	0	0	0	0	0	0	0	0	0	0	0	0	0	0	0	19	0	0	0	0	0
OTU_392	0	26	0	0	0	0	0	0	0	5	6	3	0	3	0	0	3	4	0	0	0	0	0	0	0	0	0	0	0	0	0	0	0	0	0	0	0	8	10	13	5	0	6	0	0	0	0	0	11	0	3	0	0	0	0	0	8	9	0	6	14	0	0	0	0	0	3	0	0	15	0	10	0	0	0	0
OTU_393	2	0	0	0	1	7	0	1	0	2	0	2	3	0	4	0	0	6	0	0	0	33	1	0	5	0	2	0	0	5	0	0	2	0	0	13	25	0	3	7	2	0	0	0	2	0	11	0	0	0	0	0	0	1	4	0	3	0	5	5	0	3	0	3	0	0	2	5	0	0	0	0	0	0	0	0
OTU_394	0	0	0	6	2	4	0	0	0	0	0	0	0	0	0	0	0	7	7	17	0	0	0	0	0	0	0	0	0	0	0	0	0	0	0	0	0	0	0	0	0	0	0	21	7	0	0	0	0	0	9	0	3	0	0	0	0	0	0	0	0	0	0	0	0	0	0	0	5	5	15	0	18	0	9	7
OTU_395	2	0	1	2	9	1	8	3	4	3	6	2	2	3	2	4	0	2	7	3	0	16	7	4	2	0	6	1	3	6	5	0	2	4	0	8	0	0	0	0	1	2	2	0	2	0	0	3	0	1	2	1	2	4	0	9	7	0	3	1	4	0	6	1	0	4	2	4	0	2	0	0	2	0	1	2
OTU_396	0	0	0	0	0	0	0	0	0	0	0	0	0	0	0	0	0	0	0	0	0	0	0	0	0	0	0	0	0	0	0	0	0	0	0	0	0	0	0	0	0	0	0	0	0	0	0	0	0	0	0	0	0	0	0	0	0	0	33	19	0	0	0	0	0	0	0	0	0	0	0	0	0	0	0	0
OTU_397	0	0	0	8	0	0	0	0	26	19	16	15	10	4	10	12	13	0	0	0	3	0	0	0	0	11	7	8	8	0	0	0	0	0	0	0	0	0	0	0	0	0	0	0	0	0	0	0	0	0	0	5	0	0	0	0	0	0	2	0	0	0	0	0	0	2	0	0	0	0	0	0	0	0	0	0
OTU_398	0	0	0	0	0	0	0	0	0	0	0	0	0	0	0	0	0	8	0	7	7	0	0	0	0	0	0	0	0	0	0	0	0	0	0	0	0	0	0	0	0	41	28	60	51	0	0	0	0	0	4	8	0	0	0	0	0	0	0	0	0	0	0	0	0	0	0	0	0	0	0	0	7	0	0	4
OTU_399	0	0	0	0	0	0	0	0	0	0	0	0	0	0	0	0	0	0	0	0	0	0	0	0	0	0	0	0	0	0	0	0	0	4	7	4	9	19	11	25	21	0	0	0	0	0	5	7	5	0	0	0	0	0	0	5	9	5	0	0	0	0	0	0	0	0	0	0	17	15	24	0	0	0	0	0
OTU_400	2	0	0	2	5	0	0	4	0	1	0	1	0	1	0	1	0	2	0	1	0	13	9	2	1	0	7	2	2	3	2	3	0	1	4	1	5	0	8	2	0	0	0	0	0	3	4	5	1	0	0	1	0	6	0	10	4	2	6	3	3	1	0	4	0	1	5	1	3	2	0	6	0	0	1	0
OTU_401	0	0	0	2	0	0	0	0	2	0	3	3	0	0	0	3	1	5	4	1	3	0	0	0	0	0	3	1	1	2	0	7	9	1	0	1	1	0	0	0	0	6	8	7	7	1	0	1	1	4	1	4	3	0	0	0	0	0	0	0	0	0	0	0	3	4	5	2	0	0	0	0	1	0	4	2
OTU_402	2	0	3	0	2	2	1	5	0	2	2	6	5	2	0	3	6	10	2	3	1	0	1	0	0	1	1	2	5	3	0	0	0	0	0	2	1	0	0	0	0	4	5	9	12	1	0	1	2	3	4	7	0	0	0	0	0	0	0	0	0	2	0	0	0	1	0	0	0	0	0	0	0	3	2	1
OTU_403	0	9	0	0	0	0	0	0	0	0	0	0	0	0	0	0	0	0	0	0	0	0	0	0	0	0	0	0	0	0	0	0	0	0	0	0	0	0	0	0	0	0	0	0	0	0	0	0	0	0	0	0	0	0	0	0	0	0	0	0	0	0	0	0	0	0	0	0	0	0	0	0	0	0	0	0
OTU_404	11	8	0	0	25	12	10	2	0	0	0	0	0	0	0	5	0	0	0	0	0	0	0	0	0	0	0	0	0	0	0	0	0	0	0	0	3	0	0	4	0	0	0	0	0	0	0	0	0	0	0	0	0	0	0	0	0	0	0	0	10	0	5	0	0	0	0	0	3	0	3	3	0	0	0	0
OTU_405	0	0	0	0	0	0	0	0	0	0	0	0	0	0	0	0	0	0	0	0	0	0	0	0	0	0	0	0	0	0	0	0	0	3	0	0	0	19	19	31	34	0	0	0	0	0	0	0	0	0	0	0	0	0	0	0	0	0	0	0	0	0	0	0	0	0	0	0	35	35	0	6	0	0	0	0
OTU_406	0	0	0	0	6	0	0	9	33	0	0	0	0	0	0	0	0	0	0	0	0	0	0	0	0	0	0	0	0	0	0	0	0	0	0	0	0	0	0	0	0	0	0	6	0	0	0	0	0	0	0	0	0	0	0	0	0	0	0	0	3	0	0	20	0	0	0	0	0	0	0	0	0	0	0	6
OTU_407	0	0	4	0	0	7	0	0	0	0	0	0	0	0	0	0	0	0	0	0	0	0	0	0	0	0	0	0	0	0	0	0	0	0	0	0	0	0	0	0	0	0	0	0	0	0	0	0	0	0	0	0	8	0	0	0	0	0	0	0	0	0	0	0	23	33	30	24	0	0	0	0	0	0	0	0
OTU_408	0	0	0	0	0	0	2	0	0	0	0	0	0	0	0	0	0	0	0	0	0	0	0	0	0	0	0	0	0	0	0	0	0	2	0	0	0	0	0	0	0	0	0	0	0	0	0	0	0	5	1	0	3	9	0	0	0	0	0	0	0	6	0	0	0	0	0	0	0	0	0	0	0	0	0	0
OTU_409	0	10	0	0	0	0	0	0	0	0	0	0	0	0	0	0	0	0	0	0	0	0	0	0	0	0	0	0	0	0	0	0	0	0	0	0	0	9	15	13	7	0	0	0	0	0	0	0	0	19	4	0	0	0	0	0	0	9	0	0	0	16	4	0	0	0	0	0	4	16	12	0	0	0	0	0
OTU_410	7	0	0	0	0	0	0	1	18	0	0	5	0	0	0	3	0	0	0	0	0	0	0	10	0	13	0	0	0	6	5	0	0	8	0	0	0	13	0	0	23	0	0	11	0	0	0	0	0	0	0	16	0	0	0	0	0	0	0	0	0	0	0	0	0	0	0	0	0	0	0	0	0	0	0	0
OTU_411	0	1	0	0	0	0	0	1	7	0	2	3	13	2	4	10	13	0	1	0	0	0	0	0	0	0	0	0	0	0	0	0	0	0	0	0	0	0	0	0	1	0	1	2	1	0	0	0	0	0	0	0	0	16	0	0	0	2	1	5	3	2	0	0	0	0	0	0	0	0	0	0	0	0	4	1
OTU_412	0	0	0	2	0	1	1	3	0	4	7	7	0	0	4	5	4	6	2	0	3	0	2	0	0	0	0	0	0	0	2	5	0	0	0	0	0	0	0	0	0	2	7	2	1	0	0	0	0	3	1	0	0	0	0	0	0	0	1	1	0	0	0	0	0	0	0	1	0	0	0	0	0	0	0	0
OTU_413	3	1	0	2	1	4	1	5	0	0	3	2	5	3	5	2	1	1	1	1	1	3	6	0	1	0	0	0	0	1	0	1	1	3	8	4	5	0	3	3	1	0	0	1	0	3	0	2	0	0	0	0	0	12	15	6	7	12	3	4	0	0	1	1	1	2	3	0	0	0	0	0	0	2	0	0
OTU_414	8	0	0	0	0	0	0	0	0	5	0	4	0	0	0	0	0	0	0	0	0	0	0	0	0	0	0	0	0	0	0	0	0	0	0	0	0	4	0	25	10	0	0	0	0	0	0	0	0	0	0	0	0	0	0	0	3	3	0	0	0	0	0	0	2	0	0	0	3	13	0	11	0	0	0	0
OTU_415	0	0	0	0	0	0	0	0	0	0	0	0	0	0	0	0	0	0	0	0	0	0	0	0	0	0	0	0	0	0	0	0	0	0	11	10	4	16	31	4	0	0	0	0	0	0	7	0	0	0	0	0	0	0	16	0	8	0	0	0	0	0	0	0	0	0	0	0	10	5	54	41	0	0	0	0
OTU_416	0	0	0	0	0	0	0	0	0	0	0	0	0	0	0	0	0	0	0	0	0	0	0	7	0	0	0	0	0	0	0	0	0	22	13	9	10	11	25	13	0	0	0	0	0	4	11	15	21	0	0	0	0	0	0	0	0	0	0	0	0	0	0	0	0	0	0	0	7	6	24	12	0	0	0	0
OTU_417	0	4	0	0	0	3	1	0	0	1	1	1	1	2	4	3	7	3	13	1	6	20	1	0	0	0	0	2	1	0	12	2	1	1	0	2	0	2	1	3	2	6	12	1	5	0	2	1	0	2	0	4	1	4	2	6	2	1	1	0	0	1	2	1	2	2	3	1	0	1	1	1	0	2	5	4
OTU_418	0	0	0	0	0	0	0	0	0	0	0	0	0	0	0	0	0	0	0	0	0	0	0	0	0	0	0	0	0	0	0	0	0	6	12	7	3	24	18	8	9	0	0	0	0	0	0	5	0	0	0	0	0	0	0	6	0	5	0	0	5	0	0	0	0	0	0	0	13	17	13	43	0	0	0	0
OTU_419	0	0	0	0	0	0	0	0	0	0	0	0	0	0	0	0	0	0	0	0	0	0	5	15	0	6	0	0	0	0	0	0	0	0	0	0	0	0	10	9	21	0	0	0	0	0	0	0	0	0	0	0	0	0	0	0	7	0	0	3	0	0	0	0	0	0	0	0	21	11	20	18	0	0	0	0
OTU_420	0	0	0	0	0	0	0	0	30	0	0	0	0	0	0	0	0	0	0	0	0	0	0	0	0	0	0	0	0	0	0	0	4	0	0	0	0	0	0	0	0	0	0	0	0	0	0	0	0	0	0	0	0	0	0	0	0	0	0	0	0	0	0	0	0	0	0	0	0	0	0	0	0	0	0	0
OTU_422	0	0	0	0	0	0	0	0	0	0	0	0	0	0	0	3	0	0	0	0	0	0	0	0	0	0	0	0	0	0	0	0	0	0	0	0	0	0	3	0	0	0	0	0	0	0	0	0	0	0	0	0	0	0	0	0	0	0	0	0	0	0	0	0	0	0	0	0	0	0	0	0	0	0	0	0
OTU_423	3	0	0	6	0	0	5	0	0	0	0	0	0	0	0	0	0	5	0	0	0	0	0	0	0	0	0	0	0	0	0	0	0	0	0	0	0	0	7	0	0	11	14	10	15	0	7	0	0	0	0	4	0	0	0	0	11	3	6	0	0	0	6	11	0	0	0	0	0	0	0	0	16	3	6	11
OTU_424	0	6	10	0	0	0	0	0	0	0	0	0	0	0	0	0	0	0	0	0	0	0	0	0	6	0	0	0	0	0	0	0	0	8	4	0	4	8	5	0	0	0	0	0	0	0	0	0	0	0	0	0	0	6	0	0	0	0	6	0	37	10	9	25	0	0	0	0	0	0	11	0	0	0	0	0
OTU_425	0	0	7	0	11	5	7	0	4	0	0	0	0	0	0	0	0	0	0	0	0	0	0	0	0	0	0	0	0	0	0	0	0	4	0	8	10	25	0	10	5	0	0	0	0	10	35	23	17	0	0	0	0	0	0	0	0	0	0	0	0	0	5	0	0	0	0	0	0	0	0	7	0	0	0	0
OTU_426	0	0	0	0	0	0	0	0	14	33	64	39	0	5	10	18	13	0	0	0	0	0	0	0	0	0	0	0	0	0	0	0	0	0	0	0	0	0	0	0	0	0	0	0	0	0	0	0	0	0	0	0	0	0	0	0	0	0	0	0	0	0	0	0	0	0	0	0	0	0	0	0	0	0	0	0
OTU_427	9	0	0	0	0	0	0	0	0	0	3	0	0	0	27	22	18	8	0	0	0	0	0	0	0	23	13	17	31	4	0	0	4	0	0	0	0	0	0	0	0	0	0	0	0	0	0	0	0	0	0	0	0	0	0	0	0	0	0	0	0	0	0	0	0	0	10	7	0	0	0	0	0	0	0	0
OTU_428	0	0	0	0	0	0	0	0	37	18	18	19	0	0	0	0	3	0	0	0	0	0	0	0	0	0	0	0	0	0	0	0	0	0	0	0	0	0	4	0	5	0	0	4	4	0	0	0	0	15	0	12	2	0	0	0	0	4	0	0	0	0	0	0	0	0	0	0	0	10	0	0	4	9	5	11
OTU_429	0	0	0	0	0	0	0	0	0	0	0	0	0	0	0	0	0	0	0	0	0	0	0	0	0	0	0	0	0	0	0	0	0	0	0	0	0	0	0	0	0	0	0	0	0	0	0	0	0	0	0	0	0	0	0	0	3	0	4	0	0	0	0	0	0	0	0	0	0	0	0	0	0	0	0	0
OTU_431	0	0	0	20	0	0	0	0	0	0	0	0	0	0	0	0	0	0	0	0	0	0	4	5	21	0	0	0	0	0	0	0	0	0	0	0	0	0	8	0	5	4	0	0	0	0	0	0	0	0	15	4	0	0	0	0	0	0	39	0	0	0	3	0	0	0	0	0	0	0	12	0	5	9	0	3
OTU_432	0	0	0	0	0	0	0	0	0	0	0	0	0	0	0	0	0	0	0	0	0	0	0	0	0	0	0	0	0	0	0	0	0	0	0	0	0	12	31	13	41	0	0	0	0	0	0	3	0	4	0	0	0	0	15	0	6	0	0	0	0	0	0	0	0	0	0	0	10	8	23	16	6	0	0	0
OTU_433	2	0	0	3	0	0	2	3	0	0	1	4	0	0	1	0	0	5	0	0	0	0	1	0	0	0	0	0	0	0	3	1	1	0	5	0	7	0	0	0	0	2	7	4	5	0	0	0	0	4	2	0	0	0	0	0	0	0	0	5	0	0	0	0	1	3	0	2	0	0	0	0	0	0	0	0
OTU_434	0	0	0	0	0	0	0	0	0	0	0	0	0	0	0	0	0	0	0	0	0	0	0	16	10	0	3	0	0	25	17	5	2	8	0	0	0	0	0	0	0	0	0	0	0	11	7	0	0	3	3	0	0	0	0	0	0	0	0	0	0	0	4	0	0	8	0	0	7	0	0	0	0	0	0	0
OTU_435	0	0	0	0	0	0	0	0	0	0	0	0	0	0	0	0	0	0	0	0	0	0	0	0	0	0	0	0	0	0	0	0	0	2	6	0	10	9	12	10	32	0	0	0	0	0	0	0	4	0	0	0	0	0	26	0	6	8	0	0	0	0	0	0	0	0	0	0	20	21	19	11	0	0	0	0
OTU_436	0	0	0	0	0	0	0	0	0	0	0	0	0	0	0	0	0	0	0	0	0	0	0	0	0	0	0	0	0	0	0	0	0	0	9	4	11	13	18	0	14	0	0	0	0	0	0	0	4	0	0	0	0	0	0	0	0	0	0	0	0	0	9	5	0	0	0	0	8	26	11	37	0	0	0	0
OTU_437	0	8	0	0	15	0	0	0	0	0	0	0	0	0	0	0	0	0	30	0	0	0	0	1	0	0	0	11	4	0	0	0	0	18	0	2	0	0	12	0	0	0	0	0	0	0	0	0	0	0	0	0	0	0	0	4	0	0	0	0	0	17	0	0	0	0	0	0	0	0	0	0	0	0	0	0
OTU_438	0	0	0	0	0	0	0	0	0	0	0	0	0	0	0	0	0	0	0	0	0	0	0	0	0	0	0	0	0	0	0	0	0	3	4	0	10	15	15	15	11	0	0	0	0	0	0	3	0	0	0	0	0	0	0	4	4	2	0	0	0	0	0	0	0	0	0	0	12	41	24	21	0	0	0	0
OTU_439	0	3	1	4	1	2	4	1	3	1	0	3	1	0	4	3	3	0	7	3	6	0	0	0	0	0	0	0	0	2	5	1	3	2	1	3	2	0	0	0	0	7	5	5	4	0	0	0	1	4	3	4	3	0	0	0	0	0	1	1	0	0	0	0	4	2	0	1	0	0	0	0	0	0	2	0
OTU_440	14	20	0	0	18	0	0	0	0	0	0	0	0	0	0	0	0	0	0	0	0	0	0	0	0	0	0	0	0	0	0	0	0	0	47	0	0	0	0	0	0	0	0	0	0	0	0	0	0	0	0	0	0	0	0	0	0	0	0	12	0	0	0	16	0	0	9	0	0	11	0	0	0	0	0	0
OTU_441	5	2	3	6	0	4	2	3	5	1	0	0	3	1	0	0	7	1	13	7	3	0	0	1	0	0	0	0	0	0	10	4	5	0	2	0	0	1	0	3	2	0	0	0	2	0	2	1	2	0	2	3	0	0	0	0	0	1	3	1	1	1	1	3	0	0	0	5	1	0	0	1	0	7	0	0
OTU_442	0	0	0	0	0	0	0	0	0	0	0	0	0	0	0	0	0	0	0	0	0	10	0	0	0	0	0	0	0	0	0	0	0	14	48	28	25	0	5	0	0	0	0	0	0	16	13	10	16	0	0	0	0	0	0	0	0	0	0	0	3	0	0	0	0	0	0	0	0	0	0	0	0	0	0	0
OTU_443	0	0	0	0	0	0	0	5	0	0	0	0	0	0	0	0	0	0	0	0	0	0	0	0	0	0	0	0	0	0	0	0	0	0	0	0	0	12	10	32	23	0	0	0	0	0	0	0	0	0	0	0	0	0	0	0	0	0	0	0	0	0	0	0	0	0	0	0	16	33	17	20	2	0	0	0
OTU_445	0	0	0	0	0	0	0	0	0	0	0	0	0	0	0	0	0	0	0	0	0	0	0	0	0	0	0	0	0	0	0	0	0	0	2	0	0	2	29	37	21	0	0	0	0	0	0	0	0	0	0	0	0	0	0	0	0	0	0	0	0	0	0	0	0	0	0	0	33	33	5	4	0	0	0	0
OTU_446	0	0	0	0	0	0	0	0	11	0	0	0	9	0	0	0	0	0	0	4	0	0	0	0	6	0	5	0	5	0	0	0	0	0	0	0	0	16	0	0	11	0	4	0	5	0	0	0	0	0	6	0	0	0	0	0	0	0	0	0	0	0	0	0	0	0	0	0	0	3	0	0	7	0	4	0
OTU_447	0	0	0	0	0	0	0	0	0	0	0	0	0	0	0	0	0	0	0	0	0	0	0	11	17	0	0	21	0	21	10	0	0	8	0	5	13	3	0	0	9	4	0	0	0	0	0	0	0	0	0	0	0	0	0	0	0	0	0	0	0	0	15	0	0	0	0	0	0	0	0	0	0	0	0	2
OTU_448	2	0	0	1	1	1	0	5	2	1	3	4	4	7	3	1	3	4	1	6	6	0	0	0	0	0	2	3	1	0	3	6	3	2	0	0	0	0	0	0	0	4	4	4	6	0	0	0	0	1	1	2	1	1	0	0	0	0	0	0	0	0	0	0	2	3	1	0	0	0	0	0	2	0	4	1
OTU_449	0	0	0	4	0	0	6	0	0	0	0	0	0	0	0	0	0	0	9	0	12	0	0	0	0	0	0	0	0	0	0	0	0	0	0	0	0	5	14	17	5	8	12	16	12	0	6	0	6	0	0	0	0	0	0	0	0	0	0	0	0	0	0	0	0	0	0	0	12	8	0	4	0	0	0	6
OTU_450	0	0	0	0	0	0	0	0	24	28	42	39	0	0	9	10	14	0	0	0	0	0	0	0	0	0	0	0	0	0	0	0	0	0	0	0	0	0	0	0	0	0	0	0	0	0	0	0	0	0	0	0	0	0	0	0	0	0	0	0	0	0	0	0	0	0	0	0	0	0	0	0	0	0	0	0
OTU_452	1	0	0	0	0	2	4	1	0	7	5	4	4	2	8	16	5	0	6	1	3	0	0	0	0	0	0	2	0	0	0	0	8	0	0	0	0	0	0	0	0	0	2	0	1	0	1	0	0	0	1	0	0	0	4	0	1	14	2	0	0	0	0	0	7	2	2	5	0	0	0	0	0	2	0	0
OTU_453	0	0	0	10	0	0	0	0	0	0	0	0	0	0	0	0	0	0	0	0	0	0	0	0	0	0	0	0	0	0	0	0	0	0	0	0	0	20	23	29	22	0	0	0	0	0	3	0	0	0	0	0	0	3	0	0	0	3	0	0	0	0	0	0	0	0	0	0	10	15	15	8	0	0	0	0
OTU_454	0	0	0	0	0	0	3	0	0	0	2	0	0	0	0	0	0	0	0	0	0	0	0	0	0	0	0	0	0	0	0	0	0	5	0	13	14	0	11	10	41	0	0	0	0	0	17	4	5	0	0	0	0	0	0	0	0	0	0	0	0	0	0	0	0	0	0	0	4	0	0	18	2	0	0	0
OTU_455	0	0	1	0	1	3	2	0	2	3	0	1	1	2	0	1	0	2	4	7	1	0	0	0	0	0	1	1	2	2	5	0	3	0	3	3	2	0	0	0	0	7	9	1	2	1	0	1	0	3	5	4	3	0	0	0	0	0	1	0	0	0	0	0	0	2	1	2	0	0	0	0	1	2	4	1
OTU_456	0	0	6	0	0	0	0	0	0	3	0	0	0	0	0	0	0	0	0	0	0	0	0	0	0	0	0	0	0	0	0	0	0	0	0	0	0	0	0	10	0	0	0	0	17	0	0	0	0	5	6	0	5	0	0	0	0	4	0	0	8	0	0	0	0	0	0	0	0	0	0	0	5	9	0	0
OTU_457	0	0	0	0	0	0	0	0	0	0	0	0	3	4	0	0	0	0	0	0	0	0	20	19	14	19	16	12	13	12	0	0	0	0	0	0	0	0	0	0	0	0	0	0	0	0	0	0	0	0	0	0	0	0	0	0	0	0	0	8	0	0	0	0	0	0	0	2	0	0	0	0	0	9	6	0
OTU_458	0	0	0	0	0	0	0	0	8	0	0	0	0	2	0	0	0	0	0	8	4	0	0	0	0	0	0	0	5	0	0	0	0	0	0	0	0	0	0	0	0	0	0	0	0	0	0	0	0	10	0	4	0	0	0	0	0	0	0	0	0	0	0	12	0	0	0	0	0	3	0	0	0	0	0	0
OTU_459	1	0	0	0	4	1	3	2	0	1	0	1	0	1	0	0	0	2	0	0	0	0	2	2	1	0	0	0	0	0	0	0	0	0	0	5	3	4	0	3	0	0	1	0	0	7	4	7	7	0	0	0	0	6	13	0	2	0	2	3	0	1	4	3	0	0	0	1	4	2	0	3	0	0	1	0
OTU_460	0	0	0	0	0	0	0	0	3	0	0	0	2	2	3	0	2	9	4	0	4	0	0	0	0	0	0	0	0	1	3	2	1	0	0	1	0	0	0	0	0	16	6	8	6	0	0	0	1	3	0	0	0	0	0	0	12	1	0	0	0	0	0	0	3	0	1	2	0	0	0	0	0	0	2	2
OTU_461	0	0	0	0	7	0	0	0	0	0	0	0	0	0	0	0	0	0	0	0	0	76	49	23	28	0	16	16	0	0	0	0	0	0	0	0	0	0	0	0	0	0	0	0	0	0	0	0	0	0	0	0	0	0	0	0	0	0	0	0	0	0	0	0	0	0	0	0	0	0	0	0	0	0	0	0
OTU_462	0	0	0	0	0	0	0	2	9	11	17	9	7	0	5	6	2	0	0	0	0	0	0	0	0	0	0	0	0	0	0	0	0	0	3	0	0	4	0	0	0	0	0	0	0	0	0	0	0	0	0	0	0	10	0	6	15	5	0	0	0	0	0	0	2	4	2	0	0	0	0	0	0	0	0	0
OTU_463	0	0	0	0	0	0	0	0	0	0	0	0	4	3	0	0	0	0	0	0	0	0	0	0	0	0	0	0	0	0	0	0	0	0	0	0	0	4	0	0	0	0	0	0	0	0	0	0	0	0	0	0	0	0	0	0	0	0	7	0	0	0	0	0	0	0	0	0	0	0	0	0	0	0	0	0
OTU_464	0	0	0	0	0	0	0	0	115	8	16	3	0	0	0	0	0	0	0	0	0	0	0	0	0	0	0	0	0	0	0	0	0	0	0	0	0	0	0	0	0	0	0	0	0	0	0	0	0	0	0	0	0	0	0	0	0	0	0	0	0	0	0	0	0	0	0	0	0	0	0	0	0	0	0	0
OTU_465	4	2	1	5	0	8	0	0	2	0	0	2	1	0	1	6	8	8	5	3	1	0	0	0	0	3	0	2	0	11	10	0	5	0	0	0	0	0	0	4	2	1	0	0	2	0	0	0	0	0	0	0	0	0	0	0	0	0	0	4	0	3	0	0	7	0	2	0	0	0	0	5	0	0	0	0
OTU_466	4	0	0	0	0	0	0	0	0	0	0	0	0	0	0	0	0	0	0	0	0	0	0	0	0	0	0	9	7	0	0	0	0	0	0	0	0	0	0	0	0	8	7	10	0	0	0	0	0	13	4	4	0	0	0	0	0	0	0	6	0	11	0	0	0	0	0	0	0	0	0	0	0	0	4	13
OTU_467	2	0	4	0	7	5	4	2	0	0	0	0	6	5	0	0	0	7	0	0	6	0	0	0	0	0	0	0	0	2	5	0	9	0	0	0	0	0	0	0	0	5	2	5	10	0	0	0	0	1	0	0	0	20	0	0	0	0	0	6	0	0	0	0	0	0	0	0	0	0	0	0	0	0	0	0
OTU_468	0	0	0	0	0	0	0	0	0	0	0	0	0	0	0	0	0	4	0	0	0	0	0	0	0	0	0	0	0	0	0	0	0	0	0	0	0	0	0	0	0	15	15	16	8	0	0	0	0	0	20	9	14	0	0	0	0	0	0	0	0	0	0	0	0	0	0	0	0	0	0	0	0	21	12	12
OTU_469	0	0	0	5	3	0	1	0	0	0	0	0	2	0	0	0	0	0	0	3	0	0	14	0	0	0	0	0	0	4	23	0	0	0	5	1	2	2	5	0	0	0	4	0	0	0	0	0	5	3	0	4	0	0	7	0	0	0	6	0	3	0	0	7	0	0	5	0	0	0	0	0	0	5	4	1
OTU_470	0	0	0	0	0	0	0	0	0	0	0	0	2	0	0	0	0	0	5	0	0	0	0	0	0	6	0	0	0	0	0	0	0	0	0	0	5	0	3	0	0	0	0	0	0	0	0	5	0	0	0	0	0	0	0	0	0	3	9	9	3	0	15	29	0	0	0	0	0	0	0	0	0	0	0	0
OTU_471	0	0	0	0	0	0	0	0	0	0	0	0	0	0	0	0	0	0	0	0	0	0	0	4	0	0	0	0	0	0	0	7	0	0	0	0	0	0	0	12	0	0	0	3	0	0	0	0	0	0	0	7	0	0	0	0	0	0	0	0	0	0	0	0	0	0	0	0	0	0	0	0	0	0	2	0
OTU_472	0	0	0	0	0	0	0	0	100	0	26	12	0	0	0	0	0	0	0	0	0	0	0	0	0	0	0	0	0	0	0	0	0	0	0	0	0	0	0	0	0	0	0	0	0	0	0	0	0	0	0	0	0	0	0	0	0	0	0	0	0	0	0	0	0	0	0	0	0	0	0	0	0	0	0	0
OTU_473	0	0	1	2	5	2	3	5	4	5	0	1	4	0	0	5	4	1	5	0	3	0	0	0	0	0	0	0	0	0	0	0	1	0	0	0	0	2	6	4	3	1	0	2	0	1	0	1	0	1	1	0	0	0	5	5	5	5	9	0	5	0	1	3	2	0	1	1	3	0	0	0	0	0	0	0
OTU_474	13	0	0	0	14	0	0	0	0	0	0	0	0	0	12	0	0	0	0	0	0	0	7	6	6	4	3	8	2	2	0	0	0	0	0	0	0	0	0	0	0	0	0	0	0	0	0	0	0	0	0	0	0	0	0	0	0	0	0	0	0	15	0	0	0	0	0	0	0	7	0	0	0	0	0	0
OTU_475	16	14	4	13	9	10	0	0	0	0	0	0	0	0	0	0	0	0	0	0	0	0	0	0	0	0	0	0	0	0	0	0	0	0	0	0	0	0	0	0	0	0	0	0	0	0	0	0	0	0	0	0	0	0	0	0	0	0	0	0	28	12	12	5	0	0	0	0	0	0	0	0	0	0	0	0
OTU_476	5	0	0	3	3	0	0	0	0	0	0	0	3	2	0	0	0	0	0	0	0	0	5	3	34	14	0	0	0	0	0	0	0	0	0	5	4	0	7	12	0	0	0	0	0	0	0	0	7	0	0	4	0	0	0	0	0	0	0	0	0	0	0	0	0	0	0	0	3	0	0	4	0	0	0	0
OTU_477	0	0	0	0	0	0	0	0	0	0	0	0	0	0	0	0	0	0	0	0	0	0	0	0	0	0	0	0	0	0	0	0	0	4	0	6	0	10	21	23	14	0	0	0	0	4	0	9	9	0	0	0	0	6	0	0	0	0	0	0	0	0	0	0	0	0	0	0	0	13	15	11	0	0	0	0
OTU_478	0	0	0	0	0	0	0	0	0	0	0	0	0	0	0	0	0	0	0	0	0	0	0	0	0	0	0	0	0	0	0	0	0	10	14	7	8	0	9	31	15	0	0	0	0	0	7	0	0	0	0	0	0	0	0	0	7	6	0	0	0	0	0	0	0	0	0	0	4	7	16	0	0	0	0	0
OTU_479	0	0	0	0	0	0	0	5	0	0	0	0	0	0	0	0	0	0	0	0	0	0	0	0	0	0	0	0	0	0	0	0	0	0	0	0	0	5	10	7	9	0	0	0	0	7	10	6	4	0	0	0	0	0	0	0	0	5	0	0	0	0	0	0	0	0	0	0	6	4	0	0	0	0	0	0
OTU_480	0	0	0	0	0	0	0	0	0	0	0	0	0	0	0	0	0	5	0	0	0	0	0	0	0	0	0	0	0	0	0	0	0	0	0	0	0	0	0	0	0	0	10	0	0	0	7	0	9	0	11	11	0	0	0	14	9	7	0	0	0	0	0	0	0	0	0	0	4	0	0	0	0	0	0	0
OTU_481	0	0	0	0	0	0	0	0	0	0	0	0	0	0	0	0	0	0	0	0	0	0	0	0	0	0	0	0	4	0	0	0	0	0	0	0	0	0	0	0	0	0	0	0	0	0	0	0	0	0	0	0	0	0	0	0	0	0	20	0	0	0	0	0	0	0	0	0	0	0	0	0	0	0	0	0
OTU_482	0	0	0	0	0	0	0	0	22	30	30	28	0	0	13	4	6	0	0	0	0	0	0	0	0	0	0	0	0	0	0	0	0	0	0	0	0	0	0	0	0	0	0	0	0	0	0	0	0	0	5	0	0	0	0	0	0	0	0	0	0	0	0	0	0	0	0	0	0	0	0	0	0	0	0	0
OTU_483	0	0	0	0	0	0	0	0	0	0	0	0	0	0	0	0	0	0	0	0	0	0	0	0	0	0	0	0	0	0	0	0	0	0	0	0	0	12	9	24	5	0	0	0	0	0	0	0	0	0	0	0	0	0	0	0	0	0	0	0	3	0	0	0	0	0	0	0	10	10	22	41	0	0	0	0
OTU_484	0	0	0	0	4	17	0	0	0	0	0	0	0	0	0	0	3	0	0	0	0	0	0	0	0	0	0	8	0	0	0	0	0	3	6	6	7	0	0	7	0	0	0	0	0	23	31	18	7	0	0	0	0	0	0	0	0	0	0	0	0	0	0	0	0	0	0	0	0	0	0	0	0	0	0	0
OTU_486	0	0	0	0	0	3	0	0	0	0	0	0	0	0	0	0	0	0	0	0	0	0	0	0	0	0	0	0	0	0	0	0	0	6	5	2	0	4	5	14	8	0	0	0	0	14	13	19	19	0	0	0	0	0	5	0	0	0	0	0	0	0	0	0	0	0	0	0	4	0	5	14	0	0	0	0
OTU_487	0	0	0	0	0	0	0	0	20	27	34	55	0	0	0	0	0	0	0	0	0	0	0	0	0	0	0	0	0	0	0	0	0	0	0	0	0	0	0	0	0	0	0	0	0	0	0	0	0	0	0	0	0	0	0	0	0	0	0	0	0	0	0	0	0	0	0	0	0	0	0	0	0	0	0	0
OTU_488	0	1	0	0	4	0	3	2	0	0	0	0	0	0	0	0	0	0	0	0	0	0	2	1	0	0	0	0	0	0	0	0	0	3	7	12	5	3	3	7	0	0	0	0	0	6	4	2	5	0	0	0	0	0	7	3	5	6	0	1	5	0	3	2	0	0	0	0	5	2	0	2	0	0	1	0
OTU_489	0	0	0	0	0	0	0	0	0	3	0	0	9	9	0	0	0	0	0	0	0	0	0	0	0	0	0	0	0	0	0	0	0	0	0	0	0	10	0	0	0	0	0	0	0	0	0	0	0	0	0	0	0	0	0	0	0	0	8	0	5	0	0	0	0	0	0	0	0	0	0	0	0	0	0	0
OTU_490	0	3	0	0	0	4	0	1	3	0	0	11	2	5	1	0	0	4	1	0	7	13	0	0	3	0	3	1	0	9	10	0	0	0	0	0	0	0	0	5	2	0	0	0	0	9	0	8	0	0	0	0	0	0	0	0	0	11	0	0	0	3	2	0	6	0	0	0	2	0	0	0	3	0	0	0
OTU_491	0	0	0	0	0	0	0	0	0	0	0	0	0	0	0	0	0	6	0	3	0	0	0	0	0	0	0	2	0	0	0	0	0	2	5	0	0	4	0	19	6	7	6	7	6	6	8	6	7	0	4	0	0	0	0	0	0	0	0	0	0	0	0	0	0	0	0	0	0	0	8	0	0	0	5	0
OTU_492	1	0	0	1	0	0	2	0	3	0	1	3	0	0	2	0	0	0	0	4	0	3	4	0	0	1	1	0	0	0	0	0	1	0	0	0	0	0	2	0	1	8	5	2	6	0	0	2	2	2	1	1	1	3	0	2	2	1	1	0	0	0	0	1	7	6	4	2	0	0	0	0	0	2	6	1
OTU_493	0	0	0	0	5	0	0	0	0	0	0	0	0	0	0	0	0	0	0	0	0	0	0	0	0	0	0	0	0	0	0	0	8	0	0	0	0	0	0	0	0	0	0	0	0	0	0	0	0	0	0	3	0	6	0	34	4	0	0	0	7	0	0	0	0	0	0	0	0	0	0	0	0	0	0	0
OTU_494	0	0	0	1	4	0	0	3	0	0	0	0	0	1	0	0	0	0	0	0	0	0	0	0	0	0	0	0	0	0	2	0	0	0	7	2	0	3	3	2	0	0	0	0	1	10	4	8	12	0	0	0	0	0	24	6	5	14	1	1	1	0	2	5	0	0	0	0	4	2	1	1	1	0	0	0
OTU_495	0	1	1	0	0	1	2	3	0	0	1	0	1	0	0	0	1	1	6	0	0	0	5	2	1	0	0	4	1	0	0	1	0	0	2	0	0	0	0	1	1	5	15	1	10	3	2	5	0	1	0	0	0	3	0	8	3	2	0	1	3	0	1	1	0	0	0	0	1	0	0	0	0	2	4	1
OTU_496	0	0	0	0	0	0	0	0	8	0	0	0	0	0	13	0	0	0	0	0	0	0	0	0	0	0	0	0	0	0	0	0	0	0	0	0	0	0	0	0	4	0	6	0	0	0	0	0	0	0	0	0	0	0	0	0	0	0	0	0	0	0	15	0	0	0	0	0	0	0	0	0	0	0	0	22
OTU_497	0	18	7	0	0	0	0	0	9	0	0	0	0	3	0	0	0	0	0	0	0	0	0	0	0	0	0	0	0	0	0	0	0	0	0	0	0	0	0	6	0	0	0	0	0	10	4	4	12	0	0	0	0	16	0	0	5	0	0	0	0	0	0	4	0	0	0	0	4	0	0	0	0	0	0	0
OTU_498	0	0	0	0	0	0	0	0	0	0	0	0	0	0	0	0	0	9	0	0	0	0	0	0	0	0	0	0	0	0	0	0	0	0	0	0	0	0	0	0	0	9	6	11	0	0	0	0	0	7	2	3	1	0	0	0	0	0	0	0	0	0	0	0	0	0	7	0	0	0	0	0	6	17	0	0
OTU_499	3	0	0	5	0	0	2	2	4	0	1	6	0	0	1	0	2	1	0	3	1	0	0	0	0	0	0	0	1	0	0	2	1	0	0	0	0	0	0	0	0	3	1	1	0	0	1	0	0	1	0	1	0	4	4	0	1	2	0	0	1	1	1	2	6	3	2	4	0	0	0	0	0	0	0	4
OTU_500	0	0	0	0	0	0	0	0	0	0	0	0	0	0	0	0	0	0	0	0	0	0	0	0	0	0	0	0	0	0	0	0	0	0	0	0	0	19	11	14	7	0	0	0	0	0	0	0	0	0	0	0	0	0	0	0	0	0	0	0	0	0	0	0	0	0	0	0	27	11	12	22	0	0	0	0
OTU_501	0	0	0	0	1	0	0	0	3	0	9	0	0	0	3	1	7	1	0	14	0	0	0	0	0	0	0	0	0	1	0	0	0	0	0	0	0	0	0	0	0	0	0	0	0	0	0	4	0	0	0	0	0	0	0	0	0	0	0	0	0	0	0	0	0	0	0	0	0	0	0	0	0	0	0	0
OTU_502	8	0	1	4	2	4	4	2	2	1	4	2	4	5	0	5	0	1	2	0	4	0	0	0	0	0	2	0	0	0	0	0	0	0	0	0	1	0	0	1	0	3	4	3	4	0	0	0	0	1	0	0	0	0	0	0	0	0	0	0	3	2	0	0	2	1	3	1	0	0	0	0	0	0	2	0
OTU_504	0	0	0	0	0	0	0	0	0	0	0	0	0	0	0	0	0	0	0	0	0	0	0	0	0	0	0	0	0	0	0	0	0	3	8	0	12	0	0	10	15	0	0	0	0	7	14	5	11	2	0	0	0	0	0	3	7	0	0	0	0	0	0	0	0	0	0	0	9	4	20	4	0	0	0	0
OTU_505	0	0	0	0	0	0	0	0	0	3	0	0	0	0	0	0	0	0	6	0	0	0	0	6	0	0	0	0	0	0	0	0	0	0	0	0	0	0	0	0	0	0	9	16	16	0	0	0	0	0	0	0	0	0	0	0	0	0	0	0	0	0	0	0	0	0	5	0	0	0	0	0	12	10	0	0
OTU_507	0	0	0	0	0	0	0	5	15	0	0	0	0	4	4	0	0	0	0	14	0	0	0	4	0	0	18	23	0	0	0	4	0	0	0	0	0	0	0	0	0	0	0	0	0	0	3	6	0	0	0	0	0	0	0	0	0	0	0	9	0	0	0	0	0	0	0	0	0	0	0	0	0	0	0	0
OTU_508	1	0	1	1	7	3	1	4	0	0	0	0	1	0	0	0	0	1	0	0	0	3	5	2	3	0	1	0	0	0	0	0	0	1	4	1	3	1	4	2	2	0	0	0	0	7	4	4	5	0	0	1	0	6	22	4	0	2	2	0	2	0	3	0	0	1	0	0	3	2	0	2	0	2	0	0
OTU_509	13	8	6	24	8	0	0	2	0	0	0	0	0	8	0	0	0	0	0	0	0	16	0	15	8	8	0	0	0	0	0	0	0	0	0	0	0	0	0	0	0	0	0	0	0	0	0	0	0	0	0	0	0	0	0	0	0	0	0	0	9	0	8	3	0	0	0	0	0	0	0	0	0	0	0	0
OTU_510	0	0	0	0	0	0	9	0	0	0	0	0	0	0	0	0	0	0	0	0	0	0	0	0	0	0	0	0	0	0	0	0	0	0	0	0	0	8	6	29	0	0	0	0	4	0	3	0	0	0	0	0	0	9	0	5	5	2	0	0	0	0	0	0	0	0	0	0	15	0	0	10	0	5	0	0
OTU_511	0	0	1	2	0	0	1	0	2	1	3	1	1	3	5	5	1	2	2	3	1	0	4	2	1	3	1	2	4	2	2	1	7	0	0	0	0	0	0	0	0	4	4	3	4	0	2	0	0	1	2	1	0	0	0	0	0	1	0	0	0	0	0	0	0	0	0	0	0	0	0	0	2	0	6	2
OTU_512	0	0	0	0	0	0	0	0	0	0	0	0	0	0	0	0	0	0	0	0	0	0	0	0	0	0	0	0	0	0	0	0	0	0	3	0	3	12	19	36	14	0	0	0	0	0	0	0	0	0	0	0	0	4	0	0	0	0	0	0	0	0	0	0	0	0	0	0	0	12	8	7	0	0	0	0
OTU_513	0	0	0	0	0	0	0	0	74	7	15	17	0	0	0	0	3	0	0	0	0	0	0	0	0	0	0	0	0	0	0	0	0	0	0	0	0	0	0	0	0	0	0	0	0	0	0	0	0	0	0	0	0	0	0	0	0	0	0	0	0	0	0	0	0	0	0	0	0	0	0	0	0	0	0	0
OTU_514	0	0	0	0	0	0	0	0	0	0	0	0	0	0	0	0	0	0	0	0	10	0	0	0	3	11	3	0	4	12	7	0	0	0	0	6	0	7	0	0	4	0	0	0	0	4	0	0	0	19	0	0	0	0	0	0	0	0	0	0	7	0	0	0	0	0	0	0	0	0	0	0	0	0	0	0
OTU_515	2	0	3	1	0	2	0	2	0	0	1	0	1	3	0	0	0	2	2	0	0	0	5	0	0	0	0	1	0	0	0	0	4	0	0	0	0	0	0	0	0	6	9	0	15	0	0	0	0	4	2	5	1	0	0	0	0	0	0	0	0	0	1	0	0	1	0	1	0	0	0	0	2	0	2	6
OTU_516	2	0	0	0	1	3	0	0	0	2	2	0	1	5	2	0	1	2	7	0	9	0	5	0	0	0	0	6	0	3	9	2	1	0	1	0	0	0	1	0	0	6	1	0	0	0	0	0	0	4	2	0	0	3	2	0	1	0	3	0	0	0	0	0	0	1	1	3	0	0	0	1	0	2	0	0
OTU_517	0	0	0	0	0	0	0	0	0	0	0	0	0	0	0	0	0	0	0	0	0	0	0	0	0	0	0	0	0	0	0	0	0	0	6	0	3	10	19	6	10	0	0	0	0	6	0	3	4	0	0	0	0	0	0	7	0	2	0	0	0	0	0	0	0	0	0	0	12	0	5	22	0	0	0	0
OTU_518	0	0	0	0	0	0	0	0	0	0	0	0	0	0	0	0	0	0	0	3	15	0	0	6	9	0	0	0	0	0	0	9	25	0	0	0	0	0	0	0	0	0	0	10	11	0	0	0	0	0	0	6	5	0	0	0	7	5	0	0	0	0	0	0	0	0	0	0	0	0	0	0	0	0	0	0
OTU_519	0	0	2	0	2	2	1	1	0	1	1	0	3	1	0	0	1	0	6	1	1	0	0	1	0	0	0	0	0	0	0	0	1	1	1	6	3	0	0	0	0	0	0	6	1	0	2	1	0	2	1	1	0	0	0	1	0	0	4	4	0	0	0	0	2	0	2	0	0	0	0	0	2	0	0	0
OTU_520	1	0	1	3	0	4	0	1	3	4	5	5	4	0	0	2	4	0	7	0	3	3	0	2	0	0	2	3	0	0	5	0	1	0	0	0	0	0	0	1	0	0	0	4	0	7	3	0	0	0	0	0	1	3	0	1	0	3	1	0	0	0	0	0	0	0	0	3	1	0	0	0	2	0	0	0
OTU_522	0	0	0	1	2	3	0	0	2	3	1	3	0	2	2	0	3	4	1	0	1	0	2	1	1	0	0	0	1	4	2	0	0	2	0	0	0	0	1	2	0	8	0	0	0	4	0	0	0	0	1	3	0	4	0	0	0	0	0	0	2	0	0	3	2	1	3	0	0	0	0	0	2	2	1	3
OTU_523	0	0	3	0	4	2	4	0	0	1	0	0	1	3	0	1	1	0	0	0	0	33	9	11	9	0	6	0	0	3	0	2	3	0	0	1	0	0	0	0	0	0	0	0	0	4	0	0	0	0	0	0	0	0	0	0	1	1	2	0	0	2	0	0	0	1	0	0	0	0	0	0	0	0	0	0
OTU_524	0	0	13	0	6	13	1	2	0	2	3	0	0	4	1	1	0	1	6	0	1	0	0	0	0	0	0	0	0	2	0	0	4	0	0	0	0	0	0	0	0	7	3	9	7	0	0	0	0	1	0	1	0	4	0	0	0	1	0	0	0	0	0	0	0	1	0	0	0	0	0	0	0	0	0	0
OTU_525	0	0	0	3	2	1	1	0	3	1	1	1	1	1	1	5	1	2	4	1	1	3	5	0	4	4	1	5	5	1	3	3	0	0	0	0	0	0	0	0	0	2	2	1	2	0	0	0	0	1	0	1	0	3	0	0	1	1	0	4	0	0	0	1	2	0	0	0	0	0	0	0	2	3	2	1
OTU_526	0	0	0	0	0	0	0	0	0	0	0	0	0	0	0	0	0	0	0	0	0	0	0	0	0	0	0	0	0	0	0	0	0	0	0	0	0	12	17	23	0	0	0	0	0	10	2	0	0	0	0	0	0	0	0	18	9	0	0	0	0	0	0	0	0	0	0	0	9	5	0	7	0	0	0	0
OTU_528	3	4	3	4	1	0	0	3	0	2	0	0	0	0	0	0	0	0	0	0	0	0	0	0	0	0	0	0	5	0	5	0	0	0	0	0	0	0	0	0	0	0	7	0	0	0	0	0	0	3	0	0	0	6	0	0	0	0	0	2	0	0	0	0	2	4	2	2	0	0	0	0	0	7	11	0
OTU_529	0	0	0	0	0	0	0	0	0	0	0	0	0	0	7	4	0	0	0	0	0	0	8	11	5	6	0	0	0	0	0	0	0	0	0	0	0	0	0	0	0	0	0	0	0	0	0	0	0	0	0	0	0	4	0	0	0	3	16	11	0	0	0	0	0	0	0	0	0	0	0	0	0	0	0	0
OTU_531	0	0	0	0	0	0	0	0	0	0	0	0	0	0	0	0	0	0	0	0	0	0	0	0	0	0	0	0	0	0	0	0	0	0	0	0	0	0	0	0	0	0	0	0	0	0	0	0	6	0	0	0	0	0	0	0	0	0	0	0	0	0	0	0	0	0	0	0	0	0	0	0	0	0	0	0
OTU_532	0	0	0	1	2	0	2	0	0	7	3	5	0	4	0	5	3	0	11	0	1	0	0	0	0	0	0	0	0	3	7	5	1	0	0	0	1	1	0	0	0	0	0	0	0	0	0	0	0	1	0	0	0	0	4	0	1	2	3	1	1	0	1	3	2	2	1	0	0	0	0	0	0	0	1	0
OTU_533	0	0	0	0	0	0	0	0	0	0	0	0	0	0	0	0	0	4	5	6	16	0	0	0	0	0	0	0	0	0	0	0	0	0	0	0	0	0	0	0	0	6	10	15	8	0	0	0	0	0	10	11	11	0	0	0	0	0	0	0	0	0	0	0	0	0	0	0	0	0	0	0	3	3	0	3
OTU_534	0	2	0	0	1	1	1	0	0	4	1	1	1	0	2	2	1	2	2	3	6	0	2	0	0	0	1	2	3	2	0	0	3	0	3	0	0	0	0	0	0	6	6	8	7	0	1	0	0	1	2	0	1	0	0	0	0	0	0	0	0	0	0	0	0	0	2	2	0	0	0	0	1	0	5	0
OTU_535	1	0	2	2	1	2	1	0	1	4	2	6	4	7	6	2	4	1	4	6	4	0	1	1	0	0	3	1	5	0	0	0	0	0	0	0	0	0	0	0	0	2	3	2	1	0	0	0	0	1	1	2	0	3	0	0	0	0	1	1	0	0	0	0	2	4	1	0	0	0	0	0	1	2	0	0
OTU_536	0	11	3	1	2	2	1	0	0	0	1	2	1	0	0	2	1	0	7	0	0	0	0	0	0	1	0	0	0	0	0	0	0	0	1	1	2	0	0	1	0	6	2	1	1	1	3	0	0	8	1	0	0	4	0	1	1	0	2	0	0	0	0	0	0	0	0	0	0	0	0	0	0	0	0	0
OTU_537	0	0	7	0	0	0	0	0	0	0	0	0	7	0	0	0	0	0	0	0	0	0	0	0	0	0	0	0	0	0	0	0	0	0	0	0	0	0	0	0	0	0	0	0	0	0	0	0	0	0	0	0	0	0	0	0	0	0	0	0	0	0	0	0	0	0	0	0	0	0	0	0	0	0	0	0
OTU_538	0	0	0	0	0	6	0	0	0	0	0	0	0	0	0	0	0	0	0	0	0	0	0	0	0	0	0	0	0	0	0	0	0	0	3	0	0	14	18	5	0	0	0	0	0	0	0	0	0	0	0	0	0	0	0	0	0	0	0	0	0	0	0	0	0	0	0	0	8	15	30	15	0	0	0	0
OTU_540	0	0	0	0	0	0	0	0	0	0	0	0	0	0	0	0	0	0	0	0	0	0	0	0	0	0	0	0	0	0	0	0	0	0	5	5	0	0	0	0	0	0	0	0	0	0	4	0	0	4	5	4	11	0	20	0	6	0	0	0	0	0	0	0	0	0	0	0	10	0	0	0	11	0	0	19
OTU_541	1	0	0	3	3	1	1	0	0	4	2	2	2	0	3	0	0	6	0	0	1	0	0	0	0	0	0	0	0	0	0	0	1	0	0	0	1	0	0	0	0	4	3	0	5	0	7	0	0	0	0	2	1	1	0	0	2	4	3	1	0	3	0	0	0	2	3	1	0	0	0	0	4	5	0	1
OTU_542	0	0	0	0	0	0	0	0	0	0	0	0	0	0	0	0	0	0	0	0	0	0	0	0	0	0	0	0	0	0	0	0	0	0	0	0	2	5	21	20	0	0	0	0	0	0	0	0	0	0	0	0	0	0	0	0	0	0	0	0	0	0	0	0	0	0	0	0	4	6	15	32	0	0	0	0
OTU_543	0	0	0	0	0	0	0	0	0	0	0	0	0	0	0	0	0	0	0	0	0	0	0	0	0	0	0	0	0	0	0	0	0	0	0	0	0	16	16	21	0	0	0	0	0	0	0	0	0	0	0	0	0	0	0	0	0	0	0	0	0	0	0	0	0	0	0	0	19	26	0	4	0	0	0	0
OTU_544	0	0	0	0	0	0	0	0	0	0	0	0	0	0	0	0	0	0	0	0	0	13	13	16	5	4	11	22	9	0	0	0	0	0	0	0	0	0	0	0	0	0	0	0	0	0	0	0	0	0	0	0	0	0	0	0	0	0	12	0	0	0	0	0	0	0	0	0	0	0	0	0	0	0	0	0
OTU_545	3	1	0	3	0	2	3	2	0	0	0	0	1	3	4	0	2	0	0	0	3	3	0	0	0	0	3	0	1	3	7	2	6	0	0	4	0	1	0	1	1	2	2	4	2	0	0	0	0	0	2	0	0	3	0	1	0	0	0	0	0	1	1	0	0	1	1	0	0	0	0	0	0	0	1	1
OTU_546	0	0	0	0	0	0	0	1	1	2	1	1	0	1	1	1	0	0	4	0	1	0	0	0	0	0	0	0	0	2	2	1	1	1	0	1	0	0	0	0	0	2	2	3	2	1	0	0	0	4	4	2	2	0	0	0	0	0	0	0	0	0	0	0	2	0	3	2	0	0	0	0	1	0	1	1
OTU_547	0	0	0	0	0	0	0	0	0	29	36	42	0	0	0	0	0	0	0	0	0	0	0	0	0	0	0	0	0	0	0	0	0	0	0	0	0	0	0	0	0	0	0	0	0	0	0	0	0	0	0	0	0	0	0	0	0	0	0	0	0	0	0	0	0	0	0	0	0	0	0	0	0	0	0	0
OTU_548	0	0	0	0	0	0	0	0	0	9	15	10	0	0	0	6	0	0	0	0	0	0	0	0	0	0	0	0	0	0	0	0	0	0	0	0	0	0	0	0	0	0	0	9	13	0	0	0	0	0	6	5	13	0	0	0	0	0	0	0	0	0	0	0	0	0	2	0	0	0	0	0	9	0	0	0
OTU_549	0	0	0	0	7	0	2	5	0	0	0	0	7	6	0	0	0	0	0	0	0	3	2	0	0	0	6	0	0	0	0	0	0	0	4	0	0	0	0	0	0	0	0	0	0	6	4	1	1	0	0	0	0	1	7	0	12	0	2	0	1	0	0	0	0	7	0	0	0	0	0	0	0	0	2	0
OTU_550	0	0	0	0	2	0	0	0	0	0	0	0	0	0	0	0	0	0	0	0	0	0	0	0	0	0	0	0	0	0	0	0	0	0	0	0	7	4	12	12	28	0	0	0	0	0	5	0	0	5	0	0	0	0	0	0	0	0	0	0	0	0	0	0	0	0	0	0	16	5	0	0	0	0	0	0
OTU_552	4	3	2	6	2	2	3	0	1	4	2	3	0	1	0	3	1	0	0	0	0	0	0	4	1	1	2	0	1	0	0	0	1	3	1	3	1	0	0	0	0	2	8	0	0	0	0	3	0	1	0	0	1	0	0	1	0	0	2	1	0	0	0	0	0	0	0	0	0	0	0	0	1	0	0	0
OTU_553	0	0	0	0	0	0	0	0	0	0	0	0	0	0	0	0	0	0	5	0	0	0	0	0	0	0	0	0	0	7	0	3	0	0	0	0	0	0	0	0	0	0	0	0	2	0	0	0	0	0	0	0	0	0	0	0	0	0	0	6	0	0	0	0	0	0	0	0	0	0	0	0	4	0	0	0
OTU_554	0	1	1	2	4	0	2	2	0	2	0	0	0	2	0	0	0	0	4	0	0	7	6	1	1	0	1	1	1	0	0	2	38	1	2	5	0	0	0	0	0	0	0	1	0	1	0	0	0	0	0	0	0	0	0	0	0	0	0	0	1	0	0	0	0	1	0	0	0	0	0	0	0	2	0	0
OTU_555	5	1	0	0	0	4	7	5	3	2	0	6	0	1	2	1	2	4	5	0	0	13	0	0	0	0	0	1	0	0	0	2	1	0	0	0	0	0	0	1	0	0	0	0	0	4	2	0	0	0	0	0	0	0	0	0	0	5	0	4	0	1	2	0	2	3	0	3	1	0	0	0	0	0	0	0
OTU_556	0	0	0	3	4	1	1	4	0	0	5	0	4	0	0	0	0	0	0	0	6	0	0	0	1	0	0	0	0	0	0	0	0	0	0	0	0	0	4	1	0	0	0	0	0	0	3	0	2	0	0	0	0	1	0	0	4	0	6	0	0	0	0	0	0	1	2	1	0	0	0	0	1	0	0	0
OTU_557	0	0	0	0	0	0	0	0	0	0	0	0	0	0	0	0	0	6	0	30	0	0	0	0	0	0	0	0	0	0	0	0	0	0	0	0	0	0	0	0	0	8	0	21	16	0	0	0	0	7	0	0	0	0	0	0	0	0	0	0	0	0	0	0	0	0	0	0	0	0	0	0	7	10	5	2
OTU_558	1	0	0	1	2	1	1	1	0	5	1	0	4	0	8	3	5	6	4	1	3	0	0	1	0	0	1	0	0	5	2	7	2	0	0	0	0	0	0	0	0	3	1	0	1	0	0	0	0	1	0	0	2	0	0	0	0	1	0	0	0	0	0	0	0	1	3	1	0	0	0	0	1	2	2	1
OTU_559	0	0	0	0	0	0	0	0	0	0	0	0	0	0	0	0	0	0	0	0	0	0	0	0	7	0	0	0	5	0	0	0	0	4	1	0	0	3	2	0	0	0	0	0	0	4	0	0	0	0	0	0	0	0	4	15	9	0	0	0	0	0	0	0	0	0	0	0	2	7	0	0	12	0	0	0
OTU_561	0	0	0	0	0	0	0	0	0	0	0	0	0	0	0	0	0	0	0	0	0	0	0	0	0	0	0	0	0	0	0	0	0	0	5	0	3	18	4	5	3	0	0	0	0	3	4	7	7	0	0	0	0	0	0	0	0	0	0	0	0	0	0	0	0	0	0	0	2	0	20	17	0	0	0	0
OTU_562	0	0	0	0	0	0	0	0	0	0	0	0	0	0	0	0	0	0	0	0	0	0	0	0	0	0	0	0	0	0	0	0	0	0	0	0	0	0	0	0	0	11	15	10	0	0	0	0	0	0	0	0	0	0	0	0	0	0	0	0	7	6	10	0	0	0	0	0	0	0	0	0	2	12	19	4
OTU_563	0	6	0	1	0	0	0	0	0	1	2	0	1	0	0	0	0	1	0	10	0	0	0	0	0	0	0	0	1	5	0	5	5	0	0	0	1	0	1	0	0	1	0	2	5	0	0	0	0	3	0	1	0	10	0	0	0	0	0	0	0	0	0	0	3	2	0	0	0	0	0	0	0	0	0	0
OTU_564	1	3	0	1	4	2	1	5	0	1	1	1	5	1	2	3	0	0	2	0	0	3	4	0	0	0	2	0	0	0	0	0	0	0	0	0	0	2	2	7	1	0	3	3	1	0	0	0	0	0	0	0	0	6	0	0	0	2	2	2	2	0	2	1	0	0	2	0	1	0	1	0	0	0	1	0
OTU_565	0	0	0	0	0	0	0	0	0	0	0	0	9	0	0	0	2	0	0	0	0	0	0	5	0	0	0	2	0	0	0	0	0	0	0	0	3	0	0	0	4	0	0	0	0	0	0	0	0	0	0	3	0	0	0	0	0	0	0	0	0	0	0	0	0	0	0	0	0	0	0	0	3	0	0	0
OTU_566	0	0	0	0	0	0	0	0	0	0	0	0	0	0	0	0	0	0	0	0	0	0	0	0	0	0	0	0	0	0	0	0	0	0	0	0	0	0	0	0	0	0	0	0	0	20	24	31	27	0	0	0	0	0	0	0	0	0	0	0	5	0	0	0	0	0	0	0	0	0	0	0	0	0	0	0
OTU_567	0	0	0	0	0	0	0	0	0	0	0	0	0	0	0	0	0	7	13	15	0	0	0	0	0	0	0	0	0	0	0	0	0	0	0	0	0	0	0	0	0	8	18	0	14	0	0	0	0	5	0	4	0	0	0	0	0	0	0	0	0	0	0	0	0	0	0	0	0	0	0	0	4	0	16	0
OTU_568	0	0	0	0	0	0	0	0	14	0	0	0	0	0	0	0	0	0	0	0	0	0	0	0	0	0	0	0	0	0	0	0	0	0	0	0	0	8	0	0	0	0	0	0	0	0	0	0	0	0	0	0	0	0	0	0	0	0	0	0	0	0	0	0	0	0	0	0	0	0	0	0	0	0	0	0
OTU_569	0	0	0	0	3	0	0	2	0	1	1	1	0	1	3	2	3	3	1	0	0	0	1	0	1	0	0	0	1	2	5	10	6	0	0	0	0	1	1	0	0	0	0	1	0	0	0	0	0	0	0	0	0	0	0	1	1	0	0	2	0	0	0	0	1	2	0	2	1	0	0	0	0	0	0	0
OTU_570	0	3	3	0	0	4	0	2	0	5	0	0	0	0	0	0	0	0	0	0	0	3	0	0	0	0	0	2	2	0	7	0	0	0	0	0	0	0	0	0	0	7	4	0	0	0	2	0	0	0	0	3	0	0	4	0	1	2	10	1	0	1	0	0	3	0	0	1	0	0	0	0	0	14	2	0
OTU_571	3	1	0	1	0	0	2	0	1	5	4	2	3	0	3	1	3	0	1	0	1	3	2	1	0	0	3	2	4	0	0	2	0	0	0	0	0	0	0	0	2	2	1	1	2	1	4	0	1	3	1	1	1	0	0	0	0	1	0	0	1	1	0	1	0	0	1	0	0	0	0	0	0	2	1	2
OTU_572	0	8	0	0	0	0	0	0	0	0	0	0	0	0	0	0	0	0	0	0	0	0	0	0	0	0	0	0	0	0	0	0	0	0	0	0	0	0	13	21	0	0	0	0	0	0	0	3	6	0	0	0	0	0	9	17	5	0	0	0	0	0	0	0	0	0	0	0	6	0	4	5	0	0	0	0
OTU_573	0	0	0	0	0	0	0	0	0	2	2	2	0	2	1	2	4	4	5	1	3	0	0	0	0	0	0	0	0	0	2	4	0	0	0	0	0	0	0	0	0	0	0	3	0	0	0	0	0	0	0	0	3	0	0	0	0	0	0	0	0	0	0	0	2	5	0	1	0	0	0	0	0	0	4	0
OTU_574	1	1	0	0	0	1	0	1	0	6	6	1	3	1	1	4	0	5	4	3	1	0	0	0	0	0	0	0	0	0	2	1	0	2	0	1	0	0	0	0	0	0	0	0	3	0	1	0	1	0	0	0	0	0	4	0	0	1	2	0	0	0	1	1	7	2	2	3	0	0	0	0	1	0	1	0
OTU_575	0	0	0	0	0	0	1	1	0	3	0	0	2	0	1	0	1	2	0	0	1	0	1	0	0	0	0	2	0	2	0	2	1	1	2	1	3	1	6	2	0	1	2	2	6	0	2	0	1	1	1	0	0	1	0	1	1	1	0	0	0	1	0	0	1	1	0	0	0	0	0	0	2	2	2	1
OTU_576	0	0	0	0	0	0	0	0	6	0	0	0	0	0	0	0	0	0	0	0	4	0	0	0	0	0	0	19	0	0	0	0	0	0	0	0	0	0	0	0	0	0	0	0	5	0	0	0	0	0	4	0	0	0	0	0	0	0	0	0	0	0	0	0	0	0	0	0	0	0	0	0	5	0	0	6
OTU_580	0	0	0	0	0	0	0	0	0	0	0	0	0	0	0	0	0	0	0	0	0	0	0	0	0	0	0	0	0	0	0	0	0	0	0	0	0	4	7	13	4	0	0	0	0	0	0	0	0	0	0	0	0	0	0	0	5	7	0	0	0	0	0	0	0	0	0	0	7	12	16	11	0	0	0	0
OTU_581	0	0	1	2	2	0	1	0	0	1	0	1	0	0	1	2	2	0	0	0	0	3	6	1	0	0	0	0	0	0	0	0	0	2	0	0	0	0	0	6	0	0	0	0	3	3	1	2	2	0	0	0	0	0	4	0	3	17	0	3	3	2	0	0	1	0	0	0	0	0	0	3	0	0	0	0
OTU_582	0	0	0	0	0	0	0	0	0	0	0	0	0	0	0	0	0	0	0	0	0	0	0	0	0	0	0	0	0	0	0	0	0	0	0	0	0	0	0	0	0	0	19	0	0	0	0	0	0	0	0	0	0	0	0	0	0	0	0	0	0	0	0	0	0	0	0	0	0	0	0	0	0	0	0	0
OTU_584	0	0	0	0	0	0	0	0	0	0	0	0	0	0	0	0	0	0	0	0	0	0	0	0	0	0	0	0	0	0	0	0	0	0	0	0	0	0	0	0	0	0	16	13	0	0	0	0	0	0	0	0	0	0	0	0	0	0	0	0	0	0	0	0	0	0	0	0	0	0	0	0	0	0	0	0
OTU_585	0	2	0	2	0	0	0	0	0	5	4	5	2	5	2	2	2	0	2	3	1	0	0	0	1	0	0	0	0	4	7	2	0	0	0	0	0	0	0	0	0	3	0	0	1	0	0	0	0	0	0	0	0	0	0	0	0	0	0	0	2	0	0	0	2	2	1	6	0	0	0	0	0	0	0	0
OTU_587	1	4	4	1	2	1	2	0	1	1	2	2	0	1	1	1	2	1	1	1	0	0	1	0	2	0	2	1	0	0	0	0	0	1	2	0	0	0	0	3	2	0	0	0	2	1	1	0	2	0	1	0	1	3	0	0	0	0	0	0	5	0	2	3	0	0	1	1	0	0	0	0	0	2	1	0
OTU_588	0	0	0	0	0	0	0	0	0	0	0	0	0	0	0	0	0	0	0	0	0	20	22	35	23	0	0	0	0	0	0	0	0	0	0	0	0	0	0	0	0	0	0	0	0	0	0	0	0	0	0	0	0	0	0	0	0	0	0	0	0	0	0	0	0	0	0	0	0	0	0	0	0	0	0	0
OTU_590	0	0	0	0	2	0	1	0	0	1	1	4	2	1	0	3	0	2	6	0	4	0	0	0	0	0	0	0	0	3	9	0	5	0	0	0	1	2	1	0	0	0	0	0	2	0	0	1	2	1	0	0	0	1	0	2	0	0	0	0	0	0	0	0	9	0	2	1	0	0	0	0	0	0	1	2
OTU_592	0	0	0	0	0	0	0	0	0	0	0	0	0	0	0	0	0	0	0	0	9	0	0	0	0	0	0	0	0	0	0	0	0	0	0	0	0	0	0	0	0	14	14	23	6	0	0	0	0	0	0	0	9	0	0	0	0	0	0	0	0	0	0	0	0	0	0	0	0	0	0	0	0	14	7	0
OTU_593	0	0	0	0	0	0	0	0	0	0	0	0	0	0	0	0	0	0	0	0	0	0	0	0	0	0	0	0	0	0	0	0	0	0	0	0	0	7	9	0	9	0	0	0	0	0	0	0	4	0	0	0	0	0	0	0	0	0	4	4	0	0	0	0	0	0	0	0	0	6	28	0	0	0	0	0
OTU_594	0	0	6	0	0	5	0	0	1	1	3	2	1	0	0	0	2	2	1	0	0	3	0	0	0	0	1	1	1	3	5	2	2	0	0	0	0	0	0	0	0	2	3	1	0	0	0	0	0	1	0	0	1	3	0	0	0	0	1	3	0	0	0	0	1	1	0	0	0	0	0	0	0	0	1	0
OTU_595	0	0	0	0	3	1	0	2	0	2	0	0	2	1	0	1	0	4	1	0	0	0	0	0	0	0	0	0	0	0	0	1	0	2	1	0	0	2	1	8	0	1	0	0	1	3	3	1	5	1	1	1	0	0	5	0	2	4	0	0	0	0	0	0	0	2	1	0	1	0	0	1	0	0	1	2
OTU_596	0	7	0	0	0	0	0	0	0	0	0	0	0	0	0	0	0	0	0	0	0	0	4	0	0	0	0	0	0	0	0	0	0	0	0	2	0	0	3	0	0	0	18	0	5	0	9	0	0	0	0	0	0	0	4	0	0	0	0	4	2	0	4	0	0	0	0	0	0	0	0	0	0	0	0	0
OTU_598	1	0	0	0	3	6	0	8	2	0	5	0	4	0	0	0	0	1	0	0	0	23	0	0	2	0	0	0	0	2	0	0	0	0	0	0	0	0	0	2	0	0	0	0	3	0	1	0	0	0	0	0	0	1	0	0	0	0	3	2	0	0	1	0	0	0	0	0	0	0	0	0	0	0	0	0
OTU_599	0	0	0	0	0	0	0	0	0	0	0	2	2	0	2	0	0	5	0	0	0	0	0	0	0	0	0	0	0	0	0	0	0	0	0	0	0	0	0	0	0	0	0	1	0	0	0	0	0	0	0	0	0	3	0	0	0	0	4	0	0	0	0	0	0	0	0	0	0	0	0	0	0	0	0	0
OTU_603	0	0	0	0	0	0	0	0	4	0	0	6	0	1	3	0	0	0	0	7	3	0	0	0	0	0	0	0	0	2	2	1	7	0	0	0	0	0	0	0	0	0	0	6	2	0	0	0	0	0	0	0	0	0	0	0	0	0	0	0	0	0	0	0	3	3	2	1	0	0	0	0	0	0	4	0
OTU_607	0	0	0	0	0	0	0	0	0	0	0	0	0	0	0	0	0	0	0	0	0	0	0	0	0	0	0	0	0	0	0	0	0	0	0	0	0	0	0	0	0	0	0	0	0	0	0	0	0	0	0	0	0	0	0	0	8	7	0	0	0	0	0	0	0	0	0	0	0	0	0	0	0	0	0	0
OTU_614	0	0	0	0	0	0	0	0	0	0	0	0	0	0	0	0	0	0	0	0	0	0	0	0	0	0	0	0	0	0	0	0	0	0	0	0	0	0	0	0	0	0	0	0	0	0	0	0	0	0	0	0	0	0	0	0	0	0	0	0	0	0	0	0	0	0	0	0	7	0	0	0	11	0	10	0
OTU_626	0	0	0	0	0	0	0	0	0	0	0	0	0	0	0	0	0	0	0	0	0	0	0	0	0	0	0	0	0	0	0	0	0	0	0	0	0	0	0	0	0	5	0	0	0	0	0	0	0	0	0	0	0	0	0	0	0	0	0	0	0	0	0	0	0	0	0	0	0	0	0	0	0	0	0	0
OTU_642	0	0	0	0	0	0	0	0	0	0	0	0	0	0	0	0	0	0	0	0	0	0	0	0	0	0	0	0	0	0	0	0	0	0	0	0	0	0	0	0	0	0	8	10	0	0	0	0	0	0	0	0	0	0	0	0	0	0	0	0	0	0	0	0	0	0	0	0	0	0	0	0	0	0	0	0
OTU_651	0	0	0	0	0	0	0	0	0	0	0	0	0	0	0	0	0	0	0	0	0	0	0	0	0	0	0	0	0	0	0	0	0	0	0	0	0	0	0	0	0	0	0	0	0	0	0	0	0	0	0	0	0	0	0	0	0	0	0	0	0	0	0	0	0	0	0	0	0	0	0	0	0	121	0	0
OTU_714	1	2	4	0	0	0	0	0	2	0	0	0	0	0	0	4	4	0	2	0	0	20	0	0	0	0	0	0	0	0	0	0	0	0	0	0	0	0	2	0	1	0	3	3	0	0	0	0	0	0	0	0	0	0	0	0	0	0	0	0	0	0	0	0	0	0	2	0	0	1	1	1	0	2	0	0
