	Kingdom	Phylum	Class	Order	Family	Genus	Species
OTU_1	Bacteria	Proteobacteria	Alphaproteobacteria	SAR11 clade	Clade I	Clade Ia	OTU_1
OTU_2	Bacteria	Proteobacteria	Gammaproteobacteria	Cellvibrionales	Halieaceae	OM60(NOR5) clade	OTU_2
OTU_3	Bacteria	Proteobacteria	Gammaproteobacteria	Oceanospirillales	Nitrincolaceae	OTU_3	OTU_3
OTU_4	Bacteria	Bacteroidota	Bacteroidia	Flavobacteriales	Flavobacteriaceae	NS5 marine group	OTU_4
OTU_5	Bacteria	Bacteroidota	Bacteroidia	Flavobacteriales	Flavobacteriaceae	Polaribacter	OTU_5
OTU_6	Bacteria	Proteobacteria	Alphaproteobacteria	Rhodobacterales	Rhodobacteraceae	Planktomarina	OTU_6
OTU_7	Bacteria	Bacteroidota	Bacteroidia	Flavobacteriales	Flavobacteriaceae	Formosa	OTU_7
OTU_8	Bacteria	Bacteroidota	Bacteroidia	Flavobacteriales	Flavobacteriaceae	OTU_8	OTU_8
OTU_9	Bacteria	Proteobacteria	Gammaproteobacteria	Alteromonadales	Pseudoalteromonadaceae	Pseudoalteromonas	OTU_9
OTU_10	Bacteria	Verrucomicrobiota	Verrucomicrobiae	Verrucomicrobiales	Rubritaleaceae	Roseibacillus	OTU_10
OTU_11	Bacteria	Bacteroidota	Bacteroidia	Flavobacteriales	Flavobacteriaceae	Ulvibacter	OTU_11
OTU_12	Bacteria	Proteobacteria	Gammaproteobacteria	Thiomicrospirales	Thioglobaceae	SUP05 cluster	OTU_12
OTU_13	Bacteria	Bacteroidota	Bacteroidia	Flavobacteriales	NS9 marine group	OTU_13	OTU_13
OTU_14	Bacteria	Proteobacteria	Gammaproteobacteria	SAR86 clade	OTU_14	OTU_14	OTU_14
OTU_15	Bacteria	Proteobacteria	Alphaproteobacteria	Rhodobacterales	Rhodobacteraceae	Sulfitobacter	OTU_15
OTU_16	Bacteria	Bacteroidota	Bacteroidia	Flavobacteriales	NS9 marine group	OTU_16	OTU_16
OTU_17	Bacteria	Proteobacteria	Gammaproteobacteria	Cellvibrionales	Porticoccaceae	SAR92 clade	OTU_17
OTU_18	Bacteria	Proteobacteria	Alphaproteobacteria	Rhodobacterales	Rhodobacteraceae	Amylibacter	OTU_18
OTU_19	Bacteria	Actinobacteriota	Actinobacteria	Micrococcales	Microbacteriaceae	SV1-3	OTU_19
OTU_20	Bacteria	Bacteroidota	Bacteroidia	Flavobacteriales	Flavobacteriaceae	NS5 marine group	OTU_20
OTU_21	Bacteria	Bacteroidota	Bacteroidia	Flavobacteriales	Flavobacteriaceae	NS4 marine group	OTU_21
OTU_22	Bacteria	Proteobacteria	Gammaproteobacteria	Alteromonadales	Alteromonadaceae	Paraglaciecola	OTU_22
OTU_23	Bacteria	Proteobacteria	Gammaproteobacteria	SAR86 clade	OTU_23	OTU_23	OTU_23
OTU_24	Bacteria	Bacteroidota	Bacteroidia	Flavobacteriales	Flavobacteriaceae	NS5 marine group	OTU_24
OTU_25	Bacteria	Bacteroidota	Bacteroidia	Flavobacteriales	Flavobacteriaceae	NS2b marine group	OTU_25
OTU_26	Bacteria	Bacteroidota	Bacteroidia	Flavobacteriales	NS9 marine group	OTU_26	OTU_26
OTU_27	Bacteria	Proteobacteria	Alphaproteobacteria	Puniceispirillales	SAR116 clade	OTU_27	OTU_27
OTU_28	Bacteria	Proteobacteria	Gammaproteobacteria	OM182 clade	OTU_28	OTU_28	OTU_28
OTU_29	Bacteria	Proteobacteria	Alphaproteobacteria	SAR11 clade	OTU_29	OTU_29	OTU_29
OTU_30	Bacteria	Proteobacteria	Gammaproteobacteria	Burkholderiales	Methylophilaceae	OM43 clade	OTU_30
OTU_31	Bacteria	Bacteroidota	Bacteroidia	Flavobacteriales	Crocinitomicaceae	Fluviicola	OTU_31
OTU_32	Bacteria	Bacteroidota	Bacteroidia	Sphingobacteriales	NS11-12 marine group	OTU_32	OTU_32
OTU_33	Bacteria	Proteobacteria	Gammaproteobacteria	Cellvibrionales	Spongiibacteraceae	Sinobacterium	OTU_33
OTU_34	Bacteria	Proteobacteria	Gammaproteobacteria	Nitrosococcales	Methylophagaceae	OTU_34	OTU_34
OTU_35	Bacteria	Bacteroidota	Bacteroidia	Flavobacteriales	NS9 marine group	OTU_35	OTU_35
OTU_36	Bacteria	Actinobacteriota	Acidimicrobiia	Microtrichales	Ilumatobacteraceae	Ilumatobacter	OTU_36
OTU_37	Bacteria	Proteobacteria	Gammaproteobacteria	Alteromonadales	Pseudoalteromonadaceae	Pseudoalteromonas	translucida
OTU_38	Bacteria	Proteobacteria	Gammaproteobacteria	Oceanospirillales	Saccharospirillaceae	Oleispira	OTU_38
OTU_39	Bacteria	Cyanobacteria	Cyanobacteriia	Chloroplast	OTU_39	OTU_39	OTU_39
OTU_40	Bacteria	Proteobacteria	Alphaproteobacteria	SAR11 clade	Clade IV	OTU_40	OTU_40
OTU_41	Bacteria	Proteobacteria	Alphaproteobacteria	SAR11 clade	Clade II	OTU_41	OTU_41
OTU_42	Bacteria	Bacteroidota	Bacteroidia	Cytophagales	Cyclobacteriaceae	Marinoscillum	OTU_42
OTU_43	Bacteria	Bacteroidota	Bacteroidia	Flavobacteriales	Flavobacteriaceae	Aurantivirga	OTU_43
OTU_44	Bacteria	Bacteroidota	Bacteroidia	Flavobacteriales	Cryomorphaceae	OTU_44	OTU_44
OTU_45	Bacteria	Proteobacteria	Gammaproteobacteria	Oceanospirillales	Pseudohongiellaceae	Pseudohongiella	OTU_45
OTU_46	Bacteria	Proteobacteria	Alphaproteobacteria	Rhodospirillales	AEGEAN-169 marine group	OTU_46	OTU_46
OTU_47	Bacteria	SAR324 clade(Marine group B)	OTU_47	OTU_47	OTU_47	OTU_47	OTU_47
OTU_48	Bacteria	Proteobacteria	Gammaproteobacteria	OM182 clade	OTU_48	OTU_48	OTU_48
OTU_49	Bacteria	Bacteroidota	Bacteroidia	Chitinophagales	OTU_49	OTU_49	OTU_49
OTU_50	Bacteria	Verrucomicrobiota	Verrucomicrobiae	Opitutales	Puniceicoccaceae	Lentimonas	OTU_50
OTU_51	Bacteria	Bacteroidota	Bacteroidia	Flavobacteriales	NS9 marine group	OTU_51	OTU_51
OTU_52	Bacteria	Proteobacteria	Alphaproteobacteria	SAR11 clade	Clade III	OTU_52	OTU_52
OTU_53	Bacteria	SAR324 clade(Marine group B)	OTU_53	OTU_53	OTU_53	OTU_53	OTU_53
OTU_54	Bacteria	Actinobacteriota	Actinobacteria	Micrococcales	Microbacteriaceae	ML602J-51	OTU_54
OTU_55	Bacteria	Cyanobacteria	Cyanobacteriia	Chloroplast	OTU_55	OTU_55	OTU_55
OTU_56	Bacteria	Proteobacteria	Alphaproteobacteria	Rhodobacterales	Rhodobacteraceae	OTU_56	OTU_56
OTU_57	Bacteria	Proteobacteria	Gammaproteobacteria	Oceanospirillales	Pseudohongiellaceae	Pseudohongiella	OTU_57
OTU_58	Bacteria	Proteobacteria	Gammaproteobacteria	Cellvibrionales	Porticoccaceae	SAR92 clade	OTU_58
OTU_59	Bacteria	Proteobacteria	Gammaproteobacteria	Thiotrichales	Thiotrichaceae	OTU_59	OTU_59
OTU_60	Bacteria	Verrucomicrobiota	Verrucomicrobiae	Verrucomicrobiales	Rubritaleaceae	Roseibacillus	OTU_60
OTU_61	Bacteria	Proteobacteria	Alphaproteobacteria	Rhodobacterales	Rhodobacteraceae	Sulfitobacter	OTU_61
OTU_62	Bacteria	Proteobacteria	Gammaproteobacteria	Alteromonadales	Pseudoalteromonadaceae	Pseudoalteromonas	OTU_62
OTU_63	Bacteria	Proteobacteria	Alphaproteobacteria	Kordiimonadales	OTU_63	OTU_63	OTU_63
OTU_64	Bacteria	Bacteroidota	Bacteroidia	Flavobacteriales	NS9 marine group	OTU_64	OTU_64
OTU_65	Bacteria	Bacteroidota	Bacteroidia	Flavobacteriales	Flavobacteriaceae	NS4 marine group	OTU_65
OTU_66	Bacteria	Verrucomicrobiota	Verrucomicrobiae	Verrucomicrobiales	Rubritaleaceae	Luteolibacter	OTU_66
OTU_67	Bacteria	Cyanobacteria	Cyanobacteriia	Chloroplast	OTU_67	OTU_67	OTU_67
OTU_68	Bacteria	Proteobacteria	Gammaproteobacteria	Pseudomonadales	Moraxellaceae	Psychrobacter	OTU_68
OTU_69	Bacteria	Proteobacteria	Gammaproteobacteria	Cellvibrionales	Porticoccaceae	SAR92 clade	OTU_69
OTU_70	Bacteria	Actinobacteriota	Acidimicrobiia	Microtrichales	Microtrichaceae	Sva0996 marine group	OTU_70
OTU_71	Bacteria	Cyanobacteria	Cyanobacteriia	Chloroplast	OTU_71	OTU_71	OTU_71
OTU_72	Bacteria	Bacteroidota	Bacteroidia	Flavobacteriales	Crocinitomicaceae	Salinirepens	OTU_72
OTU_73	Bacteria	Proteobacteria	Alphaproteobacteria	Rhodobacterales	Rhodobacteraceae	Sulfitobacter	OTU_73
OTU_74	Bacteria	Proteobacteria	Alphaproteobacteria	Rhodobacterales	Rhodobacteraceae	Octadecabacter	OTU_74
OTU_75	Bacteria	Proteobacteria	Gammaproteobacteria	Oceanospirillales	Kangiellaceae	OTU_75	OTU_75
OTU_76	Bacteria	Proteobacteria	Alphaproteobacteria	Rhodospirillales	Magnetospiraceae	Magnetospira	OTU_76
OTU_77	Bacteria	Proteobacteria	Gammaproteobacteria	Cellvibrionales	Porticoccaceae	Porticoccus	OTU_77
OTU_78	Bacteria	Proteobacteria	Gammaproteobacteria	Alteromonadales	Colwelliaceae	Colwellia	OTU_78
OTU_79	Bacteria	Cyanobacteria	Cyanobacteriia	Chloroplast	OTU_79	OTU_79	OTU_79
OTU_80	Bacteria	Proteobacteria	Gammaproteobacteria	Oceanospirillales	Pseudohongiellaceae	Pseudohongiella	OTU_80
OTU_81	Bacteria	Proteobacteria	Alphaproteobacteria	Defluviicoccales	OTU_81	OTU_81	OTU_81
OTU_82	Bacteria	Actinobacteriota	Actinobacteria	Corynebacteriales	Nocardiaceae	Rhodococcus	OTU_82
OTU_83	Bacteria	Bacteroidota	Bacteroidia	Flavobacteriales	Crocinitomicaceae	Fluviicola	OTU_83
OTU_84	Bacteria	Actinobacteriota	Actinobacteria	PeM15	OTU_84	OTU_84	OTU_84
OTU_85	Bacteria	Proteobacteria	Gammaproteobacteria	Alteromonadales	Colwelliaceae	Colwellia	OTU_85
OTU_86	Bacteria	Proteobacteria	Gammaproteobacteria	Burkholderiales	Methylophilaceae	OM43 clade	OTU_86
OTU_87	Bacteria	Bacteroidota	Bacteroidia	Flavobacteriales	NS7 marine group	OTU_87	OTU_87
OTU_88	Bacteria	Bacteroidota	Bacteroidia	Flavobacteriales	Cryomorphaceae	NS10 marine group	OTU_88
OTU_89	Bacteria	Proteobacteria	Alphaproteobacteria	Rhodobacterales	Rhodobacteraceae	Oceanibulbus	indolifex
OTU_90	Bacteria	Bacteroidota	Bacteroidia	Flavobacteriales	Flavobacteriaceae	Pseudofulvibacter	OTU_90
OTU_91	Bacteria	Proteobacteria	Gammaproteobacteria	Burkholderiales	Comamonadaceae	RS62 marine group	OTU_91
OTU_92	Bacteria	Bacteroidota	Bacteroidia	Flavobacteriales	Flavobacteriaceae	Olleya	marilimosa
OTU_93	Bacteria	Proteobacteria	Gammaproteobacteria	Oceanospirillales	Pseudohongiellaceae	Pseudohongiella	OTU_93
OTU_94	Bacteria	Proteobacteria	Gammaproteobacteria	Vibrionales	Vibrionaceae	Aliivibrio	OTU_94
OTU_95	Bacteria	Proteobacteria	Alphaproteobacteria	Parvibaculales	OCS116 clade	OTU_95	OTU_95
OTU_96	Bacteria	Cyanobacteria	Cyanobacteriia	Chloroplast	OTU_96	OTU_96	OTU_96
OTU_97	Bacteria	Proteobacteria	Alphaproteobacteria	Sphingomonadales	Sphingomonadaceae	OTU_97	OTU_97
OTU_98	Bacteria	Proteobacteria	Gammaproteobacteria	OM182 clade	OTU_98	OTU_98	OTU_98
OTU_99	Bacteria	Proteobacteria	Gammaproteobacteria	Ectothiorhodospirales	Ectothiorhodospiraceae	OTU_99	OTU_99
OTU_100	Bacteria	Bacteroidota	Bacteroidia	Flavobacteriales	Flavobacteriaceae	NS3a marine group	OTU_100
OTU_101	Bacteria	Proteobacteria	Gammaproteobacteria	Burkholderiales	Nitrosomonadaceae	IS-44	OTU_101
OTU_102	Bacteria	Bacteroidota	Bacteroidia	Flavobacteriales	Flavobacteriaceae	Lutibacter	OTU_102
OTU_103	Bacteria	Proteobacteria	Gammaproteobacteria	KI89A clade	OTU_103	OTU_103	OTU_103
OTU_104	Bacteria	Proteobacteria	Gammaproteobacteria	Burkholderiales	Methylophilaceae	Methylotenera	OTU_104
OTU_105	Bacteria	Bacteroidota	Bacteroidia	Flavobacteriales	Flavobacteriaceae	OTU_105	OTU_105
OTU_106	Bacteria	Proteobacteria	Gammaproteobacteria	Cellvibrionales	Halieaceae	Marimicrobium	OTU_106
OTU_107	Bacteria	Bacteroidota	Bacteroidia	Flavobacteriales	Cryomorphaceae	OTU_107	OTU_107
OTU_108	Bacteria	Proteobacteria	Gammaproteobacteria	Steroidobacterales	Woeseiaceae	Woeseia	OTU_108
OTU_109	Bacteria	Cyanobacteria	Cyanobacteriia	Chloroplast	OTU_109	OTU_109	OTU_109
OTU_110	Bacteria	Bacteroidota	Bacteroidia	Flavobacteriales	NS9 marine group	OTU_110	OTU_110
OTU_111	Bacteria	Proteobacteria	Gammaproteobacteria	Cellvibrionales	Porticoccaceae	SAR92 clade	OTU_111
OTU_112	Bacteria	Nitrospinota	Nitrospinia	Nitrospinales	Nitrospinaceae	LS-NOB	OTU_112
OTU_113	Bacteria	Cyanobacteria	Cyanobacteriia	Chloroplast	OTU_113	OTU_113	OTU_113
OTU_114	Bacteria	Bacteroidota	Bacteroidia	Flavobacteriales	Cryomorphaceae	OTU_114	OTU_114
OTU_115	Bacteria	Proteobacteria	Gammaproteobacteria	SAR86 clade	OTU_115	OTU_115	OTU_115
OTU_116	Bacteria	Bacteroidota	Bacteroidia	Flavobacteriales	Cryomorphaceae	OTU_116	OTU_116
OTU_117	Bacteria	Proteobacteria	Gammaproteobacteria	Burkholderiales	Methylophilaceae	OM43 clade	OTU_117
OTU_118	Archaea	Thermoplasmatota	Thermoplasmata	Marine Group II	OTU_118	OTU_118	OTU_118
OTU_119	Bacteria	Proteobacteria	Gammaproteobacteria	Cellvibrionales	Porticoccaceae	SAR92 clade	OTU_119
OTU_120	Bacteria	Proteobacteria	Gammaproteobacteria	Alteromonadales	Alteromonadaceae	Alteromonas	OTU_120
OTU_121	Archaea	Thermoplasmatota	Thermoplasmata	Marine Group II	OTU_121	OTU_121	OTU_121
OTU_122	Bacteria	Proteobacteria	Gammaproteobacteria	Alteromonadales	Colwelliaceae	Colwellia	polaris
OTU_123	Bacteria	Proteobacteria	Gammaproteobacteria	Burkholderiales	Nitrosomonadaceae	Nitrosomonas	OTU_123
OTU_124	Bacteria	Proteobacteria	Alphaproteobacteria	SAR11 clade	OTU_124	OTU_124	OTU_124
OTU_125	Bacteria	Cyanobacteria	Cyanobacteriia	Chloroplast	OTU_125	OTU_125	OTU_125
OTU_126	Bacteria	Cyanobacteria	Cyanobacteriia	Synechococcales	Cyanobiaceae	Synechococcus CC9902	OTU_126
OTU_127	Bacteria	Bacteroidota	Bacteroidia	Flavobacteriales	Flavobacteriaceae	Polaribacter	OTU_127
OTU_128	Bacteria	Proteobacteria	Gammaproteobacteria	Cellvibrionales	Porticoccaceae	SAR92 clade	OTU_128
OTU_129	Bacteria	Cyanobacteria	Cyanobacteriia	Chloroplast	OTU_129	OTU_129	OTU_129
OTU_130	Bacteria	Bacteroidota	Bacteroidia	Flavobacteriales	Crocinitomicaceae	Crocinitomix	OTU_130
OTU_131	Bacteria	Proteobacteria	Gammaproteobacteria	Pseudomonadales	Moraxellaceae	Acinetobacter	OTU_131
OTU_132	Bacteria	Proteobacteria	Gammaproteobacteria	Alteromonadales	Colwelliaceae	Colwellia	OTU_132
OTU_133	Bacteria	Proteobacteria	Gammaproteobacteria	Enterobacterales	Enterobacteriaceae	Escherichia-Shigella	OTU_133
OTU_134	Bacteria	Proteobacteria	Alphaproteobacteria	Rhodospirillales	AEGEAN-169 marine group	OTU_134	OTU_134
OTU_135	Bacteria	Proteobacteria	Gammaproteobacteria	Oceanospirillales	Saccharospirillaceae	OTU_135	OTU_135
OTU_136	Bacteria	Proteobacteria	Alphaproteobacteria	Rickettsiales	Mitochondria	OTU_136	OTU_136
OTU_137	Bacteria	Marinimicrobia (SAR406 clade)	OTU_137	OTU_137	OTU_137	OTU_137	OTU_137
OTU_138	Bacteria	Bacteroidota	Bacteroidia	Cytophagales	Cyclobacteriaceae	OTU_138	OTU_138
OTU_139	Bacteria	Planctomycetota	OM190	OTU_139	OTU_139	OTU_139	OTU_139
OTU_140	Bacteria	Verrucomicrobiota	Verrucomicrobiae	Opitutales	Puniceicoccaceae	Lentimonas	OTU_140
OTU_141	Bacteria	Proteobacteria	Alphaproteobacteria	Rhodospirillales	Magnetospiraceae	Magnetospira	OTU_141
OTU_142	Bacteria	Actinobacteriota	Acidimicrobiia	Actinomarinales	Actinomarinaceae	Candidatus Actinomarina	OTU_142
OTU_143	Bacteria	Bacteroidota	Bacteroidia	Sphingobacteriales	NS11-12 marine group	OTU_143	OTU_143
OTU_144	Bacteria	Proteobacteria	Alphaproteobacteria	Rhizobiales	Beijerinckiaceae	Methylobacterium-Methylorubrum	OTU_144
OTU_145	Bacteria	Proteobacteria	Gammaproteobacteria	Oceanospirillales	Nitrincolaceae	OTU_145	OTU_145
OTU_146	Bacteria	Bacteroidota	Bacteroidia	Flavobacteriales	Cryomorphaceae	Vicingus	OTU_146
OTU_147	Bacteria	Marinimicrobia (SAR406 clade)	OTU_147	OTU_147	OTU_147	OTU_147	OTU_147
OTU_148	Bacteria	Bacteroidota	Bacteroidia	Flavobacteriales	NS9 marine group	OTU_148	OTU_148
OTU_149	Bacteria	Proteobacteria	Gammaproteobacteria	Tenderiales	Tenderiaceae	Candidatus Tenderia	OTU_149
OTU_150	Bacteria	Proteobacteria	Gammaproteobacteria	Burkholderiales	Methylophilaceae	OM43 clade	OTU_150
OTU_151	Bacteria	Proteobacteria	Gammaproteobacteria	Alteromonadales	Colwelliaceae	Colwellia	OTU_151
OTU_152	Bacteria	Verrucomicrobiota	Verrucomicrobiae	Verrucomicrobiales	Rubritaleaceae	Luteolibacter	OTU_152
OTU_153	Bacteria	Nitrospinota	Nitrospinia	Nitrospinales	Nitrospinaceae	LS-NOB	OTU_153
OTU_154	Bacteria	Bacteroidota	Bacteroidia	Flavobacteriales	Cryomorphaceae	OTU_154	OTU_154
OTU_155	Bacteria	Proteobacteria	Alphaproteobacteria	Rhodobacterales	Rhodobacteraceae	Octadecabacter	OTU_155
OTU_156	Bacteria	Cyanobacteria	Cyanobacteriia	Chloroplast	OTU_156	OTU_156	OTU_156
OTU_157	Bacteria	Proteobacteria	Alphaproteobacteria	Sphingomonadales	Sphingomonadaceae	Sphingomonas	OTU_157
OTU_158	Bacteria	Marinimicrobia (SAR406 clade)	OTU_158	OTU_158	OTU_158	OTU_158	OTU_158
OTU_159	Bacteria	Marinimicrobia (SAR406 clade)	OTU_159	OTU_159	OTU_159	OTU_159	OTU_159
OTU_160	Bacteria	Proteobacteria	Gammaproteobacteria	Cellvibrionales	Cellvibrionaceae	OTU_160	OTU_160
OTU_161	Bacteria	Verrucomicrobiota	Verrucomicrobiae	Verrucomicrobiales	Rubritaleaceae	Rubritalea	profundi
OTU_162	Bacteria	Cyanobacteria	Cyanobacteriia	Chloroplast	OTU_162	OTU_162	OTU_162
OTU_163	Bacteria	Proteobacteria	Alphaproteobacteria	Thalassobaculales	Nisaeaceae	OM75 clade	OTU_163
OTU_164	Bacteria	Proteobacteria	Alphaproteobacteria	Rhodospirillales	Magnetospiraceae	OTU_164	OTU_164
OTU_165	Bacteria	Bacteroidota	Bacteroidia	Flavobacteriales	Cryomorphaceae	OTU_165	OTU_165
OTU_166	Bacteria	Proteobacteria	Alphaproteobacteria	Rhodobacterales	Rhodobacteraceae	Roseobacter clade NAC11-7 lineage	OTU_166
OTU_167	Bacteria	Proteobacteria	Gammaproteobacteria	Pseudomonadales	Moraxellaceae	Psychrobacter	OTU_167
OTU_168	Bacteria	Proteobacteria	Gammaproteobacteria	Steroidobacterales	Woeseiaceae	Woeseia	OTU_168
OTU_169	Bacteria	Bacteroidota	Bacteroidia	Flavobacteriales	Crocinitomicaceae	Crocinitomix	OTU_169
OTU_170	Bacteria	Proteobacteria	Gammaproteobacteria	Francisellales	Francisellaceae	Francisella	OTU_170
OTU_171	Bacteria	Cyanobacteria	Cyanobacteriia	Chloroplast	OTU_171	OTU_171	OTU_171
OTU_172	Bacteria	Proteobacteria	Gammaproteobacteria	Cellvibrionales	Halieaceae	Halioglobus	OTU_172
OTU_173	Bacteria	Planctomycetota	Planctomycetes	Pirellulales	Pirellulaceae	Rhodopirellula	OTU_173
OTU_174	Bacteria	Planctomycetota	Planctomycetes	Pirellulales	Pirellulaceae	Blastopirellula	OTU_174
OTU_175	Bacteria	Proteobacteria	Alphaproteobacteria	Rhodospirillales	Magnetospiraceae	OTU_175	OTU_175
OTU_176	Bacteria	Bacteroidota	Bacteroidia	Flavobacteriales	Cryomorphaceae	NS10 marine group	OTU_176
OTU_177	Bacteria	Bacteroidota	Bacteroidia	Flavobacteriales	Cryomorphaceae	OTU_177	OTU_177
OTU_178	Bacteria	Proteobacteria	Alphaproteobacteria	Sphingomonadales	Sphingomonadaceae	Sphingobium	OTU_178
OTU_179	Bacteria	Firmicutes	Bacilli	Lactobacillales	Catellicoccaceae	Catellicoccus	OTU_179
OTU_180	Bacteria	Patescibacteria	Gracilibacteria	JGI 0000069-P22	OTU_180	OTU_180	OTU_180
OTU_181	Bacteria	Actinobacteriota	Actinobacteria	Micrococcales	Micrococcaceae	Renibacterium	OTU_181
OTU_182	Bacteria	Proteobacteria	Alphaproteobacteria	Rhodobacterales	Rhodobacteraceae	Amylibacter	OTU_182
OTU_183	Bacteria	Proteobacteria	Alphaproteobacteria	Rhodobacterales	Rhodobacteraceae	OTU_183	OTU_183
OTU_184	Bacteria	Bacteroidota	Bacteroidia	Flavobacteriales	Flavobacteriaceae	Polaribacter	OTU_184
OTU_185	Archaea	Thermoplasmatota	Thermoplasmata	Marine Group II	OTU_185	OTU_185	OTU_185
OTU_186	Bacteria	Actinobacteriota	Actinobacteria	Propionibacteriales	Propionibacteriaceae	Cutibacterium	OTU_186
OTU_187	Bacteria	Planctomycetota	Phycisphaerae	Phycisphaerales	Phycisphaeraceae	FS140-16B-02 marine group	OTU_187
OTU_188	Bacteria	Proteobacteria	Alphaproteobacteria	Rickettsiales	Mitochondria	OTU_188	OTU_188
OTU_189	Bacteria	Verrucomicrobiota	Verrucomicrobiae	Opitutales	Puniceicoccaceae	MB11C04 marine group	OTU_189
OTU_190	Bacteria	Nitrospinota	Nitrospinia	Nitrospinales	Nitrospinaceae	Nitrospina	OTU_190
OTU_191	Bacteria	Proteobacteria	Gammaproteobacteria	Cellvibrionales	Spongiibacteraceae	OTU_191	OTU_191
OTU_192	Bacteria	Proteobacteria	Gammaproteobacteria	Oceanospirillales	Litoricolaceae	Litoricola	OTU_192
OTU_193	Bacteria	Verrucomicrobiota	Verrucomicrobiae	Verrucomicrobiales	Rubritaleaceae	Rubritalea	OTU_193
OTU_194	Bacteria	Firmicutes	Bacilli	Staphylococcales	Staphylococcaceae	Staphylococcus	OTU_194
OTU_195	Bacteria	Proteobacteria	Gammaproteobacteria	Pseudomonadales	Pseudomonadaceae	Pseudomonas	OTU_195
OTU_196	Bacteria	Proteobacteria	Alphaproteobacteria	Rhodospirillales	Magnetospiraceae	OTU_196	OTU_196
OTU_197	Bacteria	Proteobacteria	Gammaproteobacteria	Alteromonadales	Alteromonadaceae	Paraglaciecola	OTU_197
OTU_198	Bacteria	Bacteroidota	Bacteroidia	Chitinophagales	Saprospiraceae	OTU_198	OTU_198
OTU_199	Bacteria	Proteobacteria	Gammaproteobacteria	Oceanospirillales	Alcanivoracaceae1	Alcanivorax	OTU_199
OTU_200	Bacteria	Bacteroidota	Bacteroidia	Flavobacteriales	Flavobacteriaceae	NS5 marine group	OTU_200
OTU_201	Bacteria	Proteobacteria	Gammaproteobacteria	Ga0077536	OTU_201	OTU_201	OTU_201
OTU_202	Bacteria	Proteobacteria	Alphaproteobacteria	Rickettsiales	Fokiniaceae	MD3-55	OTU_202
OTU_203	Bacteria	Bacteroidota	Bacteroidia	Flavobacteriales	NS7 marine group	OTU_203	OTU_203
OTU_204	Bacteria	Actinobacteriota	Acidimicrobiia	Microtrichales	Microtrichaceae	Sva0996 marine group	OTU_204
OTU_205	Bacteria	Proteobacteria	Gammaproteobacteria	Thiomicrospirales	Thioglobaceae	Candidatus Thioglobus	OTU_205
OTU_206	Bacteria	Bacteroidota	Bacteroidia	Flavobacteriales	Flavobacteriaceae	Flavobacterium	jumunjinense
OTU_207	Bacteria	Cyanobacteria	Cyanobacteriia	Chloroplast	OTU_207	OTU_207	OTU_207
OTU_208	Bacteria	Proteobacteria	Gammaproteobacteria	Tenderiales	Tenderiaceae	Candidatus Tenderia	OTU_208
OTU_209	Bacteria	Chloroflexi	Dehalococcoidia	SAR202 clade	OTU_209	OTU_209	OTU_209
OTU_210	Bacteria	Verrucomicrobiota	Verrucomicrobiae	Opitutales	Puniceicoccaceae	MB11C04 marine group	OTU_210
OTU_211	Bacteria	Verrucomicrobiota	Verrucomicrobiae	Verrucomicrobiales	Rubritaleaceae	Rubritalea	OTU_211
OTU_212	Bacteria	Verrucomicrobiota	Verrucomicrobiae	Arctic97B-4 marine group	OTU_212	OTU_212	OTU_212
OTU_213	Bacteria	Cyanobacteria	Cyanobacteriia	Chloroplast	OTU_213	OTU_213	OTU_213
OTU_214	Bacteria	Marinimicrobia (SAR406 clade)	OTU_214	OTU_214	OTU_214	OTU_214	OTU_214
OTU_215	Bacteria	Proteobacteria	Alphaproteobacteria	Puniceispirillales	SAR116 clade	OTU_215	OTU_215
OTU_216	Bacteria	Proteobacteria	Gammaproteobacteria	Cellvibrionales	Porticoccaceae	SAR92 clade	OTU_216
OTU_217	Bacteria	Verrucomicrobiota	Verrucomicrobiae	Verrucomicrobiales	Rubritaleaceae	Roseibacillus	OTU_217
OTU_218	Bacteria	Proteobacteria	Alphaproteobacteria	Caulobacterales	Caulobacteraceae	Brevundimonas	OTU_218
OTU_219	Archaea	Thermoplasmatota	Thermoplasmata	Marine Group II	OTU_219	OTU_219	OTU_219
OTU_220	Bacteria	Cyanobacteria	Cyanobacteriia	Chloroplast	OTU_220	OTU_220	OTU_220
OTU_221	Bacteria	Proteobacteria	Alphaproteobacteria	Puniceispirillales	SAR116 clade	OTU_221	OTU_221
OTU_222	Bacteria	Proteobacteria	Alphaproteobacteria	Rhodospirillales	Magnetospiraceae	OTU_222	OTU_222
OTU_223	Bacteria	Verrucomicrobiota	Verrucomicrobiae	Opitutales	Puniceicoccaceae	Pelagicoccus	OTU_223
OTU_224	Bacteria	Proteobacteria	Gammaproteobacteria	Cellvibrionales	Cellvibrionaceae	OTU_224	OTU_224
OTU_225	Bacteria	NB1-j	OTU_225	OTU_225	OTU_225	OTU_225	OTU_225
OTU_226	Bacteria	Bacteroidota	Bacteroidia	Flavobacteriales	Flavobacteriaceae	Bizionia	hallyeonensis
OTU_227	Bacteria	Planctomycetota	Phycisphaerae	Phycisphaerales	Phycisphaeraceae	JL-ETNP-F27	OTU_227
OTU_228	Bacteria	Proteobacteria	Alphaproteobacteria	Rhodospirillales	Magnetospiraceae	OTU_228	OTU_228
OTU_229	Bacteria	Bacteroidota	Bacteroidia	Flavobacteriales	Flavobacteriaceae	Ulvibacter	OTU_229
OTU_230	Bacteria	Bacteroidota	Bacteroidia	Cytophagales	Cyclobacteriaceae	OTU_230	OTU_230
OTU_231	Bacteria	Proteobacteria	Gammaproteobacteria	Oceanospirillales	Halomonadaceae	Cobetia	OTU_231
OTU_232	Bacteria	Bacteroidota	Bacteroidia	Flavobacteriales	Crocinitomicaceae	Fluviicola	OTU_232
OTU_233	Bacteria	Verrucomicrobiota	Verrucomicrobiae	Verrucomicrobiales	DEV007	OTU_233	OTU_233
OTU_234	Bacteria	Proteobacteria	Alphaproteobacteria	OTU_234	OTU_234	OTU_234	OTU_234
OTU_235	Bacteria	Proteobacteria	Gammaproteobacteria	SS1-B-07-19	OTU_235	OTU_235	OTU_235
OTU_236	Bacteria	Proteobacteria	Alphaproteobacteria	Rhodobacterales	Rhodobacteraceae	OTU_236	OTU_236
OTU_237	Bacteria	Proteobacteria	Gammaproteobacteria	Oceanospirillales	Marinomonadaceae	Marinomonas	OTU_237
OTU_238	Bacteria	Proteobacteria	Gammaproteobacteria	Oceanospirillales	Saccharospirillaceae	Thalassolituus	OTU_238
OTU_239	Bacteria	Cyanobacteria	Cyanobacteriia	Chloroplast	OTU_239	OTU_239	OTU_239
OTU_240	Bacteria	Bacteroidota	Bacteroidia	Flavobacteriales	Flavobacteriaceae	Ulvibacter	OTU_240
OTU_241	Bacteria	Proteobacteria	Alphaproteobacteria	Parvibaculales	Parvibaculaceae	OTU_241	OTU_241
OTU_242	Bacteria	Proteobacteria	Alphaproteobacteria	Rickettsiales	OTU_242	OTU_242	OTU_242
OTU_243	Bacteria	Cyanobacteria	Cyanobacteriia	Chloroplast	OTU_243	OTU_243	OTU_243
OTU_244	Bacteria	Verrucomicrobiota	Chlamydiae	Chlamydiales	OTU_244	OTU_244	OTU_244
OTU_245	Bacteria	Bacteroidota	Bacteroidia	Flavobacteriales	Cryomorphaceae	OTU_245	OTU_245
OTU_246	Bacteria	Nitrospinota	Nitrospinia	Nitrospinales	Nitrospinaceae	Nitrospina	OTU_246
OTU_247	Bacteria	Bacteroidota	Bacteroidia	Flavobacteriales	Cryomorphaceae	OTU_247	OTU_247
OTU_248	Bacteria	Proteobacteria	Alphaproteobacteria	Rickettsiales	Mitochondria	OTU_248	OTU_248
OTU_249	Bacteria	Cyanobacteria	Cyanobacteriia	Chloroplast	OTU_249	OTU_249	OTU_249
OTU_250	Bacteria	Cyanobacteria	Cyanobacteriia	Chloroplast	OTU_250	OTU_250	OTU_250
OTU_251	Bacteria	Proteobacteria	Gammaproteobacteria	Alteromonadales	Colwelliaceae	Colwellia	OTU_251
OTU_252	Bacteria	Bacteroidota	Bacteroidia	Chitinophagales	OTU_252	OTU_252	OTU_252
OTU_253	Bacteria	Proteobacteria	Gammaproteobacteria	SAR86 clade	OTU_253	OTU_253	OTU_253
OTU_254	Bacteria	Proteobacteria	Gammaproteobacteria	Oceanospirillales	Saccharospirillaceae	Oleibacter	OTU_254
OTU_255	Archaea	Thermoplasmatota	Thermoplasmata	Marine Group II	OTU_255	OTU_255	OTU_255
OTU_256	Bacteria	Proteobacteria	Gammaproteobacteria	Cellvibrionales	Porticoccaceae	C1-B045	OTU_256
OTU_257	Bacteria	Proteobacteria	Gammaproteobacteria	Pseudomonadales	Moraxellaceae	Acinetobacter	OTU_257
OTU_258	Bacteria	Proteobacteria	Gammaproteobacteria	Alteromonadales	Moritellaceae	Moritella	OTU_258
OTU_259	Bacteria	Proteobacteria	Gammaproteobacteria	Steroidobacterales	Woeseiaceae	Woeseia	OTU_259
OTU_260	Bacteria	Campilobacterota	Campylobacteria	Campylobacterales	Arcobacteraceae	OTU_260	OTU_260
OTU_261	Bacteria	Verrucomicrobiota	Kiritimatiellae	WCHB1-41	OTU_261	OTU_261	OTU_261
OTU_262	Bacteria	Bacteroidota	Bacteroidia	Flavobacteriales	Flavobacteriaceae	Maribacter	OTU_262
OTU_263	Bacteria	Firmicutes	Bacilli	Mycoplasmatales	Mycoplasmataceae	OTU_263	OTU_263
OTU_264	Bacteria	Proteobacteria	Alphaproteobacteria	Defluviicoccales	OTU_264	OTU_264	OTU_264
OTU_265	Archaea	Thermoplasmatota	Thermoplasmata	Marine Group II	OTU_265	OTU_265	OTU_265
OTU_266	Bacteria	Cyanobacteria	Cyanobacteriia	Synechococcales	Cyanobiaceae	Cyanobium PCC-6307	OTU_266
OTU_267	Bacteria	Proteobacteria	Alphaproteobacteria	Rickettsiales	Rickettsiaceae	OTU_267	OTU_267
OTU_268	Bacteria	Proteobacteria	Alphaproteobacteria	Rhizobiales	Xanthobacteraceae	Rhodopseudomonas	OTU_268
OTU_269	Bacteria	Proteobacteria	Gammaproteobacteria	Cellvibrionales	Cellvibrionaceae	Candidatus Endobugula	OTU_269
OTU_270	Bacteria	Bacteroidota	Bacteroidia	Flavobacteriales	Flavobacteriaceae	Lutibacter	OTU_270
OTU_271	Bacteria	Fibrobacterota	Fibrobacteria	Fibrobacterales	Fibrobacteraceae	OTU_271	OTU_271
OTU_272	Bacteria	Planctomycetota	BD7-11	OTU_272	OTU_272	OTU_272	OTU_272
OTU_273	Bacteria	Bacteroidota	Bacteroidia	Flavobacteriales	Flavobacteriaceae	NS5 marine group	OTU_273
OTU_274	Bacteria	NB1-j	OTU_274	OTU_274	OTU_274	OTU_274	OTU_274
OTU_275	Bacteria	Verrucomicrobiota	Verrucomicrobiae	Opitutales	Opitutaceae	Diplosphaera	OTU_275
OTU_276	Bacteria	Proteobacteria	Gammaproteobacteria	Vibrionales	Vibrionaceae	Vibrio	toranzoniae
OTU_277	Bacteria	Bacteroidota	Bacteroidia	Flavobacteriales	Cryomorphaceae	OTU_277	OTU_277
OTU_278	Bacteria	Proteobacteria	Gammaproteobacteria	Pseudomonadales	Moraxellaceae	Acinetobacter	OTU_278
OTU_279	Bacteria	Desulfobacterota	OTU_279	OTU_279	OTU_279	OTU_279	OTU_279
OTU_280	Bacteria	Proteobacteria	Gammaproteobacteria	Pseudomonadales	Pseudomonadaceae	Pseudomonas	OTU_280
OTU_281	Bacteria	Verrucomicrobiota	Verrucomicrobiae	Arctic97B-4 marine group	OTU_281	OTU_281	OTU_281
OTU_282	Bacteria	Gemmatimonadota	BD2-11 terrestrial group	OTU_282	OTU_282	OTU_282	OTU_282
OTU_283	Bacteria	Planctomycetota	Phycisphaerae	Phycisphaerales	Phycisphaeraceae	CL500-3	OTU_283
OTU_284	Bacteria	Proteobacteria	Gammaproteobacteria	Oceanospirillales	Nitrincolaceae	OTU_284	OTU_284
OTU_285	Bacteria	Marinimicrobia (SAR406 clade)	OTU_285	OTU_285	OTU_285	OTU_285	OTU_285
OTU_286	Bacteria	Bacteroidota	Bacteroidia	Flavobacteriales	NS9 marine group	OTU_286	OTU_286
OTU_287	Bacteria	Verrucomicrobiota	Verrucomicrobiae	Pedosphaerales	Pedosphaeraceae	SCGC AAA164-E04	OTU_287
OTU_288	Bacteria	Bacteroidota	Bacteroidia	Flavobacteriales	Flavobacteriaceae	Flavobacterium	OTU_288
OTU_289	Bacteria	Proteobacteria	Gammaproteobacteria	Pseudomonadales	Pseudomonadaceae	Pseudomonas	OTU_289
OTU_290	Bacteria	Cyanobacteria	Cyanobacteriia	Chloroplast	OTU_290	OTU_290	OTU_290
OTU_291	Bacteria	Proteobacteria	Alphaproteobacteria	Caulobacterales	Caulobacteraceae	Brevundimonas	OTU_291
OTU_292	Bacteria	Bacteroidota	Bacteroidia	Flavobacteriales	NS9 marine group	OTU_292	OTU_292
OTU_293	Bacteria	Proteobacteria	Alphaproteobacteria	Rhodospirillales	Magnetospiraceae	OTU_293	OTU_293
OTU_294	Bacteria	Cyanobacteria	Cyanobacteriia	Chloroplast	OTU_294	OTU_294	OTU_294
OTU_295	Bacteria	Cyanobacteria	Cyanobacteriia	Chloroplast	OTU_295	OTU_295	OTU_295
OTU_296	Bacteria	Verrucomicrobiota	Verrucomicrobiae	Pedosphaerales	Pedosphaeraceae	SCGC AAA164-E04	OTU_296
OTU_297	Bacteria	Proteobacteria	Gammaproteobacteria	OM182 clade	OTU_297	OTU_297	OTU_297
OTU_298	Bacteria	Proteobacteria	Alphaproteobacteria	Rhodobacterales	Rhodobacteraceae	OTU_298	OTU_298
OTU_299	Bacteria	Bacteroidota	Bacteroidia	Flavobacteriales	Cryomorphaceae	Vicingus	OTU_299
OTU_300	Bacteria	Planctomycetota	Planctomycetes	Planctomycetales	Gimesiaceae	OTU_300	OTU_300
OTU_301	Bacteria	Bacteroidota	Bacteroidia	Flavobacteriales	Flavobacteriaceae	Polaribacter	OTU_301
OTU_302	Bacteria	Cyanobacteria	Cyanobacteriia	Chloroplast	OTU_302	OTU_302	OTU_302
OTU_303	Bacteria	Cyanobacteria	Cyanobacteriia	Chloroplast	OTU_303	OTU_303	OTU_303
OTU_304	Bacteria	Proteobacteria	Gammaproteobacteria	Alteromonadales	Moritellaceae	Moritella	OTU_304
OTU_305	Bacteria	Proteobacteria	Alphaproteobacteria	AT-s3-44	OTU_305	OTU_305	OTU_305
OTU_306	Bacteria	Proteobacteria	Gammaproteobacteria	OTU_306	OTU_306	OTU_306	OTU_306
OTU_307	Bacteria	Bacteroidota	Bacteroidia	Flavobacteriales	NS9 marine group	OTU_307	OTU_307
OTU_308	Bacteria	Bacteroidota	Bacteroidia	Flavobacteriales	Cryomorphaceae	OTU_308	OTU_308
OTU_309	Bacteria	Actinobacteriota	Actinobacteria	Corynebacteriales	Nocardiaceae	Rhodococcus	OTU_309
OTU_310	Bacteria	Acidobacteriota	Vicinamibacteria	Vicinamibacterales	OTU_310	OTU_310	OTU_310
OTU_311	Bacteria	Firmicutes	Bacilli	Bacillales	Planococcaceae	Psychrobacillus	OTU_311
OTU_312	Bacteria	Marinimicrobia (SAR406 clade)	OTU_312	OTU_312	OTU_312	OTU_312	OTU_312
OTU_313	Bacteria	Bacteroidota	Bacteroidia	Flavobacteriales	Cryomorphaceae	OTU_313	OTU_313
OTU_314	Bacteria	Proteobacteria	Gammaproteobacteria	Legionellales	Legionellaceae	OTU_314	OTU_314
OTU_315	Bacteria	Bacteroidota	Bacteroidia	Flavobacteriales	Flavobacteriaceae	OTU_315	OTU_315
OTU_316	Bacteria	Proteobacteria	Gammaproteobacteria	Arenicellales	Arenicellaceae	Arenicella	OTU_316
OTU_317	Bacteria	Verrucomicrobiota	Verrucomicrobiae	Verrucomicrobiales	Rubritaleaceae	Persicirhabdus	OTU_317
OTU_318	Bacteria	Proteobacteria	Gammaproteobacteria	SAR86 clade	OTU_318	OTU_318	OTU_318
OTU_319	Bacteria	Proteobacteria	Gammaproteobacteria	Francisellales	Francisellaceae	Francisella	OTU_319
OTU_320	Bacteria	Bdellovibrionota	Bdellovibrionia	Bdellovibrionales	Bdellovibrionaceae	OM27 clade	OTU_320
OTU_321	Bacteria	Bdellovibrionota	Bdellovibrionia	Bdellovibrionales	Bdellovibrionaceae	OM27 clade	OTU_321
OTU_322	Bacteria	Cyanobacteria	Cyanobacteriia	Chloroplast	OTU_322	OTU_322	OTU_322
OTU_323	Bacteria	Planctomycetota	Planctomycetes	Pirellulales	Pirellulaceae	Rubripirellula	OTU_323
OTU_324	Bacteria	Bacteroidota	Bacteroidia	Flavobacteriales	Flavobacteriaceae	Nonlabens	OTU_324
OTU_325	Bacteria	Bacteroidota	Bacteroidia	Flavobacteriales	Flavobacteriaceae	OTU_325	OTU_325
OTU_326	Bacteria	Acidobacteriota	Vicinamibacteria	Vicinamibacterales	OTU_326	OTU_326	OTU_326
OTU_327	Archaea	Crenarchaeota	Nitrososphaeria	Nitrosopumilales	Nitrosopumilaceae	Candidatus Nitrosopumilus	OTU_327
OTU_328	Bacteria	Proteobacteria	Gammaproteobacteria	Nitrosococcales	Nitrosococcaceae	Cm1-21	OTU_328
OTU_329	Bacteria	Proteobacteria	Gammaproteobacteria	Francisellales	Francisellaceae	Francisella	OTU_329
OTU_330	Bacteria	Proteobacteria	Alphaproteobacteria	SAR11 clade	Clade II	OTU_330	OTU_330
OTU_331	Bacteria	Proteobacteria	Alphaproteobacteria	Rhodospirillales	Rhodospirillaceae	OTU_331	OTU_331
OTU_332	Bacteria	Bacteroidota	Bacteroidia	Flavobacteriales	Flavobacteriaceae	NS5 marine group	OTU_332
OTU_333	Bacteria	Actinobacteriota	Actinobacteria	PeM15	OTU_333	OTU_333	OTU_333
OTU_334	Bacteria	Actinobacteriota	Acidimicrobiia	Microtrichales	Microtrichaceae	Sva0996 marine group	OTU_334
OTU_335	Bacteria	Proteobacteria	Gammaproteobacteria	Cellvibrionales	Halieaceae	OTU_335	OTU_335
OTU_336	Bacteria	Bacteroidota	Bacteroidia	Flavobacteriales	Flavobacteriaceae	Aurantivirga	OTU_336
OTU_337	Bacteria	Bacteroidota	Bacteroidia	Flavobacteriales	Cryomorphaceae	OTU_337	OTU_337
OTU_338	Bacteria	Proteobacteria	Gammaproteobacteria	Cellvibrionales	Spongiibacteraceae	BD1-7 clade	OTU_338
OTU_339	Bacteria	Verrucomicrobiota	Lentisphaeria	P.palmC41	OTU_339	OTU_339	OTU_339
OTU_340	Bacteria	Proteobacteria	Gammaproteobacteria	Oceanospirillales	Nitrincolaceae	Amphritea	OTU_340
OTU_341	Bacteria	Proteobacteria	Gammaproteobacteria	Francisellales	Francisellaceae	Francisella	OTU_341
OTU_342	Bacteria	Proteobacteria	Alphaproteobacteria	Rhodobacterales	Rhodobacteraceae	Pelagimonas	OTU_342
OTU_343	Bacteria	Proteobacteria	Gammaproteobacteria	Alteromonadales	Alteromonadaceae	Glaciecola	OTU_343
OTU_344	Bacteria	Bacteroidota	Bacteroidia	Flavobacteriales	Flavobacteriaceae	OTU_344	OTU_344
OTU_345	Bacteria	Proteobacteria	Alphaproteobacteria	Rhodobacterales	Rhodobacteraceae	Pseudorhodobacter	OTU_345
OTU_346	Bacteria	Actinobacteriota	Actinobacteria	Micrococcales	Microbacteriaceae	OTU_346	OTU_346
OTU_347	Bacteria	Cyanobacteria	Cyanobacteriia	Chloroplast	OTU_347	OTU_347	OTU_347
OTU_348	Bacteria	Nitrospirota	Nitrospiria	Nitrospirales	Nitrospiraceae	Nitrospira	OTU_348
OTU_349	Bacteria	Bacteroidota	Bacteroidia	Flavobacteriales	Flavobacteriaceae	Flavicella	OTU_349
OTU_350	Bacteria	Cyanobacteria	Cyanobacteriia	Chloroplast	OTU_350	OTU_350	OTU_350
OTU_351	Bacteria	Proteobacteria	Gammaproteobacteria	Francisellales	Francisellaceae	Francisella	OTU_351
OTU_352	Bacteria	Bdellovibrionota	Bdellovibrionia	Bdellovibrionales	Bdellovibrionaceae	OM27 clade	OTU_352
OTU_353	Bacteria	Actinobacteriota	Acidimicrobiia	Microtrichales	Microtrichaceae	Sva0996 marine group	OTU_353
OTU_354	Bacteria	Bacteroidota	Bacteroidia	Flavobacteriales	Flavobacteriaceae	Psychroflexus	torquis
OTU_355	Bacteria	Bacteroidota	Bacteroidia	Flavobacteriales	Flavobacteriaceae	NS5 marine group	OTU_355
OTU_356	Bacteria	Proteobacteria	Gammaproteobacteria	Oceanospirillales	Marinomonadaceae	Marinomonas	OTU_356
OTU_357	Bacteria	Proteobacteria	Gammaproteobacteria	Pseudomonadales	Pseudomonadaceae	Pseudomonas	OTU_357
OTU_358	Bacteria	Cyanobacteria	Cyanobacteriia	Chloroplast	OTU_358	OTU_358	OTU_358
OTU_359	Bacteria	Bacteroidota	Bacteroidia	Flavobacteriales	Cryomorphaceae	Vicingus	OTU_359
OTU_360	Bacteria	Proteobacteria	Gammaproteobacteria	Arenicellales	Arenicellaceae	OTU_360	OTU_360
OTU_361	Bacteria	Bacteroidota	Bacteroidia	Flavobacteriales	NS9 marine group	OTU_361	OTU_361
OTU_362	Bacteria	Proteobacteria	Gammaproteobacteria	Cellvibrionales	OTU_362	OTU_362	OTU_362
OTU_363	Bacteria	Actinobacteriota	Actinobacteria	Actinomycetales	Actinomycetaceae	Actinomyces	OTU_363
OTU_364	Bacteria	Bdellovibrionota	Bdellovibrionia	Bdellovibrionales	Bdellovibrionaceae	OM27 clade	OTU_364
OTU_365	Bacteria	Proteobacteria	Alphaproteobacteria	Rickettsiales	Rickettsiaceae	Candidatus Megaira	OTU_365
OTU_366	Bacteria	Proteobacteria	Alphaproteobacteria	Rhodobacterales	Rhodobacteraceae	OTU_366	OTU_366
OTU_367	Bacteria	Proteobacteria	Alphaproteobacteria	Rhodobacterales	Rhodobacteraceae	Cognatiyoonia	OTU_367
OTU_368	Bacteria	Cyanobacteria	Cyanobacteriia	Chloroplast	OTU_368	OTU_368	OTU_368
OTU_369	Bacteria	Proteobacteria	Alphaproteobacteria	Defluviicoccales	OTU_369	OTU_369	OTU_369
OTU_370	Bacteria	Proteobacteria	Gammaproteobacteria	Francisellales	Francisellaceae	OTU_370	OTU_370
OTU_371	Bacteria	Actinobacteriota	Acidimicrobiia	IMCC26256	OTU_371	OTU_371	OTU_371
OTU_372	Bacteria	Chloroflexi	Dehalococcoidia	SAR202 clade	OTU_372	OTU_372	OTU_372
OTU_373	Bacteria	Bacteroidota	Bacteroidia	Flavobacteriales	NS7 marine group	OTU_373	OTU_373
OTU_374	Bacteria	Bacteroidota	Bacteroidia	Chitinophagales	Chitinophagaceae	Edaphobaculum	OTU_374
OTU_375	Bacteria	Bdellovibrionota	Bdellovibrionia	Bdellovibrionales	Bdellovibrionaceae	OM27 clade	OTU_375
OTU_376	Bacteria	Proteobacteria	Gammaproteobacteria	Pseudomonadales	Pseudomonadaceae	Pseudomonas	OTU_376
OTU_377	Bacteria	Bacteroidota	Bacteroidia	Flavobacteriales	Flavobacteriaceae	Ulvibacter	OTU_377
OTU_378	Bacteria	Proteobacteria	Alphaproteobacteria	Kordiimonadales	Kordiimonadaceae	Kordiimonas	OTU_378
OTU_379	Bacteria	Bacteroidota	Bacteroidia	Flavobacteriales	Flavobacteriaceae	Ulvibacter	OTU_379
OTU_380	Bacteria	Proteobacteria	Gammaproteobacteria	Pseudomonadales	Moraxellaceae	Psychrobacter	OTU_380
OTU_381	Bacteria	Proteobacteria	Alphaproteobacteria	Rickettsiales	OTU_381	OTU_381	OTU_381
OTU_382	Bacteria	Bacteroidota	Bacteroidia	Flavobacteriales	Flavobacteriaceae	OTU_382	OTU_382
OTU_383	Bacteria	Actinobacteriota	Actinobacteria	Micrococcales	Microbacteriaceae	SV1-3	OTU_383
OTU_384	Bacteria	Proteobacteria	Alphaproteobacteria	Rhodobacterales	Rhodobacteraceae	OTU_384	OTU_384
OTU_385	Bacteria	Proteobacteria	Alphaproteobacteria	Rhodospirillales	Terasakiellaceae	OTU_385	OTU_385
OTU_386	Bacteria	Proteobacteria	Alphaproteobacteria	Rhodobacterales	Rhodobacteraceae	OTU_386	OTU_386
OTU_387	Bacteria	Bacteroidota	Bacteroidia	Flavobacteriales	Flavobacteriaceae	Ulvibacter	OTU_387
OTU_388	Bacteria	Planctomycetota	Planctomycetes	Pirellulales	Pirellulaceae	OTU_388	OTU_388
OTU_389	Bacteria	Proteobacteria	Gammaproteobacteria	Burkholderiales	Comamonadaceae	Rhodoferax	OTU_389
OTU_390	Bacteria	Bacteroidota	Bacteroidia	Flavobacteriales	Flavobacteriaceae	Ulvibacter	OTU_390
OTU_391	Bacteria	Bacteroidota	Bacteroidia	Flavobacteriales	Crocinitomicaceae	Fluviicola	OTU_391
OTU_392	Bacteria	Proteobacteria	Alphaproteobacteria	Puniceispirillales	OTU_392	OTU_392	OTU_392
OTU_393	Bacteria	Bacteroidota	Bacteroidia	Flavobacteriales	Flavobacteriaceae	Aurantivirga	OTU_393
OTU_394	Bacteria	Bacteroidota	Bacteroidia	Flavobacteriales	Flavobacteriaceae	Flavobacterium	OTU_394
OTU_395	Bacteria	Proteobacteria	Gammaproteobacteria	Cellvibrionales	Porticoccaceae	SAR92 clade	OTU_395
OTU_396	Bacteria	Proteobacteria	Gammaproteobacteria	Alteromonadales	Colwelliaceae	Thalassotalea	OTU_396
OTU_397	Bacteria	Bacteroidota	Bacteroidia	Chitinophagales	OTU_397	OTU_397	OTU_397
OTU_398	Bacteria	Bacteroidota	Bacteroidia	Flavobacteriales	Flavobacteriaceae	Flavobacterium	OTU_398
OTU_399	Bacteria	Proteobacteria	Alphaproteobacteria	Puniceispirillales	EF100-94H03	OTU_399	OTU_399
OTU_400	Bacteria	Proteobacteria	Gammaproteobacteria	Oceanospirillales	Nitrincolaceae	OTU_400	OTU_400
OTU_401	Bacteria	Bacteroidota	Bacteroidia	Flavobacteriales	Flavobacteriaceae	Gilvibacter	OTU_401
OTU_402	Bacteria	Bacteroidota	Bacteroidia	Flavobacteriales	Cryomorphaceae	OTU_402	OTU_402
OTU_403	Bacteria	Proteobacteria	Alphaproteobacteria	Rhizobiales	Rhizobiaceae	Pseudaminobacter	OTU_403
OTU_404	Bacteria	Verrucomicrobiota	Verrucomicrobiae	Verrucomicrobiales	Rubritaleaceae	Roseibacillus	OTU_404
OTU_405	Bacteria	Bacteroidota	Bacteroidia	Flavobacteriales	Flavobacteriaceae	NS5 marine group	OTU_405
OTU_406	Bacteria	Proteobacteria	Gammaproteobacteria	Alteromonadales	Colwelliaceae	Colwellia	OTU_406
OTU_407	Bacteria	Bacteroidota	Bacteroidia	Flavobacteriales	Flavobacteriaceae	Tenacibaculum	OTU_407
OTU_408	Bacteria	Actinobacteriota	Actinobacteria	Corynebacteriales	Corynebacteriaceae	Lawsonella	OTU_408
OTU_409	Bacteria	Bacteroidota	Bacteroidia	Flavobacteriales	Crocinitomicaceae	Crocinitomix	OTU_409
OTU_410	Bacteria	Proteobacteria	Gammaproteobacteria	Pseudomonadales	Moraxellaceae	Acinetobacter	ursingii
OTU_411	Bacteria	Proteobacteria	Gammaproteobacteria	Cellvibrionales	Halieaceae	OTU_411	OTU_411
OTU_412	Bacteria	Bacteroidota	Bacteroidia	Flavobacteriales	OTU_412	OTU_412	OTU_412
OTU_413	Bacteria	Proteobacteria	Alphaproteobacteria	SAR11 clade	OTU_413	OTU_413	OTU_413
OTU_414	Bacteria	Verrucomicrobiota	Verrucomicrobiae	Verrucomicrobiales	DEV007	OTU_414	OTU_414
OTU_415	Bacteria	Marinimicrobia (SAR406 clade)	OTU_415	OTU_415	OTU_415	OTU_415	OTU_415
OTU_416	Bacteria	Proteobacteria	Gammaproteobacteria	Oceanospirillales	Oleiphilaceae	Oleiphilus	OTU_416
OTU_417	Bacteria	Proteobacteria	Alphaproteobacteria	Rhodobacterales	Rhodobacteraceae	OTU_417	OTU_417
OTU_418	Bacteria	Marinimicrobia (SAR406 clade)	OTU_418	OTU_418	OTU_418	OTU_418	OTU_418
OTU_419	Bacteria	Proteobacteria	Gammaproteobacteria	OM182 clade	OTU_419	OTU_419	OTU_419
OTU_420	Bacteria	Proteobacteria	Gammaproteobacteria	Pseudomonadales	Moraxellaceae	Enhydrobacter	OTU_420
OTU_421	Bacteria	Proteobacteria	Gammaproteobacteria	KI89A clade	OTU_421	OTU_421	OTU_421
OTU_422	Bacteria	Firmicutes	Bacilli	Bacillales	Planococcaceae	Domibacillus	OTU_422
OTU_423	Bacteria	Proteobacteria	Gammaproteobacteria	Cellvibrionales	Halieaceae	Halioglobus	OTU_423
OTU_424	Bacteria	Bacteroidota	Bacteroidia	Flavobacteriales	Crocinitomicaceae	Crocinitomix	OTU_424
OTU_425	Bacteria	Bacteroidota	Bacteroidia	Cytophagales	Cyclobacteriaceae	OTU_425	OTU_425
OTU_426	Bacteria	Proteobacteria	Gammaproteobacteria	Burkholderiales	Methylophilaceae	OM43 clade	OTU_426
OTU_427	Bacteria	Proteobacteria	Alphaproteobacteria	Rickettsiales	Rickettsiaceae	Candidatus Megaira	OTU_427
OTU_428	Bacteria	Verrucomicrobiota	Verrucomicrobiae	Chthoniobacterales	Chthoniobacteraceae	LD29	OTU_428
OTU_429	Bacteria	Proteobacteria	Gammaproteobacteria	Methylococcales	Cycloclasticaceae	Cycloclasticus	OTU_429
OTU_430	Bacteria	Dependentiae	Babeliae	Babeliales	Vermiphilaceae	OTU_430	OTU_430
OTU_431	Bacteria	Proteobacteria	Alphaproteobacteria	Rickettsiales	AB1	OTU_431	OTU_431
OTU_432	Bacteria	Proteobacteria	Gammaproteobacteria	HOC36	OTU_432	OTU_432	OTU_432
OTU_433	Bacteria	Bacteroidota	Bacteroidia	Flavobacteriales	Cryomorphaceae	OTU_433	OTU_433
OTU_434	Bacteria	Proteobacteria	Alphaproteobacteria	Caulobacterales	Caulobacteraceae	Brevundimonas	OTU_434
OTU_435	Bacteria	Dadabacteria	Dadabacteriia	Dadabacteriales	OTU_435	OTU_435	OTU_435
OTU_436	Archaea	Thermoplasmatota	Thermoplasmata	Marine Group II	OTU_436	OTU_436	OTU_436
OTU_437	Bacteria	Proteobacteria	Gammaproteobacteria	Pseudomonadales	Moraxellaceae	Acinetobacter	parvus
OTU_438	Bacteria	Myxococcota	Myxococcia	Myxococcales	Myxococcaceae	P3OB-42	OTU_438
OTU_439	Bacteria	Bacteroidota	Bacteroidia	Flavobacteriales	Flavobacteriaceae	Aurantivirga	OTU_439
OTU_440	Bacteria	Proteobacteria	Gammaproteobacteria	Alteromonadales	Colwelliaceae	Colwellia	OTU_440
OTU_441	Bacteria	Proteobacteria	Alphaproteobacteria	Rhodobacterales	Rhodobacteraceae	OTU_441	OTU_441
OTU_442	Bacteria	Bdellovibrionota	Bdellovibrionia	Bacteriovoracales	Bacteriovoracaceae	Peredibacter	OTU_442
OTU_443	Bacteria	Proteobacteria	Gammaproteobacteria	Oceanospirillales	Pseudohongiellaceae	Pseudohongiella	OTU_443
OTU_444	Bacteria	Proteobacteria	Alphaproteobacteria	Rhizobiales	Hyphomicrobiaceae	Pedomicrobium	OTU_444
OTU_445	Bacteria	Proteobacteria	Gammaproteobacteria	JTB23	OTU_445	OTU_445	OTU_445
OTU_446	Bacteria	Proteobacteria	Alphaproteobacteria	Sphingomonadales	Sphingomonadaceae	Novosphingobium	OTU_446
OTU_447	Bacteria	Proteobacteria	Gammaproteobacteria	Burkholderiales	Comamonadaceae	Delftia	OTU_447
OTU_448	Bacteria	Proteobacteria	Gammaproteobacteria	Cellvibrionales	Halieaceae	Marimicrobium	OTU_448
OTU_449	Bacteria	Bacteroidota	Bacteroidia	Flavobacteriales	Flavobacteriaceae	Winogradskyella	OTU_449
OTU_450	Bacteria	Actinobacteriota	Actinobacteria	Frankiales	Sporichthyaceae	hgcI clade	OTU_450
OTU_451	Bacteria	Acidobacteriota	Vicinamibacteria	Vicinamibacterales	OTU_451	OTU_451	OTU_451
OTU_452	Bacteria	Bacteroidota	Bacteroidia	Flavobacteriales	Flavobacteriaceae	OTU_452	OTU_452
OTU_453	Bacteria	Proteobacteria	Alphaproteobacteria	Puniceispirillales	OTU_453	OTU_453	OTU_453
OTU_454	Bacteria	Bacteroidota	Bacteroidia	Chitinophagales	Saprospiraceae	Aureispira	OTU_454
OTU_455	Bacteria	Bacteroidota	Bacteroidia	Flavobacteriales	Crocinitomicaceae	OTU_455	OTU_455
OTU_456	Bacteria	Proteobacteria	Gammaproteobacteria	Arenicellales	Arenicellaceae	Arenicella	OTU_456
OTU_457	Bacteria	Proteobacteria	Gammaproteobacteria	OTU_457	OTU_457	OTU_457	OTU_457
OTU_458	Bacteria	Actinobacteriota	Actinobacteria	Corynebacteriales	Corynebacteriaceae	Corynebacterium	accolens
OTU_459	Bacteria	Proteobacteria	Gammaproteobacteria	Oceanospirillales	Nitrincolaceae	OTU_459	OTU_459
OTU_460	Bacteria	Bacteroidota	Bacteroidia	Flavobacteriales	Flavobacteriaceae	NS4 marine group	OTU_460
OTU_461	Bacteria	Bacteroidota	Bacteroidia	Chitinophagales	Saprospiraceae	Aureispira	OTU_461
OTU_462	Bacteria	Bdellovibrionota	Bdellovibrionia	Bdellovibrionales	Bdellovibrionaceae	OM27 clade	OTU_462
OTU_463	Bacteria	Proteobacteria	Gammaproteobacteria	Alteromonadales	Pseudoalteromonadaceae	Psychrosphaera	aquimarina
OTU_464	Bacteria	Planctomycetota	Planctomycetes	Planctomycetales	Rubinisphaeraceae	Fuerstia	OTU_464
OTU_465	Bacteria	Proteobacteria	Gammaproteobacteria	Oceanospirillales	Nitrincolaceae	OTU_465	OTU_465
OTU_466	Bacteria	Cyanobacteria	Cyanobacteriia	Chloroplast	OTU_466	OTU_466	OTU_466
OTU_467	Bacteria	Bacteroidota	Bacteroidia	Flavobacteriales	Cryomorphaceae	OTU_467	OTU_467
OTU_468	Bacteria	Actinobacteriota	Acidimicrobiia	Microtrichales	Ilumatobacteraceae	Ilumatobacter	OTU_468
OTU_469	Bacteria	Bacteroidota	Bacteroidia	Flavobacteriales	Flavobacteriaceae	NS5 marine group	OTU_469
OTU_470	Bacteria	Patescibacteria	Gracilibacteria	JGI 0000069-P22	OTU_470	OTU_470	OTU_470
OTU_471	Bacteria	Cyanobacteria	Cyanobacteriia	Chloroplast	OTU_471	OTU_471	OTU_471
OTU_472	Bacteria	Planctomycetota	Planctomycetes	Planctomycetales	Rubinisphaeraceae	Fuerstia	OTU_472
OTU_473	Bacteria	Proteobacteria	Gammaproteobacteria	Alteromonadales	Pseudoalteromonadaceae	Pseudoalteromonas	OTU_473
OTU_474	Bacteria	Proteobacteria	Gammaproteobacteria	Nitrosococcales	Methylophagaceae	Marine Methylotrophic Group 3	OTU_474
OTU_475	Bacteria	Bacteroidota	Bacteroidia	Cytophagales	Cyclobacteriaceae	OTU_475	OTU_475
OTU_476	Bacteria	Proteobacteria	Alphaproteobacteria	Rhizobiales	Beijerinckiaceae	Methylobacterium-Methylorubrum	OTU_476
OTU_477	Bacteria	Proteobacteria	Alphaproteobacteria	Thalassobaculales	Nisaeaceae	OM75 clade	OTU_477
OTU_478	Bacteria	NB1-j	OTU_478	OTU_478	OTU_478	OTU_478	OTU_478
OTU_479	Bacteria	Proteobacteria	Gammaproteobacteria	Oceanospirillales	Saccharospirillaceae	OTU_479	OTU_479
OTU_480	Bacteria	Bacteroidota	Bacteroidia	Flavobacteriales	Flavobacteriaceae	OTU_480	OTU_480
OTU_481	Bacteria	Proteobacteria	Gammaproteobacteria	Oceanospirillales	Halomonadaceae	Halomonas	OTU_481
OTU_482	Bacteria	Proteobacteria	Gammaproteobacteria	Burkholderiales	Comamonadaceae	RS62 marine group	OTU_482
OTU_483	Bacteria	Desulfobacterota	Desulfuromonadia	PB19	OTU_483	OTU_483	OTU_483
OTU_484	Bacteria	Bacteroidota	Bacteroidia	Flavobacteriales	Flavobacteriaceae	Pseudofulvibacter	OTU_484
OTU_485	Bacteria	Verrucomicrobiota	Verrucomicrobiae	Chthoniobacterales	Chthoniobacteraceae	Candidatus Udaeobacter	OTU_485
OTU_486	Bacteria	Planctomycetota	OM190	OTU_486	OTU_486	OTU_486	OTU_486
OTU_487	Bacteria	Proteobacteria	Gammaproteobacteria	Cellvibrionales	Halieaceae	Marimicrobium	OTU_487
OTU_488	Bacteria	Proteobacteria	Gammaproteobacteria	Oceanospirillales	Nitrincolaceae	OTU_488	OTU_488
OTU_489	Bacteria	Proteobacteria	Gammaproteobacteria	Oceanospirillales	Saccharospirillaceae	Oceaniserpentilla	OTU_489
OTU_490	Bacteria	Bacteroidota	Bacteroidia	Flavobacteriales	Flavobacteriaceae	Aurantivirga	OTU_490
OTU_491	Bacteria	Proteobacteria	Gammaproteobacteria	Cellvibrionales	Cellvibrionaceae	OTU_491	OTU_491
OTU_492	Bacteria	Bacteroidota	Bacteroidia	Flavobacteriales	Flavobacteriaceae	NS4 marine group	OTU_492
OTU_493	Bacteria	Proteobacteria	Gammaproteobacteria	Oceanospirillales	Halomonadaceae	Cobetia	marina
OTU_494	Bacteria	Proteobacteria	Gammaproteobacteria	Thiomicrospirales	Thioglobaceae	IheB2-31	OTU_494
OTU_495	Bacteria	Proteobacteria	Alphaproteobacteria	Rhodobacterales	Rhodobacteraceae	OTU_495	OTU_495
OTU_496	Bacteria	Proteobacteria	Gammaproteobacteria	Pseudomonadales	Moraxellaceae	Psychrobacter	OTU_496
OTU_497	Bacteria	Proteobacteria	Alphaproteobacteria	Puniceispirillales	OTU_497	OTU_497	OTU_497
OTU_498	Bacteria	Bacteroidota	Bacteroidia	Flavobacteriales	NS9 marine group	OTU_498	OTU_498
OTU_499	Bacteria	Bacteroidota	Bacteroidia	Flavobacteriales	Flavobacteriaceae	NS5 marine group	OTU_499
OTU_500	Bacteria	Proteobacteria	Gammaproteobacteria	EPR3968-O8a-Bc78	OTU_500	OTU_500	OTU_500
OTU_501	Bacteria	Proteobacteria	Gammaproteobacteria	Oceanospirillales	Nitrincolaceae	OTU_501	OTU_501
OTU_502	Bacteria	Bacteroidota	Bacteroidia	Flavobacteriales	Flavobacteriaceae	OTU_502	OTU_502
OTU_503	Bacteria	Proteobacteria	Alphaproteobacteria	Rickettsiales	Fokiniaceae	MD3-55	OTU_503
OTU_504	Bacteria	Bdellovibrionota	Bdellovibrionia	Bdellovibrionales	Bdellovibrionaceae	OM27 clade	OTU_504
OTU_505	Bacteria	Proteobacteria	Alphaproteobacteria	Rhodobacterales	Rhodobacteraceae	Yoonia-Loktanella	OTU_505
OTU_506	Bacteria	Actinobacteriota	MB-A2-108	OTU_506	OTU_506	OTU_506	OTU_506
OTU_507	Bacteria	Proteobacteria	Gammaproteobacteria	Alteromonadales	Psychromonadaceae	Psychromonas	OTU_507
OTU_508	Bacteria	Proteobacteria	Gammaproteobacteria	Oceanospirillales	Nitrincolaceae	OTU_508	OTU_508
OTU_509	Bacteria	Bacteroidota	Bacteroidia	Flavobacteriales	Flavobacteriaceae	Flavicella	OTU_509
OTU_510	Bacteria	Planctomycetota	Planctomycetes	Pirellulales	Pirellulaceae	OTU_510	OTU_510
OTU_511	Bacteria	Bacteroidota	Bacteroidia	Flavobacteriales	Flavobacteriaceae	Aquibacter	OTU_511
OTU_512	Bacteria	Proteobacteria	Gammaproteobacteria	UBA10353 marine group	OTU_512	OTU_512	OTU_512
OTU_513	Bacteria	Cyanobacteria	Cyanobacteriia	Chloroplast	OTU_513	OTU_513	OTU_513
OTU_514	Bacteria	Proteobacteria	Gammaproteobacteria	Burkholderiales	Oxalobacteraceae	Herminiimonas	arsenitoxidans
OTU_515	Bacteria	Proteobacteria	Gammaproteobacteria	Cellvibrionales	Porticoccaceae	SAR92 clade	OTU_515
OTU_516	Bacteria	Proteobacteria	Alphaproteobacteria	Rhodobacterales	Rhodobacteraceae	Sulfitobacter	OTU_516
OTU_517	Bacteria	Gemmatimonadota	BD2-11 terrestrial group	OTU_517	OTU_517	OTU_517	OTU_517
OTU_518	Bacteria	Firmicutes	Bacilli	Bacillales	Bacillaceae	Bacillus	OTU_518
OTU_519	Bacteria	Bacteroidota	Bacteroidia	Flavobacteriales	Crocinitomicaceae	Fluviicola	OTU_519
OTU_520	Bacteria	Bacteroidota	Bacteroidia	Flavobacteriales	Flavobacteriaceae	OTU_520	OTU_520
OTU_521	Bacteria	Bacteroidota	Bacteroidia	Chitinophagales	Chitinophagaceae	Puia	OTU_521
OTU_522	Bacteria	Proteobacteria	Gammaproteobacteria	Cellvibrionales	Porticoccaceae	SAR92 clade	OTU_522
OTU_523	Bacteria	Proteobacteria	Alphaproteobacteria	Rhodobacterales	Rhodobacteraceae	Pelagimonas	OTU_523
OTU_524	Bacteria	Bacteroidota	Bacteroidia	Flavobacteriales	Cryomorphaceae	OTU_524	OTU_524
OTU_525	Bacteria	Proteobacteria	Alphaproteobacteria	Rhodobacterales	Rhodobacteraceae	Sulfitobacter	OTU_525
OTU_526	Bacteria	Proteobacteria	Alphaproteobacteria	Rhodospirillales	Magnetospiraceae	OTU_526	OTU_526
OTU_527	Bacteria	Proteobacteria	Alphaproteobacteria	Rickettsiales	Mitochondria	OTU_527	OTU_527
OTU_528	Bacteria	Bacteroidota	Bacteroidia	Flavobacteriales	Flavobacteriaceae	OTU_528	OTU_528
OTU_529	Bacteria	Bacteroidota	Bacteroidia	Chitinophagales	Saprospiraceae	Aureispira	OTU_529
OTU_530	Bacteria	Desulfobacterota	OTU_530	OTU_530	OTU_530	OTU_530	OTU_530
OTU_531	Bacteria	Proteobacteria	Gammaproteobacteria	Pseudomonadales	Moraxellaceae	Acinetobacter	lwoffii
OTU_532	Bacteria	Proteobacteria	Alphaproteobacteria	SAR11 clade	Clade IV	OTU_532	OTU_532
OTU_533	Bacteria	Actinobacteriota	Actinobacteria	Nitriliruptorales	Nitriliruptoraceae	OTU_533	OTU_533
OTU_534	Bacteria	Bacteroidota	Bacteroidia	Flavobacteriales	Flavobacteriaceae	OTU_534	OTU_534
OTU_535	Bacteria	Actinobacteriota	Actinobacteria	Micrococcales	Microbacteriaceae	OTU_535	OTU_535
OTU_536	Bacteria	Bacteroidota	Bacteroidia	Flavobacteriales	Flavobacteriaceae	OTU_536	OTU_536
OTU_537	Bacteria	Bacteroidota	Bacteroidia	Flavobacteriales	Flavobacteriaceae	Dokdonia	OTU_537
OTU_538	Bacteria	Verrucomicrobiota	Verrucomicrobiae	Pedosphaerales	Pedosphaeraceae	SCGC AAA164-E04	OTU_538
OTU_539	Bacteria	Acidobacteriota	Vicinamibacteria	Vicinamibacterales	OTU_539	OTU_539	OTU_539
OTU_540	Bacteria	Cyanobacteria	Cyanobacteriia	Chloroplast	OTU_540	OTU_540	OTU_540
OTU_541	Bacteria	Proteobacteria	Alphaproteobacteria	Rhodobacterales	Rhodobacteraceae	OTU_541	OTU_541
OTU_542	Bacteria	Myxococcota	Polyangia	Blfdi19	OTU_542	OTU_542	OTU_542
OTU_543	Bacteria	Proteobacteria	Gammaproteobacteria	KI89A clade	OTU_543	OTU_543	OTU_543
OTU_544	Bacteria	Proteobacteria	Gammaproteobacteria	Alteromonadales	Shewanellaceae	Shewanella	schlegeliana
OTU_545	Bacteria	Bacteroidota	Bacteroidia	Flavobacteriales	Flavobacteriaceae	OTU_545	OTU_545
OTU_546	Bacteria	Bacteroidota	Bacteroidia	Flavobacteriales	Flavobacteriaceae	Gilvibacter	OTU_546
OTU_547	Bacteria	Bacteroidota	Bacteroidia	Flavobacteriales	Flavobacteriaceae	NS3a marine group	OTU_547
OTU_548	Bacteria	Bacteroidota	Bacteroidia	Cytophagales	Cyclobacteriaceae	Algoriphagus	aquaemixtae
OTU_549	Bacteria	Proteobacteria	Gammaproteobacteria	SAR86 clade	OTU_549	OTU_549	OTU_549
OTU_550	Bacteria	Proteobacteria	Gammaproteobacteria	Thiohalorhabdales	Thiohalorhabdaceae	OTU_550	OTU_550
OTU_551	Bacteria	Proteobacteria	Alphaproteobacteria	Rickettsiales	Mitochondria	OTU_551	OTU_551
OTU_552	Bacteria	Bacteroidota	Bacteroidia	Flavobacteriales	Cryomorphaceae	OTU_552	OTU_552
OTU_553	Bacteria	Cyanobacteria	Cyanobacteriia	Chloroplast	OTU_553	OTU_553	OTU_553
OTU_554	Bacteria	Proteobacteria	Alphaproteobacteria	Rhodobacterales	Rhodobacteraceae	OTU_554	OTU_554
OTU_555	Bacteria	Bacteroidota	Bacteroidia	Flavobacteriales	Flavobacteriaceae	OTU_555	OTU_555
OTU_556	Bacteria	Proteobacteria	Gammaproteobacteria	Alteromonadales	Colwelliaceae	Colwellia	OTU_556
OTU_557	Bacteria	Patescibacteria	Saccharimonadia	Saccharimonadales	OTU_557	OTU_557	OTU_557
OTU_558	Bacteria	Bacteroidota	Bacteroidia	Flavobacteriales	Cryomorphaceae	OTU_558	OTU_558
OTU_559	Bacteria	Cyanobacteria	Cyanobacteriia	Chloroplast	OTU_559	OTU_559	OTU_559
OTU_560	Bacteria	Bacteroidota	Bacteroidia	Flavobacteriales	Flavobacteriaceae	Flavobacterium	frigidarium
OTU_561	Bacteria	Planctomycetota	OM190	OTU_561	OTU_561	OTU_561	OTU_561
OTU_562	Bacteria	Cyanobacteria	Cyanobacteriia	Chloroplast	OTU_562	OTU_562	OTU_562
OTU_563	Bacteria	Bacteroidota	Bacteroidia	Flavobacteriales	Flavobacteriaceae	OTU_563	OTU_563
OTU_564	Bacteria	Proteobacteria	Gammaproteobacteria	OTU_564	OTU_564	OTU_564	OTU_564
OTU_565	Bacteria	Proteobacteria	Alphaproteobacteria	Rhizobiales	Devosiaceae	Devosia	OTU_565
OTU_566	Bacteria	Proteobacteria	Gammaproteobacteria	Alteromonadales	Alteromonadaceae	Glaciecola	OTU_566
OTU_567	Bacteria	Bacteroidota	Bacteroidia	Cytophagales	Spirosomaceae	OTU_567	OTU_567
OTU_568	Bacteria	Proteobacteria	Gammaproteobacteria	Alteromonadales	Alteromonadaceae	Paraglaciecola	mesophila
OTU_569	Bacteria	Proteobacteria	Gammaproteobacteria	SAR86 clade	OTU_569	OTU_569	OTU_569
OTU_570	Bacteria	Proteobacteria	Alphaproteobacteria	Rhodobacterales	Rhodobacteraceae	OTU_570	OTU_570
OTU_571	Bacteria	Bacteroidota	Bacteroidia	Flavobacteriales	Cryomorphaceae	OTU_571	OTU_571
OTU_572	Bacteria	Proteobacteria	Alphaproteobacteria	Rhodospirillales	OTU_572	OTU_572	OTU_572
OTU_573	Bacteria	Bacteroidota	Bacteroidia	Flavobacteriales	Flavobacteriaceae	OTU_573	OTU_573
OTU_574	Bacteria	Proteobacteria	Alphaproteobacteria	Rhodobacterales	Rhodobacteraceae	Cognatiyoonia	OTU_574
OTU_575	Bacteria	Proteobacteria	Gammaproteobacteria	Cellvibrionales	Porticoccaceae	SAR92 clade	OTU_575
OTU_576	Bacteria	Proteobacteria	Gammaproteobacteria	Oceanospirillales	Halomonadaceae	Halomonas	OTU_576
OTU_577	Bacteria	Proteobacteria	Alphaproteobacteria	Zavarziniales	OTU_577	OTU_577	OTU_577
OTU_578	Bacteria	Proteobacteria	Alphaproteobacteria	Rhizobiales	Rhizobiaceae	OTU_578	OTU_578
OTU_579	Bacteria	Patescibacteria	Parcubacteria	OTU_579	OTU_579	OTU_579	OTU_579
OTU_580	Bacteria	Proteobacteria	Alphaproteobacteria	Rhodospirillales	Magnetospiraceae	OTU_580	OTU_580
OTU_581	Bacteria	Proteobacteria	Alphaproteobacteria	Rhodobacterales	Rhodobacteraceae	OTU_581	OTU_581
OTU_582	Bacteria	Bacteroidota	Bacteroidia	Flavobacteriales	Flavobacteriaceae	NS4 marine group	OTU_582
OTU_583	Bacteria	Bacteroidota	Bacteroidia	Cytophagales	Cyclobacteriaceae	Marinoscillum	OTU_583
OTU_584	Bacteria	Bacteroidota	Bacteroidia	Flavobacteriales	Flavobacteriaceae	NS4 marine group	OTU_584
OTU_585	Bacteria	Proteobacteria	Gammaproteobacteria	Oceanospirillales	Nitrincolaceae	OTU_585	OTU_585
OTU_586	Bacteria	Proteobacteria	Gammaproteobacteria	Alteromonadales	Alteromonadaceae	Rheinheimera	OTU_586
OTU_587	Bacteria	Bacteroidota	Bacteroidia	Flavobacteriales	Flavobacteriaceae	OTU_587	OTU_587
OTU_588	Bacteria	Verrucomicrobiota	Verrucomicrobiae	Opitutales	Puniceicoccaceae	Verruc-01	OTU_588
OTU_589	Bacteria	OTU_589	OTU_589	OTU_589	OTU_589	OTU_589	OTU_589
OTU_590	Bacteria	Proteobacteria	Alphaproteobacteria	Rhodobacterales	Rhodobacteraceae	OTU_590	OTU_590
OTU_591	Bacteria	OTU_591	OTU_591	OTU_591	OTU_591	OTU_591	OTU_591
OTU_592	Bacteria	Proteobacteria	Gammaproteobacteria	Burkholderiales	Comamonadaceae	Polaromonas	OTU_592
OTU_593	Bacteria	NB1-j	OTU_593	OTU_593	OTU_593	OTU_593	OTU_593
OTU_594	Bacteria	Bacteroidota	Bacteroidia	Flavobacteriales	Flavobacteriaceae	Formosa	OTU_594
OTU_595	Bacteria	Proteobacteria	Gammaproteobacteria	SAR86 clade	OTU_595	OTU_595	OTU_595
OTU_596	Bacteria	Proteobacteria	Gammaproteobacteria	Cellvibrionales	Halieaceae	Marimicrobium	OTU_596
OTU_597	Bacteria	Proteobacteria	Gammaproteobacteria	Pseudomonadales	Moraxellaceae	OTU_597	OTU_597
OTU_598	Bacteria	Bacteroidota	Bacteroidia	Flavobacteriales	Flavobacteriaceae	Changchengzhania	OTU_598
OTU_599	Bacteria	Bacteroidota	Bacteroidia	Flavobacteriales	Flavobacteriaceae	Aurantivirga	OTU_599
OTU_600	Bacteria	Gemmatimonadota	BD2-11 terrestrial group	OTU_600	OTU_600	OTU_600	OTU_600
OTU_601	Bacteria	Actinobacteriota	Actinobacteria	Micrococcales	Micrococcaceae	Citricoccus	OTU_601
OTU_602	Bacteria	Bacteroidota	Bacteroidia	Flavobacteriales	Flavobacteriaceae	OTU_602	OTU_602
OTU_603	Bacteria	Bacteroidota	Bacteroidia	Flavobacteriales	Flavobacteriaceae	OTU_603	OTU_603
OTU_604	Bacteria	Proteobacteria	Alphaproteobacteria	Rhodospirillales	Magnetospiraceae	OTU_604	OTU_604
OTU_605	Bacteria	Acidobacteriota	Vicinamibacteria	Subgroup 17	OTU_605	OTU_605	OTU_605
OTU_606	Bacteria	Proteobacteria	Alphaproteobacteria	Rhodospirillales	Magnetospiraceae	OTU_606	OTU_606
OTU_607	Bacteria	Cyanobacteria	Cyanobacteriia	Chloroplast	OTU_607	OTU_607	OTU_607
OTU_608	Bacteria	Cyanobacteria	Cyanobacteriia	Chloroplast	OTU_608	OTU_608	OTU_608
OTU_609	Bacteria	Firmicutes	Negativicutes	Veillonellales-Selenomonadales	Veillonellaceae	Veillonella	massiliensis
OTU_610	Bacteria	Bacteroidota	Bacteroidia	Cytophagales	Spirosomaceae	Taeseokella	OTU_610
OTU_611	Bacteria	Actinobacteriota	Actinobacteria	Micrococcales	Microbacteriaceae	Mycetocola	OTU_611
OTU_612	Bacteria	Proteobacteria	Gammaproteobacteria	Alteromonadales	Shewanellaceae	Shewanella	frigidimarina
OTU_613	Bacteria	Bacteroidota	Bacteroidia	Flavobacteriales	Crocinitomicaceae	Fluviicola	OTU_613
OTU_614	Bacteria	Actinobacteriota	Actinobacteria	Micrococcales	Micrococcaceae	Micrococcus	OTU_614
OTU_615	Bacteria	Proteobacteria	Gammaproteobacteria	OTU_615	OTU_615	OTU_615	OTU_615
OTU_616	Bacteria	Proteobacteria	Gammaproteobacteria	Oceanospirillales	Saccharospirillaceae	Reinekea	forsetii
OTU_617	Bacteria	Proteobacteria	Gammaproteobacteria	Oceanospirillales	Nitrincolaceae	OTU_617	OTU_617
OTU_618	Bacteria	Bacteroidota	Bacteroidia	Flavobacteriales	Flavobacteriaceae	Gillisia	OTU_618
OTU_619	Bacteria	Bacteroidota	Bacteroidia	Flavobacteriales	NS9 marine group	OTU_619	OTU_619
OTU_620	Bacteria	Bacteroidota	Bacteroidia	Flavobacteriales	Flavobacteriaceae	OTU_620	OTU_620
OTU_621	Bacteria	Proteobacteria	Gammaproteobacteria	Granulosicoccales	Granulosicoccaceae	Granulosicoccus	OTU_621
OTU_622	Bacteria	Proteobacteria	Gammaproteobacteria	Cellvibrionales	Porticoccaceae	SAR92 clade	OTU_622
OTU_623	Bacteria	Proteobacteria	Alphaproteobacteria	Caulobacterales	Caulobacteraceae	Brevundimonas	OTU_623
OTU_624	Bacteria	Proteobacteria	Gammaproteobacteria	Thiomicrospirales	Thioglobaceae	IheB2-31	OTU_624
OTU_625	Bacteria	Proteobacteria	Gammaproteobacteria	Oceanospirillales	Nitrincolaceae	OTU_625	OTU_625
OTU_626	Bacteria	Proteobacteria	Alphaproteobacteria	Caulobacterales	Caulobacteraceae	Phenylobacterium	falsum
OTU_627	Bacteria	Proteobacteria	Alphaproteobacteria	Rhodobacterales	Rhodobacteraceae	OTU_627	OTU_627
OTU_628	Bacteria	Proteobacteria	Gammaproteobacteria	Cellvibrionales	Porticoccaceae	SAR92 clade	OTU_628
OTU_629	Bacteria	Bacteroidota	Bacteroidia	Flavobacteriales	Flavobacteriaceae	Formosa	OTU_629
OTU_630	Bacteria	Planctomycetota	Phycisphaerae	Phycisphaerales	Phycisphaeraceae	CL500-3	OTU_630
OTU_631	Bacteria	Proteobacteria	Gammaproteobacteria	Oceanospirillales	Nitrincolaceae	OTU_631	OTU_631
OTU_632	Bacteria	Proteobacteria	Gammaproteobacteria	Pseudomonadales	Moraxellaceae	Acinetobacter	OTU_632
OTU_633	Bacteria	Proteobacteria	Gammaproteobacteria	Oceanospirillales	Saccharospirillaceae	Oleispira	OTU_633
OTU_634	Bacteria	Bacteroidota	Bacteroidia	Flavobacteriales	Flavobacteriaceae	OTU_634	OTU_634
OTU_635	Bacteria	Patescibacteria	Gracilibacteria	OTU_635	OTU_635	OTU_635	OTU_635
OTU_636	Bacteria	Bacteroidota	Bacteroidia	Chitinophagales	Saprospiraceae	OTU_636	OTU_636
OTU_637	Bacteria	Proteobacteria	Alphaproteobacteria	Micavibrionales	Micavibrionaceae	OTU_637	OTU_637
OTU_638	Bacteria	Proteobacteria	Gammaproteobacteria	Alteromonadales	Pseudoalteromonadaceae	Pseudoalteromonas	OTU_638
OTU_639	Bacteria	Proteobacteria	Gammaproteobacteria	Alteromonadales	Alteromonadaceae	Paraglaciecola	OTU_639
OTU_640	Bacteria	Bdellovibrionota	Bdellovibrionia	Bdellovibrionales	Bdellovibrionaceae	OM27 clade	OTU_640
OTU_641	Bacteria	Proteobacteria	Gammaproteobacteria	Oceanospirillales	Litoricolaceae	Litoricola	OTU_641
OTU_642	Bacteria	Bacteroidota	Bacteroidia	Flavobacteriales	Flavobacteriaceae	OTU_642	OTU_642
OTU_643	Bacteria	Planctomycetota	Planctomycetes	Planctomycetales	Rubinisphaeraceae	OTU_643	OTU_643
OTU_644	Bacteria	Bacteroidota	Bacteroidia	Flavobacteriales	Flavobacteriaceae	Polaribacter	OTU_644
OTU_645	Bacteria	Bacteroidota	Bacteroidia	Flavobacteriales	Flavobacteriaceae	NS4 marine group	OTU_645
OTU_646	Bacteria	Actinobacteriota	Actinobacteria	Micrococcales	Dermabacteraceae	Brachybacterium	OTU_646
OTU_647	Bacteria	Proteobacteria	Alphaproteobacteria	Rhodobacterales	Rhodobacteraceae	OTU_647	OTU_647
OTU_648	Bacteria	Proteobacteria	Gammaproteobacteria	Oceanospirillales	Nitrincolaceae	OTU_648	OTU_648
OTU_649	Bacteria	Bacteroidota	Bacteroidia	Flavobacteriales	Flavobacteriaceae	Aquibacter	OTU_649
OTU_650	Bacteria	Fibrobacterota	Fibrobacteria	Fibrobacterales	Fibrobacteraceae	OTU_650	OTU_650
OTU_651	Bacteria	Firmicutes	Bacilli	Bacillales	Planococcaceae	Planococcus	OTU_651
OTU_652	Bacteria	Fusobacteriota	Fusobacteriia	Fusobacteriales	Fusobacteriaceae	Fusobacterium	OTU_652
OTU_653	Bacteria	Bacteroidota	Bacteroidia	Flavobacteriales	Flavobacteriaceae	Aurantivirga	OTU_653
OTU_654	Bacteria	Proteobacteria	Gammaproteobacteria	Burkholderiales	Alcaligenaceae	GKS98 freshwater group	OTU_654
OTU_655	Bacteria	Bacteroidota	Bacteroidia	Flavobacteriales	Flavobacteriaceae	OTU_655	OTU_655
OTU_656	Bacteria	Proteobacteria	Gammaproteobacteria	Oceanospirillales	OTU_656	OTU_656	OTU_656
OTU_657	Bacteria	Bacteroidota	Bacteroidia	Flavobacteriales	Flavobacteriaceae	OTU_657	OTU_657
OTU_658	Bacteria	Bacteroidota	Bacteroidia	Chitinophagales	Saprospiraceae	Lewinella	OTU_658
OTU_659	Bacteria	Proteobacteria	Alphaproteobacteria	Rhodobacterales	Rhodobacteraceae	OTU_659	OTU_659
OTU_660	Bacteria	Verrucomicrobiota	Verrucomicrobiae	Verrucomicrobiales	Rubritaleaceae	Rubritalea	OTU_660
OTU_661	Bacteria	Bacteroidota	Bacteroidia	Flavobacteriales	Cryomorphaceae	OTU_661	OTU_661
OTU_662	Bacteria	Bacteroidota	Bacteroidia	Flavobacteriales	Flavobacteriaceae	Polaribacter	OTU_662
OTU_663	Bacteria	Acidobacteriota	Vicinamibacteria	Vicinamibacterales	OTU_663	OTU_663	OTU_663
OTU_664	Bacteria	Bacteroidota	Bacteroidia	Flavobacteriales	NS7 marine group	OTU_664	OTU_664
OTU_665	Bacteria	Proteobacteria	Gammaproteobacteria	Cellvibrionales	OTU_665	OTU_665	OTU_665
OTU_666	Bacteria	Proteobacteria	Gammaproteobacteria	SAR86 clade	OTU_666	OTU_666	OTU_666
OTU_667	Bacteria	Firmicutes	Bacilli	Bacillales	Bacillaceae	Bacillus	OTU_667
OTU_668	Bacteria	Proteobacteria	Gammaproteobacteria	Burkholderiales	Oxalobacteraceae	Actimicrobium	OTU_668
OTU_669	Bacteria	Bacteroidota	Bacteroidia	Flavobacteriales	Flavobacteriaceae	OTU_669	OTU_669
OTU_670	Bacteria	Proteobacteria	Alphaproteobacteria	Rhizobiales	Rhizobiaceae	Allorhizobium-Neorhizobium-Pararhizobium-Rhizobium	OTU_670
OTU_671	Bacteria	Proteobacteria	Alphaproteobacteria	Rhodobacterales	Rhodobacteraceae	OTU_671	OTU_671
OTU_672	Bacteria	Actinobacteriota	Actinobacteria	Corynebacteriales	Dietziaceae	Dietzia	OTU_672
OTU_673	Bacteria	Bacteroidota	Bacteroidia	Flavobacteriales	Crocinitomicaceae	Salinirepens	OTU_673
OTU_674	Bacteria	Proteobacteria	Gammaproteobacteria	OTU_674	OTU_674	OTU_674	OTU_674
OTU_675	Bacteria	Cyanobacteria	Cyanobacteriia	Chloroplast	OTU_675	OTU_675	OTU_675
OTU_676	Bacteria	Bacteroidota	Bacteroidia	Flavobacteriales	Flavobacteriaceae	NS4 marine group	OTU_676
OTU_677	Bacteria	Proteobacteria	Gammaproteobacteria	Thiomicrospirales	Thioglobaceae	IheB2-31	OTU_677
OTU_678	Bacteria	Proteobacteria	Gammaproteobacteria	Thiomicrospirales	Thioglobaceae	IheB2-31	OTU_678
OTU_679	Bacteria	Proteobacteria	Alphaproteobacteria	Kordiimonadales	OTU_679	OTU_679	OTU_679
OTU_680	Bacteria	Dependentiae	Babeliae	Babeliales	Vermiphilaceae	OTU_680	OTU_680
OTU_681	Bacteria	Proteobacteria	Alphaproteobacteria	Rhodospirillales	Magnetospiraceae	OTU_681	OTU_681
OTU_682	Bacteria	Bacteroidota	Bacteroidia	Flavobacteriales	Flavobacteriaceae	Pseudofulvibacter	OTU_682
OTU_683	Bacteria	Patescibacteria	Parcubacteria	Candidatus Kaiserbacteria	OTU_683	OTU_683	OTU_683
OTU_684	Bacteria	Proteobacteria	Alphaproteobacteria	SAR11 clade	Clade I	OTU_684	OTU_684
OTU_685	Bacteria	Proteobacteria	Gammaproteobacteria	Nitrosococcales	Nitrosococcaceae	MSB-1D1	OTU_685
OTU_686	Bacteria	Proteobacteria	Alphaproteobacteria	SAR11 clade	OTU_686	OTU_686	OTU_686
OTU_687	Bacteria	Bacteroidota	Bacteroidia	Flavobacteriales	Flavobacteriaceae	Mesonia	algae
OTU_688	Bacteria	Bacteroidota	Bacteroidia	Flavobacteriales	OTU_688	OTU_688	OTU_688
OTU_689	Bacteria	Proteobacteria	Gammaproteobacteria	Oceanospirillales	Nitrincolaceae	OTU_689	OTU_689
OTU_690	Bacteria	Cyanobacteria	Cyanobacteriia	Chloroplast	OTU_690	OTU_690	OTU_690
OTU_691	Bacteria	Proteobacteria	Gammaproteobacteria	Alteromonadales	Shewanellaceae	Shewanella	OTU_691
OTU_692	Bacteria	Firmicutes	Bacilli	Bacillales	Planococcaceae	Domibacillus	enclensis
OTU_693	Bacteria	Bacteroidota	Bacteroidia	Flavobacteriales	Flavobacteriaceae	Polaribacter	OTU_693
OTU_694	Bacteria	Bacteroidota	Bacteroidia	Flavobacteriales	Flavobacteriaceae	NS5 marine group	OTU_694
OTU_695	Bacteria	Chloroflexi	Dehalococcoidia	SAR202 clade	OTU_695	OTU_695	OTU_695
OTU_696	Bacteria	Bacteroidota	Bacteroidia	Flavobacteriales	OTU_696	OTU_696	OTU_696
OTU_697	Bacteria	Bacteroidota	Bacteroidia	Flavobacteriales	Flavobacteriaceae	OTU_697	OTU_697
OTU_698	Bacteria	Bacteroidota	Bacteroidia	Flavobacteriales	Flavobacteriaceae	OTU_698	OTU_698
OTU_699	Bacteria	Bacteroidota	Bacteroidia	OTU_699	OTU_699	OTU_699	OTU_699
OTU_700	Bacteria	Proteobacteria	Gammaproteobacteria	SAR86 clade	OTU_700	OTU_700	OTU_700
OTU_701	Bacteria	Bacteroidota	Bacteroidia	Flavobacteriales	Flavobacteriaceae	OTU_701	OTU_701
OTU_702	Bacteria	Proteobacteria	Gammaproteobacteria	Cellvibrionales	Porticoccaceae	SAR92 clade	OTU_702
OTU_703	Bacteria	Marinimicrobia (SAR406 clade)	OTU_703	OTU_703	OTU_703	OTU_703	OTU_703
OTU_704	Bacteria	Proteobacteria	Gammaproteobacteria	SAR86 clade	OTU_704	OTU_704	OTU_704
OTU_705	Bacteria	Proteobacteria	Gammaproteobacteria	Cellvibrionales	Spongiibacteraceae	Zhongshania	OTU_705
OTU_706	Bacteria	Cyanobacteria	Cyanobacteriia	Chloroplast	OTU_706	OTU_706	OTU_706
OTU_707	Bacteria	Proteobacteria	Alphaproteobacteria	Rhodobacterales	Rhodobacteraceae	OTU_707	OTU_707
OTU_708	Bacteria	Proteobacteria	Alphaproteobacteria	Rhodobacterales	Rhodobacteraceae	OTU_708	OTU_708
OTU_709	Bacteria	Proteobacteria	Alphaproteobacteria	Rickettsiales	OTU_709	OTU_709	OTU_709
OTU_710	Bacteria	Proteobacteria	Alphaproteobacteria	Rhodobacterales	Rhodobacteraceae	OTU_710	OTU_710
OTU_711	Bacteria	Proteobacteria	Gammaproteobacteria	Alteromonadales	Pseudoalteromonadaceae	Pseudoalteromonas	OTU_711
OTU_712	Bacteria	Cyanobacteria	Cyanobacteriia	Chloroplast	OTU_712	OTU_712	OTU_712
OTU_713	Bacteria	Proteobacteria	Alphaproteobacteria	Rhodobacterales	Rhodobacteraceae	OTU_713	OTU_713
OTU_714	Bacteria	Proteobacteria	Alphaproteobacteria	SAR11 clade	Clade I	OTU_714	OTU_714
OTU_715	Bacteria	Actinobacteriota	Actinobacteria	Micrococcales	Brevibacteriaceae	Brevibacterium	antarcticum
OTU_716	Bacteria	Proteobacteria	Alphaproteobacteria	SAR11 clade	Clade II	OTU_716	OTU_716
OTU_717	Bacteria	OTU_717	OTU_717	OTU_717	OTU_717	OTU_717	OTU_717
OTU_718	Bacteria	Bdellovibrionota	Bdellovibrionia	Bdellovibrionales	Bdellovibrionaceae	OM27 clade	OTU_718
OTU_719	Bacteria	Bacteroidota	Bacteroidia	Cytophagales	OTU_719	OTU_719	OTU_719
OTU_720	Bacteria	Cyanobacteria	Cyanobacteriia	Chloroplast	OTU_720	OTU_720	OTU_720
OTU_721	Bacteria	Proteobacteria	Gammaproteobacteria	Alteromonadales	OTU_721	OTU_721	OTU_721
OTU_722	Bacteria	Proteobacteria	Gammaproteobacteria	SAR86 clade	OTU_722	OTU_722	OTU_722
OTU_723	Bacteria	Bdellovibrionota	Bdellovibrionia	Bdellovibrionales	Bdellovibrionaceae	OM27 clade	OTU_723
OTU_724	Bacteria	Proteobacteria	Gammaproteobacteria	Oceanospirillales	Pseudohongiellaceae	Pseudohongiella	OTU_724
OTU_725	Bacteria	Proteobacteria	Alphaproteobacteria	OTU_725	OTU_725	OTU_725	OTU_725
OTU_726	Bacteria	Proteobacteria	Gammaproteobacteria	OTU_726	OTU_726	OTU_726	OTU_726
OTU_727	Bacteria	Proteobacteria	Gammaproteobacteria	Burkholderiales	Comamonadaceae	Curvibacter	gracilis
OTU_728	Bacteria	Bacteroidota	Bacteroidia	Flavobacteriales	Flavobacteriaceae	OTU_728	OTU_728
OTU_729	Bacteria	Actinobacteriota	Actinobacteria	OTU_729	OTU_729	OTU_729	OTU_729
OTU_730	Bacteria	Proteobacteria	Gammaproteobacteria	Thiomicrospirales	Thioglobaceae	IheB2-31	OTU_730
OTU_731	Bacteria	Proteobacteria	Alphaproteobacteria	SAR11 clade	OTU_731	OTU_731	OTU_731
OTU_732	Bacteria	Bacteroidota	Bacteroidia	Flavobacteriales	Flavobacteriaceae	NS4 marine group	OTU_732
OTU_733	Bacteria	Proteobacteria	Gammaproteobacteria	Oceanospirillales	Nitrincolaceae	OTU_733	OTU_733
OTU_734	Bacteria	Bdellovibrionota	Bdellovibrionia	Bacteriovoracales	Bacteriovoracaceae	Peredibacter	OTU_734
OTU_735	Bacteria	Proteobacteria	Alphaproteobacteria	Rickettsiales	Mitochondria	OTU_735	OTU_735
OTU_736	Bacteria	Cyanobacteria	Cyanobacteriia	Chloroplast	OTU_736	OTU_736	OTU_736
OTU_737	Bacteria	Proteobacteria	Gammaproteobacteria	Thiomicrospirales	Thioglobaceae	IheB2-31	OTU_737
OTU_738	Bacteria	OTU_738	OTU_738	OTU_738	OTU_738	OTU_738	OTU_738
OTU_739	Bacteria	Bacteroidota	Bacteroidia	Flavobacteriales	Cryomorphaceae	Owenweeksia	OTU_739
OTU_740	Bacteria	Proteobacteria	Gammaproteobacteria	Cellvibrionales	OTU_740	OTU_740	OTU_740
OTU_741	Bacteria	Proteobacteria	Gammaproteobacteria	Burkholderiales	Comamonadaceae	Comamonas	terrigena
OTU_742	Bacteria	Proteobacteria	Gammaproteobacteria	Oceanospirillales	Nitrincolaceae	OTU_742	OTU_742
OTU_743	Bacteria	Bacteroidota	Bacteroidia	Flavobacteriales	OTU_743	OTU_743	OTU_743
OTU_744	Bacteria	Proteobacteria	Gammaproteobacteria	Pseudomonadales	Moraxellaceae	Alkanindiges	OTU_744
OTU_745	Bacteria	Proteobacteria	Alphaproteobacteria	OTU_745	OTU_745	OTU_745	OTU_745
OTU_746	Bacteria	Bacteroidota	Bacteroidia	Flavobacteriales	Flavobacteriaceae	NS5 marine group	OTU_746
OTU_747	Bacteria	Proteobacteria	Gammaproteobacteria	Xanthomonadales	Xanthomonadaceae	Pseudoxanthomonas	OTU_747
OTU_748	Bacteria	Bacteroidota	Bacteroidia	Flavobacteriales	Flavobacteriaceae	Aurantivirga	OTU_748
OTU_749	Bacteria	Proteobacteria	Alphaproteobacteria	Rhodobacterales	Rhodobacteraceae	OTU_749	OTU_749
OTU_750	Archaea	Thermoplasmatota	Thermoplasmata	Marine Group II	OTU_750	OTU_750	OTU_750
OTU_751	Bacteria	Bacteroidota	Bacteroidia	Flavobacteriales	Flavobacteriaceae	OTU_751	OTU_751
OTU_752	Bacteria	Proteobacteria	Gammaproteobacteria	Cellvibrionales	OTU_752	OTU_752	OTU_752
OTU_753	Bacteria	Proteobacteria	Gammaproteobacteria	Ga0077536	OTU_753	OTU_753	OTU_753
OTU_754	Bacteria	Proteobacteria	Gammaproteobacteria	OTU_754	OTU_754	OTU_754	OTU_754
OTU_755	Bacteria	Bacteroidota	Bacteroidia	Flavobacteriales	Crocinitomicaceae	Fluviicola	OTU_755
OTU_756	Bacteria	Proteobacteria	Gammaproteobacteria	Xanthomonadales	Xanthomonadaceae	Stenotrophomonas	OTU_756
OTU_757	Bacteria	Proteobacteria	Gammaproteobacteria	Oceanospirillales	Pseudohongiellaceae	Pseudohongiella	OTU_757
OTU_758	Bacteria	Bacteroidota	Bacteroidia	Flavobacteriales	Flavobacteriaceae	OTU_758	OTU_758
OTU_759	Bacteria	Cyanobacteria	Cyanobacteriia	Chloroplast	OTU_759	OTU_759	OTU_759
OTU_760	Bacteria	Proteobacteria	Alphaproteobacteria	Rhodobacterales	Rhodobacteraceae	OTU_760	OTU_760
OTU_761	Bacteria	Proteobacteria	Alphaproteobacteria	Kordiimonadales	OTU_761	OTU_761	OTU_761
OTU_762	Bacteria	Bacteroidota	Bacteroidia	Flavobacteriales	Flavobacteriaceae	OTU_762	OTU_762
OTU_763	Bacteria	Bacteroidota	Bacteroidia	Flavobacteriales	Crocinitomicaceae	Salinirepens	OTU_763
OTU_764	Bacteria	Proteobacteria	Gammaproteobacteria	OTU_764	OTU_764	OTU_764	OTU_764
OTU_765	Bacteria	Proteobacteria	Gammaproteobacteria	SAR86 clade	OTU_765	OTU_765	OTU_765
OTU_766	Bacteria	Proteobacteria	Gammaproteobacteria	SAR86 clade	OTU_766	OTU_766	OTU_766
OTU_767	Bacteria	Proteobacteria	Alphaproteobacteria	Rhodobacterales	Rhodobacteraceae	OTU_767	OTU_767
OTU_768	Bacteria	Bacteroidota	Bacteroidia	Flavobacteriales	Flavobacteriaceae	NS5 marine group	OTU_768
OTU_769	Bacteria	Bacteroidota	Bacteroidia	Flavobacteriales	Flavobacteriaceae	NS5 marine group	OTU_769
OTU_770	Bacteria	Bacteroidota	Bacteroidia	Flavobacteriales	OTU_770	OTU_770	OTU_770
OTU_771	Bacteria	Cyanobacteria	Cyanobacteriia	Chloroplast	OTU_771	OTU_771	OTU_771
OTU_772	Bacteria	Proteobacteria	Gammaproteobacteria	Cellvibrionales	Porticoccaceae	SAR92 clade	OTU_772
OTU_773	Bacteria	Bacteroidota	Bacteroidia	Flavobacteriales	Flavobacteriaceae	Nonlabens	OTU_773
OTU_774	Bacteria	Proteobacteria	Gammaproteobacteria	Alteromonadales	Pseudoalteromonadaceae	Pseudoalteromonas	OTU_774
OTU_775	Bacteria	Proteobacteria	Gammaproteobacteria	Oceanospirillales	Nitrincolaceae	OTU_775	OTU_775
OTU_776	Bacteria	Proteobacteria	Alphaproteobacteria	Sphingomonadales	Sphingomonadaceae	Sphingomonas	OTU_776
OTU_777	Bacteria	Verrucomicrobiota	Verrucomicrobiae	Opitutales	Puniceicoccaceae	MB11C04 marine group	OTU_777
OTU_778	Bacteria	Proteobacteria	Alphaproteobacteria	Rhodobacterales	Rhodobacteraceae	OTU_778	OTU_778
OTU_779	Bacteria	Bacteroidota	Bacteroidia	Flavobacteriales	NS9 marine group	OTU_779	OTU_779
OTU_780	Bacteria	Proteobacteria	Gammaproteobacteria	Oceanospirillales	Nitrincolaceae	OTU_780	OTU_780
OTU_781	Bacteria	Desulfobacterota	OTU_781	OTU_781	OTU_781	OTU_781	OTU_781
OTU_782	Bacteria	Proteobacteria	Gammaproteobacteria	Oceanospirillales	Saccharospirillaceae	OTU_782	OTU_782
OTU_783	Bacteria	Bdellovibrionota	Bdellovibrionia	Bdellovibrionales	Bdellovibrionaceae	OM27 clade	OTU_783
OTU_784	Bacteria	Proteobacteria	Alphaproteobacteria	Caulobacterales	Caulobacteraceae	Brevundimonas	OTU_784
OTU_785	Bacteria	Proteobacteria	Gammaproteobacteria	Thiomicrospirales	Thioglobaceae	IheB2-31	OTU_785
OTU_786	Bacteria	Bacteroidota	Bacteroidia	Flavobacteriales	Flavobacteriaceae	OTU_786	OTU_786
OTU_787	Bacteria	Bacteroidota	Bacteroidia	Flavobacteriales	Flavobacteriaceae	OTU_787	OTU_787
OTU_788	Bacteria	Proteobacteria	Gammaproteobacteria	Alteromonadales	Psychromonadaceae	Psychromonas	OTU_788
OTU_789	Bacteria	Proteobacteria	Alphaproteobacteria	Rhodobacterales	Rhodobacteraceae	Planktomarina	OTU_789
OTU_790	Bacteria	Bacteroidota	Bacteroidia	Flavobacteriales	Flavobacteriaceae	OTU_790	OTU_790
OTU_791	Bacteria	Proteobacteria	Gammaproteobacteria	Oceanospirillales	Nitrincolaceae	OTU_791	OTU_791
OTU_792	Bacteria	Planctomycetota	Phycisphaerae	Phycisphaerales	Phycisphaeraceae	CL500-3	OTU_792
OTU_793	Bacteria	Firmicutes	Clostridia	Oscillospirales	Ruminococcaceae	Ruminococcus	bromii
OTU_794	Bacteria	Proteobacteria	Gammaproteobacteria	Cellvibrionales	Halieaceae	OTU_794	OTU_794
OTU_795	Bacteria	Firmicutes	Bacilli	Lactobacillales	Leuconostocaceae	Leuconostoc	pseudomesenteroides
OTU_796	Bacteria	Bacteroidota	Bacteroidia	Flavobacteriales	Flavobacteriaceae	Gilvibacter	OTU_796
OTU_797	Bacteria	Firmicutes	Bacilli	Lactobacillales	Leuconostocaceae	Weissella	ceti
OTU_798	Bacteria	Proteobacteria	Gammaproteobacteria	Alteromonadales	Psychromonadaceae	Psychromonas	OTU_798
OTU_799	Bacteria	Proteobacteria	Alphaproteobacteria	Rhodobacterales	Rhodobacteraceae	OTU_799	OTU_799
OTU_800	Bacteria	Proteobacteria	Gammaproteobacteria	Salinisphaerales	Salinisphaeraceae	Salinisphaera	OTU_800
OTU_801	Bacteria	Proteobacteria	Gammaproteobacteria	Nitrosococcales	Methylophagaceae	Marine Methylotrophic Group 3	OTU_801
OTU_802	Bacteria	Desulfobacterota	Desulfuromonadia	PB19	OTU_802	OTU_802	OTU_802
OTU_803	Bacteria	Actinobacteriota	Actinobacteria	Micrococcales	Microbacteriaceae	SV1-3	OTU_803
OTU_804	Bacteria	Proteobacteria	Gammaproteobacteria	Cellvibrionales	Porticoccaceae	SAR92 clade	OTU_804
OTU_805	Bacteria	Verrucomicrobiota	Verrucomicrobiae	Verrucomicrobiales	Rubritaleaceae	Roseibacillus	OTU_805
OTU_806	Bacteria	Firmicutes	Negativicutes	Veillonellales-Selenomonadales	Veillonellaceae	Veillonella	parvula
OTU_807	Bacteria	Bacteroidota	Bacteroidia	Flavobacteriales	Flavobacteriaceae	Polaribacter	OTU_807
OTU_808	Bacteria	Proteobacteria	Gammaproteobacteria	Alteromonadales	Shewanellaceae	Shewanella	OTU_808
OTU_809	Bacteria	Bdellovibrionota	Bdellovibrionia	Bdellovibrionales	Bdellovibrionaceae	OM27 clade	OTU_809
OTU_810	Bacteria	Margulisbacteria	OTU_810	OTU_810	OTU_810	OTU_810	OTU_810
OTU_811	Bacteria	Bacteroidota	Bacteroidia	Flavobacteriales	NS9 marine group	OTU_811	OTU_811
OTU_812	Bacteria	Proteobacteria	Gammaproteobacteria	OM182 clade	OTU_812	OTU_812	OTU_812
OTU_813	Bacteria	Bacteroidota	Bacteroidia	Flavobacteriales	Flavobacteriaceae	OTU_813	OTU_813
OTU_814	Bacteria	Proteobacteria	Gammaproteobacteria	Alteromonadales	Pseudoalteromonadaceae	OTU_814	OTU_814
OTU_815	Bacteria	Bacteroidota	Bacteroidia	Flavobacteriales	Flavobacteriaceae	OTU_815	OTU_815
OTU_816	Bacteria	Bacteroidota	Bacteroidia	Cytophagales	Cyclobacteriaceae	Marinoscillum	OTU_816
OTU_817	Bacteria	Proteobacteria	Gammaproteobacteria	Oceanospirillales	OTU_817	OTU_817	OTU_817
OTU_818	Bacteria	Proteobacteria	Gammaproteobacteria	Alteromonadales	OTU_818	OTU_818	OTU_818
OTU_819	Bacteria	Bacteroidota	Bacteroidia	Flavobacteriales	Flavobacteriaceae	OTU_819	OTU_819
OTU_820	Bacteria	Proteobacteria	Gammaproteobacteria	Cellvibrionales	Halieaceae	Marimicrobium	OTU_820
OTU_821	Bacteria	Bacteroidota	Bacteroidia	Flavobacteriales	NS9 marine group	OTU_821	OTU_821
OTU_822	Bacteria	Bacteroidota	Bacteroidia	Flavobacteriales	Flavobacteriaceae	Gilvibacter	OTU_822
OTU_823	Bacteria	Bacteroidota	Bacteroidia	Flavobacteriales	OTU_823	OTU_823	OTU_823
OTU_824	Bacteria	Proteobacteria	Gammaproteobacteria	Chromatiales	Sedimenticolaceae	OTU_824	OTU_824
OTU_825	Bacteria	Proteobacteria	Alphaproteobacteria	Rhizobiales	Devosiaceae	Pelagibacterium	halotolerans
OTU_826	Bacteria	Firmicutes	Clostridia	Oscillospirales	Ruminococcaceae	CAG-352	OTU_826
OTU_827	Bacteria	Proteobacteria	Gammaproteobacteria	SAR86 clade	OTU_827	OTU_827	OTU_827
OTU_828	Bacteria	Proteobacteria	Alphaproteobacteria	Rickettsiales	Mitochondria	OTU_828	OTU_828
OTU_829	Bacteria	Cyanobacteria	Cyanobacteriia	Chloroplast	OTU_829	OTU_829	OTU_829
OTU_830	Bacteria	Bacteroidota	Bacteroidia	Flavobacteriales	Flavobacteriaceae	Ulvibacter	OTU_830
OTU_831	Bacteria	Bacteroidota	Bacteroidia	Flavobacteriales	Flavobacteriaceae	OTU_831	OTU_831
OTU_832	Bacteria	Bacteroidota	Bacteroidia	Flavobacteriales	Flavobacteriaceae	Flavobacterium	OTU_832
OTU_833	Bacteria	Proteobacteria	Gammaproteobacteria	SAR86 clade	OTU_833	OTU_833	OTU_833
OTU_834	Bacteria	Planctomycetota	Planctomycetes	Planctomycetales	Gimesiaceae	OTU_834	OTU_834
OTU_835	Bacteria	Proteobacteria	Alphaproteobacteria	Rhodobacterales	Rhodobacteraceae	OTU_835	OTU_835
OTU_836	Bacteria	Bacteroidota	Bacteroidia	Flavobacteriales	Flavobacteriaceae	NS3a marine group	OTU_836
OTU_837	Bacteria	Bacteroidota	Bacteroidia	Flavobacteriales	Flavobacteriaceae	NS5 marine group	OTU_837
OTU_838	Bacteria	Bacteroidota	Bacteroidia	Flavobacteriales	Flavobacteriaceae	Aurantivirga	OTU_838
OTU_839	Bacteria	Proteobacteria	Gammaproteobacteria	Piscirickettsiales	Piscirickettsiaceae	Candidatus Endoecteinascidia	OTU_839
OTU_840	Bacteria	Proteobacteria	Alphaproteobacteria	Rhodobacterales	Rhodobacteraceae	Pelagimonas	OTU_840
OTU_841	Bacteria	Firmicutes	Clostridia	Lachnospirales	Lachnospiraceae	Agathobacter	OTU_841
OTU_842	Bacteria	Proteobacteria	Gammaproteobacteria	Pseudomonadales	Pseudomonadaceae	Pseudomonas	OTU_842
OTU_843	Bacteria	Proteobacteria	Gammaproteobacteria	Cellvibrionales	OTU_843	OTU_843	OTU_843
OTU_844	Bacteria	Bacteroidota	Bacteroidia	Flavobacteriales	Flavobacteriaceae	OTU_844	OTU_844
OTU_845	Bacteria	Proteobacteria	Alphaproteobacteria	Parvibaculales	OTU_845	OTU_845	OTU_845
OTU_846	Bacteria	Bacteroidota	Bacteroidia	Flavobacteriales	NS9 marine group	OTU_846	OTU_846
OTU_847	Bacteria	Bacteroidota	Bacteroidia	Flavobacteriales	Flavobacteriaceae	OTU_847	OTU_847
OTU_848	Bacteria	Proteobacteria	Gammaproteobacteria	Nitrosococcales	Methylophagaceae	OTU_848	OTU_848
OTU_849	Bacteria	Proteobacteria	Alphaproteobacteria	Sphingomonadales	Sphingomonadaceae	Sphingomonas	OTU_849
OTU_850	Bacteria	Bacteroidota	Bacteroidia	Flavobacteriales	Flavobacteriaceae	Tenacibaculum	OTU_850
OTU_851	Bacteria	Bacteroidota	Bacteroidia	Flavobacteriales	OTU_851	OTU_851	OTU_851
OTU_852	Bacteria	Proteobacteria	Gammaproteobacteria	Coxiellales	Coxiellaceae	Coxiella	OTU_852
OTU_853	Bacteria	Bacteroidota	Bacteroidia	Chitinophagales	Saprospiraceae	Lewinella	OTU_853
OTU_854	Bacteria	Bacteroidota	Bacteroidia	Flavobacteriales	Flavobacteriaceae	Hanstruepera	OTU_854
OTU_855	Bacteria	Proteobacteria	Alphaproteobacteria	SAR11 clade	OTU_855	OTU_855	OTU_855
OTU_856	Bacteria	Firmicutes	Bacilli	Bacillales	Bacillaceae	Bacillus	aquimaris
OTU_857	Bacteria	Proteobacteria	Alphaproteobacteria	Rhodobacterales	Rhodobacteraceae	OTU_857	OTU_857
OTU_858	Bacteria	Proteobacteria	Gammaproteobacteria	Steroidobacterales	Woeseiaceae	Woeseia	OTU_858
OTU_859	Bacteria	Proteobacteria	Gammaproteobacteria	Oceanospirillales	Pseudohongiellaceae	Pseudohongiella	OTU_859
OTU_860	Bacteria	Bacteroidota	Bacteroidia	Flavobacteriales	Flavobacteriaceae	OTU_860	OTU_860
OTU_861	Bacteria	Bacteroidota	Bacteroidia	Flavobacteriales	OTU_861	OTU_861	OTU_861
OTU_862	Bacteria	Proteobacteria	Gammaproteobacteria	Cellvibrionales	Halieaceae	Luminiphilus	OTU_862
OTU_863	Bacteria	Bacteroidota	Bacteroidia	Flavobacteriales	Flavobacteriaceae	OTU_863	OTU_863
OTU_864	Bacteria	Bacteroidota	Bacteroidia	Flavobacteriales	Cryomorphaceae	Cryomorpha	OTU_864
OTU_865	Bacteria	Proteobacteria	Gammaproteobacteria	Nitrosococcales	Methylophagaceae	OTU_865	OTU_865
OTU_866	Bacteria	Bacteroidota	Bacteroidia	Flavobacteriales	Flavobacteriaceae	OTU_866	OTU_866
OTU_867	Bacteria	Proteobacteria	Gammaproteobacteria	Cellvibrionales	Spongiibacteraceae	BD1-7 clade	OTU_867
OTU_868	Bacteria	Bacteroidota	Bacteroidia	Flavobacteriales	Crocinitomicaceae	Fluviicola	OTU_868
OTU_869	Bacteria	Proteobacteria	Alphaproteobacteria	Rickettsiales	Mitochondria	OTU_869	OTU_869
OTU_870	Bacteria	Proteobacteria	Gammaproteobacteria	Alteromonadales	Alteromonadaceae	Glaciecola	OTU_870
OTU_871	Bacteria	Bacteroidota	Bacteroidia	Cytophagales	Cyclobacteriaceae	OTU_871	OTU_871
OTU_872	Bacteria	Proteobacteria	Gammaproteobacteria	Pseudomonadales	Moraxellaceae	Alkanindiges	OTU_872
OTU_873	Bacteria	Proteobacteria	Alphaproteobacteria	Rickettsiales	OTU_873	OTU_873	OTU_873
OTU_874	Bacteria	Proteobacteria	OTU_874	OTU_874	OTU_874	OTU_874	OTU_874
OTU_875	Bacteria	Bacteroidota	Bacteroidia	Flavobacteriales	Flavobacteriaceae	Hanstruepera	OTU_875
OTU_876	Bacteria	Firmicutes	Clostridia	Oscillospirales	Ruminococcaceae	Faecalibacterium	prausnitzii
OTU_877	Bacteria	Proteobacteria	Alphaproteobacteria	Rhodobacterales	Rhodobacteraceae	OTU_877	OTU_877
OTU_878	Bacteria	Proteobacteria	Alphaproteobacteria	Rhodobacterales	Rhodobacteraceae	OTU_878	OTU_878
OTU_879	Bacteria	Proteobacteria	Gammaproteobacteria	Methylococcales	Cycloclasticaceae	Cycloclasticus	OTU_879
OTU_880	Bacteria	Verrucomicrobiota	Verrucomicrobiae	Verrucomicrobiales	Rubritaleaceae	Rubritalea	OTU_880
OTU_881	Bacteria	Proteobacteria	Alphaproteobacteria	Rhodobacterales	Rhodobacteraceae	OTU_881	OTU_881
OTU_882	Bacteria	Proteobacteria	Gammaproteobacteria	Cellvibrionales	Porticoccaceae	SAR92 clade	OTU_882
OTU_883	Bacteria	Bacteroidota	Bacteroidia	Flavobacteriales	NS9 marine group	OTU_883	OTU_883
OTU_884	Bacteria	Bacteroidota	Bacteroidia	Chitinophagales	OTU_884	OTU_884	OTU_884
OTU_885	Bacteria	Bacteroidota	Bacteroidia	Flavobacteriales	Flavobacteriaceae	OTU_885	OTU_885
OTU_886	Bacteria	Proteobacteria	Gammaproteobacteria	Cellvibrionales	Halieaceae	OTU_886	OTU_886
OTU_887	Bacteria	Bacteroidota	Bacteroidia	Flavobacteriales	NS9 marine group	OTU_887	OTU_887
OTU_888	Bacteria	Proteobacteria	Alphaproteobacteria	SAR11 clade	OTU_888	OTU_888	OTU_888
OTU_889	Bacteria	Proteobacteria	Alphaproteobacteria	Rhodobacterales	Rhodobacteraceae	Ascidiaceihabitans	OTU_889
OTU_890	Bacteria	Proteobacteria	Alphaproteobacteria	Rickettsiales	OTU_890	OTU_890	OTU_890
OTU_891	Bacteria	Proteobacteria	Alphaproteobacteria	Rickettsiales	OTU_891	OTU_891	OTU_891
OTU_892	Bacteria	Bacteroidota	Bacteroidia	Flavobacteriales	Flavobacteriaceae	NS5 marine group	OTU_892
OTU_893	Bacteria	Proteobacteria	Alphaproteobacteria	Rhodobacterales	Rhodobacteraceae	OTU_893	OTU_893
OTU_894	Bacteria	Bacteroidota	Bacteroidia	Cytophagales	OTU_894	OTU_894	OTU_894
OTU_895	Bacteria	Bacteroidota	Bacteroidia	Flavobacteriales	Flavobacteriaceae	OTU_895	OTU_895
OTU_896	Bacteria	Proteobacteria	Gammaproteobacteria	Alteromonadales	Alteromonadaceae	OTU_896	OTU_896
OTU_897	Bacteria	Proteobacteria	Alphaproteobacteria	Defluviicoccales	OTU_897	OTU_897	OTU_897
OTU_898	Bacteria	Proteobacteria	Gammaproteobacteria	SAR86 clade	OTU_898	OTU_898	OTU_898
OTU_899	Bacteria	Fusobacteriota	Fusobacteriia	Fusobacteriales	Fusobacteriaceae	Fusobacterium	OTU_899
OTU_900	Bacteria	Bacteroidota	Bacteroidia	Flavobacteriales	NS9 marine group	OTU_900	OTU_900
OTU_901	Bacteria	Verrucomicrobiota	Verrucomicrobiae	Opitutales	Opitutaceae	Cephaloticoccus	OTU_901
OTU_902	Bacteria	Bacteroidota	Bacteroidia	Flavobacteriales	Flavobacteriaceae	Gilvibacter	OTU_902
OTU_903	Bacteria	Proteobacteria	Gammaproteobacteria	Oceanospirillales	Nitrincolaceae	OTU_903	OTU_903
OTU_904	Bacteria	Proteobacteria	Gammaproteobacteria	Pseudomonadales	Moraxellaceae	Acinetobacter	OTU_904
OTU_905	Bacteria	Bacteroidota	Bacteroidia	Flavobacteriales	NS9 marine group	OTU_905	OTU_905
OTU_906	Bacteria	Proteobacteria	Alphaproteobacteria	Rhodobacterales	Rhodobacteraceae	Cognatiyoonia	OTU_906
OTU_907	Bacteria	Proteobacteria	Gammaproteobacteria	Vibrionales	Vibrionaceae	OTU_907	OTU_907
OTU_908	Bacteria	Proteobacteria	Gammaproteobacteria	OM182 clade	OTU_908	OTU_908	OTU_908
OTU_909	Bacteria	Proteobacteria	Gammaproteobacteria	Cellvibrionales	Porticoccaceae	SAR92 clade	OTU_909
OTU_910	Bacteria	Proteobacteria	Gammaproteobacteria	Oceanospirillales	Nitrincolaceae	Corallomonas	OTU_910
OTU_911	Bacteria	Bacteroidota	Bacteroidia	Flavobacteriales	Flavobacteriaceae	OTU_911	OTU_911
OTU_912	Bacteria	Proteobacteria	Alphaproteobacteria	Sneathiellales	Sneathiellaceae	OTU_912	OTU_912
OTU_913	Bacteria	Proteobacteria	Gammaproteobacteria	Alteromonadales	Pseudoalteromonadaceae	Pseudoalteromonas	OTU_913
OTU_914	Bacteria	Proteobacteria	Alphaproteobacteria	Rhizobiales	Hyphomicrobiaceae	Filomicrobium	OTU_914
OTU_915	Bacteria	Proteobacteria	Alphaproteobacteria	Rhodobacterales	Rhodobacteraceae	OTU_915	OTU_915
OTU_916	Bacteria	Bacteroidota	Bacteroidia	Flavobacteriales	Flavobacteriaceae	OTU_916	OTU_916
OTU_917	Bacteria	Bacteroidota	Bacteroidia	Flavobacteriales	NS7 marine group	OTU_917	OTU_917
OTU_918	Bacteria	Proteobacteria	Gammaproteobacteria	Alteromonadales	Colwelliaceae	OTU_918	OTU_918
OTU_919	Bacteria	Bacteroidota	Bacteroidia	Cytophagales	Cyclobacteriaceae	OTU_919	OTU_919
OTU_920	Bacteria	Proteobacteria	Alphaproteobacteria	SAR11 clade	Clade IV	OTU_920	OTU_920
OTU_921	Bacteria	Proteobacteria	Gammaproteobacteria	Thiomicrospirales	Thioglobaceae	IheB2-31	OTU_921
OTU_922	Bacteria	Bacteroidota	Bacteroidia	Flavobacteriales	Crocinitomicaceae	OTU_922	OTU_922
OTU_923	Bacteria	Proteobacteria	Gammaproteobacteria	Thiomicrospirales	Thioglobaceae	IheB2-31	OTU_923
OTU_924	Bacteria	Proteobacteria	Gammaproteobacteria	Cellvibrionales	OTU_924	OTU_924	OTU_924
OTU_925	Bacteria	Bacteroidota	Bacteroidia	Bacteroidales	Muribaculaceae	OTU_925	OTU_925
OTU_926	Bacteria	Bacteroidota	Bacteroidia	Flavobacteriales	Flavobacteriaceae	OTU_926	OTU_926
OTU_927	Bacteria	Proteobacteria	Alphaproteobacteria	Rhodobacterales	Rhodobacteraceae	OTU_927	OTU_927
OTU_928	Bacteria	Bacteroidota	Bacteroidia	Cytophagales	Cyclobacteriaceae	Marinoscillum	OTU_928
OTU_929	Bacteria	Proteobacteria	Alphaproteobacteria	Defluviicoccales	OTU_929	OTU_929	OTU_929
OTU_930	Bacteria	Firmicutes	Bacilli	Lactobacillales	Aerococcaceae	Aerococcus	OTU_930
OTU_931	Bacteria	Bacteroidota	Bacteroidia	Flavobacteriales	Flavobacteriaceae	Aurantivirga	OTU_931
OTU_932	Bacteria	Proteobacteria	Gammaproteobacteria	Oceanospirillales	Kangiellaceae	OTU_932	OTU_932
OTU_933	Bacteria	OTU_933	OTU_933	OTU_933	OTU_933	OTU_933	OTU_933
OTU_934	Bacteria	Proteobacteria	Gammaproteobacteria	Oceanospirillales	Oleiphilaceae	Oleiphilus	OTU_934
OTU_935	Bacteria	Cyanobacteria	Cyanobacteriia	Chloroplast	OTU_935	OTU_935	OTU_935
OTU_936	Bacteria	Bacteroidota	Bacteroidia	Flavobacteriales	Cryomorphaceae	OTU_936	OTU_936
OTU_937	Bacteria	Proteobacteria	Alphaproteobacteria	Rhodobacterales	Rhodobacteraceae	OTU_937	OTU_937
OTU_938	Bacteria	Proteobacteria	Gammaproteobacteria	Alteromonadales	Alteromonadaceae	OTU_938	OTU_938
OTU_939	Bacteria	Cyanobacteria	Cyanobacteriia	Chloroplast	OTU_939	OTU_939	OTU_939
OTU_940	Bacteria	Proteobacteria	Alphaproteobacteria	Rickettsiales	Fokiniaceae	MD3-55	OTU_940
OTU_941	Bacteria	Bacteroidota	Bacteroidia	Flavobacteriales	Flavobacteriaceae	OTU_941	OTU_941
OTU_942	Bacteria	Bacteroidota	Bacteroidia	Flavobacteriales	Flavobacteriaceae	OTU_942	OTU_942
OTU_943	Bacteria	Proteobacteria	Alphaproteobacteria	Rhizobiales	KF-JG30-B3	OTU_943	OTU_943
OTU_944	Bacteria	Bacteroidota	Bacteroidia	Flavobacteriales	Flavobacteriaceae	OTU_944	OTU_944
OTU_945	Bacteria	Proteobacteria	Alphaproteobacteria	Rhodobacterales	Rhodobacteraceae	OTU_945	OTU_945
OTU_946	Bacteria	Proteobacteria	Gammaproteobacteria	SAR86 clade	OTU_946	OTU_946	OTU_946
OTU_947	Bacteria	Proteobacteria	Gammaproteobacteria	OTU_947	OTU_947	OTU_947	OTU_947
OTU_948	Bacteria	Proteobacteria	Gammaproteobacteria	Cellvibrionales	Spongiibacteraceae	BD1-7 clade	OTU_948
OTU_949	Bacteria	Bacteroidota	Bacteroidia	Flavobacteriales	Crocinitomicaceae	Salinirepens	OTU_949
OTU_950	Bacteria	Bacteroidota	Bacteroidia	Flavobacteriales	Flavobacteriaceae	NS5 marine group	OTU_950
OTU_951	Bacteria	Bacteroidota	Bacteroidia	Flavobacteriales	Cryomorphaceae	OTU_951	OTU_951
OTU_952	Bacteria	Proteobacteria	Alphaproteobacteria	SAR11 clade	OTU_952	OTU_952	OTU_952
OTU_953	Bacteria	Bacteroidota	Bacteroidia	Flavobacteriales	Cryomorphaceae	OTU_953	OTU_953
OTU_954	Bacteria	Bacteroidota	Bacteroidia	Flavobacteriales	Flavobacteriaceae	OTU_954	OTU_954
OTU_955	Bacteria	Proteobacteria	Gammaproteobacteria	SAR86 clade	OTU_955	OTU_955	OTU_955
OTU_956	Bacteria	Proteobacteria	Gammaproteobacteria	Cellvibrionales	Halieaceae	Luminiphilus	OTU_956
OTU_957	Bacteria	Proteobacteria	Alphaproteobacteria	Defluviicoccales	OTU_957	OTU_957	OTU_957
OTU_958	Bacteria	Proteobacteria	Alphaproteobacteria	Rhodobacterales	Rhodobacteraceae	Octadecabacter	OTU_958
OTU_959	Bacteria	Proteobacteria	Gammaproteobacteria	Oceanospirillales	Saccharospirillaceae	OTU_959	OTU_959
OTU_960	Bacteria	Proteobacteria	Alphaproteobacteria	SAR11 clade	Clade II	OTU_960	OTU_960
OTU_961	Bacteria	Bacteroidota	Bacteroidia	Flavobacteriales	Flavobacteriaceae	OTU_961	OTU_961
OTU_962	Bacteria	Proteobacteria	Gammaproteobacteria	OM182 clade	OTU_962	OTU_962	OTU_962
OTU_963	Bacteria	Proteobacteria	Gammaproteobacteria	Francisellales	Francisellaceae	Francisella	OTU_963
OTU_964	Bacteria	Proteobacteria	Gammaproteobacteria	Enterobacterales	Yersiniaceae	OTU_964	OTU_964
OTU_965	Bacteria	Proteobacteria	Gammaproteobacteria	Cellvibrionales	Halieaceae	Luminiphilus	OTU_965
OTU_966	Bacteria	Bacteroidota	Bacteroidia	Flavobacteriales	Flavobacteriaceae	Aurantivirga	OTU_966
OTU_967	Bacteria	Actinobacteriota	Actinobacteria	PeM15	OTU_967	OTU_967	OTU_967
OTU_968	Bacteria	Fusobacteriota	Fusobacteriia	Fusobacteriales	Fusobacteriaceae	Fusobacterium	OTU_968
OTU_969	Bacteria	Cyanobacteria	Cyanobacteriia	Chloroplast	OTU_969	OTU_969	OTU_969
OTU_970	Bacteria	Proteobacteria	Gammaproteobacteria	Cellvibrionales	OTU_970	OTU_970	OTU_970
OTU_971	Bacteria	Bacteroidota	Bacteroidia	Flavobacteriales	Flavobacteriaceae	Winogradskyella	OTU_971
OTU_972	Bacteria	Proteobacteria	Gammaproteobacteria	Burkholderiales	Comamonadaceae	Hydrogenophaga	OTU_972
OTU_973	Bacteria	Proteobacteria	Gammaproteobacteria	Oceanospirillales	Nitrincolaceae	Neptuniibacter	OTU_973
OTU_974	Bacteria	Proteobacteria	Gammaproteobacteria	Alteromonadales	Colwelliaceae	Litorilituus	OTU_974
OTU_975	Bacteria	Bacteroidota	Bacteroidia	Flavobacteriales	Flavobacteriaceae	Ulvibacter	OTU_975
OTU_976	Bacteria	Bacteroidota	Bacteroidia	Cytophagales	Cyclobacteriaceae	Fabibacter	OTU_976
OTU_977	Bacteria	Cyanobacteria	Cyanobacteriia	Chloroplast	OTU_977	OTU_977	OTU_977
OTU_978	Bacteria	Cyanobacteria	Cyanobacteriia	Chloroplast	OTU_978	OTU_978	OTU_978
OTU_979	Bacteria	Bacteroidota	Bacteroidia	Flavobacteriales	NS9 marine group	OTU_979	OTU_979
OTU_980	Bacteria	Proteobacteria	Alphaproteobacteria	Rhodospirillales	Magnetospiraceae	Magnetospira	OTU_980
OTU_981	Bacteria	Proteobacteria	Gammaproteobacteria	Burkholderiales	Methylophilaceae	OM43 clade	OTU_981
OTU_982	Bacteria	Bacteroidota	Bacteroidia	Flavobacteriales	Cryomorphaceae	OTU_982	OTU_982
OTU_983	Bacteria	Bacteroidota	Bacteroidia	Flavobacteriales	NS9 marine group	OTU_983	OTU_983
OTU_984	Bacteria	Proteobacteria	Gammaproteobacteria	Alteromonadales	Colwelliaceae	Colwellia	OTU_984
OTU_985	Bacteria	Proteobacteria	Alphaproteobacteria	Rhodobacterales	Rhodobacteraceae	Sulfitobacter	OTU_985
OTU_986	Bacteria	Actinobacteriota	Actinobacteria	Corynebacteriales	Corynebacteriaceae	Corynebacterium	OTU_986
OTU_987	Bacteria	Proteobacteria	Gammaproteobacteria	Alteromonadales	Pseudoalteromonadaceae	Pseudoalteromonas	OTU_987
OTU_988	Bacteria	Proteobacteria	Gammaproteobacteria	Alteromonadales	OTU_988	OTU_988	OTU_988
OTU_989	Bacteria	Proteobacteria	Alphaproteobacteria	Rhodobacterales	Rhodobacteraceae	Pelagimonas	OTU_989
OTU_990	Bacteria	Proteobacteria	Gammaproteobacteria	Oceanospirillales	Saccharospirillaceae	Oleispira	OTU_990
OTU_991	Bacteria	Proteobacteria	OTU_991	OTU_991	OTU_991	OTU_991	OTU_991
OTU_992	Bacteria	Proteobacteria	Alphaproteobacteria	Rhodobacterales	Rhodobacteraceae	OTU_992	OTU_992
OTU_993	Bacteria	Bacteroidota	Bacteroidia	Flavobacteriales	Flavobacteriaceae	Pseudofulvibacter	OTU_993
OTU_994	Bacteria	Actinobacteriota	Actinobacteria	Propionibacteriales	Nocardioidaceae	Nocardioides	OTU_994
OTU_995	Bacteria	Proteobacteria	Gammaproteobacteria	Oceanospirillales	Nitrincolaceae	Profundimonas	OTU_995
OTU_996	Bacteria	Bacteroidota	Bacteroidia	Flavobacteriales	Flavobacteriaceae	NS4 marine group	OTU_996
OTU_997	Bacteria	Bacteroidota	Bacteroidia	Flavobacteriales	Flavobacteriaceae	OTU_997	OTU_997
OTU_998	Bacteria	Bacteroidota	Bacteroidia	Flavobacteriales	Flavobacteriaceae	Polaribacter	OTU_998
OTU_999	Bacteria	Proteobacteria	Gammaproteobacteria	Cellvibrionales	Spongiibacteraceae	Sinobacterium	OTU_999
OTU_1000	Bacteria	Bacteroidota	Bacteroidia	Flavobacteriales	Flavobacteriaceae	OTU_1000	OTU_1000
OTU_1001	Bacteria	Bacteroidota	Bacteroidia	Flavobacteriales	Flavobacteriaceae	Formosa	OTU_1001
OTU_1002	Bacteria	Proteobacteria	Gammaproteobacteria	Cellvibrionales	OTU_1002	OTU_1002	OTU_1002
OTU_1003	Bacteria	Bacteroidota	Bacteroidia	Chitinophagales	OTU_1003	OTU_1003	OTU_1003
OTU_1004	Bacteria	Proteobacteria	Gammaproteobacteria	Cellvibrionales	OTU_1004	OTU_1004	OTU_1004
OTU_1005	Bacteria	Bacteroidota	Bacteroidia	Flavobacteriales	Flavobacteriaceae	OTU_1005	OTU_1005
OTU_1006	Bacteria	Proteobacteria	Alphaproteobacteria	Rhodobacterales	Rhodobacteraceae	Pelagimonas	OTU_1006
OTU_1007	Bacteria	Proteobacteria	Alphaproteobacteria	Rhodobacterales	Rhodobacteraceae	OTU_1007	OTU_1007
OTU_1008	Bacteria	Proteobacteria	Gammaproteobacteria	OM182 clade	OTU_1008	OTU_1008	OTU_1008
OTU_1009	Bacteria	Proteobacteria	Gammaproteobacteria	Oceanospirillales	Nitrincolaceae	OTU_1009	OTU_1009
OTU_1010	Bacteria	Bacteroidota	Bacteroidia	Flavobacteriales	Flavobacteriaceae	OTU_1010	OTU_1010
OTU_1011	Bacteria	Proteobacteria	Alphaproteobacteria	Rhodobacterales	Rhodobacteraceae	OTU_1011	OTU_1011
OTU_1012	Bacteria	Bacteroidota	Bacteroidia	Flavobacteriales	Flavobacteriaceae	OTU_1012	OTU_1012
OTU_1013	Bacteria	Chloroflexi	Dehalococcoidia	SAR202 clade	OTU_1013	OTU_1013	OTU_1013
OTU_1014	Bacteria	Firmicutes	Clostridia	Lachnospirales	Lachnospiraceae	OTU_1014	OTU_1014
OTU_1015	Bacteria	Bacteroidota	Bacteroidia	Flavobacteriales	Flavobacteriaceae	Leeuwenhoekiella	marinoflava
OTU_1016	Bacteria	Proteobacteria	Alphaproteobacteria	Rickettsiales	Mitochondria	OTU_1016	OTU_1016
OTU_1017	Bacteria	Bacteroidota	Bacteroidia	Chitinophagales	Saprospiraceae	Aureispira	OTU_1017
OTU_1018	Bacteria	Proteobacteria	OTU_1018	OTU_1018	OTU_1018	OTU_1018	OTU_1018
OTU_1019	Bacteria	Actinobacteriota	Actinobacteria	Micrococcales	Microbacteriaceae	SV1-3	OTU_1019
OTU_1020	Bacteria	Proteobacteria	Gammaproteobacteria	Alteromonadales	Alteromonadaceae	OTU_1020	OTU_1020
OTU_1021	Bacteria	Firmicutes	Bacilli	Entomoplasmatales	Entomoplasmatales Incertae Sedis	Candidatus Hepatoplasma	OTU_1021
OTU_1022	Bacteria	Bacteroidota	Bacteroidia	Flavobacteriales	Flavobacteriaceae	OTU_1022	OTU_1022
OTU_1023	Bacteria	Firmicutes	Clostridia	Clostridiales	Clostridiaceae	Candidatus Arthromitus	OTU_1023
OTU_1024	Bacteria	Bacteroidota	Bacteroidia	Flavobacteriales	Crocinitomicaceae	OTU_1024	OTU_1024
OTU_1025	Bacteria	Bacteroidota	Bacteroidia	Flavobacteriales	Flavobacteriaceae	Changchengzhania	OTU_1025
OTU_1026	Bacteria	Proteobacteria	Gammaproteobacteria	Oceanospirillales	Nitrincolaceae	OTU_1026	OTU_1026
OTU_1027	Bacteria	Patescibacteria	Parcubacteria	Candidatus Campbellbacteria	OTU_1027	OTU_1027	OTU_1027
OTU_1028	Bacteria	Patescibacteria	Gracilibacteria	JGI 0000069-P22	OTU_1028	OTU_1028	OTU_1028
OTU_1029	Bacteria	Bacteroidota	Bacteroidia	Flavobacteriales	Flavobacteriaceae	OTU_1029	OTU_1029
OTU_1030	Bacteria	Bacteroidota	Bacteroidia	Flavobacteriales	NS9 marine group	OTU_1030	OTU_1030
OTU_1031	Bacteria	Bdellovibrionota	Bdellovibrionia	Bdellovibrionales	Bdellovibrionaceae	OM27 clade	OTU_1031
OTU_1032	Bacteria	Bacteroidota	Bacteroidia	Flavobacteriales	Flavobacteriaceae	Polaribacter	OTU_1032
OTU_1033	Bacteria	Firmicutes	Bacilli	Lactobacillales	Streptococcaceae	Streptococcus	OTU_1033
OTU_1034	Bacteria	Bacteroidota	Bacteroidia	Flavobacteriales	Flavobacteriaceae	OTU_1034	OTU_1034
OTU_1035	Bacteria	Proteobacteria	Alphaproteobacteria	Rickettsiales	Mitochondria	OTU_1035	OTU_1035
OTU_1036	Bacteria	Bacteroidota	Bacteroidia	Flavobacteriales	Crocinitomicaceae	OTU_1036	OTU_1036
OTU_1037	Bacteria	Proteobacteria	Gammaproteobacteria	Alteromonadales	Alteromonadaceae	Salinimonas	OTU_1037
OTU_1038	Bacteria	Bacteroidota	Bacteroidia	Flavobacteriales	Flavobacteriaceae	NS2b marine group	OTU_1038
OTU_1039	Bacteria	Proteobacteria	Gammaproteobacteria	Cellvibrionales	Halieaceae	OM60(NOR5) clade	OTU_1039
OTU_1040	Archaea	Thermoplasmatota	Thermoplasmata	Marine Group II	OTU_1040	OTU_1040	OTU_1040
OTU_1041	Bacteria	Bacteroidota	Bacteroidia	Flavobacteriales	Flavobacteriaceae	OTU_1041	OTU_1041
OTU_1042	Bacteria	Proteobacteria	Alphaproteobacteria	Defluviicoccales	OTU_1042	OTU_1042	OTU_1042
OTU_1043	Bacteria	Proteobacteria	Gammaproteobacteria	Oceanospirillales	Nitrincolaceae	OTU_1043	OTU_1043
OTU_1044	Bacteria	Proteobacteria	Gammaproteobacteria	Pseudomonadales	Moraxellaceae	Psychrobacter	OTU_1044
OTU_1045	Bacteria	Proteobacteria	Gammaproteobacteria	OM182 clade	OTU_1045	OTU_1045	OTU_1045
OTU_1046	Bacteria	Planctomycetota	Planctomycetes	Pirellulales	Pirellulaceae	OTU_1046	OTU_1046
OTU_1047	Bacteria	Verrucomicrobiota	Verrucomicrobiae	Verrucomicrobiales	Rubritaleaceae	Roseibacillus	OTU_1047
OTU_1048	Bacteria	Proteobacteria	Alphaproteobacteria	SAR11 clade	OTU_1048	OTU_1048	OTU_1048
OTU_1049	Bacteria	Bacteroidota	Bacteroidia	Flavobacteriales	Flavobacteriaceae	Kordia	OTU_1049
OTU_1050	Bacteria	Proteobacteria	Alphaproteobacteria	SAR11 clade	Clade I	Clade Ia	OTU_1050
OTU_1051	Bacteria	Proteobacteria	Gammaproteobacteria	Alteromonadales	Idiomarinaceae	Idiomarina	OTU_1051
OTU_1052	Bacteria	Proteobacteria	Alphaproteobacteria	Rhodobacterales	Rhodobacteraceae	OTU_1052	OTU_1052
OTU_1053	Bacteria	Firmicutes	Bacilli	Staphylococcales	Staphylococcaceae	Auricoccus-Abyssicoccus	OTU_1053
OTU_1054	Bacteria	Verrucomicrobiota	Lentisphaeria	Lentisphaerales	Lentisphaeraceae	Lentisphaera	OTU_1054
OTU_1055	Bacteria	Proteobacteria	Alphaproteobacteria	Rhodospirillales	AEGEAN-169 marine group	OTU_1055	OTU_1055
OTU_1056	Bacteria	Bacteroidota	Bacteroidia	Flavobacteriales	Flavobacteriaceae	NS5 marine group	OTU_1056
OTU_1057	Bacteria	Proteobacteria	Alphaproteobacteria	SAR11 clade	OTU_1057	OTU_1057	OTU_1057
OTU_1058	Bacteria	Proteobacteria	Gammaproteobacteria	OTU_1058	OTU_1058	OTU_1058	OTU_1058
OTU_1059	Bacteria	Bacteroidota	Bacteroidia	Flavobacteriales	NS9 marine group	OTU_1059	OTU_1059
OTU_1060	Bacteria	Cyanobacteria	Cyanobacteriia	Chloroplast	OTU_1060	OTU_1060	OTU_1060
OTU_1061	Bacteria	Proteobacteria	Alphaproteobacteria	SAR11 clade	Clade II	OTU_1061	OTU_1061
OTU_1062	Bacteria	Proteobacteria	Gammaproteobacteria	OM182 clade	OTU_1062	OTU_1062	OTU_1062
OTU_1063	Bacteria	Bacteroidota	Bacteroidia	Bacteroidales	Bacteroidaceae	Bacteroides	vulgatus
OTU_1064	Bacteria	Bacteroidota	Bacteroidia	Flavobacteriales	NS9 marine group	OTU_1064	OTU_1064
OTU_1065	Bacteria	Cyanobacteria	Cyanobacteriia	Chloroplast	OTU_1065	OTU_1065	OTU_1065
OTU_1066	Bacteria	Bacteroidota	Bacteroidia	Flavobacteriales	Flavobacteriaceae	Aurantivirga	OTU_1066
OTU_1067	Bacteria	Firmicutes	Clostridia	Clostridia UCG-014	OTU_1067	OTU_1067	OTU_1067
OTU_1068	Bacteria	Bacteroidota	Bacteroidia	Flavobacteriales	Flavobacteriaceae	Gilvibacter	OTU_1068
OTU_1069	Bacteria	Bdellovibrionota	Bdellovibrionia	Bdellovibrionales	Bdellovibrionaceae	OM27 clade	OTU_1069
OTU_1070	Bacteria	Proteobacteria	Gammaproteobacteria	Cellvibrionales	Porticoccaceae	SAR92 clade	OTU_1070
OTU_1071	Bacteria	Proteobacteria	Gammaproteobacteria	Nitrosococcales	Methylophagaceae	OTU_1071	OTU_1071
OTU_1072	Bacteria	Proteobacteria	Alphaproteobacteria	Rhodobacterales	Rhodobacteraceae	OTU_1072	OTU_1072
OTU_1073	Bacteria	Proteobacteria	Alphaproteobacteria	Rhodobacterales	Rhodobacteraceae	OTU_1073	OTU_1073
OTU_1074	Bacteria	Bacteroidota	Bacteroidia	Flavobacteriales	Flavobacteriaceae	OTU_1074	OTU_1074
OTU_1075	Bacteria	Proteobacteria	Gammaproteobacteria	Burkholderiales	OTU_1075	OTU_1075	OTU_1075
OTU_1076	Bacteria	Proteobacteria	Alphaproteobacteria	Sphingomonadales	Sphingomonadaceae	OTU_1076	OTU_1076
OTU_1077	Bacteria	Proteobacteria	Gammaproteobacteria	SAR86 clade	OTU_1077	OTU_1077	OTU_1077
OTU_1078	Bacteria	Fusobacteriota	Fusobacteriia	Fusobacteriales	Leptotrichiaceae	Leptotrichia	hofstadii
OTU_1079	Bacteria	Proteobacteria	Alphaproteobacteria	Rhodobacterales	Rhodobacteraceae	OTU_1079	OTU_1079
OTU_1080	Bacteria	Bacteroidota	Bacteroidia	Cytophagales	Cyclobacteriaceae	Roseivirga	maritima
OTU_1081	Bacteria	Proteobacteria	Alphaproteobacteria	Rhodospirillales	Terasakiellaceae	OTU_1081	OTU_1081
OTU_1082	Bacteria	Bacteroidota	Bacteroidia	Flavobacteriales	NS9 marine group	OTU_1082	OTU_1082
OTU_1083	Bacteria	Bacteroidota	Bacteroidia	Flavobacteriales	Crocinitomicaceae	OTU_1083	OTU_1083
OTU_1084	Bacteria	Verrucomicrobiota	Verrucomicrobiae	Verrucomicrobiales	Rubritaleaceae	Roseibacillus	OTU_1084
OTU_1085	Bacteria	Proteobacteria	Gammaproteobacteria	Pseudomonadales	Pseudomonadaceae	Pseudomonas	OTU_1085
OTU_1086	Bacteria	Proteobacteria	Gammaproteobacteria	Burkholderiales	Methylophilaceae	OM43 clade	OTU_1086
OTU_1087	Bacteria	Verrucomicrobiota	Lentisphaeria	Lentisphaerales	Lentisphaeraceae	Lentisphaera	OTU_1087
OTU_1088	Bacteria	Bacteroidota	Bacteroidia	Flavobacteriales	Flavobacteriaceae	Changchengzhania	OTU_1088
OTU_1089	Bacteria	Actinobacteriota	Acidimicrobiia	Microtrichales	Microtrichaceae	Sva0996 marine group	OTU_1089
OTU_1090	Bacteria	Bacteroidota	Bacteroidia	Flavobacteriales	Flavobacteriaceae	NS3a marine group	OTU_1090
OTU_1091	Bacteria	Bacteroidota	Bacteroidia	Flavobacteriales	NS9 marine group	OTU_1091	OTU_1091
OTU_1092	Bacteria	Proteobacteria	Alphaproteobacteria	Rickettsiales	Mitochondria	OTU_1092	OTU_1092
OTU_1093	Bacteria	Bacteroidota	Bacteroidia	Flavobacteriales	Flavobacteriaceae	OTU_1093	OTU_1093
OTU_1094	Bacteria	Proteobacteria	Gammaproteobacteria	Burkholderiales	Methylophilaceae	OM43 clade	OTU_1094
OTU_1095	Bacteria	Bacteroidota	Bacteroidia	Flavobacteriales	OTU_1095	OTU_1095	OTU_1095
OTU_1096	Bacteria	Bacteroidota	Bacteroidia	Flavobacteriales	Flavobacteriaceae	NS5 marine group	OTU_1096
OTU_1097	Bacteria	Proteobacteria	Gammaproteobacteria	OM182 clade	OTU_1097	OTU_1097	OTU_1097
OTU_1098	Bacteria	Proteobacteria	Gammaproteobacteria	Cellvibrionales	Halieaceae	Marimicrobium	OTU_1098
OTU_1099	Bacteria	Chloroflexi	Chloroflexia	Thermomicrobiales	JG30-KF-CM45	OTU_1099	OTU_1099
OTU_1100	Bacteria	Firmicutes	Clostridia	Hungateiclostridiaceae	OTU_1100	OTU_1100	OTU_1100
OTU_1101	Bacteria	Bacteroidota	Bacteroidia	Flavobacteriales	Crocinitomicaceae	OTU_1101	OTU_1101
OTU_1102	Bacteria	Proteobacteria	Alphaproteobacteria	SAR11 clade	Clade I	Clade Ia	OTU_1102
OTU_1103	Bacteria	Bacteroidota	Bacteroidia	Flavobacteriales	Flavobacteriaceae	Gilvibacter	OTU_1103
OTU_1104	Bacteria	Bacteroidota	Bacteroidia	Flavobacteriales	Cryomorphaceae	NS10 marine group	OTU_1104
OTU_1105	Bacteria	Verrucomicrobiota	Verrucomicrobiae	Verrucomicrobiales	DEV007	OTU_1105	OTU_1105
OTU_1106	Bacteria	OTU_1106	OTU_1106	OTU_1106	OTU_1106	OTU_1106	OTU_1106
OTU_1107	Bacteria	Bacteroidota	Bacteroidia	Flavobacteriales	Flavobacteriaceae	OTU_1107	OTU_1107
OTU_1108	Bacteria	Cyanobacteria	Cyanobacteriia	Chloroplast	OTU_1108	OTU_1108	OTU_1108
OTU_1109	Bacteria	Proteobacteria	Alphaproteobacteria	SAR11 clade	Clade I	Clade Ia	OTU_1109
OTU_1110	Bacteria	Proteobacteria	Alphaproteobacteria	OTU_1110	OTU_1110	OTU_1110	OTU_1110
OTU_1111	Bacteria	Actinobacteriota	Acidimicrobiia	Microtrichales	Microtrichaceae	Sva0996 marine group	OTU_1111
OTU_1112	Bacteria	Desulfobacterota	Desulfuromonadia	PB19	OTU_1112	OTU_1112	OTU_1112
OTU_1113	Bacteria	Proteobacteria	Gammaproteobacteria	Cellvibrionales	Halieaceae	Halioglobus	OTU_1113
OTU_1114	Bacteria	Proteobacteria	Gammaproteobacteria	Legionellales	Legionellaceae	Legionella	OTU_1114
OTU_1115	Bacteria	Proteobacteria	Gammaproteobacteria	Pseudomonadales	Pseudomonadaceae	Pseudomonas	OTU_1115
OTU_1116	Bacteria	Proteobacteria	Alphaproteobacteria	Rhodobacterales	Rhodobacteraceae	OTU_1116	OTU_1116
OTU_1117	Bacteria	Proteobacteria	Gammaproteobacteria	Cellvibrionales	Porticoccaceae	SAR92 clade	OTU_1117
OTU_1118	Bacteria	OTU_1118	OTU_1118	OTU_1118	OTU_1118	OTU_1118	OTU_1118
OTU_1119	Bacteria	Proteobacteria	Alphaproteobacteria	Rhodobacterales	Rhodobacteraceae	Cognatiyoonia	OTU_1119
OTU_1120	Bacteria	Actinobacteriota	Acidimicrobiia	Microtrichales	Ilumatobacteraceae	Ilumatobacter	OTU_1120
OTU_1121	Bacteria	Cyanobacteria	Cyanobacteriia	Chloroplast	OTU_1121	OTU_1121	OTU_1121
OTU_1122	Bacteria	Proteobacteria	Alphaproteobacteria	Rhodobacterales	Rhodobacteraceae	Amylibacter	OTU_1122
OTU_1123	Bacteria	Proteobacteria	Gammaproteobacteria	OM182 clade	OTU_1123	OTU_1123	OTU_1123
OTU_1124	Bacteria	Proteobacteria	Alphaproteobacteria	Sphingomonadales	Sphingomonadaceae	Sphingopyxis	OTU_1124
OTU_1125	Bacteria	Verrucomicrobiota	Verrucomicrobiae	Verrucomicrobiales	Rubritaleaceae	Roseibacillus	OTU_1125
OTU_1126	Bacteria	Actinobacteriota	Actinobacteria	Corynebacteriales	Corynebacteriaceae	Corynebacterium	OTU_1126
OTU_1127	Bacteria	Proteobacteria	Alphaproteobacteria	OTU_1127	OTU_1127	OTU_1127	OTU_1127
OTU_1128	Bacteria	Bacteroidota	Bacteroidia	Flavobacteriales	NS9 marine group	OTU_1128	OTU_1128
OTU_1129	Bacteria	Bacteroidota	Bacteroidia	Flavobacteriales	Flavobacteriaceae	OTU_1129	OTU_1129
OTU_1130	Bacteria	Firmicutes	Clostridia	Lachnospirales	Lachnospiraceae	Fusicatenibacter	saccharivorans
OTU_1131	Bacteria	Proteobacteria	Gammaproteobacteria	Cellvibrionales	Porticoccaceae	SAR92 clade	OTU_1131
OTU_1132	Bacteria	Bacteroidota	Bacteroidia	Flavobacteriales	Cryomorphaceae	OTU_1132	OTU_1132
OTU_1133	Bacteria	Bacteroidota	Bacteroidia	Sphingobacteriales	Sphingobacteriaceae	Pedobacter	OTU_1133
OTU_1134	Bacteria	Proteobacteria	Alphaproteobacteria	Rickettsiales	Mitochondria	OTU_1134	OTU_1134
OTU_1135	Bacteria	Proteobacteria	Alphaproteobacteria	Rhodobacterales	Rhodobacteraceae	Tateyamaria	OTU_1135
OTU_1136	Bacteria	Proteobacteria	Gammaproteobacteria	Alteromonadales	Pseudoalteromonadaceae	Pseudoalteromonas	OTU_1136
OTU_1137	Bacteria	Bacteroidota	Bacteroidia	Flavobacteriales	Flavobacteriaceae	OTU_1137	OTU_1137
OTU_1138	Bacteria	Bacteroidota	Bacteroidia	Flavobacteriales	Flavobacteriaceae	OTU_1138	OTU_1138
OTU_1139	Bacteria	Proteobacteria	Alphaproteobacteria	Rhodobacterales	Rhodobacteraceae	Pelagimonas	OTU_1139
OTU_1140	Bacteria	Proteobacteria	Gammaproteobacteria	Burkholderiales	Oxalobacteraceae	OTU_1140	OTU_1140
OTU_1141	Bacteria	Firmicutes	Bacilli	Lactobacillales	Streptococcaceae	Streptococcus	OTU_1141
OTU_1142	Bacteria	Proteobacteria	Gammaproteobacteria	SAR86 clade	OTU_1142	OTU_1142	OTU_1142
OTU_1143	Bacteria	Proteobacteria	Alphaproteobacteria	Rhodobacterales	Rhodobacteraceae	Cereibacter	changlensis
OTU_1144	Bacteria	Proteobacteria	Gammaproteobacteria	Cellvibrionales	Halieaceae	OTU_1144	OTU_1144
OTU_1145	Bacteria	Firmicutes	Clostridia	Christensenellales	Christensenellaceae	Christensenellaceae R-7 group	OTU_1145
OTU_1146	Archaea	Thermoplasmatota	Thermoplasmata	Marine Group III	OTU_1146	OTU_1146	OTU_1146
OTU_1147	Bacteria	Bacteroidota	Bacteroidia	Flavobacteriales	Flavobacteriaceae	OTU_1147	OTU_1147
OTU_1148	Bacteria	Proteobacteria	Gammaproteobacteria	SAR86 clade	OTU_1148	OTU_1148	OTU_1148
OTU_1149	Bacteria	Bacteroidota	Bacteroidia	Flavobacteriales	Flavobacteriaceae	OTU_1149	OTU_1149
OTU_1150	Bacteria	Campilobacterota	Campylobacteria	Campylobacterales	Arcobacteraceae	Halarcobacter	OTU_1150
OTU_1151	Bacteria	Bacteroidota	Bacteroidia	Flavobacteriales	Flavobacteriaceae	OTU_1151	OTU_1151
OTU_1152	Bacteria	Bacteroidota	Bacteroidia	Flavobacteriales	Flavobacteriaceae	Salegentibacter	salegens
OTU_1153	Bacteria	Proteobacteria	Gammaproteobacteria	Alteromonadales	Alteromonadaceae	Salinimonas	OTU_1153
OTU_1154	Bacteria	Bacteroidota	Bacteroidia	Flavobacteriales	Flavobacteriaceae	OTU_1154	OTU_1154
OTU_1155	Bacteria	Bacteroidota	Bacteroidia	Flavobacteriales	Flavobacteriaceae	Aurantivirga	OTU_1155
OTU_1156	Bacteria	Proteobacteria	Gammaproteobacteria	Burkholderiales	Comamonadaceae	Rhodoferax	OTU_1156
OTU_1157	Bacteria	Firmicutes	Bacilli	Bacillales	Bacillaceae	Paucisalibacillus	globulus
OTU_1158	Bacteria	Proteobacteria	Gammaproteobacteria	OTU_1158	OTU_1158	OTU_1158	OTU_1158
OTU_1159	Bacteria	Proteobacteria	OTU_1159	OTU_1159	OTU_1159	OTU_1159	OTU_1159
OTU_1160	Bacteria	Proteobacteria	Gammaproteobacteria	MBAE14	OTU_1160	OTU_1160	OTU_1160
OTU_1161	Bacteria	Bacteroidota	Bacteroidia	Flavobacteriales	Crocinitomicaceae	OTU_1161	OTU_1161
OTU_1162	Bacteria	Bacteroidota	Bacteroidia	Flavobacteriales	Crocinitomicaceae	Salinirepens	OTU_1162
OTU_1163	Bacteria	Bacteroidota	Bacteroidia	Flavobacteriales	NS9 marine group	OTU_1163	OTU_1163
OTU_1164	Bacteria	Proteobacteria	Gammaproteobacteria	Enterobacterales	Enterobacteriaceae	OTU_1164	OTU_1164
OTU_1165	Bacteria	Proteobacteria	Alphaproteobacteria	Rickettsiales	Mitochondria	OTU_1165	OTU_1165
OTU_1166	Bacteria	Proteobacteria	OTU_1166	OTU_1166	OTU_1166	OTU_1166	OTU_1166
OTU_1167	Bacteria	Proteobacteria	Gammaproteobacteria	Cellvibrionales	Halieaceae	OTU_1167	OTU_1167
OTU_1168	Bacteria	Proteobacteria	Alphaproteobacteria	Rhodobacterales	Rhodobacteraceae	OTU_1168	OTU_1168
OTU_1169	Bacteria	Bacteroidota	Bacteroidia	Flavobacteriales	Flavobacteriaceae	OTU_1169	OTU_1169
OTU_1170	Bacteria	Bacteroidota	Bacteroidia	Flavobacteriales	Crocinitomicaceae	Fluviicola	OTU_1170
OTU_1171	Bacteria	Proteobacteria	Alphaproteobacteria	Rhodobacterales	Rhodobacteraceae	OTU_1171	OTU_1171
OTU_1172	Bacteria	Proteobacteria	Gammaproteobacteria	Alteromonadales	Psychromonadaceae	Psychromonas	OTU_1172
OTU_1173	Bacteria	Proteobacteria	Gammaproteobacteria	Cellvibrionales	Halieaceae	OTU_1173	OTU_1173
OTU_1174	Bacteria	Proteobacteria	Gammaproteobacteria	Cellvibrionales	Halieaceae	Marimicrobium	OTU_1174
OTU_1175	Bacteria	Proteobacteria	Alphaproteobacteria	SAR11 clade	Clade I	Clade Ia	OTU_1175
OTU_1176	Bacteria	Proteobacteria	Gammaproteobacteria	Burkholderiales	Methylophilaceae	OM43 clade	OTU_1176
OTU_1177	Bacteria	Proteobacteria	Gammaproteobacteria	Alteromonadales	OTU_1177	OTU_1177	OTU_1177
OTU_1178	Bacteria	Proteobacteria	Gammaproteobacteria	OM182 clade	OTU_1178	OTU_1178	OTU_1178
OTU_1179	Bacteria	Bacteroidota	Bacteroidia	Flavobacteriales	Flavobacteriaceae	NS5 marine group	OTU_1179
OTU_1180	Bacteria	Proteobacteria	Gammaproteobacteria	Oceanospirillales	Nitrincolaceae	OTU_1180	OTU_1180
OTU_1181	Bacteria	Patescibacteria	Gracilibacteria	JGI 0000069-P22	OTU_1181	OTU_1181	OTU_1181
OTU_1182	Bacteria	Proteobacteria	Alphaproteobacteria	Rhodobacterales	Rhodobacteraceae	Roseobacter clade NAC11-7 lineage	OTU_1182
OTU_1183	Bacteria	Verrucomicrobiota	Verrucomicrobiae	Verrucomicrobiales	Rubritaleaceae	Roseibacillus	OTU_1183
OTU_1184	Bacteria	Bacteroidota	Bacteroidia	Flavobacteriales	Flavobacteriaceae	OTU_1184	OTU_1184
OTU_1185	Bacteria	Bacteroidota	Bacteroidia	Flavobacteriales	Cryomorphaceae	OTU_1185	OTU_1185
OTU_1186	Bacteria	Proteobacteria	Gammaproteobacteria	SAR86 clade	OTU_1186	OTU_1186	OTU_1186
OTU_1187	Bacteria	Bacteroidota	Bacteroidia	Flavobacteriales	NS9 marine group	OTU_1187	OTU_1187
OTU_1188	Bacteria	Proteobacteria	Gammaproteobacteria	Cellvibrionales	Halieaceae	Marimicrobium	OTU_1188
OTU_1189	Bacteria	Bacteroidota	Bacteroidia	Flavobacteriales	Flavobacteriaceae	OTU_1189	OTU_1189
OTU_1190	Bacteria	Bacteroidota	Bacteroidia	Flavobacteriales	NS9 marine group	OTU_1190	OTU_1190
OTU_1191	Bacteria	Proteobacteria	Gammaproteobacteria	OTU_1191	OTU_1191	OTU_1191	OTU_1191
OTU_1192	Bacteria	Verrucomicrobiota	Verrucomicrobiae	Opitutales	Puniceicoccaceae	MB11C04 marine group	OTU_1192
OTU_1193	Bacteria	Proteobacteria	Alphaproteobacteria	Rhodobacterales	Rhodobacteraceae	Pelagimonas	OTU_1193
OTU_1194	Bacteria	Proteobacteria	Alphaproteobacteria	Rhodobacterales	Rhodobacteraceae	OTU_1194	OTU_1194
OTU_1195	Bacteria	Bacteroidota	Bacteroidia	Flavobacteriales	Crocinitomicaceae	Fluviicola	OTU_1195
OTU_1196	Bacteria	Bacteroidota	Bacteroidia	OTU_1196	OTU_1196	OTU_1196	OTU_1196
OTU_1197	Bacteria	Proteobacteria	Gammaproteobacteria	Thiomicrospirales	Thioglobaceae	IheB2-31	OTU_1197
OTU_1198	Bacteria	Proteobacteria	Gammaproteobacteria	Alteromonadales	Alteromonadaceae	Paraglaciecola	OTU_1198
OTU_1199	Bacteria	Verrucomicrobiota	Verrucomicrobiae	Verrucomicrobiales	Rubritaleaceae	Roseibacillus	OTU_1199
OTU_1200	Bacteria	Proteobacteria	Alphaproteobacteria	SAR11 clade	OTU_1200	OTU_1200	OTU_1200
OTU_1201	Bacteria	Cyanobacteria	Cyanobacteriia	Chloroplast	OTU_1201	OTU_1201	OTU_1201
OTU_1202	Bacteria	Proteobacteria	Alphaproteobacteria	Rhodobacterales	Rhodobacteraceae	OTU_1202	OTU_1202
OTU_1203	Bacteria	Bacteroidota	Bacteroidia	Flavobacteriales	Flavobacteriaceae	Hanstruepera	OTU_1203
OTU_1204	Bacteria	OTU_1204	OTU_1204	OTU_1204	OTU_1204	OTU_1204	OTU_1204
OTU_1205	Bacteria	Proteobacteria	Gammaproteobacteria	Burkholderiales	Methylophilaceae	OM43 clade	OTU_1205
OTU_1206	Bacteria	Bacteroidota	Bacteroidia	Flavobacteriales	Flavobacteriaceae	Ulvibacter	OTU_1206
OTU_1207	Bacteria	Bacteroidota	Bacteroidia	Flavobacteriales	Crocinitomicaceae	Brumimicrobium	OTU_1207
OTU_1208	Bacteria	Proteobacteria	Gammaproteobacteria	Francisellales	Francisellaceae	Francisella	OTU_1208
OTU_1209	Bacteria	Proteobacteria	Gammaproteobacteria	Nitrosococcales	Methylophagaceae	Marine Methylotrophic Group 3	OTU_1209
OTU_1210	Bacteria	Proteobacteria	Alphaproteobacteria	Rhodobacterales	Rhodobacteraceae	OTU_1210	OTU_1210
OTU_1211	Bacteria	Proteobacteria	Alphaproteobacteria	Rhodobacterales	Rhodobacteraceae	Lentibacter	OTU_1211
OTU_1212	Bacteria	Actinobacteriota	Acidimicrobiia	Microtrichales	Ilumatobacteraceae	CL500-29 marine group	OTU_1212
OTU_1213	Bacteria	Proteobacteria	Gammaproteobacteria	Alteromonadales	Alteromonadaceae	Pseudobowmanella	OTU_1213
OTU_1214	Bacteria	Bacteroidota	Bacteroidia	Flavobacteriales	Flavobacteriaceae	Flavicella	OTU_1214
OTU_1215	Bacteria	Bacteroidota	Bacteroidia	Chitinophagales	Saprospiraceae	OTU_1215	OTU_1215
OTU_1216	Bacteria	Bacteroidota	Bacteroidia	Flavobacteriales	Flavobacteriaceae	OTU_1216	OTU_1216
OTU_1217	Bacteria	Proteobacteria	Gammaproteobacteria	Diplorickettsiales	Diplorickettsiaceae	OTU_1217	OTU_1217
OTU_1218	Bacteria	Proteobacteria	Gammaproteobacteria	Cellvibrionales	OTU_1218	OTU_1218	OTU_1218
OTU_1219	Bacteria	Bacteroidota	Bacteroidia	Flavobacteriales	Flavobacteriaceae	Gilvibacter	OTU_1219
OTU_1220	Bacteria	Bacteroidota	Bacteroidia	Flavobacteriales	Flavobacteriaceae	OTU_1220	OTU_1220
OTU_1221	Bacteria	Actinobacteriota	Actinobacteria	Frankiales	Sporichthyaceae	hgcI clade	OTU_1221
OTU_1222	Bacteria	Proteobacteria	Alphaproteobacteria	Rhodobacterales	Rhodobacteraceae	Pelagimonas	OTU_1222
OTU_1223	Bacteria	Proteobacteria	Alphaproteobacteria	Rhodospirillales	AEGEAN-169 marine group	OTU_1223	OTU_1223
OTU_1224	Bacteria	Actinobacteriota	Actinobacteria	Frankiales	Sporichthyaceae	hgcI clade	OTU_1224
OTU_1225	Bacteria	OTU_1225	OTU_1225	OTU_1225	OTU_1225	OTU_1225	OTU_1225
OTU_1226	Bacteria	Proteobacteria	Alphaproteobacteria	Puniceispirillales	OTU_1226	OTU_1226	OTU_1226
OTU_1227	Bacteria	Proteobacteria	Gammaproteobacteria	OM182 clade	OTU_1227	OTU_1227	OTU_1227
OTU_1228	Bacteria	Proteobacteria	Alphaproteobacteria	SAR11 clade	Clade II	OTU_1228	OTU_1228
OTU_1229	Bacteria	Proteobacteria	Gammaproteobacteria	Thiomicrospirales	Thioglobaceae	IheB2-31	OTU_1229
OTU_1230	Bacteria	Proteobacteria	Gammaproteobacteria	Coxiellales	Coxiellaceae	Coxiella	OTU_1230
OTU_1231	Bacteria	Proteobacteria	Alphaproteobacteria	Rhodobacterales	Rhodobacteraceae	OTU_1231	OTU_1231
OTU_1232	Bacteria	Bacteroidota	Bacteroidia	Flavobacteriales	Flavobacteriaceae	Aurantivirga	OTU_1232
OTU_1233	Bacteria	Bacteroidota	Bacteroidia	Flavobacteriales	NS7 marine group	OTU_1233	OTU_1233
OTU_1234	Bacteria	Proteobacteria	Gammaproteobacteria	Alteromonadales	Moritellaceae	Moritella	dasanensis
OTU_1235	Bacteria	Proteobacteria	Alphaproteobacteria	Rhodobacterales	Rhodobacteraceae	OTU_1235	OTU_1235
OTU_1236	Bacteria	Proteobacteria	Alphaproteobacteria	SAR11 clade	Clade IV	OTU_1236	OTU_1236
OTU_1237	Bacteria	Desulfobacterota	Desulfuromonadia	PB19	OTU_1237	OTU_1237	OTU_1237
OTU_1238	Bacteria	Bacteroidota	Bacteroidia	Flavobacteriales	NS9 marine group	OTU_1238	OTU_1238
OTU_1239	Bacteria	Bacteroidota	Bacteroidia	Flavobacteriales	Flavobacteriaceae	OTU_1239	OTU_1239
OTU_1240	Bacteria	Proteobacteria	Gammaproteobacteria	Legionellales	Legionellaceae	OTU_1240	OTU_1240
OTU_1241	Bacteria	Bacteroidota	Bacteroidia	Flavobacteriales	Crocinitomicaceae	Fluviicola	OTU_1241
OTU_1242	Bacteria	Proteobacteria	Alphaproteobacteria	Rickettsiales	Mitochondria	OTU_1242	OTU_1242
OTU_1243	Bacteria	Bacteroidota	Bacteroidia	Flavobacteriales	Flavobacteriaceae	OTU_1243	OTU_1243
OTU_1244	Bacteria	Proteobacteria	Gammaproteobacteria	Cellvibrionales	Halieaceae	Marimicrobium	OTU_1244
OTU_1245	Bacteria	Proteobacteria	Gammaproteobacteria	Alteromonadales	Alteromonadaceae	Glaciecola	OTU_1245
OTU_1246	Bacteria	Bacteroidota	Bacteroidia	Flavobacteriales	Flavobacteriaceae	OTU_1246	OTU_1246
OTU_1247	Bacteria	Bacteroidota	Bacteroidia	Flavobacteriales	Crocinitomicaceae	Fluviicola	OTU_1247
OTU_1248	Bacteria	Proteobacteria	Alphaproteobacteria	Parvibaculales	PS1 clade	OTU_1248	OTU_1248
OTU_1249	Bacteria	Proteobacteria	Gammaproteobacteria	SAR86 clade	OTU_1249	OTU_1249	OTU_1249
OTU_1250	Bacteria	Proteobacteria	Gammaproteobacteria	Cellvibrionales	Halieaceae	OTU_1250	OTU_1250
OTU_1251	Bacteria	Proteobacteria	Alphaproteobacteria	Rhodobacterales	Rhodobacteraceae	OTU_1251	OTU_1251
OTU_1252	Bacteria	Proteobacteria	Alphaproteobacteria	Rickettsiales	Mitochondria	OTU_1252	OTU_1252
OTU_1253	Bacteria	Proteobacteria	Gammaproteobacteria	Xanthomonadales	Xanthomonadaceae	Pseudoxanthomonas	mexicana
OTU_1254	Bacteria	Proteobacteria	Alphaproteobacteria	Rhodobacterales	Rhodobacteraceae	Limimaricola	OTU_1254
OTU_1255	Bacteria	Bacteroidota	Bacteroidia	Flavobacteriales	Cryomorphaceae	OTU_1255	OTU_1255
OTU_1256	Bacteria	Proteobacteria	Gammaproteobacteria	OTU_1256	OTU_1256	OTU_1256	OTU_1256
OTU_1257	Bacteria	Bacteroidota	Bacteroidia	Bacteroidales	Prevotellaceae	Alloprevotella	OTU_1257
OTU_1258	Bacteria	Proteobacteria	Gammaproteobacteria	JTB23	OTU_1258	OTU_1258	OTU_1258
OTU_1259	Bacteria	Bacteroidota	Bacteroidia	Flavobacteriales	NS9 marine group	OTU_1259	OTU_1259
OTU_1260	Bacteria	Proteobacteria	Gammaproteobacteria	SAR86 clade	OTU_1260	OTU_1260	OTU_1260
OTU_1261	Bacteria	Bacteroidota	Bacteroidia	Flavobacteriales	OTU_1261	OTU_1261	OTU_1261
OTU_1262	Bacteria	Proteobacteria	Gammaproteobacteria	SAR86 clade	OTU_1262	OTU_1262	OTU_1262
OTU_1263	Bacteria	Proteobacteria	Gammaproteobacteria	Coxiellales	Coxiellaceae	Coxiella	OTU_1263
OTU_1264	Bacteria	Firmicutes	Bacilli	Lactobacillales	Leuconostocaceae	Weissella	OTU_1264
OTU_1265	Bacteria	Actinobacteriota	Actinobacteria	Micrococcales	Micrococcaceae	Nesterenkonia	OTU_1265
OTU_1266	Bacteria	Bacteroidota	Bacteroidia	Flavobacteriales	Cryomorphaceae	OTU_1266	OTU_1266
OTU_1267	Bacteria	Proteobacteria	Gammaproteobacteria	Alteromonadales	Pseudoalteromonadaceae	Pseudoalteromonas	OTU_1267
OTU_1268	Bacteria	Bacteroidota	Bacteroidia	Flavobacteriales	Crocinitomicaceae	Lishizhenia	OTU_1268
OTU_1269	Bacteria	Bacteroidota	Bacteroidia	Flavobacteriales	Flavobacteriaceae	OTU_1269	OTU_1269
OTU_1270	Bacteria	Proteobacteria	Alphaproteobacteria	Rickettsiales	OTU_1270	OTU_1270	OTU_1270
OTU_1271	Bacteria	Proteobacteria	Gammaproteobacteria	Francisellales	Francisellaceae	OTU_1271	OTU_1271
OTU_1272	Bacteria	Bacteroidota	Bacteroidia	Bacteroidales	Bacteroidaceae	Bacteroides	coprocola
OTU_1273	Bacteria	Proteobacteria	Alphaproteobacteria	Rhodobacterales	Rhodobacteraceae	OTU_1273	OTU_1273
OTU_1274	Bacteria	Firmicutes	Bacilli	Lactobacillales	Streptococcaceae	Streptococcus	OTU_1274
OTU_1275	Bacteria	Bacteroidota	Bacteroidia	Flavobacteriales	Cryomorphaceae	OTU_1275	OTU_1275
OTU_1276	Bacteria	Proteobacteria	Gammaproteobacteria	Burkholderiales	Methylophilaceae	OM43 clade	OTU_1276
OTU_1277	Bacteria	Bacteroidota	Bacteroidia	Flavobacteriales	Flavobacteriaceae	NS5 marine group	OTU_1277
OTU_1278	Bacteria	Bacteroidota	Bacteroidia	Flavobacteriales	NS9 marine group	OTU_1278	OTU_1278
OTU_1279	Bacteria	Bacteroidota	Bacteroidia	Flavobacteriales	Cryomorphaceae	NS10 marine group	OTU_1279
OTU_1280	Bacteria	Marinimicrobia (SAR406 clade)	OTU_1280	OTU_1280	OTU_1280	OTU_1280	OTU_1280
OTU_1281	Bacteria	Proteobacteria	Gammaproteobacteria	Burkholderiales	Comamonadaceae	Variovorax	OTU_1281
OTU_1282	Bacteria	Bacteroidota	Bacteroidia	Sphingobacteriales	OTU_1282	OTU_1282	OTU_1282
OTU_1283	Bacteria	Patescibacteria	Saccharimonadia	Saccharimonadales	OTU_1283	OTU_1283	OTU_1283
OTU_1284	Bacteria	Proteobacteria	Gammaproteobacteria	Burkholderiales	Comamonadaceae	OTU_1284	OTU_1284
OTU_1285	Bacteria	Proteobacteria	Alphaproteobacteria	Rhodobacterales	Rhodobacteraceae	OTU_1285	OTU_1285
OTU_1286	Bacteria	Proteobacteria	Alphaproteobacteria	Rhodobacterales	Rhodobacteraceae	OTU_1286	OTU_1286
OTU_1287	Bacteria	Proteobacteria	Gammaproteobacteria	Alteromonadales	Pseudoalteromonadaceae	Pseudoalteromonas	OTU_1287
OTU_1288	Bacteria	Proteobacteria	Gammaproteobacteria	Oceanospirillales	Saccharospirillaceae	OTU_1288	OTU_1288
OTU_1289	Bacteria	Bdellovibrionota	Bdellovibrionia	Bdellovibrionales	Bdellovibrionaceae	OM27 clade	OTU_1289
OTU_1290	Bacteria	Bacteroidota	Bacteroidia	Flavobacteriales	NS9 marine group	OTU_1290	OTU_1290
OTU_1291	Bacteria	Proteobacteria	Gammaproteobacteria	Burkholderiales	OTU_1291	OTU_1291	OTU_1291
OTU_1292	Bacteria	Bacteroidota	Bacteroidia	Cytophagales	Cyclobacteriaceae	Marinoscillum	OTU_1292
OTU_1293	Bacteria	Proteobacteria	Alphaproteobacteria	Rhodobacterales	Rhodobacteraceae	OTU_1293	OTU_1293
OTU_1294	Bacteria	Proteobacteria	Gammaproteobacteria	OTU_1294	OTU_1294	OTU_1294	OTU_1294
OTU_1295	Bacteria	Firmicutes	Bacilli	Bacillales	Bacillaceae	OTU_1295	OTU_1295
OTU_1296	Bacteria	Cyanobacteria	Cyanobacteriia	Chloroplast	OTU_1296	OTU_1296	OTU_1296
OTU_1297	Bacteria	Bacteroidota	Bacteroidia	Flavobacteriales	Cryomorphaceae	OTU_1297	OTU_1297
OTU_1298	Bacteria	Cyanobacteria	Cyanobacteriia	Chloroplast	OTU_1298	OTU_1298	OTU_1298
OTU_1299	Bacteria	Bacteroidota	Bacteroidia	Flavobacteriales	Flavobacteriaceae	OTU_1299	OTU_1299
OTU_1300	Bacteria	Proteobacteria	Gammaproteobacteria	Francisellales	Francisellaceae	OTU_1300	OTU_1300
OTU_1301	Bacteria	Proteobacteria	OTU_1301	OTU_1301	OTU_1301	OTU_1301	OTU_1301
OTU_1302	Bacteria	Firmicutes	Clostridia	Lachnospirales	Lachnospiraceae	Dorea	longicatena
OTU_1303	Bacteria	Actinobacteriota	Acidimicrobiia	Microtrichales	Ilumatobacteraceae	Ilumatobacter	OTU_1303
OTU_1304	Bacteria	Bacteroidota	Bacteroidia	Flavobacteriales	Flavobacteriaceae	OTU_1304	OTU_1304
OTU_1305	Bacteria	Bacteroidota	Bacteroidia	Flavobacteriales	Flavobacteriaceae	OTU_1305	OTU_1305
OTU_1306	Bacteria	Proteobacteria	Gammaproteobacteria	Cellvibrionales	Halieaceae	Marimicrobium	OTU_1306
OTU_1307	Bacteria	Firmicutes	Clostridia	Lachnospirales	Lachnospiraceae	Blautia	OTU_1307
OTU_1308	Bacteria	Bacteroidota	Bacteroidia	Flavobacteriales	Flavobacteriaceae	NS5 marine group	OTU_1308
OTU_1309	Bacteria	Actinobacteriota	Actinobacteria	Frankiales	Sporichthyaceae	OTU_1309	OTU_1309
OTU_1310	Bacteria	Planctomycetota	Planctomycetes	Planctomycetales	Rubinisphaeraceae	Fuerstia	OTU_1310
OTU_1311	Bacteria	Actinobacteriota	Actinobacteria	Micrococcales	OTU_1311	OTU_1311	OTU_1311
OTU_1312	Bacteria	Actinobacteriota	Actinobacteria	Corynebacteriales	Corynebacteriaceae	Corynebacterium	lipophiloflavum
OTU_1313	Bacteria	Proteobacteria	Gammaproteobacteria	Cellvibrionales	Porticoccaceae	Porticoccus	OTU_1313
OTU_1314	Bacteria	Proteobacteria	Gammaproteobacteria	Cellvibrionales	Halieaceae	Marimicrobium	OTU_1314
OTU_1315	Bacteria	Proteobacteria	Alphaproteobacteria	Rhizobiales	Rhizobiales Incertae Sedis	Bauldia	OTU_1315
OTU_1316	Bacteria	Bacteroidota	Bacteroidia	Flavobacteriales	Flavobacteriaceae	OTU_1316	OTU_1316
OTU_1317	Bacteria	Bacteroidota	Bacteroidia	Flavobacteriales	Flavobacteriaceae	OTU_1317	OTU_1317
OTU_1318	Bacteria	Proteobacteria	Gammaproteobacteria	OM182 clade	OTU_1318	OTU_1318	OTU_1318
OTU_1319	Bacteria	OTU_1319	OTU_1319	OTU_1319	OTU_1319	OTU_1319	OTU_1319
OTU_1320	Bacteria	Bacteroidota	Bacteroidia	Sphingobacteriales	NS11-12 marine group	OTU_1320	OTU_1320
OTU_1321	Bacteria	Bacteroidota	Bacteroidia	Flavobacteriales	NS7 marine group	OTU_1321	OTU_1321
OTU_1322	Bacteria	Bacteroidota	Bacteroidia	Flavobacteriales	Flavobacteriaceae	OTU_1322	OTU_1322
OTU_1323	Bacteria	Proteobacteria	Gammaproteobacteria	Cellvibrionales	Halieaceae	OTU_1323	OTU_1323
OTU_1324	Bacteria	Bacteroidota	Bacteroidia	Flavobacteriales	Flavobacteriaceae	OTU_1324	OTU_1324
OTU_1325	Bacteria	Bacteroidota	Bacteroidia	Flavobacteriales	Flavobacteriaceae	OTU_1325	OTU_1325
OTU_1326	Bacteria	Proteobacteria	Gammaproteobacteria	Cellvibrionales	Halieaceae	Marimicrobium	OTU_1326
OTU_1327	Bacteria	Bacteroidota	Bacteroidia	Flavobacteriales	Flavobacteriaceae	OTU_1327	OTU_1327
OTU_1328	Bacteria	Bacteroidota	Bacteroidia	Flavobacteriales	Cryomorphaceae	NS10 marine group	OTU_1328
OTU_1329	Bacteria	Proteobacteria	Gammaproteobacteria	Alteromonadales	Alteromonadaceae	OTU_1329	OTU_1329
OTU_1330	Bacteria	Bacteroidota	Bacteroidia	Flavobacteriales	Flavobacteriaceae	Polaribacter	OTU_1330
OTU_1331	Bacteria	Bacteroidota	Bacteroidia	Flavobacteriales	Cryomorphaceae	OTU_1331	OTU_1331
OTU_1332	Bacteria	Bacteroidota	Bacteroidia	Flavobacteriales	Flavobacteriaceae	Aurantivirga	OTU_1332
OTU_1333	Bacteria	Proteobacteria	Gammaproteobacteria	Legionellales	Legionellaceae	Legionella	OTU_1333
OTU_1334	Bacteria	Proteobacteria	Gammaproteobacteria	Alteromonadales	Shewanellaceae	Shewanella	OTU_1334
OTU_1335	Bacteria	Proteobacteria	Gammaproteobacteria	Legionellales	Legionellaceae	Legionella	OTU_1335
OTU_1336	Bacteria	Proteobacteria	Alphaproteobacteria	Rhodobacterales	Rhodobacteraceae	OTU_1336	OTU_1336
OTU_1337	Bacteria	Bacteroidota	Bacteroidia	Sphingobacteriales	Sphingobacteriaceae	Pedobacter	OTU_1337
OTU_1338	Bacteria	Proteobacteria	Alphaproteobacteria	SAR11 clade	Clade I	OTU_1338	OTU_1338
OTU_1339	Bacteria	Bacteroidota	Bacteroidia	Flavobacteriales	Flavobacteriaceae	Gillisia	OTU_1339
OTU_1340	Bacteria	Bacteroidota	Bacteroidia	Flavobacteriales	Crocinitomicaceae	OTU_1340	OTU_1340
OTU_1341	Bacteria	Proteobacteria	Gammaproteobacteria	Oceanospirillales	Nitrincolaceae	Amphritea	OTU_1341
OTU_1342	Bacteria	Patescibacteria	Saccharimonadia	Saccharimonadales	Saccharimonadaceae	TM7x	OTU_1342
OTU_1343	Bacteria	Bacteroidota	Bacteroidia	Flavobacteriales	Flavobacteriaceae	Flavicella	OTU_1343
OTU_1344	Bacteria	Proteobacteria	Gammaproteobacteria	SAR86 clade	OTU_1344	OTU_1344	OTU_1344
OTU_1345	Bacteria	Proteobacteria	Alphaproteobacteria	Rhodobacterales	Rhodobacteraceae	Roseobacter clade NAC11-7 lineage	OTU_1345
OTU_1346	Bacteria	Proteobacteria	Gammaproteobacteria	Oceanospirillales	Nitrincolaceae	OTU_1346	OTU_1346
OTU_1347	Bacteria	Bacteroidota	Bacteroidia	Bacteroidales	Prevotellaceae	Prevotella	OTU_1347
OTU_1348	Bacteria	Bacteroidota	Bacteroidia	Flavobacteriales	Flavobacteriaceae	Aestuariimonas	OTU_1348
OTU_1349	Bacteria	Proteobacteria	Gammaproteobacteria	Alteromonadales	Psychromonadaceae	Psychromonas	OTU_1349
OTU_1350	Bacteria	Proteobacteria	Gammaproteobacteria	Alteromonadales	Psychromonadaceae	Psychromonas	OTU_1350
OTU_1351	Bacteria	Proteobacteria	Gammaproteobacteria	Legionellales	Legionellaceae	OTU_1351	OTU_1351
OTU_1352	Bacteria	Proteobacteria	Gammaproteobacteria	Alteromonadales	Colwelliaceae	Colwellia	OTU_1352
OTU_1353	Bacteria	Bacteroidota	Bacteroidia	Flavobacteriales	NS9 marine group	OTU_1353	OTU_1353
OTU_1354	Bacteria	Bacteroidota	Bacteroidia	Flavobacteriales	Flavobacteriaceae	NS3a marine group	OTU_1354
OTU_1355	Bacteria	Proteobacteria	Gammaproteobacteria	SAR86 clade	OTU_1355	OTU_1355	OTU_1355
OTU_1356	Bacteria	Proteobacteria	Alphaproteobacteria	Rhodobacterales	Rhodobacteraceae	Pelagimonas	OTU_1356
OTU_1357	Bacteria	Bacteroidota	Bacteroidia	Bacteroidales	Tannerellaceae	Parabacteroides	distasonis
OTU_1358	Bacteria	Actinobacteriota	Actinobacteria	Micrococcales	Microbacteriaceae	SV1-3	OTU_1358
OTU_1359	Bacteria	Proteobacteria	Gammaproteobacteria	Oceanospirillales	Kangiellaceae	OTU_1359	OTU_1359
OTU_1360	Bacteria	Proteobacteria	Gammaproteobacteria	Alteromonadales	Alteromonadaceae	Glaciecola	OTU_1360
OTU_1361	Bacteria	Bacteroidota	Bacteroidia	Flavobacteriales	Flavobacteriaceae	Aureimarina	OTU_1361
OTU_1362	Bacteria	Proteobacteria	Alphaproteobacteria	SAR11 clade	Clade I	Clade Ia	OTU_1362
OTU_1363	Bacteria	Proteobacteria	Alphaproteobacteria	Rhodobacterales	Rhodobacteraceae	OTU_1363	OTU_1363
OTU_1364	Bacteria	Proteobacteria	Gammaproteobacteria	Pseudomonadales	Pseudomonadaceae	Pseudomonas	OTU_1364
OTU_1365	Bacteria	Proteobacteria	Alphaproteobacteria	Rhodobacterales	Rhodobacteraceae	OTU_1365	OTU_1365
OTU_1366	Bacteria	Bacteroidota	Bacteroidia	Flavobacteriales	Flavobacteriaceae	NS5 marine group	OTU_1366
OTU_1367	Bacteria	Bacteroidota	Bacteroidia	Flavobacteriales	Crocinitomicaceae	Fluviicola	OTU_1367
OTU_1368	Bacteria	Proteobacteria	Gammaproteobacteria	Alteromonadales	Psychromonadaceae	Psychromonas	OTU_1368
OTU_1369	Bacteria	Bacteroidota	Bacteroidia	Flavobacteriales	Flavobacteriaceae	OTU_1369	OTU_1369
OTU_1370	Bacteria	Campilobacterota	Campylobacteria	Campylobacterales	Arcobacteraceae	OTU_1370	OTU_1370
OTU_1371	Bacteria	Proteobacteria	Gammaproteobacteria	Nitrosococcales	Methylophagaceae	OTU_1371	OTU_1371
OTU_1372	Bacteria	Proteobacteria	Gammaproteobacteria	Cellvibrionales	Halieaceae	Marimicrobium	OTU_1372
OTU_1373	Bacteria	Proteobacteria	Gammaproteobacteria	Alteromonadales	Colwelliaceae	OTU_1373	OTU_1373
OTU_1374	Bacteria	Bacteroidota	Bacteroidia	Flavobacteriales	OTU_1374	OTU_1374	OTU_1374
OTU_1375	Bacteria	Proteobacteria	Gammaproteobacteria	Oceanospirillales	Saccharospirillaceae	OTU_1375	OTU_1375
OTU_1376	Bacteria	Bacteroidota	Bacteroidia	Flavobacteriales	Flavobacteriaceae	Formosa	OTU_1376
OTU_1377	Bacteria	Bacteroidota	Bacteroidia	Flavobacteriales	Flavobacteriaceae	OTU_1377	OTU_1377
OTU_1378	Bacteria	Bacteroidota	Bacteroidia	Flavobacteriales	Cryomorphaceae	OTU_1378	OTU_1378
OTU_1379	Bacteria	Bacteroidota	Bacteroidia	Flavobacteriales	Flavobacteriaceae	OTU_1379	OTU_1379
OTU_1380	Bacteria	Proteobacteria	Gammaproteobacteria	Alteromonadales	Colwelliaceae	Colwellia	OTU_1380
OTU_1381	Bacteria	Myxococcota	Polyangia	Blfdi19	OTU_1381	OTU_1381	OTU_1381
OTU_1382	Bacteria	Bacteroidota	Bacteroidia	Flavobacteriales	NS9 marine group	OTU_1382	OTU_1382
OTU_1383	Bacteria	Proteobacteria	Gammaproteobacteria	Alteromonadales	Alteromonadaceae	Salinimonas	OTU_1383
OTU_1384	Bacteria	Proteobacteria	Gammaproteobacteria	Salinisphaerales	Solimonadaceae	Polycyclovorans	OTU_1384
OTU_1385	OTU_1385	OTU_1385	OTU_1385	OTU_1385	OTU_1385	OTU_1385	OTU_1385
OTU_1386	Bacteria	Bacteroidota	Bacteroidia	Flavobacteriales	Cryomorphaceae	OTU_1386	OTU_1386
OTU_1387	Bacteria	Proteobacteria	Gammaproteobacteria	Alteromonadales	Colwelliaceae	Litorilituus	OTU_1387
OTU_1388	Bacteria	Proteobacteria	Gammaproteobacteria	SAR86 clade	OTU_1388	OTU_1388	OTU_1388
OTU_1389	Bacteria	Bacteroidota	Bacteroidia	Flavobacteriales	NS9 marine group	OTU_1389	OTU_1389
OTU_1390	Bacteria	Proteobacteria	Alphaproteobacteria	Puniceispirillales	SAR116 clade	OTU_1390	OTU_1390
OTU_1391	Bacteria	Bacteroidota	Bacteroidia	Flavobacteriales	Crocinitomicaceae	Salinirepens	OTU_1391
OTU_1392	Bacteria	Actinobacteriota	Coriobacteriia	Coriobacteriales	Atopobiaceae	Atopobium	parvulum
OTU_1393	Bacteria	Proteobacteria	Gammaproteobacteria	Thiomicrospirales	Thioglobaceae	IheB2-31	OTU_1393
OTU_1394	Bacteria	Bacteroidota	Bacteroidia	Flavobacteriales	Cryomorphaceae	Vicingus	OTU_1394
OTU_1395	Bacteria	Cyanobacteria	Cyanobacteriia	Chloroplast	OTU_1395	OTU_1395	OTU_1395
OTU_1396	Bacteria	Bacteroidota	Bacteroidia	Flavobacteriales	Weeksellaceae	Apibacter	OTU_1396
OTU_1397	Bacteria	Proteobacteria	Alphaproteobacteria	SAR11 clade	Clade I	OTU_1397	OTU_1397
OTU_1398	Bacteria	Proteobacteria	Gammaproteobacteria	Cellvibrionales	Halieaceae	Marimicrobium	OTU_1398
OTU_1399	Bacteria	Bacteroidota	Bacteroidia	Flavobacteriales	Flavobacteriaceae	OTU_1399	OTU_1399
OTU_1400	Bacteria	Bacteroidota	Bacteroidia	Sphingobacteriales	Sphingobacteriaceae	Mucilaginibacter	OTU_1400
OTU_1401	Bacteria	Proteobacteria	Alphaproteobacteria	SAR11 clade	OTU_1401	OTU_1401	OTU_1401
OTU_1402	Bacteria	Proteobacteria	Alphaproteobacteria	Rickettsiales	Mitochondria	OTU_1402	OTU_1402
OTU_1403	Bacteria	Proteobacteria	Alphaproteobacteria	Rhodobacterales	Rhodobacteraceae	OTU_1403	OTU_1403
OTU_1404	Bacteria	Bacteroidota	Bacteroidia	Flavobacteriales	Crocinitomicaceae	Salinirepens	OTU_1404
OTU_1405	Bacteria	Proteobacteria	Gammaproteobacteria	Vibrionales	Vibrionaceae	OTU_1405	OTU_1405
OTU_1406	Bacteria	Actinobacteriota	Actinobacteria	Actinomycetales	Actinomycetaceae	Actinomyces	OTU_1406
OTU_1407	Bacteria	Bacteroidota	Bacteroidia	Flavobacteriales	Flavobacteriaceae	OTU_1407	OTU_1407
OTU_1408	Bacteria	Proteobacteria	Gammaproteobacteria	Alteromonadales	Shewanellaceae	Psychrobium	OTU_1408
OTU_1409	Bacteria	Bacteroidota	Bacteroidia	Flavobacteriales	Flavobacteriaceae	OTU_1409	OTU_1409
OTU_1410	Bacteria	Proteobacteria	Alphaproteobacteria	SAR11 clade	Clade IV	OTU_1410	OTU_1410
OTU_1411	Bacteria	Proteobacteria	Gammaproteobacteria	Cellvibrionales	Halieaceae	OM60(NOR5) clade	OTU_1411
OTU_1412	Bacteria	Proteobacteria	Gammaproteobacteria	Cellvibrionales	Halieaceae	OM60(NOR5) clade	OTU_1412
OTU_1413	Bacteria	Proteobacteria	Gammaproteobacteria	Oceanospirillales	Nitrincolaceae	OTU_1413	OTU_1413
OTU_1414	Bacteria	Proteobacteria	Alphaproteobacteria	SAR11 clade	OTU_1414	OTU_1414	OTU_1414
OTU_1415	Bacteria	Proteobacteria	Alphaproteobacteria	Rhodobacterales	Rhodobacteraceae	OTU_1415	OTU_1415
OTU_1416	Bacteria	Proteobacteria	Gammaproteobacteria	Cellvibrionales	Halieaceae	Marimicrobium	OTU_1416
OTU_1417	Bacteria	Bacteroidota	Bacteroidia	Flavobacteriales	NS9 marine group	OTU_1417	OTU_1417
OTU_1418	Bacteria	Proteobacteria	Alphaproteobacteria	Rhodobacterales	Rhodobacteraceae	OTU_1418	OTU_1418
OTU_1419	Bacteria	Proteobacteria	Alphaproteobacteria	Rhodobacterales	Rhodobacteraceae	OTU_1419	OTU_1419
OTU_1420	Bacteria	Proteobacteria	Gammaproteobacteria	Cellvibrionales	Halieaceae	Marimicrobium	OTU_1420
OTU_1421	Bacteria	Proteobacteria	Gammaproteobacteria	Cellvibrionales	Porticoccaceae	Porticoccus	OTU_1421
OTU_1422	Bacteria	Proteobacteria	Gammaproteobacteria	Cellvibrionales	Halieaceae	Marimicrobium	OTU_1422
OTU_1423	Bacteria	Proteobacteria	Gammaproteobacteria	SAR86 clade	OTU_1423	OTU_1423	OTU_1423
OTU_1424	Bacteria	Bacteroidota	Bacteroidia	Flavobacteriales	Flavobacteriaceae	OTU_1424	OTU_1424
OTU_1425	Bacteria	Proteobacteria	Alphaproteobacteria	SAR11 clade	Clade II	OTU_1425	OTU_1425
OTU_1426	Bacteria	Proteobacteria	Alphaproteobacteria	Kordiimonadales	OTU_1426	OTU_1426	OTU_1426
OTU_1427	Bacteria	Proteobacteria	Alphaproteobacteria	Rhodobacterales	Rhodobacteraceae	OTU_1427	OTU_1427
OTU_1428	Bacteria	Proteobacteria	Gammaproteobacteria	Burkholderiales	Methylophilaceae	OM43 clade	OTU_1428
OTU_1429	Bacteria	Bacteroidota	Bacteroidia	Flavobacteriales	NS9 marine group	OTU_1429	OTU_1429
OTU_1430	Bacteria	Bacteroidota	Bacteroidia	Flavobacteriales	Flavobacteriaceae	OTU_1430	OTU_1430
OTU_1431	Bacteria	Proteobacteria	Alphaproteobacteria	Rickettsiales	Rickettsiaceae	Candidatus Cryptoprodotis	OTU_1431
OTU_1432	Bacteria	Bacteroidota	Bacteroidia	Bacteroidales	Marinifilaceae	Marinifilum	OTU_1432
OTU_1433	Bacteria	Proteobacteria	Gammaproteobacteria	Alteromonadales	Alteromonadaceae	Glaciecola	OTU_1433
OTU_1434	Bacteria	Proteobacteria	Alphaproteobacteria	Rhodobacterales	Rhodobacteraceae	OTU_1434	OTU_1434
OTU_1435	Bacteria	Proteobacteria	Alphaproteobacteria	Rhizobiales	Rhizobiaceae	Aureimonas	OTU_1435
OTU_1436	Bacteria	Proteobacteria	Gammaproteobacteria	Alteromonadales	Pseudoalteromonadaceae	Pseudoalteromonas	OTU_1436
OTU_1437	Bacteria	Proteobacteria	Alphaproteobacteria	Rhodobacterales	Rhodobacteraceae	Lentibacter	OTU_1437
OTU_1438	Bacteria	Proteobacteria	Gammaproteobacteria	Cellvibrionales	Halieaceae	Marimicrobium	OTU_1438
OTU_1439	Bacteria	Proteobacteria	Alphaproteobacteria	SAR11 clade	Clade IV	OTU_1439	OTU_1439
OTU_1440	Bacteria	Verrucomicrobiota	Lentisphaeria	Lentisphaerales	Lentisphaeraceae	Lentisphaera	OTU_1440
OTU_1441	Bacteria	Firmicutes	Bacilli	Lactobacillales	Lactobacillaceae	Lactobacillus	OTU_1441
OTU_1442	Bacteria	Proteobacteria	Gammaproteobacteria	OTU_1442	OTU_1442	OTU_1442	OTU_1442
OTU_1443	Bacteria	Proteobacteria	Gammaproteobacteria	OM182 clade	OTU_1443	OTU_1443	OTU_1443
OTU_1444	Bacteria	Actinobacteriota	Actinobacteria	Micrococcales	Microbacteriaceae	SV1-3	OTU_1444
OTU_1445	Bacteria	Firmicutes	Clostridia	Lachnospirales	Lachnospiraceae	Blautia	OTU_1445
OTU_1446	Bacteria	Proteobacteria	Gammaproteobacteria	OTU_1446	OTU_1446	OTU_1446	OTU_1446
OTU_1447	Bacteria	Proteobacteria	Alphaproteobacteria	Sphingomonadales	Sphingomonadaceae	Sphingobium	OTU_1447
OTU_1448	Bacteria	Bacteroidota	Bacteroidia	Flavobacteriales	Flavobacteriaceae	OTU_1448	OTU_1448
OTU_1449	Bacteria	Bacteroidota	Bacteroidia	Flavobacteriales	Flavobacteriaceae	OTU_1449	OTU_1449
OTU_1450	Bacteria	Firmicutes	Clostridia	Peptostreptococcales-Tissierellales	Peptostreptococcaceae	Romboutsia	OTU_1450
OTU_1451	Bacteria	Proteobacteria	Gammaproteobacteria	Thiomicrospirales	Thioglobaceae	IheB2-31	OTU_1451
OTU_1452	Bacteria	Cyanobacteria	Cyanobacteriia	Chloroplast	OTU_1452	OTU_1452	OTU_1452
OTU_1453	Bacteria	Bacteroidota	Bacteroidia	Flavobacteriales	Cryomorphaceae	Luteibaculum	OTU_1453
OTU_1454	Bacteria	Actinobacteriota	Actinobacteria	Actinomycetales	Actinomycetaceae	Actinomyces	gerencseriae
OTU_1455	Bacteria	Proteobacteria	Alphaproteobacteria	Rhodobacterales	Rhodobacteraceae	OTU_1455	OTU_1455
OTU_1456	Bacteria	Proteobacteria	Gammaproteobacteria	Burkholderiales	Methylophilaceae	OM43 clade	OTU_1456
OTU_1457	Bacteria	Bacteroidota	Bacteroidia	Flavobacteriales	Flavobacteriaceae	NS5 marine group	OTU_1457
OTU_1458	Bacteria	Proteobacteria	Gammaproteobacteria	Oceanospirillales	Nitrincolaceae	OTU_1458	OTU_1458
OTU_1459	Bacteria	Proteobacteria	Alphaproteobacteria	SAR11 clade	Clade I	Clade Ia	OTU_1459
OTU_1460	Bacteria	Proteobacteria	Gammaproteobacteria	Oceanospirillales	Saccharospirillaceae	OTU_1460	OTU_1460
OTU_1461	Bacteria	Proteobacteria	Alphaproteobacteria	Rhodobacterales	Rhodobacteraceae	OTU_1461	OTU_1461
OTU_1462	Bacteria	Firmicutes	Bacilli	Lactobacillales	Leuconostocaceae	Leuconostoc	OTU_1462
OTU_1463	Bacteria	Bacteroidota	Bacteroidia	Flavobacteriales	Flavobacteriaceae	NS4 marine group	OTU_1463
OTU_1464	Bacteria	Bacteroidota	Bacteroidia	Flavobacteriales	Flavobacteriaceae	NS4 marine group	OTU_1464
OTU_1465	Bacteria	Proteobacteria	Gammaproteobacteria	Cellvibrionales	Halieaceae	Marimicrobium	OTU_1465
OTU_1466	Bacteria	Proteobacteria	Gammaproteobacteria	Cellvibrionales	Porticoccaceae	SAR92 clade	OTU_1466
OTU_1467	Bacteria	Bacteroidota	Bacteroidia	Flavobacteriales	Flavobacteriaceae	Flavobacterium	OTU_1467
OTU_1468	Bacteria	Bacteroidota	Bacteroidia	Flavobacteriales	Cryomorphaceae	OTU_1468	OTU_1468
OTU_1469	Bacteria	Bacteroidota	Bacteroidia	Flavobacteriales	Flavobacteriaceae	OTU_1469	OTU_1469
OTU_1470	Bacteria	Bacteroidota	Bacteroidia	Flavobacteriales	Flavobacteriaceae	OTU_1470	OTU_1470
OTU_1471	Bacteria	Proteobacteria	Gammaproteobacteria	Thiotrichales	Thiotrichaceae	Leucothrix	OTU_1471
OTU_1472	Bacteria	Bacteroidota	Bacteroidia	Flavobacteriales	Crocinitomicaceae	Fluviicola	OTU_1472
OTU_1473	Bacteria	Bacteroidota	Bacteroidia	Flavobacteriales	Cryomorphaceae	OTU_1473	OTU_1473
OTU_1474	Bacteria	Bacteroidota	Bacteroidia	Flavobacteriales	Flavobacteriaceae	Hanstruepera	OTU_1474
OTU_1475	Bacteria	Proteobacteria	Gammaproteobacteria	Coxiellales	Coxiellaceae	Coxiella	OTU_1475
OTU_1476	Bacteria	Proteobacteria	Alphaproteobacteria	Rhodobacterales	Rhodobacteraceae	OTU_1476	OTU_1476
OTU_1477	Bacteria	Bacteroidota	Bacteroidia	Flavobacteriales	Flavobacteriaceae	OTU_1477	OTU_1477
OTU_1478	Bacteria	Acidobacteriota	Vicinamibacteria	Vicinamibacterales	OTU_1478	OTU_1478	OTU_1478
OTU_1479	Bacteria	Bacteroidota	Bacteroidia	Flavobacteriales	Flavobacteriaceae	OTU_1479	OTU_1479
OTU_1480	Bacteria	Bacteroidota	Bacteroidia	Flavobacteriales	Flavobacteriaceae	Ichthyenterobacterium	OTU_1480
OTU_1481	Bacteria	Bacteroidota	Bacteroidia	Flavobacteriales	Flavobacteriaceae	NS4 marine group	OTU_1481
OTU_1482	Bacteria	Proteobacteria	Gammaproteobacteria	Nitrosococcales	Methylophagaceae	Marine Methylotrophic Group 3	OTU_1482
OTU_1483	Bacteria	Proteobacteria	Gammaproteobacteria	Oceanospirillales	Saccharospirillaceae	OTU_1483	OTU_1483
OTU_1484	Bacteria	Bacteroidota	Bacteroidia	Flavobacteriales	Flavobacteriaceae	Aurantivirga	OTU_1484
OTU_1485	Bacteria	Proteobacteria	Gammaproteobacteria	OTU_1485	OTU_1485	OTU_1485	OTU_1485
OTU_1486	Bacteria	Bacteroidota	Bacteroidia	Flavobacteriales	Cryomorphaceae	OTU_1486	OTU_1486
OTU_1487	Bacteria	Firmicutes	Clostridia	Oscillospirales	Oscillospiraceae	UCG-005	OTU_1487
OTU_1488	Bacteria	Proteobacteria	Alphaproteobacteria	Rhodobacterales	Rhodobacteraceae	OTU_1488	OTU_1488
OTU_1489	Bacteria	Proteobacteria	Alphaproteobacteria	Rhodobacterales	Rhodobacteraceae	OTU_1489	OTU_1489
OTU_1490	Bacteria	Bdellovibrionota	Bdellovibrionia	Bdellovibrionales	Bdellovibrionaceae	OM27 clade	OTU_1490
OTU_1491	Bacteria	Proteobacteria	Alphaproteobacteria	SAR11 clade	Clade I	Clade Ia	OTU_1491
OTU_1492	Bacteria	Proteobacteria	Gammaproteobacteria	Cellvibrionales	Halieaceae	Marimicrobium	OTU_1492
OTU_1493	Bacteria	Bacteroidota	Bacteroidia	Flavobacteriales	Flavobacteriaceae	Sediminicola	OTU_1493
OTU_1494	Bacteria	Bacteroidota	Bacteroidia	Flavobacteriales	Flavobacteriaceae	OTU_1494	OTU_1494
OTU_1495	Bacteria	Proteobacteria	Gammaproteobacteria	Cellvibrionales	Halieaceae	OM60(NOR5) clade	OTU_1495
OTU_1496	Bacteria	Proteobacteria	Gammaproteobacteria	OTU_1496	OTU_1496	OTU_1496	OTU_1496
OTU_1497	Bacteria	Proteobacteria	Alphaproteobacteria	Rhodobacterales	Rhodobacteraceae	Flavimaricola	OTU_1497
OTU_1498	Bacteria	Proteobacteria	Alphaproteobacteria	Rhodospirillales	AEGEAN-169 marine group	OTU_1498	OTU_1498
OTU_1499	Bacteria	Proteobacteria	Gammaproteobacteria	SAR86 clade	OTU_1499	OTU_1499	OTU_1499
OTU_1500	Bacteria	Bacteroidota	Bacteroidia	Bacteroidales	Bacteroidaceae	Bacteroides	fragilis
OTU_1501	Bacteria	Proteobacteria	Gammaproteobacteria	Oceanospirillales	Nitrincolaceae	OTU_1501	OTU_1501
OTU_1502	Bacteria	Actinobacteriota	Actinobacteria	Micrococcales	Microbacteriaceae	SV1-3	OTU_1502
OTU_1503	Bacteria	Actinobacteriota	Actinobacteria	Micrococcales	Micrococcaceae	Rothia	OTU_1503
OTU_1504	Bacteria	Bacteroidota	Bacteroidia	Flavobacteriales	Flavobacteriaceae	Gilvibacter	OTU_1504
OTU_1505	Bacteria	Bacteroidota	Bacteroidia	Chitinophagales	Saprospiraceae	OTU_1505	OTU_1505
OTU_1506	Bacteria	Bacteroidota	Bacteroidia	Flavobacteriales	Flavobacteriaceae	Gillisia	OTU_1506
OTU_1507	Bacteria	Bacteroidota	Bacteroidia	Flavobacteriales	NS9 marine group	OTU_1507	OTU_1507
OTU_1508	Bacteria	Proteobacteria	Gammaproteobacteria	Cellvibrionales	Halieaceae	OTU_1508	OTU_1508
OTU_1509	Bacteria	Proteobacteria	Gammaproteobacteria	Burkholderiales	Methylophilaceae	OM43 clade	OTU_1509
OTU_1510	Bacteria	Firmicutes	Clostridia	Peptostreptococcales-Tissierellales	Fenollaria	OTU_1510	OTU_1510
OTU_1511	Bacteria	Proteobacteria	Gammaproteobacteria	Oceanospirillales	Nitrincolaceae	OTU_1511	OTU_1511
OTU_1512	Bacteria	Proteobacteria	Gammaproteobacteria	Burkholderiales	Alcaligenaceae	Ampullimonas	OTU_1512
OTU_1513	Bacteria	Proteobacteria	Alphaproteobacteria	Rhizobiales	Rhizobiaceae	Lentilitoribacter	OTU_1513
OTU_1514	Bacteria	Bacteroidota	Bacteroidia	Flavobacteriales	Flavobacteriaceae	Bizionia	berychis
OTU_1515	Bacteria	Proteobacteria	Gammaproteobacteria	OTU_1515	OTU_1515	OTU_1515	OTU_1515
OTU_1516	Bacteria	Proteobacteria	Gammaproteobacteria	Coxiellales	Coxiellaceae	Coxiella	OTU_1516
OTU_1517	Bacteria	Bacteroidota	Bacteroidia	Flavobacteriales	Cryomorphaceae	OTU_1517	OTU_1517
OTU_1518	Bacteria	Bacteroidota	Bacteroidia	Flavobacteriales	NS9 marine group	OTU_1518	OTU_1518
OTU_1519	Bacteria	Bacteroidota	Bacteroidia	Flavobacteriales	NS7 marine group	OTU_1519	OTU_1519
OTU_1520	Bacteria	Bacteroidota	Bacteroidia	Flavobacteriales	Flavobacteriaceae	OTU_1520	OTU_1520
OTU_1521	Bacteria	Proteobacteria	Gammaproteobacteria	SAR86 clade	OTU_1521	OTU_1521	OTU_1521
OTU_1522	Bacteria	Proteobacteria	Gammaproteobacteria	SAR86 clade	OTU_1522	OTU_1522	OTU_1522
OTU_1523	Bacteria	Bacteroidota	Bacteroidia	Sphingobacteriales	Sphingobacteriaceae	OTU_1523	OTU_1523
OTU_1524	Bacteria	Bacteroidota	Bacteroidia	Flavobacteriales	Flavobacteriaceae	Polaribacter	OTU_1524
OTU_1525	Bacteria	Bacteroidota	Bacteroidia	Flavobacteriales	Flavobacteriaceae	NS5 marine group	OTU_1525
OTU_1526	Bacteria	Proteobacteria	Gammaproteobacteria	Burkholderiales	Methylophilaceae	OM43 clade	OTU_1526
OTU_1527	Bacteria	Bacteroidota	Bacteroidia	Flavobacteriales	Flavobacteriaceae	Aurantivirga	OTU_1527
OTU_1528	Bacteria	Bacteroidota	Bacteroidia	Flavobacteriales	Flavobacteriaceae	OTU_1528	OTU_1528
OTU_1529	Bacteria	Bacteroidota	Bacteroidia	Chitinophagales	Saprospiraceae	Aureispira	OTU_1529
OTU_1530	Archaea	Thermoplasmatota	Thermoplasmata	Marine Group II	OTU_1530	OTU_1530	OTU_1530
OTU_1531	Bacteria	Bacteroidota	Bacteroidia	Flavobacteriales	Flavobacteriaceae	Flavicella	OTU_1531
OTU_1532	Bacteria	Bacteroidota	Bacteroidia	Flavobacteriales	Flavobacteriaceae	Dokdonia	OTU_1532
OTU_1533	Bacteria	Proteobacteria	Gammaproteobacteria	UBA10353 marine group	OTU_1533	OTU_1533	OTU_1533
OTU_1534	Bacteria	Bacteroidota	Bacteroidia	Flavobacteriales	Flavobacteriaceae	NS4 marine group	OTU_1534
OTU_1535	Bacteria	Proteobacteria	Alphaproteobacteria	Rhodobacterales	Rhodobacteraceae	OTU_1535	OTU_1535
OTU_1536	Bacteria	Bacteroidota	Bacteroidia	Flavobacteriales	Flavobacteriaceae	NS5 marine group	OTU_1536
OTU_1537	Bacteria	Proteobacteria	Alphaproteobacteria	Rhodospirillales	AEGEAN-169 marine group	OTU_1537	OTU_1537
OTU_1538	Bacteria	Bacteroidota	Bacteroidia	Flavobacteriales	Flavobacteriaceae	NS4 marine group	OTU_1538
OTU_1539	Bacteria	Bacteroidota	Bacteroidia	Flavobacteriales	Crocinitomicaceae	OTU_1539	OTU_1539
OTU_1540	Bacteria	Proteobacteria	Gammaproteobacteria	Pseudomonadales	Moraxellaceae	Acinetobacter	OTU_1540
OTU_1541	Bacteria	Proteobacteria	Alphaproteobacteria	Rhizobiales	Xanthobacteraceae	Rhodopseudomonas	OTU_1541
OTU_1542	Bacteria	Proteobacteria	Alphaproteobacteria	Rhodobacterales	Rhodobacteraceae	OTU_1542	OTU_1542
OTU_1543	Bacteria	Desulfobacterota	Desulfuromonadia	Bradymonadales	OTU_1543	OTU_1543	OTU_1543
OTU_1544	Bacteria	Proteobacteria	Alphaproteobacteria	Rhizobiales	Devosiaceae	Devosia	limi
OTU_1545	Bacteria	Proteobacteria	Gammaproteobacteria	SAR86 clade	OTU_1545	OTU_1545	OTU_1545
OTU_1546	Bacteria	Proteobacteria	Gammaproteobacteria	Oceanospirillales	Pseudohongiellaceae	Pseudohongiella	OTU_1546
OTU_1547	Bacteria	Bacteroidota	Bacteroidia	Flavobacteriales	Flavobacteriaceae	NS3a marine group	OTU_1547
OTU_1548	Bacteria	Bacteroidota	Bacteroidia	Flavobacteriales	Flavobacteriaceae	Psychroserpens	OTU_1548
OTU_1549	Bacteria	Actinobacteriota	Actinobacteria	Micrococcales	Microbacteriaceae	Luethyella	OTU_1549
OTU_1550	Bacteria	Cyanobacteria	Cyanobacteriia	Chloroplast	OTU_1550	OTU_1550	OTU_1550
OTU_1551	Bacteria	Campilobacterota	Campylobacteria	Campylobacterales	Arcobacteraceae	OTU_1551	OTU_1551
OTU_1552	Bacteria	Proteobacteria	Gammaproteobacteria	Cellvibrionales	OTU_1552	OTU_1552	OTU_1552
OTU_1553	Bacteria	Proteobacteria	Gammaproteobacteria	Burkholderiales	Methylophilaceae	OM43 clade	OTU_1553
OTU_1554	Bacteria	Bacteroidota	Bacteroidia	Flavobacteriales	Flavobacteriaceae	Ulvibacter	OTU_1554
OTU_1555	Bacteria	Bacteroidota	Bacteroidia	Flavobacteriales	Flavobacteriaceae	Aurantivirga	OTU_1555
OTU_1556	Bacteria	Bacteroidota	Bacteroidia	Flavobacteriales	Flavobacteriaceae	OTU_1556	OTU_1556
OTU_1557	Bacteria	Proteobacteria	Gammaproteobacteria	SAR86 clade	OTU_1557	OTU_1557	OTU_1557
OTU_1558	Bacteria	Proteobacteria	Gammaproteobacteria	OTU_1558	OTU_1558	OTU_1558	OTU_1558
OTU_1559	Bacteria	Proteobacteria	Gammaproteobacteria	Burkholderiales	Neisseriaceae	OTU_1559	OTU_1559
OTU_1560	Bacteria	Proteobacteria	Alphaproteobacteria	Rhodobacterales	Rhodobacteraceae	OTU_1560	OTU_1560
OTU_1561	Bacteria	Proteobacteria	Gammaproteobacteria	OTU_1561	OTU_1561	OTU_1561	OTU_1561
OTU_1562	Bacteria	Bacteroidota	Bacteroidia	Flavobacteriales	NS9 marine group	OTU_1562	OTU_1562
OTU_1563	Bacteria	Proteobacteria	Gammaproteobacteria	SAR86 clade	OTU_1563	OTU_1563	OTU_1563
OTU_1564	Bacteria	Bacteroidota	Bacteroidia	Flavobacteriales	Flavobacteriaceae	Gilvibacter	OTU_1564
OTU_1565	Bacteria	Proteobacteria	Gammaproteobacteria	Oceanospirillales	Pseudohongiellaceae	Pseudohongiella	OTU_1565
OTU_1566	Bacteria	Proteobacteria	Gammaproteobacteria	OTU_1566	OTU_1566	OTU_1566	OTU_1566
OTU_1567	Bacteria	Proteobacteria	Gammaproteobacteria	Alteromonadales	Alteromonadaceae	Salinimonas	OTU_1567
OTU_1568	Bacteria	Actinobacteriota	Acidimicrobiia	Microtrichales	Ilumatobacteraceae	Ilumatobacter	OTU_1568
OTU_1569	Bacteria	Bacteroidota	Bacteroidia	Flavobacteriales	Flavobacteriaceae	OTU_1569	OTU_1569
OTU_1570	Bacteria	Proteobacteria	Gammaproteobacteria	Burkholderiales	OTU_1570	OTU_1570	OTU_1570
OTU_1571	Bacteria	Proteobacteria	Gammaproteobacteria	Oceanospirillales	Pseudohongiellaceae	Pseudohongiella	OTU_1571
OTU_1572	Bacteria	Proteobacteria	Gammaproteobacteria	Oceanospirillales	Nitrincolaceae	OTU_1572	OTU_1572
OTU_1573	Bacteria	Proteobacteria	Alphaproteobacteria	Rhodobacterales	Rhodobacteraceae	OTU_1573	OTU_1573
OTU_1574	Bacteria	Proteobacteria	Gammaproteobacteria	Cellvibrionales	Halieaceae	Marimicrobium	OTU_1574
OTU_1575	Bacteria	Cyanobacteria	Cyanobacteriia	Chloroplast	OTU_1575	OTU_1575	OTU_1575
OTU_1576	Bacteria	Proteobacteria	Alphaproteobacteria	Rhodobacterales	Rhodobacteraceae	OTU_1576	OTU_1576
OTU_1577	Bacteria	Bacteroidota	Bacteroidia	Cytophagales	Cyclobacteriaceae	Algoriphagus	OTU_1577
OTU_1578	Bacteria	Firmicutes	Negativicutes	Veillonellales-Selenomonadales	Veillonellaceae	Dialister	OTU_1578
OTU_1579	Bacteria	Proteobacteria	Gammaproteobacteria	Burkholderiales	OTU_1579	OTU_1579	OTU_1579
OTU_1580	Bacteria	Proteobacteria	Gammaproteobacteria	OTU_1580	OTU_1580	OTU_1580	OTU_1580
OTU_1581	Bacteria	Bacteroidota	Bacteroidia	Flavobacteriales	Crocinitomicaceae	Fluviicola	OTU_1581
OTU_1582	Bacteria	Actinobacteriota	Acidimicrobiia	Microtrichales	Ilumatobacteraceae	Ilumatobacter	OTU_1582
OTU_1583	Bacteria	Bacteroidota	Bacteroidia	Flavobacteriales	Flavobacteriaceae	Lacinutrix	OTU_1583
OTU_1584	Bacteria	Proteobacteria	Alphaproteobacteria	OTU_1584	OTU_1584	OTU_1584	OTU_1584
OTU_1585	Bacteria	Proteobacteria	Alphaproteobacteria	Rhodobacterales	Rhodobacteraceae	OTU_1585	OTU_1585
OTU_1586	Bacteria	Proteobacteria	Gammaproteobacteria	Oceanospirillales	Marinomonadaceae	Marinomonas	OTU_1586
OTU_1587	Bacteria	Proteobacteria	Gammaproteobacteria	Cellvibrionales	Halieaceae	Marimicrobium	OTU_1587
OTU_1588	Bacteria	Verrucomicrobiota	Verrucomicrobiae	Verrucomicrobiales	DEV007	OTU_1588	OTU_1588
OTU_1589	Bacteria	Proteobacteria	Gammaproteobacteria	Pseudomonadales	Pseudomonadaceae	Pseudomonas	OTU_1589
OTU_1590	Bacteria	Bacteroidota	Bacteroidia	Bacteroidales	Prevotellaceae	Alloprevotella	OTU_1590
OTU_1591	Bacteria	Proteobacteria	Alphaproteobacteria	SAR11 clade	Clade I	Clade Ia	OTU_1591
OTU_1592	Bacteria	Proteobacteria	Gammaproteobacteria	Cellvibrionales	Halieaceae	OTU_1592	OTU_1592
OTU_1593	Bacteria	Bacteroidota	Bacteroidia	Flavobacteriales	Flavobacteriaceae	OTU_1593	OTU_1593
OTU_1594	Bacteria	Proteobacteria	Gammaproteobacteria	Cellvibrionales	Halieaceae	Marimicrobium	OTU_1594
OTU_1595	Bacteria	Proteobacteria	Gammaproteobacteria	Cellvibrionales	Halieaceae	Luminiphilus	OTU_1595
OTU_1596	Bacteria	Campilobacterota	Campylobacteria	Campylobacterales	Arcobacteraceae	OTU_1596	OTU_1596
OTU_1597	Bacteria	Bacteroidota	Bacteroidia	Flavobacteriales	Flavobacteriaceae	OTU_1597	OTU_1597
OTU_1598	Bacteria	Proteobacteria	Alphaproteobacteria	Rhodobacterales	Rhodobacteraceae	Vadicella	OTU_1598
OTU_1599	Bacteria	Actinobacteriota	Actinobacteria	Micrococcales	Microbacteriaceae	SV1-3	OTU_1599
OTU_1600	Bacteria	Bacteroidota	Bacteroidia	Flavobacteriales	NS7 marine group	OTU_1600	OTU_1600
OTU_1601	Bacteria	Bacteroidota	Bacteroidia	Flavobacteriales	Flavobacteriaceae	Ulvibacter	OTU_1601
OTU_1602	Bacteria	Proteobacteria	Gammaproteobacteria	Thiomicrospirales	Thioglobaceae	IheB2-31	OTU_1602
OTU_1603	Bacteria	Proteobacteria	Gammaproteobacteria	Oceanospirillales	Saccharospirillaceae	Oleispira	OTU_1603
OTU_1604	Bacteria	Cyanobacteria	Cyanobacteriia	Chloroplast	OTU_1604	OTU_1604	OTU_1604
OTU_1605	Bacteria	Proteobacteria	Alphaproteobacteria	Acetobacterales	Acetobacteraceae	Roseococcus	OTU_1605
OTU_1606	Bacteria	Proteobacteria	Gammaproteobacteria	Oceanospirillales	Litoricolaceae	Litoricola	OTU_1606
OTU_1607	Bacteria	Bacteroidota	Bacteroidia	Flavobacteriales	Flavobacteriaceae	Aurantivirga	OTU_1607
OTU_1608	Bacteria	Bacteroidota	Bacteroidia	Flavobacteriales	Crocinitomicaceae	OTU_1608	OTU_1608
OTU_1609	Bacteria	Bacteroidota	Bacteroidia	Flavobacteriales	Flavobacteriaceae	OTU_1609	OTU_1609
OTU_1610	Bacteria	Bacteroidota	Bacteroidia	Flavobacteriales	Flavobacteriaceae	OTU_1610	OTU_1610
OTU_1611	Bacteria	Proteobacteria	Gammaproteobacteria	OTU_1611	OTU_1611	OTU_1611	OTU_1611
OTU_1612	Bacteria	Proteobacteria	Gammaproteobacteria	Alteromonadales	Alteromonadaceae	Pseudobowmanella	OTU_1612
OTU_1613	Bacteria	Proteobacteria	Alphaproteobacteria	Rhodobacterales	Rhodobacteraceae	OTU_1613	OTU_1613
OTU_1614	Bacteria	Actinobacteriota	Actinobacteria	Micrococcales	Microbacteriaceae	Candidatus Aquiluna	OTU_1614
OTU_1615	Bacteria	Bacteroidota	Bacteroidia	Cytophagales	Cyclobacteriaceae	Marinoscillum	OTU_1615
OTU_1616	Bacteria	Proteobacteria	Gammaproteobacteria	Burkholderiales	Methylophilaceae	OM43 clade	OTU_1616
OTU_1617	Bacteria	Cyanobacteria	Cyanobacteriia	Chloroplast	OTU_1617	OTU_1617	OTU_1617
OTU_1618	Bacteria	Proteobacteria	Gammaproteobacteria	Cellvibrionales	Spongiibacteraceae	Sinobacterium	OTU_1618
OTU_1619	Bacteria	Bacteroidota	Bacteroidia	Flavobacteriales	Flavobacteriaceae	NS4 marine group	OTU_1619
OTU_1620	Bacteria	Proteobacteria	Gammaproteobacteria	Cellvibrionales	Halieaceae	Marimicrobium	OTU_1620
OTU_1621	Bacteria	Bacteroidota	Bacteroidia	Flavobacteriales	Cryomorphaceae	NS10 marine group	OTU_1621
OTU_1622	Bacteria	Firmicutes	Clostridia	Lachnospirales	Lachnospiraceae	Coprococcus	eutactus
OTU_1623	Bacteria	Proteobacteria	Alphaproteobacteria	Sphingomonadales	Sphingomonadaceae	Rhizorhapis	OTU_1623
OTU_1624	Bacteria	Bacteroidota	Bacteroidia	Flavobacteriales	Crocinitomicaceae	OTU_1624	OTU_1624
OTU_1625	Bacteria	Proteobacteria	Alphaproteobacteria	Rhodobacterales	Rhodobacteraceae	Pelagimonas	OTU_1625
OTU_1626	Bacteria	Proteobacteria	Alphaproteobacteria	OTU_1626	OTU_1626	OTU_1626	OTU_1626
OTU_1627	Bacteria	Cyanobacteria	Cyanobacteriia	Chloroplast	OTU_1627	OTU_1627	OTU_1627
OTU_1628	Bacteria	Bacteroidota	Bacteroidia	Flavobacteriales	Flavobacteriaceae	NS5 marine group	OTU_1628
OTU_1629	Bacteria	Verrucomicrobiota	Verrucomicrobiae	Verrucomicrobiales	OTU_1629	OTU_1629	OTU_1629
OTU_1630	Bacteria	Verrucomicrobiota	Verrucomicrobiae	Verrucomicrobiales	Rubritaleaceae	Roseibacillus	OTU_1630
OTU_1631	Bacteria	Bacteroidota	Bacteroidia	Flavobacteriales	Crocinitomicaceae	Crocinitomix	OTU_1631
OTU_1632	Bacteria	Firmicutes	Bacilli	Staphylococcales	Gemellaceae	Gemella	parahaemolysans
OTU_1633	Bacteria	Proteobacteria	Alphaproteobacteria	Rhodobacterales	Rhodobacteraceae	OTU_1633	OTU_1633
OTU_1634	Bacteria	Proteobacteria	Alphaproteobacteria	Rickettsiales	Rickettsiaceae	Candidatus Trichorickettsia	OTU_1634
OTU_1635	Bacteria	Bacteroidota	Bacteroidia	Flavobacteriales	Flavobacteriaceae	OTU_1635	OTU_1635
OTU_1636	Bacteria	Patescibacteria	Gracilibacteria	OTU_1636	OTU_1636	OTU_1636	OTU_1636
OTU_1637	Bacteria	Proteobacteria	Alphaproteobacteria	Rickettsiales	OTU_1637	OTU_1637	OTU_1637
OTU_1638	Bacteria	Proteobacteria	Gammaproteobacteria	Oceanospirillales	Nitrincolaceae	OTU_1638	OTU_1638
OTU_1639	Bacteria	Firmicutes	Bacilli	Bacillales	Bacillaceae	Oceanobacillus	OTU_1639
OTU_1640	Bacteria	Proteobacteria	Alphaproteobacteria	SAR11 clade	Clade I	OTU_1640	OTU_1640
OTU_1641	Bacteria	Bacteroidota	Bacteroidia	Flavobacteriales	Flavobacteriaceae	OTU_1641	OTU_1641
OTU_1642	Bacteria	Proteobacteria	Alphaproteobacteria	SAR11 clade	OTU_1642	OTU_1642	OTU_1642
OTU_1643	Bacteria	Firmicutes	Clostridia	Lachnospirales	Lachnospiraceae	Lachnospiraceae NK4A136 group	OTU_1643
OTU_1644	Bacteria	Actinobacteriota	Actinobacteria	Micrococcales	Cellulomonadaceae	OTU_1644	OTU_1644
OTU_1645	Bacteria	Proteobacteria	Gammaproteobacteria	OTU_1645	OTU_1645	OTU_1645	OTU_1645
OTU_1646	Bacteria	Proteobacteria	Gammaproteobacteria	OM182 clade	OTU_1646	OTU_1646	OTU_1646
OTU_1647	Bacteria	Bacteroidota	Bacteroidia	Sphingobacteriales	NS11-12 marine group	OTU_1647	OTU_1647
OTU_1648	Bacteria	Proteobacteria	Gammaproteobacteria	Alteromonadales	Colwelliaceae	OTU_1648	OTU_1648
OTU_1649	Bacteria	Proteobacteria	Gammaproteobacteria	Oceanospirillales	Saccharospirillaceae	OTU_1649	OTU_1649
OTU_1650	Bacteria	Proteobacteria	Gammaproteobacteria	Thiomicrospirales	Thioglobaceae	SUP05 cluster	OTU_1650
OTU_1651	Bacteria	Proteobacteria	Gammaproteobacteria	Francisellales	Francisellaceae	Francisella	OTU_1651
OTU_1652	Bacteria	Firmicutes	Bacilli	Lactobacillales	Lactobacillaceae	Lactobacillus	curvatus
OTU_1653	Bacteria	Cyanobacteria	Cyanobacteriia	Chloroplast	OTU_1653	OTU_1653	OTU_1653
OTU_1654	Bacteria	Proteobacteria	Gammaproteobacteria	Alteromonadales	Marinobacteraceae	Marinobacter	OTU_1654
OTU_1655	Bacteria	Bacteroidota	Bacteroidia	Flavobacteriales	Flavobacteriaceae	Polaribacter	OTU_1655
OTU_1656	Bacteria	Proteobacteria	Gammaproteobacteria	Cellvibrionales	OTU_1656	OTU_1656	OTU_1656
OTU_1657	Bacteria	Proteobacteria	Alphaproteobacteria	Kordiimonadales	OTU_1657	OTU_1657	OTU_1657
OTU_1658	Bacteria	Firmicutes	Bacilli	Lactobacillales	Streptococcaceae	Lactococcus	OTU_1658
OTU_1659	Bacteria	Cyanobacteria	Cyanobacteriia	Chloroplast	OTU_1659	OTU_1659	OTU_1659
OTU_1660	Bacteria	Proteobacteria	Alphaproteobacteria	SAR11 clade	Clade I	OTU_1660	OTU_1660
OTU_1661	Bacteria	Bacteroidota	Bacteroidia	Flavobacteriales	Flavobacteriaceae	OTU_1661	OTU_1661
OTU_1662	Bacteria	Proteobacteria	Gammaproteobacteria	OTU_1662	OTU_1662	OTU_1662	OTU_1662
OTU_1663	Bacteria	Proteobacteria	Gammaproteobacteria	Alteromonadales	Pseudoalteromonadaceae	Pseudoalteromonas	OTU_1663
OTU_1664	Bacteria	Proteobacteria	Alphaproteobacteria	Rickettsiales	Mitochondria	OTU_1664	OTU_1664
OTU_1665	Bacteria	Proteobacteria	Alphaproteobacteria	Rhodobacterales	Rhodobacteraceae	OTU_1665	OTU_1665
OTU_1666	Bacteria	Proteobacteria	Alphaproteobacteria	Rhodobacterales	Rhodobacteraceae	Sedimentitalea	OTU_1666
OTU_1667	Bacteria	Proteobacteria	Alphaproteobacteria	SAR11 clade	Clade I	OTU_1667	OTU_1667
OTU_1668	Bacteria	Proteobacteria	Alphaproteobacteria	Puniceispirillales	SAR116 clade	OTU_1668	OTU_1668
OTU_1669	Bacteria	Proteobacteria	Gammaproteobacteria	Burkholderiales	Comamonadaceae	Xylophilus	OTU_1669
OTU_1670	Bacteria	Actinobacteriota	Actinobacteria	OTU_1670	OTU_1670	OTU_1670	OTU_1670
OTU_1671	Bacteria	Firmicutes	Bacilli	Lactobacillales	Streptococcaceae	Streptococcus	OTU_1671
OTU_1672	Bacteria	Proteobacteria	Gammaproteobacteria	Oceanospirillales	Nitrincolaceae	OTU_1672	OTU_1672
OTU_1673	Bacteria	Proteobacteria	Gammaproteobacteria	OTU_1673	OTU_1673	OTU_1673	OTU_1673
OTU_1674	Bacteria	Proteobacteria	Gammaproteobacteria	SAR86 clade	OTU_1674	OTU_1674	OTU_1674
OTU_1675	Bacteria	Cyanobacteria	Cyanobacteriia	Chloroplast	OTU_1675	OTU_1675	OTU_1675
OTU_1676	Bacteria	Proteobacteria	Gammaproteobacteria	SAR86 clade	OTU_1676	OTU_1676	OTU_1676
OTU_1677	Bacteria	Proteobacteria	Gammaproteobacteria	SAR86 clade	OTU_1677	OTU_1677	OTU_1677
OTU_1678	Bacteria	Proteobacteria	Gammaproteobacteria	Alteromonadales	Colwelliaceae	Colwellia	OTU_1678
OTU_1679	Bacteria	Cyanobacteria	Cyanobacteriia	Chloroplast	OTU_1679	OTU_1679	OTU_1679
OTU_1680	Bacteria	Bacteroidota	Bacteroidia	Flavobacteriales	Flavobacteriaceae	Aureisphaera	OTU_1680
OTU_1681	Bacteria	Proteobacteria	Alphaproteobacteria	Rhodobacterales	Rhodobacteraceae	OTU_1681	OTU_1681
OTU_1682	Bacteria	Cyanobacteria	Cyanobacteriia	Chloroplast	OTU_1682	OTU_1682	OTU_1682
OTU_1683	Bacteria	Proteobacteria	Alphaproteobacteria	Rhodobacterales	Rhodobacteraceae	Pseudorhodobacter	OTU_1683
OTU_1684	Bacteria	Proteobacteria	Gammaproteobacteria	Burkholderiales	Oxalobacteraceae	Actimicrobium	OTU_1684
OTU_1685	Bacteria	Bdellovibrionota	Bdellovibrionia	Bdellovibrionales	Bdellovibrionaceae	OM27 clade	OTU_1685
OTU_1686	Bacteria	Bacteroidota	Bacteroidia	Flavobacteriales	Flavobacteriaceae	OTU_1686	OTU_1686
OTU_1687	Bacteria	Bacteroidota	Bacteroidia	Flavobacteriales	Flavobacteriaceae	Polaribacter	OTU_1687
OTU_1688	Bacteria	Bacteroidota	Bacteroidia	Flavobacteriales	Flavobacteriaceae	Hanstruepera	OTU_1688
OTU_1689	Bacteria	Bacteroidota	Bacteroidia	Flavobacteriales	Flavobacteriaceae	OTU_1689	OTU_1689
OTU_1690	Bacteria	OTU_1690	OTU_1690	OTU_1690	OTU_1690	OTU_1690	OTU_1690
OTU_1691	Bacteria	Proteobacteria	Gammaproteobacteria	Thiomicrospirales	Thioglobaceae	IheB2-31	OTU_1691
OTU_1692	Bacteria	Bacteroidota	Bacteroidia	Bacteroidales	Bacteroidaceae	Bacteroides	OTU_1692
OTU_1693	Bacteria	Proteobacteria	Gammaproteobacteria	Cellvibrionales	Halieaceae	OM60(NOR5) clade	OTU_1693
OTU_1694	Bacteria	Bacteroidota	Bacteroidia	Flavobacteriales	OTU_1694	OTU_1694	OTU_1694
OTU_1695	Bacteria	Verrucomicrobiota	Verrucomicrobiae	Opitutales	Puniceicoccaceae	Verruc-01	OTU_1695
OTU_1696	Bacteria	Proteobacteria	Alphaproteobacteria	Rhodobacterales	Rhodobacteraceae	OTU_1696	OTU_1696
OTU_1697	Bacteria	Proteobacteria	Gammaproteobacteria	Pasteurellales	Pasteurellaceae	Haemophilus	parainfluenzae
OTU_1698	Bacteria	Bacteroidota	Bacteroidia	OTU_1698	OTU_1698	OTU_1698	OTU_1698
OTU_1699	Bacteria	Proteobacteria	Gammaproteobacteria	Alteromonadales	Alteromonadaceae	Alteromonas	OTU_1699
OTU_1700	Bacteria	Proteobacteria	Alphaproteobacteria	Rickettsiales	Mitochondria	OTU_1700	OTU_1700
OTU_1701	Bacteria	Actinobacteriota	Acidimicrobiia	Microtrichales	Microtrichaceae	OTU_1701	OTU_1701
OTU_1702	Bacteria	Proteobacteria	Gammaproteobacteria	Vibrionales	Vibrionaceae	Candidatus Photodesmus	OTU_1702
OTU_1703	Bacteria	Bacteroidota	Bacteroidia	Flavobacteriales	NS9 marine group	OTU_1703	OTU_1703
OTU_1704	Bacteria	Bacteroidota	Bacteroidia	Flavobacteriales	Flavobacteriaceae	Dokdonia	OTU_1704
OTU_1705	Bacteria	Bacteroidota	Bacteroidia	Chitinophagales	Saprospiraceae	Lewinella	OTU_1705
OTU_1706	Bacteria	Bacteroidota	Bacteroidia	Flavobacteriales	Flavobacteriaceae	OTU_1706	OTU_1706
OTU_1707	Bacteria	Proteobacteria	Gammaproteobacteria	Alteromonadales	Colwelliaceae	Colwellia	OTU_1707
OTU_1708	Bacteria	Proteobacteria	Gammaproteobacteria	Cellvibrionales	Porticoccaceae	C1-B045	OTU_1708
OTU_1709	Bacteria	Proteobacteria	Alphaproteobacteria	Sphingomonadales	Sphingomonadaceae	Altererythrobacter	OTU_1709
OTU_1710	Bacteria	Bacteroidota	Bacteroidia	Flavobacteriales	Cryomorphaceae	OTU_1710	OTU_1710
OTU_1711	Bacteria	Proteobacteria	Gammaproteobacteria	Burkholderiales	Comamonadaceae	Aquabacterium	commune
OTU_1712	Bacteria	Bacteroidota	Bacteroidia	Flavobacteriales	Flavobacteriaceae	Pseudofulvibacter	OTU_1712
OTU_1713	Bacteria	Proteobacteria	Alphaproteobacteria	SAR11 clade	Clade II	OTU_1713	OTU_1713
OTU_1714	Bacteria	Bacteroidota	Bacteroidia	Flavobacteriales	NS9 marine group	OTU_1714	OTU_1714
OTU_1715	Bacteria	Proteobacteria	Alphaproteobacteria	Rhodobacterales	Rhodobacteraceae	OTU_1715	OTU_1715
OTU_1716	Bacteria	Proteobacteria	Gammaproteobacteria	OTU_1716	OTU_1716	OTU_1716	OTU_1716
OTU_1717	Bacteria	Bacteroidota	Bacteroidia	Flavobacteriales	OTU_1717	OTU_1717	OTU_1717
OTU_1718	Bacteria	Bacteroidota	Bacteroidia	Flavobacteriales	NS9 marine group	OTU_1718	OTU_1718
OTU_1719	Bacteria	Proteobacteria	Gammaproteobacteria	Cellvibrionales	Halieaceae	OTU_1719	OTU_1719
OTU_1720	Bacteria	Bacteroidota	Bacteroidia	Chitinophagales	Saprospiraceae	OTU_1720	OTU_1720
OTU_1721	Bacteria	Proteobacteria	Alphaproteobacteria	OTU_1721	OTU_1721	OTU_1721	OTU_1721
OTU_1722	Bacteria	Bacteroidota	Bacteroidia	Flavobacteriales	Flavobacteriaceae	Gilvibacter	OTU_1722
OTU_1723	Bacteria	Bacteroidota	Bacteroidia	Flavobacteriales	Flavobacteriaceae	NS4 marine group	OTU_1723
OTU_1724	Bacteria	Bacteroidota	Bacteroidia	Flavobacteriales	Flavobacteriaceae	OTU_1724	OTU_1724
OTU_1725	Bacteria	Proteobacteria	Gammaproteobacteria	SAR86 clade	OTU_1725	OTU_1725	OTU_1725
OTU_1726	Bacteria	Bdellovibrionota	Bdellovibrionia	Bacteriovoracales	Bacteriovoracaceae	OTU_1726	OTU_1726
OTU_1727	Bacteria	Bacteroidota	Bacteroidia	Flavobacteriales	Flavobacteriaceae	OTU_1727	OTU_1727
OTU_1728	Bacteria	Verrucomicrobiota	Verrucomicrobiae	Opitutales	Puniceicoccaceae	Cerasicoccus	OTU_1728
OTU_1729	Bacteria	Actinobacteriota	Actinobacteria	Corynebacteriales	Corynebacteriaceae	Corynebacterium	minutissimum
OTU_1730	Bacteria	Firmicutes	Bacilli	Lactobacillales	Enterococcaceae	Enterococcus	OTU_1730
OTU_1731	Bacteria	Proteobacteria	Gammaproteobacteria	Oceanospirillales	Nitrincolaceae	OTU_1731	OTU_1731
OTU_1732	Bacteria	Cyanobacteria	Cyanobacteriia	Chloroplast	OTU_1732	OTU_1732	OTU_1732
OTU_1733	Bacteria	Proteobacteria	Gammaproteobacteria	Cellvibrionales	Halieaceae	Marimicrobium	OTU_1733
OTU_1734	Bacteria	Bacteroidota	Bacteroidia	Flavobacteriales	Flavobacteriaceae	OTU_1734	OTU_1734
OTU_1735	Bacteria	OTU_1735	OTU_1735	OTU_1735	OTU_1735	OTU_1735	OTU_1735
OTU_1736	Bacteria	Proteobacteria	Alphaproteobacteria	SAR11 clade	Clade IV	OTU_1736	OTU_1736
OTU_1737	Bacteria	Bacteroidota	Bacteroidia	Flavobacteriales	Flavobacteriaceae	Aurantivirga	OTU_1737
OTU_1738	Bacteria	SAR324 clade(Marine group B)	OTU_1738	OTU_1738	OTU_1738	OTU_1738	OTU_1738
OTU_1739	Bacteria	Bacteroidota	Bacteroidia	Flavobacteriales	NS9 marine group	OTU_1739	OTU_1739
OTU_1740	Bacteria	Proteobacteria	OTU_1740	OTU_1740	OTU_1740	OTU_1740	OTU_1740
OTU_1741	Bacteria	Proteobacteria	Gammaproteobacteria	Burkholderiales	Methylophilaceae	OM43 clade	OTU_1741
OTU_1742	Bacteria	Bacteroidota	Bacteroidia	Flavobacteriales	Flavobacteriaceae	OTU_1742	OTU_1742
OTU_1743	Bacteria	Proteobacteria	Gammaproteobacteria	Cellvibrionales	Spongiibacteraceae	BD1-7 clade	OTU_1743
OTU_1744	Bacteria	Verrucomicrobiota	Verrucomicrobiae	Verrucomicrobiales	Rubritaleaceae	Roseibacillus	OTU_1744
OTU_1745	Bacteria	Proteobacteria	Alphaproteobacteria	Rhodobacterales	Rhodobacteraceae	Cognatiyoonia	OTU_1745
OTU_1746	Bacteria	NB1-j	OTU_1746	OTU_1746	OTU_1746	OTU_1746	OTU_1746
OTU_1747	Bacteria	Actinobacteriota	Actinobacteria	Micrococcales	Dermacoccaceae	Dermacoccus	nishinomiyaensis
OTU_1748	Bacteria	Bacteroidota	Bacteroidia	Flavobacteriales	NS9 marine group	OTU_1748	OTU_1748
OTU_1749	Bacteria	Proteobacteria	Gammaproteobacteria	Pseudomonadales	Moraxellaceae	Psychrobacter	OTU_1749
OTU_1750	Bacteria	Firmicutes	Bacilli	Lactobacillales	Carnobacteriaceae	Alloiococcus	otitis
OTU_1751	Bacteria	Proteobacteria	Alphaproteobacteria	Rhodobacterales	Rhodobacteraceae	Cognatiyoonia	OTU_1751
OTU_1752	Bacteria	Proteobacteria	Gammaproteobacteria	Pseudomonadales	Pseudomonadaceae	Pseudomonas	OTU_1752
OTU_1753	Bacteria	Proteobacteria	Alphaproteobacteria	Rhodobacterales	Rhodobacteraceae	Pelagimonas	OTU_1753
OTU_1754	Bacteria	Bacteroidota	Bacteroidia	Bacteroidales	Prevotellaceae	Prevotella	copri
OTU_1755	Bacteria	Bacteroidota	Bacteroidia	Flavobacteriales	Flavobacteriaceae	Ulvibacter	OTU_1755
OTU_1756	Bacteria	Proteobacteria	Gammaproteobacteria	Cellvibrionales	Cellvibrionaceae	Aestuariicella	OTU_1756
OTU_1757	Bacteria	Proteobacteria	Alphaproteobacteria	Rhodobacterales	Rhodobacteraceae	OTU_1757	OTU_1757
OTU_1758	Bacteria	Proteobacteria	Alphaproteobacteria	Kordiimonadales	OTU_1758	OTU_1758	OTU_1758
OTU_1759	Bacteria	Bacteroidota	Bacteroidia	Flavobacteriales	Flavobacteriaceae	OTU_1759	OTU_1759
OTU_1760	Bacteria	Bacteroidota	Bacteroidia	Flavobacteriales	Flavobacteriaceae	Gilvibacter	OTU_1760
OTU_1761	Bacteria	Proteobacteria	Alphaproteobacteria	Rickettsiales	Mitochondria	OTU_1761	OTU_1761
OTU_1762	Bacteria	Proteobacteria	Gammaproteobacteria	Alteromonadales	Colwelliaceae	OTU_1762	OTU_1762
OTU_1763	Bacteria	Proteobacteria	Gammaproteobacteria	OTU_1763	OTU_1763	OTU_1763	OTU_1763
OTU_1764	Bacteria	Bacteroidota	Bacteroidia	Flavobacteriales	Crocinitomicaceae	OTU_1764	OTU_1764
OTU_1765	Bacteria	Proteobacteria	Gammaproteobacteria	Alteromonadales	Colwelliaceae	Colwellia	OTU_1765
OTU_1766	Bacteria	Cyanobacteria	Cyanobacteriia	Chloroplast	OTU_1766	OTU_1766	OTU_1766
OTU_1767	Bacteria	Proteobacteria	Gammaproteobacteria	OTU_1767	OTU_1767	OTU_1767	OTU_1767
OTU_1768	Bacteria	Bacteroidota	Bacteroidia	Flavobacteriales	Flavobacteriaceae	OTU_1768	OTU_1768
OTU_1769	Bacteria	Cyanobacteria	Cyanobacteriia	Chloroplast	OTU_1769	OTU_1769	OTU_1769
OTU_1770	Bacteria	Proteobacteria	Alphaproteobacteria	Kordiimonadales	OTU_1770	OTU_1770	OTU_1770
OTU_1771	Bacteria	Bacteroidota	Bacteroidia	Flavobacteriales	Flavobacteriaceae	Winogradskyella	OTU_1771
OTU_1772	Bacteria	Bacteroidota	Bacteroidia	Chitinophagales	Saprospiraceae	Lewinella	OTU_1772
OTU_1773	Bacteria	Bacteroidota	Bacteroidia	Flavobacteriales	Flavobacteriaceae	Aurantivirga	OTU_1773
OTU_1774	Bacteria	Verrucomicrobiota	Chlamydiae	Chlamydiales	Parachlamydiaceae	Neochlamydia	OTU_1774
OTU_1775	Bacteria	Proteobacteria	Gammaproteobacteria	Alteromonadales	Pseudoalteromonadaceae	Pseudoalteromonas	OTU_1775
OTU_1776	Bacteria	Bacteroidota	Bacteroidia	Flavobacteriales	Flavobacteriaceae	Flavicella	OTU_1776
OTU_1777	Bacteria	Proteobacteria	Alphaproteobacteria	Rhodobacterales	Rhodobacteraceae	Jannaschia	helgolandensis
OTU_1778	Bacteria	Bacteroidota	Bacteroidia	Flavobacteriales	NS9 marine group	OTU_1778	OTU_1778
OTU_1779	Bacteria	Bacteroidota	Bacteroidia	Flavobacteriales	NS9 marine group	OTU_1779	OTU_1779
OTU_1780	Bacteria	Bacteroidota	Bacteroidia	Flavobacteriales	NS9 marine group	OTU_1780	OTU_1780
OTU_1781	Bacteria	Bacteroidota	Bacteroidia	Flavobacteriales	NS7 marine group	OTU_1781	OTU_1781
OTU_1782	Bacteria	Proteobacteria	Alphaproteobacteria	Rhodobacterales	Rhodobacteraceae	Cognatiyoonia	OTU_1782
OTU_1783	Bacteria	Proteobacteria	Gammaproteobacteria	OTU_1783	OTU_1783	OTU_1783	OTU_1783
OTU_1784	Bacteria	Bacteroidota	Bacteroidia	Flavobacteriales	Weeksellaceae	Chryseobacterium	koreense
OTU_1785	Bacteria	Proteobacteria	Alphaproteobacteria	Rhodobacterales	Rhodobacteraceae	OTU_1785	OTU_1785
OTU_1786	Bacteria	Bacteroidota	Bacteroidia	Flavobacteriales	NS9 marine group	OTU_1786	OTU_1786
OTU_1787	Bacteria	Proteobacteria	Alphaproteobacteria	SAR11 clade	Clade I	OTU_1787	OTU_1787
OTU_1788	Bacteria	Bacteroidota	Bacteroidia	Flavobacteriales	NS9 marine group	OTU_1788	OTU_1788
OTU_1789	Bacteria	Bacteroidota	Bacteroidia	Flavobacteriales	NS9 marine group	OTU_1789	OTU_1789
OTU_1790	Bacteria	Bacteroidota	Bacteroidia	Flavobacteriales	Flavobacteriaceae	OTU_1790	OTU_1790
OTU_1791	Bacteria	Bacteroidota	Bacteroidia	Flavobacteriales	Flavobacteriaceae	Aurantivirga	OTU_1791
OTU_1792	Bacteria	Firmicutes	Bacilli	Lactobacillales	Carnobacteriaceae	Carnobacterium	OTU_1792
OTU_1793	Bacteria	OTU_1793	OTU_1793	OTU_1793	OTU_1793	OTU_1793	OTU_1793
OTU_1794	Bacteria	Proteobacteria	Gammaproteobacteria	Cellvibrionales	Halieaceae	Marimicrobium	OTU_1794
OTU_1795	Bacteria	Bacteroidota	Bacteroidia	Flavobacteriales	Cryomorphaceae	OTU_1795	OTU_1795
OTU_1796	Bacteria	Proteobacteria	Gammaproteobacteria	Cellvibrionales	Porticoccaceae	Porticoccus	OTU_1796
OTU_1797	Bacteria	Verrucomicrobiota	Verrucomicrobiae	Verrucomicrobiales	Rubritaleaceae	Roseibacillus	OTU_1797
OTU_1798	Bacteria	Bacteroidota	Bacteroidia	Flavobacteriales	Flavobacteriaceae	Dokdonia	OTU_1798
OTU_1799	Bacteria	Proteobacteria	Alphaproteobacteria	Rhodospirillales	Magnetospiraceae	Magnetospira	OTU_1799
OTU_1800	Bacteria	Proteobacteria	Alphaproteobacteria	Rhodobacterales	Rhodobacteraceae	OTU_1800	OTU_1800
OTU_1801	Bacteria	Proteobacteria	Alphaproteobacteria	Rhodobacterales	Rhodobacteraceae	Octadecabacter	OTU_1801
OTU_1802	Bacteria	Proteobacteria	Gammaproteobacteria	Cellvibrionales	Halieaceae	Marimicrobium	OTU_1802
OTU_1803	Bacteria	Bacteroidota	Bacteroidia	Flavobacteriales	Flavobacteriaceae	Ulvibacter	OTU_1803
OTU_1804	Bacteria	Bacteroidota	Bacteroidia	Flavobacteriales	Cryomorphaceae	OTU_1804	OTU_1804
OTU_1805	Bacteria	Proteobacteria	Gammaproteobacteria	Alteromonadales	Alteromonadaceae	Pseudobowmanella	OTU_1805
OTU_1806	Bacteria	Bacteroidota	Bacteroidia	Flavobacteriales	Flavobacteriaceae	OTU_1806	OTU_1806
OTU_1807	Bacteria	Proteobacteria	Gammaproteobacteria	Cellvibrionales	Halieaceae	Marimicrobium	OTU_1807
OTU_1808	Bacteria	Proteobacteria	Gammaproteobacteria	Burkholderiales	OTU_1808	OTU_1808	OTU_1808
OTU_1809	Bacteria	Proteobacteria	Alphaproteobacteria	OTU_1809	OTU_1809	OTU_1809	OTU_1809
OTU_1810	Bacteria	Proteobacteria	Gammaproteobacteria	Cellvibrionales	Halieaceae	OTU_1810	OTU_1810
OTU_1811	Bacteria	Bacteroidota	Bacteroidia	Flavobacteriales	Flavobacteriaceae	Polaribacter	OTU_1811
OTU_1812	Bacteria	Bacteroidota	Bacteroidia	Flavobacteriales	Flavobacteriaceae	OTU_1812	OTU_1812
OTU_1813	Bacteria	Proteobacteria	Gammaproteobacteria	Alteromonadales	Moritellaceae	Paramoritella	OTU_1813
OTU_1814	Bacteria	Proteobacteria	OTU_1814	OTU_1814	OTU_1814	OTU_1814	OTU_1814
OTU_1815	Bacteria	Verrucomicrobiota	Verrucomicrobiae	Verrucomicrobiales	Rubritaleaceae	Roseibacillus	OTU_1815
OTU_1816	Bacteria	Actinobacteriota	Acidimicrobiia	Microtrichales	Microtrichaceae	OTU_1816	OTU_1816
OTU_1817	Bacteria	Bacteroidota	Bacteroidia	Flavobacteriales	Flavobacteriaceae	OTU_1817	OTU_1817
OTU_1818	Bacteria	Proteobacteria	Alphaproteobacteria	Rhodobacterales	Rhodobacteraceae	OTU_1818	OTU_1818
OTU_1819	Bacteria	Bacteroidota	Bacteroidia	Flavobacteriales	Cryomorphaceae	OTU_1819	OTU_1819
OTU_1820	Bacteria	Firmicutes	Negativicutes	Veillonellales-Selenomonadales	Veillonellaceae	Veillonella	atypica
OTU_1821	Bacteria	Proteobacteria	Gammaproteobacteria	Alteromonadales	Alteromonadaceae	Pseudobowmanella	OTU_1821
OTU_1822	Bacteria	Bacteroidota	Bacteroidia	Flavobacteriales	Flavobacteriaceae	OTU_1822	OTU_1822
OTU_1823	Bacteria	Proteobacteria	Gammaproteobacteria	Alteromonadales	Alteromonadaceae	OTU_1823	OTU_1823
OTU_1824	Bacteria	Bacteroidota	Bacteroidia	Flavobacteriales	Flavobacteriaceae	OTU_1824	OTU_1824
OTU_1825	Bacteria	Actinobacteriota	Actinobacteria	Corynebacteriales	Corynebacteriaceae	Turicella	OTU_1825
OTU_1826	Bacteria	Bacteroidota	Bacteroidia	Flavobacteriales	Schleiferiaceae	Schleiferia	OTU_1826
OTU_1827	Bacteria	Bacteroidota	Bacteroidia	Flavobacteriales	Flavobacteriaceae	OTU_1827	OTU_1827
OTU_1828	Bacteria	Actinobacteriota	Actinobacteria	OTU_1828	OTU_1828	OTU_1828	OTU_1828
OTU_1829	Archaea	Thermoplasmatota	Thermoplasmata	Marine Group II	OTU_1829	OTU_1829	OTU_1829
OTU_1830	Bacteria	Proteobacteria	Gammaproteobacteria	Oceanospirillales	Pseudohongiellaceae	Pseudohongiella	OTU_1830
OTU_1831	Bacteria	Proteobacteria	Gammaproteobacteria	Burkholderiales	Rhodocyclaceae	Dechloromonas	agitata
OTU_1832	Bacteria	Actinobacteriota	Actinobacteria	Propionibacteriales	Nocardioidaceae	Aeromicrobium	choanae
OTU_1833	Bacteria	Bacteroidota	Bacteroidia	Flavobacteriales	Crocinitomicaceae	Fluviicola	OTU_1833
OTU_1834	Bacteria	Bacteroidota	Bacteroidia	Flavobacteriales	Flavobacteriaceae	Hanstruepera	OTU_1834
OTU_1835	Bacteria	Proteobacteria	Gammaproteobacteria	Cellvibrionales	OTU_1835	OTU_1835	OTU_1835
OTU_1836	Bacteria	Proteobacteria	Alphaproteobacteria	Rhodobacterales	Rhodobacteraceae	Aquimixticola	OTU_1836
OTU_1837	Bacteria	Firmicutes	Bacilli	Bacillales	Bacillaceae	Oceanobacillus	OTU_1837
OTU_1838	Bacteria	Proteobacteria	Gammaproteobacteria	Oceanospirillales	Nitrincolaceae	OTU_1838	OTU_1838
OTU_1839	Bacteria	Bdellovibrionota	Bdellovibrionia	Bdellovibrionales	Bdellovibrionaceae	OM27 clade	OTU_1839
OTU_1840	Bacteria	Bacteroidota	Bacteroidia	Cytophagales	Cyclobacteriaceae	Marinoscillum	OTU_1840
OTU_1841	Bacteria	Bacteroidota	Bacteroidia	Flavobacteriales	Flavobacteriaceae	OTU_1841	OTU_1841
OTU_1842	Bacteria	Proteobacteria	Alphaproteobacteria	Rhodobacterales	Rhodobacteraceae	OTU_1842	OTU_1842
OTU_1843	Bacteria	Proteobacteria	Gammaproteobacteria	Vibrionales	Vibrionaceae	OTU_1843	OTU_1843
OTU_1844	Bacteria	Proteobacteria	Alphaproteobacteria	SAR11 clade	Clade I	Clade Ia	OTU_1844
OTU_1845	Bacteria	Bacteroidota	Bacteroidia	Flavobacteriales	NS9 marine group	OTU_1845	OTU_1845
OTU_1846	Bacteria	Bacteroidota	Bacteroidia	Flavobacteriales	NS9 marine group	OTU_1846	OTU_1846
OTU_1847	Bacteria	Proteobacteria	Gammaproteobacteria	Oceanospirillales	Kangiellaceae	OTU_1847	OTU_1847
OTU_1848	Bacteria	Planctomycetota	Phycisphaerae	Phycisphaerales	Phycisphaeraceae	JL-ETNP-F27	OTU_1848
OTU_1849	Bacteria	Proteobacteria	Alphaproteobacteria	Rhodobacterales	Rhodobacteraceae	Lentibacter	OTU_1849
OTU_1850	Bacteria	Bacteroidota	Bacteroidia	Flavobacteriales	Flavobacteriaceae	OTU_1850	OTU_1850
OTU_1851	Bacteria	Proteobacteria	Gammaproteobacteria	Cellvibrionales	OTU_1851	OTU_1851	OTU_1851
OTU_1852	Bacteria	Actinobacteriota	Actinobacteria	Corynebacteriales	Nocardiaceae	Rhodococcus	OTU_1852
OTU_1853	Bacteria	Proteobacteria	Gammaproteobacteria	Vibrionales	Vibrionaceae	Photobacterium	profundum
OTU_1854	Bacteria	Proteobacteria	Alphaproteobacteria	SAR11 clade	Clade I	Clade Ia	OTU_1854
OTU_1855	Bacteria	Proteobacteria	Gammaproteobacteria	OTU_1855	OTU_1855	OTU_1855	OTU_1855
OTU_1856	Bacteria	Bacteroidota	Bacteroidia	Flavobacteriales	Flavobacteriaceae	Flavobacterium	OTU_1856
OTU_1857	Bacteria	Proteobacteria	Alphaproteobacteria	Rhodobacterales	Rhodobacteraceae	Vadicella	OTU_1857
OTU_1858	Bacteria	Proteobacteria	Gammaproteobacteria	Cellvibrionales	Porticoccaceae	SAR92 clade	OTU_1858
OTU_1859	Bacteria	Proteobacteria	Alphaproteobacteria	SAR11 clade	Clade IV	OTU_1859	OTU_1859
OTU_1860	Bacteria	Proteobacteria	Gammaproteobacteria	Alteromonadales	Pseudoalteromonadaceae	Pseudoalteromonas	OTU_1860
OTU_1861	Bacteria	Firmicutes	Bacilli	Erysipelotrichales	Erysipelotrichaceae	[Clostridium] innocuum group	OTU_1861
OTU_1862	Bacteria	Proteobacteria	Gammaproteobacteria	Burkholderiales	Comamonadaceae	Rhodoferax	OTU_1862
OTU_1863	Bacteria	Proteobacteria	Gammaproteobacteria	Cellvibrionales	Halieaceae	OM60(NOR5) clade	OTU_1863
OTU_1864	Bacteria	Planctomycetota	OM190	OTU_1864	OTU_1864	OTU_1864	OTU_1864
OTU_1865	Bacteria	Firmicutes	Bacilli	Bacillales	Bacillaceae	Bacillus	OTU_1865
OTU_1866	Bacteria	Bacteroidota	Bacteroidia	Flavobacteriales	Crocinitomicaceae	Salinirepens	OTU_1866
OTU_1867	Bacteria	Proteobacteria	Alphaproteobacteria	SAR11 clade	Clade I	Clade Ib	OTU_1867
OTU_1868	Bacteria	Proteobacteria	Alphaproteobacteria	Defluviicoccales	OTU_1868	OTU_1868	OTU_1868
OTU_1869	Bacteria	Bacteroidota	Bacteroidia	Flavobacteriales	Flavobacteriaceae	Ulvibacter	OTU_1869
OTU_1870	Bacteria	Bacteroidota	Bacteroidia	Flavobacteriales	Flavobacteriaceae	OTU_1870	OTU_1870
OTU_1871	Bacteria	Bacteroidota	Bacteroidia	Flavobacteriales	Flavobacteriaceae	NS3a marine group	OTU_1871
OTU_1872	Bacteria	Proteobacteria	Gammaproteobacteria	Alteromonadales	Alteromonadaceae	Salinimonas	OTU_1872
OTU_1873	Bacteria	Proteobacteria	Gammaproteobacteria	Oceanospirillales	Kangiellaceae	OTU_1873	OTU_1873
OTU_1874	Bacteria	Proteobacteria	Gammaproteobacteria	Burkholderiales	Neisseriaceae	Uruburuella	OTU_1874
OTU_1875	Bacteria	Proteobacteria	Gammaproteobacteria	Cellvibrionales	Halieaceae	Marimicrobium	OTU_1875
OTU_1876	Bacteria	Proteobacteria	Gammaproteobacteria	Cellvibrionales	Halieaceae	Marimicrobium	OTU_1876
OTU_1877	Bacteria	Proteobacteria	Gammaproteobacteria	Cellvibrionales	Halieaceae	Marimicrobium	OTU_1877
OTU_1878	Bacteria	Bacteroidota	Bacteroidia	Flavobacteriales	Flavobacteriaceae	OTU_1878	OTU_1878
OTU_1879	Bacteria	Proteobacteria	Gammaproteobacteria	Oceanospirillales	Nitrincolaceae	OTU_1879	OTU_1879
OTU_1880	Bacteria	Verrucomicrobiota	Verrucomicrobiae	Verrucomicrobiales	Rubritaleaceae	Roseibacillus	OTU_1880
OTU_1881	Bacteria	Bacteroidota	Bacteroidia	Flavobacteriales	Flavobacteriaceae	NS5 marine group	OTU_1881
OTU_1882	Bacteria	Bacteroidota	Bacteroidia	Cytophagales	Cyclobacteriaceae	OTU_1882	OTU_1882
OTU_1883	Bacteria	Proteobacteria	Gammaproteobacteria	Cellvibrionales	Halieaceae	OM60(NOR5) clade	OTU_1883
OTU_1884	Bacteria	Bacteroidota	Bacteroidia	Flavobacteriales	Flavobacteriaceae	Ulvibacter	OTU_1884
OTU_1885	Bacteria	Proteobacteria	Gammaproteobacteria	SAR86 clade	OTU_1885	OTU_1885	OTU_1885
OTU_1886	Bacteria	Actinobacteriota	Actinobacteria	PeM15	OTU_1886	OTU_1886	OTU_1886
OTU_1887	Bacteria	Bacteroidota	Bacteroidia	Flavobacteriales	Flavobacteriaceae	Pseudofulvibacter	OTU_1887
OTU_1888	Bacteria	Proteobacteria	Gammaproteobacteria	Cellvibrionales	Spongiibacteraceae	BD1-7 clade	OTU_1888
OTU_1889	Bacteria	Bacteroidota	Bacteroidia	Flavobacteriales	Flavobacteriaceae	OTU_1889	OTU_1889
OTU_1890	Bacteria	Proteobacteria	Alphaproteobacteria	Rickettsiales	Fokiniaceae	MD3-55	OTU_1890
OTU_1891	Bacteria	Bacteroidota	Bacteroidia	Flavobacteriales	Flavobacteriaceae	Aurantivirga	OTU_1891
OTU_1892	Bacteria	Proteobacteria	Alphaproteobacteria	Rhodobacterales	Rhodobacteraceae	OTU_1892	OTU_1892
OTU_1893	Bacteria	Bdellovibrionota	Bdellovibrionia	Bdellovibrionales	Bdellovibrionaceae	OM27 clade	OTU_1893
OTU_1894	Bacteria	Proteobacteria	Alphaproteobacteria	Rhodobacterales	Rhodobacteraceae	Cognatiyoonia	OTU_1894
OTU_1895	Bacteria	Bacteroidota	Bacteroidia	Flavobacteriales	Flavobacteriaceae	OTU_1895	OTU_1895
OTU_1896	Bacteria	Cyanobacteria	Cyanobacteriia	Chloroplast	OTU_1896	OTU_1896	OTU_1896
OTU_1897	Bacteria	Proteobacteria	Alphaproteobacteria	Caulobacterales	Hyphomonadaceae	Henriciella	marina
OTU_1898	Bacteria	Campilobacterota	Campylobacteria	Campylobacterales	Arcobacteraceae	OTU_1898	OTU_1898
OTU_1899	Bacteria	Proteobacteria	Gammaproteobacteria	Alteromonadales	Pseudoalteromonadaceae	Pseudoalteromonas	OTU_1899
OTU_1900	Bacteria	Proteobacteria	Gammaproteobacteria	Oceanospirillales	Saccharospirillaceae	OTU_1900	OTU_1900
OTU_1901	Bacteria	Proteobacteria	Alphaproteobacteria	OTU_1901	OTU_1901	OTU_1901	OTU_1901
OTU_1902	Bacteria	Proteobacteria	Alphaproteobacteria	Sphingomonadales	Sphingomonadaceae	Sphingomonas	astaxanthinifaciens
OTU_1903	Bacteria	Proteobacteria	Gammaproteobacteria	SAR86 clade	OTU_1903	OTU_1903	OTU_1903
OTU_1904	Bacteria	Proteobacteria	Gammaproteobacteria	OTU_1904	OTU_1904	OTU_1904	OTU_1904
OTU_1905	Bacteria	Bacteroidota	Bacteroidia	Flavobacteriales	NS9 marine group	OTU_1905	OTU_1905
OTU_1906	Bacteria	Proteobacteria	Alphaproteobacteria	Rhodobacterales	Rhodobacteraceae	OTU_1906	OTU_1906
OTU_1907	Bacteria	Bacteroidota	Bacteroidia	Flavobacteriales	Flavobacteriaceae	OTU_1907	OTU_1907
OTU_1908	Bacteria	OTU_1908	OTU_1908	OTU_1908	OTU_1908	OTU_1908	OTU_1908
OTU_1909	Bacteria	Actinobacteriota	Actinobacteria	Micrococcales	Microbacteriaceae	SV1-3	OTU_1909
OTU_1910	Bacteria	Proteobacteria	Alphaproteobacteria	Rhodobacterales	Rhodobacteraceae	OTU_1910	OTU_1910
OTU_1911	Bacteria	Verrucomicrobiota	Verrucomicrobiae	Verrucomicrobiales	Rubritaleaceae	Roseibacillus	OTU_1911
OTU_1912	Bacteria	Proteobacteria	Alphaproteobacteria	Rhodobacterales	Rhodobacteraceae	Octadecabacter	OTU_1912
OTU_1913	Bacteria	Firmicutes	Clostridia	Oscillospirales	Ruminococcaceae	Ruminococcus	OTU_1913
OTU_1914	Bacteria	Proteobacteria	Alphaproteobacteria	SAR11 clade	Clade I	Clade Ia	OTU_1914
OTU_1915	Bacteria	Proteobacteria	Gammaproteobacteria	Thiomicrospirales	Thioglobaceae	IheB2-31	OTU_1915
OTU_1916	Bacteria	Proteobacteria	Gammaproteobacteria	Oceanospirillales	Nitrincolaceae	OTU_1916	OTU_1916
OTU_1917	Bacteria	Bacteroidota	Bacteroidia	OTU_1917	OTU_1917	OTU_1917	OTU_1917
OTU_1918	Bacteria	Bacteroidota	Bacteroidia	Flavobacteriales	Flavobacteriaceae	NS5 marine group	OTU_1918
OTU_1919	Bacteria	Proteobacteria	Gammaproteobacteria	Cellvibrionales	Porticoccaceae	Porticoccus	OTU_1919
OTU_1920	Bacteria	Proteobacteria	Gammaproteobacteria	Alteromonadales	Alteromonadaceae	OTU_1920	OTU_1920
OTU_1921	Bacteria	Bacteroidota	Bacteroidia	Flavobacteriales	Flavobacteriaceae	NS4 marine group	OTU_1921
OTU_1922	Bacteria	Actinobacteriota	Thermoleophilia	Gaiellales	OTU_1922	OTU_1922	OTU_1922
OTU_1923	Bacteria	Myxococcota	Polyangia	Polyangiales	Eel-36e1D6	OTU_1923	OTU_1923
OTU_1924	Bacteria	Bacteroidota	Bacteroidia	Flavobacteriales	OTU_1924	OTU_1924	OTU_1924
OTU_1925	Bacteria	Proteobacteria	Alphaproteobacteria	SAR11 clade	Clade I	Clade Ia	OTU_1925
OTU_1926	Bacteria	Dependentiae	Babeliae	Babeliales	Vermiphilaceae	OTU_1926	OTU_1926
OTU_1927	Bacteria	Bacteroidota	Bacteroidia	Chitinophagales	Saprospiraceae	Portibacter	OTU_1927
OTU_1928	Bacteria	Actinobacteriota	Acidimicrobiia	Microtrichales	Ilumatobacteraceae	OTU_1928	OTU_1928
OTU_1929	Bacteria	Bacteroidota	Bacteroidia	Flavobacteriales	Flavobacteriaceae	Formosa	OTU_1929
OTU_1930	Bacteria	Cyanobacteria	Cyanobacteriia	Chloroplast	OTU_1930	OTU_1930	OTU_1930
OTU_1931	Bacteria	Bacteroidota	Bacteroidia	Flavobacteriales	Flavobacteriaceae	Ulvibacter	OTU_1931
OTU_1932	Bacteria	Bacteroidota	Bacteroidia	Flavobacteriales	Flavobacteriaceae	Aurantivirga	OTU_1932
OTU_1933	Bacteria	Proteobacteria	Gammaproteobacteria	Cellvibrionales	Porticoccaceae	SAR92 clade	OTU_1933
OTU_1934	Bacteria	Bacteroidota	Bacteroidia	Bacteroidales	Prevotellaceae	Prevotella	OTU_1934
OTU_1935	Bacteria	Bacteroidota	Bacteroidia	Flavobacteriales	Crocinitomicaceae	Fluviicola	OTU_1935
OTU_1936	Bacteria	Bacteroidota	Bacteroidia	Flavobacteriales	Flavobacteriaceae	Aureimarina	OTU_1936
OTU_1937	Bacteria	Proteobacteria	Gammaproteobacteria	Thiomicrospirales	Thioglobaceae	IheB2-31	OTU_1937
OTU_1938	Bacteria	Proteobacteria	Gammaproteobacteria	Burkholderiales	Methylophilaceae	OM43 clade	OTU_1938
OTU_1939	Bacteria	Bacteroidota	Bacteroidia	Flavobacteriales	Cryomorphaceae	OTU_1939	OTU_1939
OTU_1940	Bacteria	Bacteroidota	Bacteroidia	Flavobacteriales	Crocinitomicaceae	Salinirepens	OTU_1940
OTU_1941	Bacteria	Proteobacteria	Alphaproteobacteria	Rickettsiales	Rickettsiaceae	OTU_1941	OTU_1941
OTU_1942	Bacteria	Cyanobacteria	Cyanobacteriia	Chloroplast	OTU_1942	OTU_1942	OTU_1942
OTU_1943	Bacteria	Bacteroidota	Bacteroidia	Flavobacteriales	Cryomorphaceae	OTU_1943	OTU_1943
OTU_1944	Bacteria	Proteobacteria	Gammaproteobacteria	Cellvibrionales	Halieaceae	Marimicrobium	OTU_1944
OTU_1945	Bacteria	Proteobacteria	Gammaproteobacteria	Salinisphaerales	Salinisphaeraceae	Salinisphaera	OTU_1945
OTU_1946	Bacteria	Proteobacteria	Gammaproteobacteria	Oceanospirillales	Nitrincolaceae	OTU_1946	OTU_1946
OTU_1947	Bacteria	Bacteroidota	Bacteroidia	Flavobacteriales	Crocinitomicaceae	Salinirepens	OTU_1947
OTU_1948	Bacteria	Verrucomicrobiota	Verrucomicrobiae	Opitutales	Puniceicoccaceae	MB11C04 marine group	OTU_1948
OTU_1949	Bacteria	Proteobacteria	Gammaproteobacteria	Cellvibrionales	OTU_1949	OTU_1949	OTU_1949
OTU_1950	Bacteria	Proteobacteria	Gammaproteobacteria	Burkholderiales	Oxalobacteraceae	Janthinobacterium	OTU_1950
OTU_1951	Bacteria	Bacteroidota	Bacteroidia	Flavobacteriales	Flavobacteriaceae	OTU_1951	OTU_1951
OTU_1952	Bacteria	Bacteroidota	Bacteroidia	Flavobacteriales	Flavobacteriaceae	Aestuariimonas	OTU_1952
OTU_1953	Bacteria	Bacteroidota	Bacteroidia	Flavobacteriales	NS9 marine group	OTU_1953	OTU_1953
OTU_1954	Bacteria	Bacteroidota	Bacteroidia	Flavobacteriales	Flavobacteriaceae	Ichthyenterobacterium	OTU_1954
OTU_1955	Bacteria	Bacteroidota	Bacteroidia	Flavobacteriales	Cryomorphaceae	OTU_1955	OTU_1955
OTU_1956	Bacteria	Proteobacteria	Gammaproteobacteria	Oceanospirillales	Saccharospirillaceae	Oceaniserpentilla	OTU_1956
OTU_1957	Bacteria	Proteobacteria	Gammaproteobacteria	OTU_1957	OTU_1957	OTU_1957	OTU_1957
OTU_1958	Bacteria	Bacteroidota	Bacteroidia	Flavobacteriales	Crocinitomicaceae	Crocinitomix	OTU_1958
OTU_1959	Bacteria	Proteobacteria	Gammaproteobacteria	Alteromonadales	Colwelliaceae	OTU_1959	OTU_1959
OTU_1960	Bacteria	Bacteroidota	Bacteroidia	Flavobacteriales	Flavobacteriaceae	Aureimarina	OTU_1960
OTU_1961	Bacteria	Bacteroidota	Bacteroidia	Cytophagales	Bernardetiaceae	Bernardetia	OTU_1961
OTU_1962	Bacteria	Fusobacteriota	Fusobacteriia	Fusobacteriales	Leptotrichiaceae	Leptotrichia	wadei
OTU_1963	Bacteria	Proteobacteria	Alphaproteobacteria	Rhodospirillales	AEGEAN-169 marine group	OTU_1963	OTU_1963
OTU_1964	Bacteria	Bacteroidota	Bacteroidia	Flavobacteriales	Flavobacteriaceae	NS5 marine group	OTU_1964
OTU_1965	Bacteria	Bacteroidota	Bacteroidia	Flavobacteriales	Crocinitomicaceae	Salinirepens	OTU_1965
OTU_1966	Bacteria	Cyanobacteria	Cyanobacteriia	Chloroplast	OTU_1966	OTU_1966	OTU_1966
OTU_1967	Bacteria	Proteobacteria	Gammaproteobacteria	Cellvibrionales	Porticoccaceae	SAR92 clade	OTU_1967
OTU_1968	Bacteria	Proteobacteria	Gammaproteobacteria	Alteromonadales	Colwelliaceae	Colwellia	OTU_1968
OTU_1969	OTU_1969	OTU_1969	OTU_1969	OTU_1969	OTU_1969	OTU_1969	OTU_1969
OTU_1970	Bacteria	Fusobacteriota	Fusobacteriia	Fusobacteriales	Fusobacteriaceae	Cetobacterium	OTU_1970
OTU_1971	Bacteria	Proteobacteria	Gammaproteobacteria	Cellvibrionales	Cellvibrionaceae	Candidatus Endobugula	OTU_1971
OTU_1972	Bacteria	Proteobacteria	Gammaproteobacteria	Pseudomonadales	Moraxellaceae	Psychrobacter	OTU_1972
OTU_1973	Bacteria	Bacteroidota	Bacteroidia	Flavobacteriales	OTU_1973	OTU_1973	OTU_1973
OTU_1974	Bacteria	Bacteroidota	Bacteroidia	Flavobacteriales	Flavobacteriaceae	Aurantivirga	OTU_1974
OTU_1975	Bacteria	Proteobacteria	Gammaproteobacteria	SAR86 clade	OTU_1975	OTU_1975	OTU_1975
OTU_1976	Bacteria	Proteobacteria	Gammaproteobacteria	Nitrosococcales	Methylophagaceae	OTU_1976	OTU_1976
OTU_1977	Bacteria	Bacteroidota	Bacteroidia	Flavobacteriales	Flavobacteriaceae	OTU_1977	OTU_1977
OTU_1978	Bacteria	Bacteroidota	Bacteroidia	Flavobacteriales	Flavobacteriaceae	OTU_1978	OTU_1978
OTU_1979	Bacteria	SAR324 clade(Marine group B)	OTU_1979	OTU_1979	OTU_1979	OTU_1979	OTU_1979
OTU_1980	Bacteria	Bacteroidota	Bacteroidia	Flavobacteriales	Flavobacteriaceae	NS5 marine group	OTU_1980
OTU_1981	Bacteria	Bacteroidota	Bacteroidia	Flavobacteriales	Crocinitomicaceae	OTU_1981	OTU_1981
OTU_1982	Bacteria	Proteobacteria	Gammaproteobacteria	Alteromonadales	Alteromonadaceae	OTU_1982	OTU_1982
OTU_1983	Bacteria	Proteobacteria	Gammaproteobacteria	OTU_1983	OTU_1983	OTU_1983	OTU_1983
OTU_1984	Bacteria	Bacteroidota	Bacteroidia	Flavobacteriales	Flavobacteriaceae	Flavicella	OTU_1984
OTU_1985	Bacteria	Proteobacteria	Gammaproteobacteria	OTU_1985	OTU_1985	OTU_1985	OTU_1985
OTU_1986	Bacteria	Bacteroidota	Bacteroidia	Flavobacteriales	Flavobacteriaceae	Aurantivirga	OTU_1986
OTU_1987	Bacteria	Proteobacteria	Gammaproteobacteria	Oceanospirillales	Pseudohongiellaceae	Pseudohongiella	OTU_1987
OTU_1988	Bacteria	Bacteroidota	Bacteroidia	Flavobacteriales	Flavobacteriaceae	Aurantivirga	OTU_1988
OTU_1989	Bacteria	Proteobacteria	Gammaproteobacteria	Coxiellales	Coxiellaceae	Coxiella	OTU_1989
OTU_1990	Bacteria	Proteobacteria	Gammaproteobacteria	SAR86 clade	OTU_1990	OTU_1990	OTU_1990
OTU_1991	Bacteria	Firmicutes	Clostridia	Lachnospirales	Lachnospiraceae	Lachnospiraceae FCS020 group	bacterium
OTU_1992	Bacteria	Proteobacteria	Alphaproteobacteria	Rhodobacterales	Rhodobacteraceae	Albimonas	OTU_1992
OTU_1993	Bacteria	Bacteroidota	Bacteroidia	Flavobacteriales	Flavobacteriaceae	NS5 marine group	OTU_1993
OTU_1994	Bacteria	Bacteroidota	Bacteroidia	Flavobacteriales	Cryomorphaceae	OTU_1994	OTU_1994
OTU_1995	Bacteria	Actinobacteriota	Actinobacteria	Micrococcales	Microbacteriaceae	SV1-3	OTU_1995
OTU_1996	Bacteria	Campilobacterota	Campylobacteria	Campylobacterales	Arcobacteraceae	OTU_1996	OTU_1996
OTU_1997	Bacteria	Proteobacteria	Alphaproteobacteria	SAR11 clade	Clade IV	OTU_1997	OTU_1997
OTU_1998	Bacteria	Bacteroidota	Bacteroidia	Flavobacteriales	Flavobacteriaceae	NS5 marine group	OTU_1998
OTU_1999	Bacteria	Proteobacteria	Alphaproteobacteria	Rhodobacterales	Rhodobacteraceae	OTU_1999	OTU_1999
OTU_2000	Bacteria	Bacteroidota	Bacteroidia	Flavobacteriales	Flavobacteriaceae	Gilvibacter	OTU_2000
OTU_2001	Bacteria	Bacteroidota	Bacteroidia	Flavobacteriales	OTU_2001	OTU_2001	OTU_2001
OTU_2002	Bacteria	Firmicutes	Clostridia	Peptostreptococcales-Tissierellales	Fusibacteraceae	Fusibacter	OTU_2002
OTU_2003	Bacteria	Proteobacteria	Gammaproteobacteria	Thiomicrospirales	Thioglobaceae	OTU_2003	OTU_2003
OTU_2004	Bacteria	NB1-j	OTU_2004	OTU_2004	OTU_2004	OTU_2004	OTU_2004
OTU_2005	Bacteria	Bacteroidota	Bacteroidia	Flavobacteriales	Cryomorphaceae	NS10 marine group	OTU_2005
OTU_2006	Bacteria	NB1-j	OTU_2006	OTU_2006	OTU_2006	OTU_2006	OTU_2006
OTU_2007	Bacteria	Proteobacteria	Alphaproteobacteria	Rhizobiales	Rhizobiaceae	OTU_2007	OTU_2007
OTU_2008	Bacteria	Cyanobacteria	Cyanobacteriia	Chloroplast	OTU_2008	OTU_2008	OTU_2008
OTU_2009	Bacteria	Cyanobacteria	Cyanobacteriia	Chloroplast	OTU_2009	OTU_2009	OTU_2009
OTU_2010	Bacteria	Actinobacteriota	Actinobacteria	Micrococcales	Brevibacteriaceae	Brevibacterium	pityocampae
OTU_2011	Bacteria	Bacteroidota	Bacteroidia	Flavobacteriales	Flavobacteriaceae	OTU_2011	OTU_2011
OTU_2012	Bacteria	Bacteroidota	Bacteroidia	Chitinophagales	Saprospiraceae	Lewinella	OTU_2012
OTU_2013	Bacteria	Proteobacteria	Gammaproteobacteria	Alteromonadales	Colwelliaceae	Thalassotalea	OTU_2013
OTU_2014	Bacteria	Proteobacteria	Gammaproteobacteria	Thiomicrospirales	Thioglobaceae	IheB2-31	OTU_2014
OTU_2015	Bacteria	Proteobacteria	Alphaproteobacteria	SAR11 clade	OTU_2015	OTU_2015	OTU_2015
OTU_2016	Bacteria	Proteobacteria	Alphaproteobacteria	SAR11 clade	OTU_2016	OTU_2016	OTU_2016
OTU_2017	Bacteria	Bacteroidota	Bacteroidia	Flavobacteriales	Crocinitomicaceae	Salinirepens	OTU_2017
OTU_2018	Bacteria	Actinobacteriota	Actinobacteria	Corynebacteriales	Corynebacteriaceae	Corynebacterium	OTU_2018
OTU_2019	Bacteria	Bacteroidota	Bacteroidia	Flavobacteriales	Flavobacteriaceae	Gilvibacter	OTU_2019
OTU_2020	Bacteria	OTU_2020	OTU_2020	OTU_2020	OTU_2020	OTU_2020	OTU_2020
OTU_2021	Bacteria	Proteobacteria	Gammaproteobacteria	OM182 clade	OTU_2021	OTU_2021	OTU_2021
OTU_2022	Bacteria	Bacteroidota	Bacteroidia	Flavobacteriales	Crocinitomicaceae	Fluviicola	OTU_2022
OTU_2023	Bacteria	Bacteroidota	Bacteroidia	Flavobacteriales	Flavobacteriaceae	Ulvibacter	OTU_2023
OTU_2024	Bacteria	Proteobacteria	Gammaproteobacteria	Thiomicrospirales	Thioglobaceae	IheB2-31	OTU_2024
OTU_2025	Bacteria	Actinobacteriota	Actinobacteria	Corynebacteriales	Mycobacteriaceae	Mycobacterium	OTU_2025
OTU_2026	Bacteria	Fusobacteriota	Fusobacteriia	Fusobacteriales	Leptotrichiaceae	Leptotrichia	hongkongensis
OTU_2027	Bacteria	Proteobacteria	Alphaproteobacteria	SAR11 clade	Clade I	OTU_2027	OTU_2027
OTU_2028	Bacteria	Bacteroidota	Bacteroidia	Flavobacteriales	Flavobacteriaceae	OTU_2028	OTU_2028
OTU_2029	Bacteria	Proteobacteria	Gammaproteobacteria	OTU_2029	OTU_2029	OTU_2029	OTU_2029
OTU_2030	Bacteria	Proteobacteria	Gammaproteobacteria	Oceanospirillales	Nitrincolaceae	OTU_2030	OTU_2030
OTU_2031	Bacteria	Proteobacteria	Alphaproteobacteria	Rhodobacterales	Rhodobacteraceae	Pelagimonas	OTU_2031
OTU_2032	Bacteria	Bacteroidota	Bacteroidia	Flavobacteriales	Cryomorphaceae	OTU_2032	OTU_2032
OTU_2033	Bacteria	Bacteroidota	Bacteroidia	Flavobacteriales	Flavobacteriaceae	OTU_2033	OTU_2033
OTU_2034	Bacteria	Bacteroidota	Bacteroidia	Flavobacteriales	Flavobacteriaceae	OTU_2034	OTU_2034
OTU_2035	Bacteria	Proteobacteria	Gammaproteobacteria	Piscirickettsiales	Piscirickettsiaceae	Candidatus Endoecteinascidia	OTU_2035
OTU_2036	Bacteria	Proteobacteria	Alphaproteobacteria	Sphingomonadales	Sphingomonadaceae	OTU_2036	OTU_2036
OTU_2037	Bacteria	Proteobacteria	Gammaproteobacteria	Cellvibrionales	Halieaceae	OM60(NOR5) clade	OTU_2037
OTU_2038	Bacteria	Proteobacteria	Gammaproteobacteria	Burkholderiales	Nitrosomonadaceae	IS-44	OTU_2038
OTU_2039	Bacteria	Verrucomicrobiota	Verrucomicrobiae	Verrucomicrobiales	Rubritaleaceae	Persicirhabdus	OTU_2039
OTU_2040	Bacteria	Proteobacteria	Gammaproteobacteria	Burkholderiales	Methylophilaceae	OM43 clade	OTU_2040
OTU_2041	Bacteria	Bacteroidota	Bacteroidia	Flavobacteriales	Flavobacteriaceae	Aequorivita	OTU_2041
OTU_2042	Bacteria	Bacteroidota	Bacteroidia	Flavobacteriales	Crocinitomicaceae	Fluviicola	OTU_2042
OTU_2043	Bacteria	Bacteroidota	Bacteroidia	OTU_2043	OTU_2043	OTU_2043	OTU_2043
OTU_2044	Bacteria	Actinobacteriota	Actinobacteria	Micrococcales	Microbacteriaceae	OTU_2044	OTU_2044
OTU_2045	Bacteria	Proteobacteria	Gammaproteobacteria	SAR86 clade	OTU_2045	OTU_2045	OTU_2045
OTU_2046	Bacteria	Bacteroidota	Bacteroidia	Flavobacteriales	NS9 marine group	OTU_2046	OTU_2046
OTU_2047	Bacteria	Proteobacteria	Gammaproteobacteria	Thiomicrospirales	Thioglobaceae	IheB2-31	OTU_2047
OTU_2048	Bacteria	Proteobacteria	Gammaproteobacteria	Cardiobacteriales	Cardiobacteriaceae	Cardiobacterium	OTU_2048
OTU_2049	Bacteria	Bacteroidota	Bacteroidia	Flavobacteriales	Flavobacteriaceae	OTU_2049	OTU_2049
OTU_2050	Bacteria	Proteobacteria	Gammaproteobacteria	Burkholderiales	OTU_2050	OTU_2050	OTU_2050
OTU_2051	Bacteria	Bacteroidota	Bacteroidia	Flavobacteriales	Flavobacteriaceae	OTU_2051	OTU_2051
OTU_2052	Bacteria	Proteobacteria	Gammaproteobacteria	Burkholderiales	Oxalobacteraceae	Undibacterium	OTU_2052
OTU_2053	Bacteria	Bacteroidota	Bacteroidia	Bacteroidales	Bacteroidaceae	Bacteroides	OTU_2053
OTU_2054	Bacteria	Proteobacteria	Alphaproteobacteria	Caulobacterales	Caulobacteraceae	Caulobacter	OTU_2054
OTU_2055	Bacteria	Proteobacteria	Gammaproteobacteria	Oceanospirillales	Nitrincolaceae	OTU_2055	OTU_2055
OTU_2056	Bacteria	OTU_2056	OTU_2056	OTU_2056	OTU_2056	OTU_2056	OTU_2056
OTU_2057	Bacteria	Proteobacteria	Gammaproteobacteria	OTU_2057	OTU_2057	OTU_2057	OTU_2057
OTU_2058	Bacteria	Proteobacteria	Gammaproteobacteria	Burkholderiales	Comamonadaceae	Malikia	OTU_2058
OTU_2059	Bacteria	Bacteroidota	Bacteroidia	Flavobacteriales	Flavobacteriaceae	Changchengzhania	OTU_2059
OTU_2060	Bacteria	Proteobacteria	Alphaproteobacteria	Rhodobacterales	Rhodobacteraceae	OTU_2060	OTU_2060
OTU_2061	Bacteria	Bacteroidota	Bacteroidia	Flavobacteriales	Flavobacteriaceae	OTU_2061	OTU_2061
OTU_2062	Bacteria	Proteobacteria	Gammaproteobacteria	Oceanospirillales	Nitrincolaceae	OTU_2062	OTU_2062
OTU_2063	Bacteria	Actinobacteriota	Acidimicrobiia	Microtrichales	Ilumatobacteraceae	Ilumatobacter	OTU_2063
OTU_2064	Bacteria	Firmicutes	Clostridia	Lachnospirales	Lachnospiraceae	Lachnospiraceae UCG-010	OTU_2064
OTU_2065	Bacteria	Proteobacteria	Alphaproteobacteria	OTU_2065	OTU_2065	OTU_2065	OTU_2065
OTU_2066	Bacteria	Verrucomicrobiota	Verrucomicrobiae	Opitutales	Puniceicoccaceae	MB11C04 marine group	OTU_2066
OTU_2067	Bacteria	Proteobacteria	Gammaproteobacteria	Cellvibrionales	Porticoccaceae	SAR92 clade	OTU_2067
OTU_2068	Bacteria	Bacteroidota	Bacteroidia	Flavobacteriales	NS9 marine group	OTU_2068	OTU_2068
OTU_2069	Bacteria	Proteobacteria	Gammaproteobacteria	Alteromonadales	Pseudoalteromonadaceae	Pseudoalteromonas	OTU_2069
OTU_2070	Bacteria	Bacteroidota	Bacteroidia	Flavobacteriales	OTU_2070	OTU_2070	OTU_2070
OTU_2071	Bacteria	Proteobacteria	Gammaproteobacteria	Burkholderiales	Comamonadaceae	Acidovorax	OTU_2071
OTU_2072	Bacteria	Proteobacteria	Gammaproteobacteria	SAR86 clade	OTU_2072	OTU_2072	OTU_2072
OTU_2073	Bacteria	Proteobacteria	Gammaproteobacteria	Oceanospirillales	Nitrincolaceae	OTU_2073	OTU_2073
OTU_2074	Bacteria	Proteobacteria	Gammaproteobacteria	Cellvibrionales	Halieaceae	Marimicrobium	OTU_2074
OTU_2075	Bacteria	Proteobacteria	Gammaproteobacteria	Burkholderiales	Comamonadaceae	OTU_2075	OTU_2075
OTU_2076	Bacteria	Bacteroidota	Bacteroidia	Flavobacteriales	Flavobacteriaceae	Polaribacter	OTU_2076
OTU_2077	Bacteria	Proteobacteria	Gammaproteobacteria	Oceanospirillales	Saccharospirillaceae	OTU_2077	OTU_2077
OTU_2078	Bacteria	Proteobacteria	Gammaproteobacteria	Oceanospirillales	Nitrincolaceae	OTU_2078	OTU_2078
OTU_2079	Bacteria	Bacteroidota	Bacteroidia	Flavobacteriales	Flavobacteriaceae	OTU_2079	OTU_2079
OTU_2080	Bacteria	Bacteroidota	Bacteroidia	Cytophagales	Cyclobacteriaceae	Marinoscillum	OTU_2080
OTU_2081	Bacteria	Bacteroidota	Bacteroidia	Flavobacteriales	OTU_2081	OTU_2081	OTU_2081
OTU_2082	Bacteria	Bacteroidota	Bacteroidia	Flavobacteriales	Flavobacteriaceae	OTU_2082	OTU_2082
OTU_2083	Bacteria	Bacteroidota	Bacteroidia	Flavobacteriales	Flavobacteriaceae	OTU_2083	OTU_2083
OTU_2084	Bacteria	Proteobacteria	Gammaproteobacteria	Alteromonadales	Alteromonadaceae	Salinimonas	OTU_2084
OTU_2085	Bacteria	Proteobacteria	Gammaproteobacteria	Cellvibrionales	Halieaceae	Marimicrobium	OTU_2085
OTU_2086	Bacteria	Actinobacteriota	Actinobacteria	Micrococcales	Microbacteriaceae	SV1-3	OTU_2086
OTU_2087	Bacteria	Bacteroidota	Bacteroidia	Flavobacteriales	Flavobacteriaceae	Aurantivirga	OTU_2087
OTU_2088	Bacteria	Proteobacteria	Gammaproteobacteria	Nitrosococcales	Methylophagaceae	OTU_2088	OTU_2088
OTU_2089	Bacteria	Proteobacteria	Gammaproteobacteria	Thiomicrospirales	Thioglobaceae	IheB2-31	OTU_2089
OTU_2090	Bacteria	Bacteroidota	Bacteroidia	Flavobacteriales	Flavobacteriaceae	OTU_2090	OTU_2090
OTU_2091	Bacteria	Cyanobacteria	Cyanobacteriia	Chloroplast	OTU_2091	OTU_2091	OTU_2091
OTU_2092	Bacteria	Bacteroidota	Bacteroidia	Flavobacteriales	Cryomorphaceae	NS10 marine group	OTU_2092
OTU_2093	Bacteria	Bacteroidota	Bacteroidia	Cytophagales	Cyclobacteriaceae	Ekhidna	OTU_2093
OTU_2094	Bacteria	Proteobacteria	Alphaproteobacteria	Rhodobacterales	Rhodobacteraceae	OTU_2094	OTU_2094
OTU_2095	Bacteria	Proteobacteria	Gammaproteobacteria	Pasteurellales	Pasteurellaceae	Actinobacillus	scotiae
OTU_2096	Bacteria	Proteobacteria	Gammaproteobacteria	Cellvibrionales	Spongiibacteraceae	OTU_2096	OTU_2096
OTU_2097	Bacteria	Bacteroidota	Bacteroidia	Flavobacteriales	Flavobacteriaceae	OTU_2097	OTU_2097
OTU_2098	Bacteria	Proteobacteria	Gammaproteobacteria	OTU_2098	OTU_2098	OTU_2098	OTU_2098
OTU_2099	Bacteria	Proteobacteria	Gammaproteobacteria	Vibrionales	Vibrionaceae	OTU_2099	OTU_2099
OTU_2100	Bacteria	Bacteroidota	Bacteroidia	Flavobacteriales	Flavobacteriaceae	NS4 marine group	OTU_2100
OTU_2101	Bacteria	Proteobacteria	Gammaproteobacteria	Burkholderiales	OTU_2101	OTU_2101	OTU_2101
OTU_2102	Bacteria	Proteobacteria	Gammaproteobacteria	Burkholderiales	Methylophilaceae	OM43 clade	OTU_2102
OTU_2103	Bacteria	Cyanobacteria	Cyanobacteriia	Chloroplast	OTU_2103	OTU_2103	OTU_2103
OTU_2104	Bacteria	Proteobacteria	Alphaproteobacteria	Rhodobacterales	Rhodobacteraceae	OTU_2104	OTU_2104
OTU_2105	Bacteria	Bacteroidota	Bacteroidia	Flavobacteriales	Crocinitomicaceae	Fluviicola	OTU_2105
OTU_2106	Bacteria	Proteobacteria	Gammaproteobacteria	Alteromonadales	Colwelliaceae	Colwellia	OTU_2106
OTU_2107	Bacteria	Bacteroidota	Bacteroidia	Flavobacteriales	Crocinitomicaceae	OTU_2107	OTU_2107
OTU_2108	Bacteria	Bacteroidota	Bacteroidia	Flavobacteriales	Flavobacteriaceae	Polaribacter	OTU_2108
OTU_2109	Bacteria	Proteobacteria	Gammaproteobacteria	Alteromonadales	Colwelliaceae	OTU_2109	OTU_2109
OTU_2110	Bacteria	Proteobacteria	Gammaproteobacteria	Burkholderiales	Comamonadaceae	OTU_2110	OTU_2110
OTU_2111	Bacteria	Bacteroidota	Bacteroidia	Flavobacteriales	Flavobacteriaceae	OTU_2111	OTU_2111
OTU_2112	Bacteria	Proteobacteria	OTU_2112	OTU_2112	OTU_2112	OTU_2112	OTU_2112
OTU_2113	Bacteria	Bacteroidota	Bacteroidia	Flavobacteriales	Flavobacteriaceae	NS5 marine group	OTU_2113
OTU_2114	Bacteria	Proteobacteria	Gammaproteobacteria	Cellvibrionales	Halieaceae	OTU_2114	OTU_2114
OTU_2115	Bacteria	Proteobacteria	Gammaproteobacteria	SAR86 clade	OTU_2115	OTU_2115	OTU_2115
OTU_2116	Bacteria	Bacteroidota	Bacteroidia	Flavobacteriales	Flavobacteriaceae	OTU_2116	OTU_2116
OTU_2117	Bacteria	Bacteroidota	Bacteroidia	Flavobacteriales	Flavobacteriaceae	OTU_2117	OTU_2117
OTU_2118	Bacteria	Bacteroidota	Bacteroidia	Flavobacteriales	Flavobacteriaceae	NS5 marine group	OTU_2118
OTU_2119	Bacteria	Firmicutes	Clostridia	Clostridia vadinBB60 group	OTU_2119	OTU_2119	OTU_2119
OTU_2120	Bacteria	Proteobacteria	Gammaproteobacteria	Pseudomonadales	Moraxellaceae	Acinetobacter	OTU_2120
OTU_2121	Bacteria	Proteobacteria	Gammaproteobacteria	Cellvibrionales	OTU_2121	OTU_2121	OTU_2121
OTU_2122	Bacteria	Bacteroidota	Bacteroidia	Flavobacteriales	Flavobacteriaceae	OTU_2122	OTU_2122
OTU_2123	Bacteria	Proteobacteria	Alphaproteobacteria	Defluviicoccales	OTU_2123	OTU_2123	OTU_2123
OTU_2124	Bacteria	Bacteroidota	Bacteroidia	Flavobacteriales	Crocinitomicaceae	Crocinitomix	OTU_2124
OTU_2125	Bacteria	Bacteroidota	Bacteroidia	Flavobacteriales	Cryomorphaceae	OTU_2125	OTU_2125
OTU_2126	Bacteria	Actinobacteriota	Acidimicrobiia	Microtrichales	Ilumatobacteraceae	Ilumatobacter	OTU_2126
OTU_2127	Bacteria	Bacteroidota	Bacteroidia	Bacteroidales	Bacteroidaceae	Bacteroides	uniformis
OTU_2128	Bacteria	Bacteroidota	Bacteroidia	Flavobacteriales	NS9 marine group	OTU_2128	OTU_2128
OTU_2129	Bacteria	Proteobacteria	Alphaproteobacteria	Azospirillales	Azospirillaceae	Skermanella	OTU_2129
OTU_2130	Bacteria	Proteobacteria	Gammaproteobacteria	Alteromonadales	Alteromonadaceae	Alteromonas	OTU_2130
OTU_2131	Bacteria	Proteobacteria	Gammaproteobacteria	SAR86 clade	OTU_2131	OTU_2131	OTU_2131
OTU_2132	Bacteria	Proteobacteria	Gammaproteobacteria	Cellvibrionales	Halieaceae	OM60(NOR5) clade	OTU_2132
OTU_2133	Bacteria	Bacteroidota	Bacteroidia	Chitinophagales	OTU_2133	OTU_2133	OTU_2133
OTU_2134	Bacteria	Proteobacteria	Gammaproteobacteria	SAR86 clade	OTU_2134	OTU_2134	OTU_2134
OTU_2135	Bacteria	Planctomycetota	Planctomycetes	Pirellulales	Pirellulaceae	OTU_2135	OTU_2135
OTU_2136	Bacteria	Proteobacteria	Alphaproteobacteria	Sphingomonadales	Sphingomonadaceae	Erythrobacter	OTU_2136
OTU_2137	Bacteria	Proteobacteria	Gammaproteobacteria	Vibrionales	Vibrionaceae	Vibrio	OTU_2137
OTU_2138	Bacteria	Proteobacteria	Gammaproteobacteria	Cellvibrionales	Halieaceae	OM60(NOR5) clade	OTU_2138
OTU_2139	Bacteria	Bacteroidota	Bacteroidia	Flavobacteriales	Flavobacteriaceae	Aurantivirga	OTU_2139
OTU_2140	Bacteria	Desulfobacterota	Desulfuromonadia	PB19	OTU_2140	OTU_2140	OTU_2140
OTU_2141	Bacteria	Actinobacteriota	Actinobacteria	Corynebacteriales	Nocardiaceae	Rhodococcus	OTU_2141
OTU_2142	Bacteria	Proteobacteria	Alphaproteobacteria	Rhodobacterales	Rhodobacteraceae	OTU_2142	OTU_2142
OTU_2143	Bacteria	Proteobacteria	Gammaproteobacteria	SAR86 clade	OTU_2143	OTU_2143	OTU_2143
OTU_2144	Bacteria	Proteobacteria	Alphaproteobacteria	Rhodobacterales	Rhodobacteraceae	OTU_2144	OTU_2144
OTU_2145	Bacteria	Proteobacteria	Gammaproteobacteria	SAR86 clade	OTU_2145	OTU_2145	OTU_2145
OTU_2146	Bacteria	Bacteroidota	Bacteroidia	Flavobacteriales	Cryomorphaceae	NS10 marine group	OTU_2146
OTU_2147	Bacteria	Bacteroidota	Bacteroidia	Flavobacteriales	Flavobacteriaceae	OTU_2147	OTU_2147
OTU_2148	Bacteria	Cyanobacteria	Cyanobacteriia	Chloroplast	OTU_2148	OTU_2148	OTU_2148
OTU_2149	Bacteria	Proteobacteria	Gammaproteobacteria	Cellvibrionales	Porticoccaceae	OTU_2149	OTU_2149
OTU_2150	Bacteria	Proteobacteria	Gammaproteobacteria	Alteromonadales	Colwelliaceae	Colwellia	OTU_2150
OTU_2151	Bacteria	Proteobacteria	Gammaproteobacteria	Nitrosococcales	Methylophagaceae	OTU_2151	OTU_2151
OTU_2152	Bacteria	Bacteroidota	Bacteroidia	Flavobacteriales	Flavobacteriaceae	Ulvibacter	OTU_2152
OTU_2153	Bacteria	Proteobacteria	Gammaproteobacteria	Thiomicrospirales	Thioglobaceae	IheB2-31	OTU_2153
OTU_2154	Bacteria	Proteobacteria	Gammaproteobacteria	OTU_2154	OTU_2154	OTU_2154	OTU_2154
OTU_2155	Bacteria	Proteobacteria	Alphaproteobacteria	Rhodobacterales	Rhodobacteraceae	OTU_2155	OTU_2155
OTU_2156	Bacteria	Proteobacteria	Alphaproteobacteria	SAR11 clade	OTU_2156	OTU_2156	OTU_2156
OTU_2157	Bacteria	Proteobacteria	Gammaproteobacteria	Oceanospirillales	Nitrincolaceae	OTU_2157	OTU_2157
OTU_2158	Bacteria	Proteobacteria	Alphaproteobacteria	SAR11 clade	Clade I	OTU_2158	OTU_2158
OTU_2159	Bacteria	Proteobacteria	Gammaproteobacteria	SAR86 clade	OTU_2159	OTU_2159	OTU_2159
OTU_2160	Bacteria	Proteobacteria	Gammaproteobacteria	Alteromonadales	Colwelliaceae	OTU_2160	OTU_2160
OTU_2161	Bacteria	Bacteroidota	Bacteroidia	OTU_2161	OTU_2161	OTU_2161	OTU_2161
OTU_2162	Bacteria	Proteobacteria	Gammaproteobacteria	Alteromonadales	Colwelliaceae	Litorilituus	OTU_2162
OTU_2163	Bacteria	Proteobacteria	Gammaproteobacteria	Thiomicrospirales	Thioglobaceae	IheB2-31	OTU_2163
OTU_2164	Bacteria	Proteobacteria	Gammaproteobacteria	Oceanospirillales	Nitrincolaceae	OTU_2164	OTU_2164
OTU_2165	Bacteria	Proteobacteria	Gammaproteobacteria	Alteromonadales	Alteromonadaceae	OTU_2165	OTU_2165
OTU_2166	Bacteria	OTU_2166	OTU_2166	OTU_2166	OTU_2166	OTU_2166	OTU_2166
OTU_2167	Bacteria	Bacteroidota	Bacteroidia	Flavobacteriales	Flavobacteriaceae	Ulvibacter	OTU_2167
OTU_2168	Bacteria	Bacteroidota	Bacteroidia	Flavobacteriales	Flavobacteriaceae	OTU_2168	OTU_2168
OTU_2169	Bacteria	Proteobacteria	Gammaproteobacteria	OTU_2169	OTU_2169	OTU_2169	OTU_2169
OTU_2170	Bacteria	Cyanobacteria	Cyanobacteriia	Synechococcales	Cyanobiaceae	Cyanobium PCC-6307	OTU_2170
OTU_2171	Bacteria	Proteobacteria	Gammaproteobacteria	Nitrosococcales	Methylophagaceae	Methylophaga	OTU_2171
OTU_2172	Bacteria	Actinobacteriota	Actinobacteria	Corynebacteriales	OTU_2172	OTU_2172	OTU_2172
OTU_2173	Bacteria	Bacteroidota	Bacteroidia	Flavobacteriales	Flavobacteriaceae	OTU_2173	OTU_2173
OTU_2174	Bacteria	Proteobacteria	Alphaproteobacteria	Rhizobiales	Beijerinckiaceae	Bosea	massiliensis
OTU_2175	Bacteria	Proteobacteria	Gammaproteobacteria	Thiomicrospirales	Thioglobaceae	IheB2-31	OTU_2175
OTU_2176	Bacteria	Proteobacteria	Gammaproteobacteria	Cellvibrionales	Halieaceae	OTU_2176	OTU_2176
OTU_2177	Bacteria	Cyanobacteria	Cyanobacteriia	Chloroplast	OTU_2177	OTU_2177	OTU_2177
OTU_2178	Bacteria	Firmicutes	Bacilli	Lactobacillales	Enterococcaceae	Enterococcus	OTU_2178
OTU_2179	Bacteria	Bacteroidota	Bacteroidia	Flavobacteriales	Flavobacteriaceae	OTU_2179	OTU_2179
OTU_2180	Bacteria	Proteobacteria	Alphaproteobacteria	Rhodobacterales	Rhodobacteraceae	OTU_2180	OTU_2180
OTU_2181	Bacteria	Proteobacteria	Gammaproteobacteria	HgCo23	OTU_2181	OTU_2181	OTU_2181
OTU_2182	Bacteria	Proteobacteria	Alphaproteobacteria	Kordiimonadales	OTU_2182	OTU_2182	OTU_2182
OTU_2183	Bacteria	Bacteroidota	Bacteroidia	OTU_2183	OTU_2183	OTU_2183	OTU_2183
OTU_2184	Bacteria	Proteobacteria	Gammaproteobacteria	Enterobacterales	Enterobacteriaceae	OTU_2184	OTU_2184
OTU_2185	Bacteria	Bacteroidota	Bacteroidia	Flavobacteriales	OTU_2185	OTU_2185	OTU_2185
OTU_2186	Bacteria	Proteobacteria	Alphaproteobacteria	SAR11 clade	Clade III	OTU_2186	OTU_2186
OTU_2187	Bacteria	Cyanobacteria	Cyanobacteriia	Chloroplast	OTU_2187	OTU_2187	OTU_2187
OTU_2188	Bacteria	Proteobacteria	Alphaproteobacteria	SAR11 clade	Clade IV	OTU_2188	OTU_2188
OTU_2189	Bacteria	Proteobacteria	Gammaproteobacteria	OTU_2189	OTU_2189	OTU_2189	OTU_2189
OTU_2190	Bacteria	Proteobacteria	Gammaproteobacteria	Oceanospirillales	Nitrincolaceae	OTU_2190	OTU_2190
OTU_2191	Bacteria	Verrucomicrobiota	Verrucomicrobiae	Opitutales	Puniceicoccaceae	Lentimonas	OTU_2191
OTU_2192	Bacteria	Proteobacteria	Alphaproteobacteria	Rhodobacterales	Rhodobacteraceae	Pelagimonas	OTU_2192
OTU_2193	Bacteria	Proteobacteria	Gammaproteobacteria	Alteromonadales	Marinobacteraceae	Marinobacter	OTU_2193
OTU_2194	Bacteria	Bacteroidota	Bacteroidia	Flavobacteriales	Cryomorphaceae	NS10 marine group	OTU_2194
OTU_2195	Bacteria	Proteobacteria	Gammaproteobacteria	Pseudomonadales	Moraxellaceae	Psychrobacter	OTU_2195
OTU_2196	Bacteria	Proteobacteria	Gammaproteobacteria	Burkholderiales	OTU_2196	OTU_2196	OTU_2196
OTU_2197	Bacteria	Proteobacteria	Gammaproteobacteria	Oceanospirillales	Nitrincolaceae	OTU_2197	OTU_2197
OTU_2198	Bacteria	Proteobacteria	Gammaproteobacteria	OTU_2198	OTU_2198	OTU_2198	OTU_2198
OTU_2199	Bacteria	Verrucomicrobiota	Verrucomicrobiae	Verrucomicrobiales	Rubritaleaceae	Rubritalea	OTU_2199
OTU_2200	Bacteria	Proteobacteria	Alphaproteobacteria	SAR11 clade	Clade I	OTU_2200	OTU_2200
OTU_2201	Bacteria	Proteobacteria	Alphaproteobacteria	SAR11 clade	OTU_2201	OTU_2201	OTU_2201
OTU_2202	Bacteria	Desulfobacterota	Desulfobulbia	Desulfobulbales	Desulfocapsaceae	OTU_2202	OTU_2202
OTU_2203	Bacteria	Bacteroidota	Bacteroidia	Cytophagales	Hymenobacteraceae	Hymenobacter	OTU_2203
OTU_2204	Bacteria	Proteobacteria	Alphaproteobacteria	Caulobacterales	Hyphomonadaceae	Litorimonas	OTU_2204
OTU_2205	Bacteria	Proteobacteria	Gammaproteobacteria	Burkholderiales	Oxalobacteraceae	Herbaspirillum	OTU_2205
OTU_2206	Bacteria	Proteobacteria	Alphaproteobacteria	Kordiimonadales	OTU_2206	OTU_2206	OTU_2206
OTU_2207	Bacteria	Proteobacteria	Alphaproteobacteria	Defluviicoccales	OTU_2207	OTU_2207	OTU_2207
OTU_2208	Bacteria	Proteobacteria	Gammaproteobacteria	Alteromonadales	Alteromonadaceae	Rheinheimera	OTU_2208
OTU_2209	Bacteria	Patescibacteria	Saccharimonadia	Saccharimonadales	OTU_2209	OTU_2209	OTU_2209
OTU_2210	Bacteria	Proteobacteria	Alphaproteobacteria	Rickettsiales	Mitochondria	OTU_2210	OTU_2210
OTU_2211	Bacteria	Bacteroidota	Bacteroidia	Flavobacteriales	Cryomorphaceae	NS10 marine group	OTU_2211
OTU_2212	Bacteria	Bacteroidota	Bacteroidia	Flavobacteriales	Flavobacteriaceae	OTU_2212	OTU_2212
OTU_2213	Bacteria	Bacteroidota	Bacteroidia	Flavobacteriales	Flavobacteriaceae	OTU_2213	OTU_2213
OTU_2214	Bacteria	Proteobacteria	Gammaproteobacteria	SAR86 clade	OTU_2214	OTU_2214	OTU_2214
OTU_2215	Bacteria	Desulfobacterota	Desulfuromonadia	PB19	OTU_2215	OTU_2215	OTU_2215
OTU_2216	Bacteria	Proteobacteria	Gammaproteobacteria	Cellvibrionales	Porticoccaceae	SAR92 clade	OTU_2216
OTU_2217	Bacteria	Proteobacteria	Alphaproteobacteria	Rhodobacterales	Rhodobacteraceae	OTU_2217	OTU_2217
OTU_2218	Bacteria	Actinobacteriota	Actinobacteria	Micrococcales	Microbacteriaceae	OTU_2218	OTU_2218
OTU_2219	Bacteria	Firmicutes	Clostridia	Oscillospirales	Ruminococcaceae	Subdoligranulum	OTU_2219
OTU_2220	Bacteria	Proteobacteria	Alphaproteobacteria	Rhodobacterales	Rhodobacteraceae	OTU_2220	OTU_2220
OTU_2221	Bacteria	Proteobacteria	Gammaproteobacteria	Nitrosococcales	Nitrosococcaceae	Cm1-21	OTU_2221
OTU_2222	Bacteria	Proteobacteria	Gammaproteobacteria	Oceanospirillales	Marinomonadaceae	Marinomonas	OTU_2222
OTU_2223	Bacteria	Proteobacteria	Alphaproteobacteria	Rhodobacterales	Rhodobacteraceae	OTU_2223	OTU_2223
OTU_2224	Bacteria	Proteobacteria	Gammaproteobacteria	OTU_2224	OTU_2224	OTU_2224	OTU_2224
OTU_2225	Bacteria	Verrucomicrobiota	Kiritimatiellae	WCHB1-41	OTU_2225	OTU_2225	OTU_2225
OTU_2226	Bacteria	Firmicutes	Clostridia	Clostridiales	Clostridiaceae	Clostridium sensu stricto 1	OTU_2226
OTU_2227	Bacteria	Proteobacteria	Alphaproteobacteria	Rhodobacterales	Rhodobacteraceae	OTU_2227	OTU_2227
OTU_2228	Bacteria	Proteobacteria	Gammaproteobacteria	Thiomicrospirales	Thioglobaceae	IheB2-31	OTU_2228
OTU_2229	Bacteria	Proteobacteria	Alphaproteobacteria	SAR11 clade	OTU_2229	OTU_2229	OTU_2229
OTU_2230	Bacteria	Proteobacteria	Gammaproteobacteria	OTU_2230	OTU_2230	OTU_2230	OTU_2230
OTU_2231	Bacteria	Spirochaetota	Spirochaetia	Spirochaetales	Spirochaetaceae	OTU_2231	OTU_2231
OTU_2232	Bacteria	Proteobacteria	Alphaproteobacteria	SAR11 clade	Clade IV	OTU_2232	OTU_2232
OTU_2233	Bacteria	Proteobacteria	Alphaproteobacteria	Rhodobacterales	Rhodobacteraceae	Cognatiyoonia	OTU_2233
OTU_2234	Bacteria	Firmicutes	Bacilli	Exiguobacterales	Exiguobacteraceae	Exiguobacterium	OTU_2234
OTU_2235	Bacteria	Bacteroidota	Bacteroidia	Flavobacteriales	NS9 marine group	OTU_2235	OTU_2235
OTU_2236	Bacteria	Verrucomicrobiota	Verrucomicrobiae	Opitutales	Puniceicoccaceae	A714019	OTU_2236
OTU_2237	Bacteria	Patescibacteria	Parcubacteria	Candidatus Campbellbacteria	OTU_2237	OTU_2237	OTU_2237
OTU_2238	Bacteria	Bacteroidota	Bacteroidia	Flavobacteriales	Flavobacteriaceae	NS5 marine group	OTU_2238
OTU_2239	Bacteria	OTU_2239	OTU_2239	OTU_2239	OTU_2239	OTU_2239	OTU_2239
OTU_2240	Bacteria	Proteobacteria	Gammaproteobacteria	Oceanospirillales	Nitrincolaceae	OTU_2240	OTU_2240
OTU_2241	Bacteria	Bacteroidota	Bacteroidia	Flavobacteriales	Crocinitomicaceae	Salinirepens	OTU_2241
OTU_2242	Bacteria	Bacteroidota	Bacteroidia	Flavobacteriales	Flavobacteriaceae	OTU_2242	OTU_2242
OTU_2243	Bacteria	Proteobacteria	Gammaproteobacteria	Thiomicrospirales	Thioglobaceae	IheB2-31	OTU_2243
OTU_2244	Bacteria	Bacteroidota	Bacteroidia	Flavobacteriales	Crocinitomicaceae	Fluviicola	OTU_2244
OTU_2245	Bacteria	Bacteroidota	Bacteroidia	Flavobacteriales	Flavobacteriaceae	OTU_2245	OTU_2245
OTU_2246	Bacteria	Bacteroidota	Bacteroidia	Flavobacteriales	Flavobacteriaceae	Ichthyenterobacterium	OTU_2246
OTU_2247	Bacteria	Proteobacteria	Gammaproteobacteria	Thiomicrospirales	Thioglobaceae	IheB2-31	OTU_2247
OTU_2248	Bacteria	Bacteroidota	Bacteroidia	Cytophagales	Cyclobacteriaceae	OTU_2248	OTU_2248
OTU_2249	Bacteria	Marinimicrobia (SAR406 clade)	OTU_2249	OTU_2249	OTU_2249	OTU_2249	OTU_2249
OTU_2250	Bacteria	Bdellovibrionota	Bdellovibrionia	Bdellovibrionales	Bdellovibrionaceae	OM27 clade	OTU_2250
OTU_2251	Bacteria	Proteobacteria	Gammaproteobacteria	Oceanospirillales	Nitrincolaceae	OTU_2251	OTU_2251
OTU_2252	Bacteria	Proteobacteria	Gammaproteobacteria	Alteromonadales	Pseudoalteromonadaceae	OTU_2252	OTU_2252
OTU_2253	Bacteria	Bacteroidota	Bacteroidia	Flavobacteriales	NS9 marine group	OTU_2253	OTU_2253
OTU_2254	Bacteria	Proteobacteria	Gammaproteobacteria	Oceanospirillales	Nitrincolaceae	OTU_2254	OTU_2254
OTU_2255	Bacteria	Bacteroidota	Bacteroidia	OTU_2255	OTU_2255	OTU_2255	OTU_2255
OTU_2256	Bacteria	Fusobacteriota	Fusobacteriia	Fusobacteriales	Fusobacteriaceae	Fusobacterium	OTU_2256
OTU_2257	Bacteria	Proteobacteria	Alphaproteobacteria	SAR11 clade	Clade I	Clade Ia	OTU_2257
OTU_2258	Bacteria	Proteobacteria	Gammaproteobacteria	SAR86 clade	OTU_2258	OTU_2258	OTU_2258
OTU_2259	Bacteria	Firmicutes	Clostridia	Lachnospirales	Lachnospiraceae	[Eubacterium] fissicatena group	OTU_2259
OTU_2260	Bacteria	Proteobacteria	Alphaproteobacteria	SAR11 clade	Clade I	Clade Ia	OTU_2260
OTU_2261	Bacteria	Proteobacteria	Alphaproteobacteria	Rhodobacterales	Rhodobacteraceae	Oceaniovalibus	OTU_2261
OTU_2262	Bacteria	Actinobacteriota	OTU_2262	OTU_2262	OTU_2262	OTU_2262	OTU_2262
OTU_2263	Bacteria	Bacteroidota	Bacteroidia	Flavobacteriales	Flavobacteriaceae	OTU_2263	OTU_2263
OTU_2264	Bacteria	Proteobacteria	Alphaproteobacteria	SAR11 clade	Clade I	OTU_2264	OTU_2264
OTU_2265	Bacteria	Cyanobacteria	Cyanobacteriia	Chloroplast	OTU_2265	OTU_2265	OTU_2265
OTU_2266	Bacteria	Proteobacteria	Gammaproteobacteria	Cellvibrionales	Halieaceae	Marimicrobium	OTU_2266
OTU_2267	Bacteria	Proteobacteria	Gammaproteobacteria	SAR86 clade	OTU_2267	OTU_2267	OTU_2267
OTU_2268	Bacteria	Bacteroidota	Bacteroidia	OTU_2268	OTU_2268	OTU_2268	OTU_2268
OTU_2269	Bacteria	Proteobacteria	Alphaproteobacteria	Rhodobacterales	Rhodobacteraceae	Cognatiyoonia	OTU_2269
OTU_2270	Bacteria	Firmicutes	Bacilli	Lactobacillales	Carnobacteriaceae	Granulicatella	OTU_2270
OTU_2271	Bacteria	Bacteroidota	Bacteroidia	Flavobacteriales	NS7 marine group	OTU_2271	OTU_2271
OTU_2272	Bacteria	Bacteroidota	Bacteroidia	Flavobacteriales	Flavobacteriaceae	Polaribacter	OTU_2272
OTU_2273	Bacteria	Proteobacteria	Gammaproteobacteria	Nitrosococcales	Methylophagaceae	OTU_2273	OTU_2273
OTU_2274	Bacteria	PAUC34f	OTU_2274	OTU_2274	OTU_2274	OTU_2274	OTU_2274
OTU_2275	Bacteria	Proteobacteria	Gammaproteobacteria	Oceanospirillales	Nitrincolaceae	OTU_2275	OTU_2275
OTU_2276	Bacteria	Proteobacteria	Gammaproteobacteria	Burkholderiales	OTU_2276	OTU_2276	OTU_2276
OTU_2277	Bacteria	Desulfobacterota	Desulfuromonadia	PB19	OTU_2277	OTU_2277	OTU_2277
OTU_2278	Bacteria	Bacteroidota	Bacteroidia	Flavobacteriales	Flavobacteriaceae	Arenibacter	OTU_2278
OTU_2279	Bacteria	Bacteroidota	Bacteroidia	Flavobacteriales	Flavobacteriaceae	NS5 marine group	OTU_2279
OTU_2280	Bacteria	Bacteroidota	Bacteroidia	Flavobacteriales	Flavobacteriaceae	OTU_2280	OTU_2280
OTU_2281	Bacteria	Bacteroidota	Bacteroidia	Flavobacteriales	Cryomorphaceae	OTU_2281	OTU_2281
OTU_2282	Bacteria	Bacteroidota	Bacteroidia	Flavobacteriales	Crocinitomicaceae	OTU_2282	OTU_2282
OTU_2283	Bacteria	Proteobacteria	Alphaproteobacteria	Rhodobacterales	Rhodobacteraceae	Cognatiyoonia	OTU_2283
OTU_2284	Bacteria	Proteobacteria	Gammaproteobacteria	Cellvibrionales	Halieaceae	OTU_2284	OTU_2284
OTU_2285	Bacteria	Bacteroidota	Bacteroidia	Flavobacteriales	Flavobacteriaceae	NS5 marine group	OTU_2285
OTU_2286	Bacteria	Proteobacteria	Alphaproteobacteria	Rhodobacterales	Rhodobacteraceae	OTU_2286	OTU_2286
OTU_2287	Bacteria	Bacteroidota	Bacteroidia	Flavobacteriales	NS9 marine group	OTU_2287	OTU_2287
OTU_2288	Bacteria	Proteobacteria	Alphaproteobacteria	Rhodobacterales	Rhodobacteraceae	Sulfitobacter	OTU_2288
OTU_2289	Bacteria	Bacteroidota	Bacteroidia	Flavobacteriales	Flavobacteriaceae	OTU_2289	OTU_2289
OTU_2290	Bacteria	Proteobacteria	Alphaproteobacteria	Rhodobacterales	Rhodobacteraceae	OTU_2290	OTU_2290
OTU_2291	Bacteria	Bdellovibrionota	Bdellovibrionia	Bdellovibrionales	Bdellovibrionaceae	OM27 clade	OTU_2291
OTU_2292	Bacteria	Proteobacteria	Gammaproteobacteria	Alteromonadales	Psychromonadaceae	OTU_2292	OTU_2292
OTU_2293	Bacteria	Actinobacteriota	Actinobacteria	Frankiales	Sporichthyaceae	OTU_2293	OTU_2293
OTU_2294	Bacteria	Bacteroidota	Bacteroidia	Flavobacteriales	Cryomorphaceae	OTU_2294	OTU_2294
OTU_2295	Bacteria	Proteobacteria	Gammaproteobacteria	Pseudomonadales	Moraxellaceae	Acinetobacter	OTU_2295
OTU_2296	Bacteria	Bacteroidota	Bacteroidia	Sphingobacteriales	Sphingobacteriaceae	Pedobacter	duraquae
OTU_2297	Bacteria	Proteobacteria	Gammaproteobacteria	Burkholderiales	Comamonadaceae	OTU_2297	OTU_2297
OTU_2298	Bacteria	Verrucomicrobiota	Verrucomicrobiae	Verrucomicrobiales	Rubritaleaceae	Roseibacillus	OTU_2298
OTU_2299	Bacteria	Proteobacteria	Alphaproteobacteria	Rhizobiales	Rhizobiaceae	Ahrensia	OTU_2299
OTU_2300	Bacteria	Proteobacteria	Alphaproteobacteria	SAR11 clade	Clade I	Clade Ia	OTU_2300
OTU_2301	Bacteria	Cyanobacteria	Cyanobacteriia	Chloroplast	OTU_2301	OTU_2301	OTU_2301
OTU_2302	Bacteria	Firmicutes	Clostridia	Lachnospirales	Lachnospiraceae	Tyzzerella	OTU_2302
OTU_2303	Bacteria	Bacteroidota	Bacteroidia	Flavobacteriales	Flavobacteriaceae	Lutibacter	OTU_2303
OTU_2304	Bacteria	Proteobacteria	Alphaproteobacteria	SAR11 clade	Clade IV	OTU_2304	OTU_2304
OTU_2305	Bacteria	Cyanobacteria	Cyanobacteriia	Chloroplast	OTU_2305	OTU_2305	OTU_2305
OTU_2306	Bacteria	Proteobacteria	Gammaproteobacteria	Alteromonadales	Alteromonadaceae	Rheinheimera	OTU_2306
OTU_2307	Bacteria	Bacteroidota	Bacteroidia	Flavobacteriales	NS9 marine group	OTU_2307	OTU_2307
OTU_2308	Bacteria	Proteobacteria	Gammaproteobacteria	Pseudomonadales	Moraxellaceae	Acinetobacter	OTU_2308
OTU_2309	Bacteria	Bacteroidota	Bacteroidia	Flavobacteriales	Flavobacteriaceae	NS4 marine group	OTU_2309
OTU_2310	Bacteria	Proteobacteria	Gammaproteobacteria	Oceanospirillales	Pseudohongiellaceae	Pseudohongiella	OTU_2310
OTU_2311	Bacteria	Proteobacteria	Alphaproteobacteria	Rhodobacterales	Rhodobacteraceae	OTU_2311	OTU_2311
OTU_2312	Bacteria	Bacteroidota	Bacteroidia	Flavobacteriales	Cryomorphaceae	OTU_2312	OTU_2312
OTU_2313	Bacteria	Proteobacteria	Gammaproteobacteria	Alteromonadales	Pseudoalteromonadaceae	Pseudoalteromonas	OTU_2313
OTU_2314	Bacteria	Actinobacteriota	Actinobacteria	Micrococcales	Microbacteriaceae	SV1-3	OTU_2314
OTU_2315	Bacteria	Actinobacteriota	Actinobacteria	Micrococcales	Microbacteriaceae	SV1-3	OTU_2315
OTU_2316	Bacteria	Proteobacteria	Alphaproteobacteria	Sneathiellales	Sneathiellaceae	Sneathiella	OTU_2316
OTU_2317	Bacteria	Actinobacteriota	Actinobacteria	Micrococcales	Microbacteriaceae	Microbacterium	OTU_2317
OTU_2318	Bacteria	Proteobacteria	Alphaproteobacteria	Rickettsiales	Mitochondria	OTU_2318	OTU_2318
OTU_2319	Bacteria	Bacteroidota	Bacteroidia	Flavobacteriales	Flavobacteriaceae	Polaribacter	OTU_2319
OTU_2320	Bacteria	Bacteroidota	Bacteroidia	Flavobacteriales	Flavobacteriaceae	Aestuariimonas	OTU_2320
OTU_2321	Bacteria	Bacteroidota	Bacteroidia	Flavobacteriales	Flavobacteriaceae	OTU_2321	OTU_2321
OTU_2322	Bacteria	Proteobacteria	Gammaproteobacteria	Alteromonadales	Psychromonadaceae	OTU_2322	OTU_2322
OTU_2323	Bacteria	Proteobacteria	Gammaproteobacteria	Cellvibrionales	Halieaceae	Marimicrobium	OTU_2323
OTU_2324	Bacteria	Bacteroidota	Bacteroidia	Flavobacteriales	Cryomorphaceae	OTU_2324	OTU_2324
OTU_2325	Bacteria	Proteobacteria	Gammaproteobacteria	Pseudomonadales	Moraxellaceae	Acinetobacter	OTU_2325
OTU_2326	Bacteria	Firmicutes	Clostridia	Lachnospirales	Lachnospiraceae	Blautia	OTU_2326
OTU_2327	Bacteria	Proteobacteria	Gammaproteobacteria	Legionellales	Legionellaceae	OTU_2327	OTU_2327
OTU_2328	Bacteria	Verrucomicrobiota	Verrucomicrobiae	Verrucomicrobiales	Rubritaleaceae	Roseibacillus	OTU_2328
OTU_2329	Bacteria	Actinobacteriota	Actinobacteria	OTU_2329	OTU_2329	OTU_2329	OTU_2329
OTU_2330	Bacteria	Proteobacteria	Gammaproteobacteria	Alteromonadales	Colwelliaceae	Colwellia	OTU_2330
OTU_2331	Bacteria	Bacteroidota	Bacteroidia	Flavobacteriales	Flavobacteriaceae	OTU_2331	OTU_2331
OTU_2332	Bacteria	OTU_2332	OTU_2332	OTU_2332	OTU_2332	OTU_2332	OTU_2332
OTU_2333	Bacteria	Cyanobacteria	Cyanobacteriia	Chloroplast	OTU_2333	OTU_2333	OTU_2333
OTU_2334	Bacteria	Bacteroidota	Bacteroidia	Flavobacteriales	Flavobacteriaceae	OTU_2334	OTU_2334
OTU_2335	Bacteria	Bacteroidota	Bacteroidia	Flavobacteriales	OTU_2335	OTU_2335	OTU_2335
OTU_2336	Bacteria	Bacteroidota	Bacteroidia	Chitinophagales	Chitinophagaceae	Sediminibacterium	OTU_2336
OTU_2337	Bacteria	Proteobacteria	Gammaproteobacteria	Legionellales	Legionellaceae	Legionella	OTU_2337
OTU_2338	Bacteria	Proteobacteria	Alphaproteobacteria	Rhizobiales	Methyloligellaceae	Methyloceanibacter	OTU_2338
OTU_2339	Bacteria	Proteobacteria	Gammaproteobacteria	Burkholderiales	Burkholderiaceae	Ralstonia	OTU_2339
OTU_2340	Bacteria	Actinobacteriota	Actinobacteria	Corynebacteriales	Corynebacteriaceae	Corynebacterium	falsenii
OTU_2341	Bacteria	Patescibacteria	Gracilibacteria	Absconditabacteriales (SR1)	OTU_2341	OTU_2341	OTU_2341
OTU_2342	Bacteria	Bacteroidota	Bacteroidia	Flavobacteriales	Flavobacteriaceae	Hanstruepera	OTU_2342
OTU_2343	Bacteria	Proteobacteria	Alphaproteobacteria	OTU_2343	OTU_2343	OTU_2343	OTU_2343
OTU_2344	Bacteria	Proteobacteria	Gammaproteobacteria	Pseudomonadales	Moraxellaceae	OTU_2344	OTU_2344
OTU_2345	Bacteria	Cyanobacteria	Cyanobacteriia	Chloroplast	OTU_2345	OTU_2345	OTU_2345
OTU_2346	Bacteria	Bacteroidota	Bacteroidia	Bacteroidales	Prevotellaceae	Prevotella	OTU_2346
OTU_2347	Bacteria	Bacteroidota	Bacteroidia	Flavobacteriales	Flavobacteriaceae	Formosa	OTU_2347
OTU_2348	Bacteria	Bacteroidota	Bacteroidia	Flavobacteriales	Flavobacteriaceae	NS5 marine group	OTU_2348
OTU_2349	Bacteria	Proteobacteria	OTU_2349	OTU_2349	OTU_2349	OTU_2349	OTU_2349
OTU_2350	Bacteria	Proteobacteria	Gammaproteobacteria	Legionellales	Legionellaceae	OTU_2350	OTU_2350
OTU_2351	Bacteria	Bdellovibrionota	Bdellovibrionia	Bacteriovoracales	Bacteriovoracaceae	OTU_2351	OTU_2351
OTU_2352	Bacteria	Cyanobacteria	Cyanobacteriia	Chloroplast	OTU_2352	OTU_2352	OTU_2352
OTU_2353	Bacteria	Bacteroidota	Bacteroidia	Flavobacteriales	Flavobacteriaceae	Aurantivirga	OTU_2353
OTU_2354	Bacteria	Bacteroidota	Bacteroidia	Cytophagales	Cyclobacteriaceae	Algoriphagus	OTU_2354
OTU_2355	Bacteria	Firmicutes	Bacilli	Lactobacillales	Streptococcaceae	Lactococcus	OTU_2355
OTU_2356	Bacteria	OTU_2356	OTU_2356	OTU_2356	OTU_2356	OTU_2356	OTU_2356
OTU_2357	Bacteria	Bacteroidota	Bacteroidia	Flavobacteriales	Flavobacteriaceae	Aurantivirga	OTU_2357
OTU_2358	Bacteria	Cyanobacteria	Cyanobacteriia	Chloroplast	OTU_2358	OTU_2358	OTU_2358
OTU_2359	Bacteria	Firmicutes	Bacilli	Bacillales	Bacillaceae	OTU_2359	OTU_2359
OTU_2360	Bacteria	Proteobacteria	Gammaproteobacteria	Oceanospirillales	Saccharospirillaceae	OTU_2360	OTU_2360
OTU_2361	Bacteria	Bacteroidota	Bacteroidia	Flavobacteriales	OTU_2361	OTU_2361	OTU_2361
OTU_2362	Bacteria	Bacteroidota	Bacteroidia	Flavobacteriales	Flavobacteriaceae	Leeuwenhoekiella	OTU_2362
OTU_2363	Bacteria	Proteobacteria	Gammaproteobacteria	Burkholderiales	Alcaligenaceae	Verticiella	OTU_2363
OTU_2364	Bacteria	Firmicutes	Clostridia	Clostridiales	Clostridiaceae	Clostridium sensu stricto 1	perfringens
OTU_2365	Bacteria	Bacteroidota	Bacteroidia	Flavobacteriales	Cryomorphaceae	OTU_2365	OTU_2365
OTU_2366	Bacteria	Proteobacteria	Gammaproteobacteria	OTU_2366	OTU_2366	OTU_2366	OTU_2366
OTU_2367	Bacteria	Bacteroidota	Bacteroidia	Cytophagales	Cyclobacteriaceae	Marinoscillum	OTU_2367
OTU_2368	Bacteria	Proteobacteria	Gammaproteobacteria	Cellvibrionales	Halieaceae	Marimicrobium	OTU_2368
OTU_2369	Bacteria	Proteobacteria	Alphaproteobacteria	Rhodobacterales	Rhodobacteraceae	Amylibacter	OTU_2369
OTU_2370	Bacteria	Bacteroidota	Bacteroidia	Flavobacteriales	NS9 marine group	OTU_2370	OTU_2370
OTU_2371	Bacteria	Proteobacteria	Alphaproteobacteria	Rhodobacterales	Rhodobacteraceae	Paracoccus	OTU_2371
OTU_2372	Bacteria	Proteobacteria	Gammaproteobacteria	Cellvibrionales	Halieaceae	OM60(NOR5) clade	OTU_2372
OTU_2373	Bacteria	Actinobacteriota	Actinobacteria	OTU_2373	OTU_2373	OTU_2373	OTU_2373
OTU_2374	Bacteria	Proteobacteria	Alphaproteobacteria	Puniceispirillales	SAR116 clade	OTU_2374	OTU_2374
OTU_2375	Bacteria	Bacteroidota	Bacteroidia	Flavobacteriales	NS9 marine group	OTU_2375	OTU_2375
OTU_2376	Bacteria	Proteobacteria	Alphaproteobacteria	SAR11 clade	OTU_2376	OTU_2376	OTU_2376
OTU_2377	Bacteria	Proteobacteria	Gammaproteobacteria	Alteromonadales	Colwelliaceae	Litorilituus	OTU_2377
OTU_2378	Bacteria	Proteobacteria	Gammaproteobacteria	Oceanospirillales	Halomonadaceae	OTU_2378	OTU_2378
OTU_2379	Bacteria	Bacteroidota	Bacteroidia	Flavobacteriales	OTU_2379	OTU_2379	OTU_2379
OTU_2380	Bacteria	Bacteroidota	Bacteroidia	Bacteroidales	Barnesiellaceae	Barnesiella	OTU_2380
OTU_2381	Bacteria	Bacteroidota	Bacteroidia	Flavobacteriales	Flavobacteriaceae	OTU_2381	OTU_2381
OTU_2382	Bacteria	Proteobacteria	Gammaproteobacteria	Alteromonadales	Colwelliaceae	OTU_2382	OTU_2382
OTU_2383	Bacteria	Bacteroidota	Bacteroidia	Flavobacteriales	Flavobacteriaceae	Ulvibacter	OTU_2383
OTU_2384	Bacteria	Proteobacteria	Alphaproteobacteria	Rickettsiales	Mitochondria	OTU_2384	OTU_2384
OTU_2385	Bacteria	Proteobacteria	Alphaproteobacteria	Rhodobacterales	Rhodobacteraceae	OTU_2385	OTU_2385
OTU_2386	Bacteria	Proteobacteria	Gammaproteobacteria	Tenderiales	Tenderiaceae	Candidatus Tenderia	OTU_2386
OTU_2387	Bacteria	Proteobacteria	Alphaproteobacteria	Rhizobiales	Rhizobiaceae	Aureimonas	OTU_2387
OTU_2388	Bacteria	Proteobacteria	Gammaproteobacteria	Enterobacterales	Hafniaceae	Hafnia-Obesumbacterium	OTU_2388
OTU_2389	Bacteria	Cyanobacteria	Cyanobacteriia	Chloroplast	OTU_2389	OTU_2389	OTU_2389
OTU_2390	Bacteria	Nitrospinota	Nitrospinia	Nitrospinales	Nitrospinaceae	Nitrospina	OTU_2390
OTU_2391	Bacteria	Proteobacteria	Gammaproteobacteria	Francisellales	Francisellaceae	Fangia	OTU_2391
OTU_2392	Bacteria	Bacteroidota	Bacteroidia	Flavobacteriales	Cryomorphaceae	NS10 marine group	OTU_2392
OTU_2393	Bacteria	Cyanobacteria	Cyanobacteriia	Chloroplast	OTU_2393	OTU_2393	OTU_2393
OTU_2394	Bacteria	Bacteroidota	Bacteroidia	Flavobacteriales	Flavobacteriaceae	NS3a marine group	OTU_2394
OTU_2395	Bacteria	Nitrospinota	OTU_2395	OTU_2395	OTU_2395	OTU_2395	OTU_2395
OTU_2396	Bacteria	Proteobacteria	Gammaproteobacteria	Cellvibrionales	Halieaceae	OTU_2396	OTU_2396
OTU_2397	Bacteria	Proteobacteria	Gammaproteobacteria	OTU_2397	OTU_2397	OTU_2397	OTU_2397
OTU_2398	Bacteria	Actinobacteriota	Actinobacteria	Bifidobacteriales	Bifidobacteriaceae	Bifidobacterium	OTU_2398
OTU_2399	Bacteria	Planctomycetota	Phycisphaerae	Phycisphaerales	Phycisphaeraceae	FS140-16B-02 marine group	OTU_2399
OTU_2400	Bacteria	Verrucomicrobiota	Verrucomicrobiae	Verrucomicrobiales	Rubritaleaceae	Rubritalea	OTU_2400
OTU_2401	Bacteria	Verrucomicrobiota	Verrucomicrobiae	Verrucomicrobiales	Rubritaleaceae	Rubritalea	OTU_2401
OTU_2402	Bacteria	Bacteroidota	Bacteroidia	Flavobacteriales	Flavobacteriaceae	Aurantivirga	OTU_2402
OTU_2403	Bacteria	Proteobacteria	Alphaproteobacteria	Rhodobacterales	Rhodobacteraceae	Cognatiyoonia	OTU_2403
OTU_2404	Bacteria	Proteobacteria	Alphaproteobacteria	SAR11 clade	OTU_2404	OTU_2404	OTU_2404
OTU_2405	Bacteria	Proteobacteria	Alphaproteobacteria	Rhodobacterales	Rhodobacteraceae	OTU_2405	OTU_2405
OTU_2406	Bacteria	Bacteroidota	Bacteroidia	Flavobacteriales	NS9 marine group	OTU_2406	OTU_2406
OTU_2407	Bacteria	Proteobacteria	Gammaproteobacteria	Cellvibrionales	Halieaceae	OTU_2407	OTU_2407
OTU_2408	Bacteria	Proteobacteria	Alphaproteobacteria	SAR11 clade	OTU_2408	OTU_2408	OTU_2408
OTU_2409	Bacteria	Proteobacteria	Gammaproteobacteria	Cellvibrionales	OTU_2409	OTU_2409	OTU_2409
OTU_2410	Bacteria	Bacteroidota	Bacteroidia	Flavobacteriales	Flavobacteriaceae	OTU_2410	OTU_2410
OTU_2411	Bacteria	Proteobacteria	Alphaproteobacteria	Rhodobacterales	Rhodobacteraceae	Pelagimonas	OTU_2411
OTU_2412	Bacteria	Proteobacteria	Alphaproteobacteria	Rhodobacterales	Rhodobacteraceae	OTU_2412	OTU_2412
OTU_2413	Bacteria	Bacteroidota	Bacteroidia	Flavobacteriales	Flavobacteriaceae	OTU_2413	OTU_2413
OTU_2414	Bacteria	Proteobacteria	Gammaproteobacteria	OTU_2414	OTU_2414	OTU_2414	OTU_2414
OTU_2415	Bacteria	Proteobacteria	Gammaproteobacteria	Arenicellales	Arenicellaceae	Arenicella	OTU_2415
OTU_2416	Bacteria	Bacteroidota	Bacteroidia	Flavobacteriales	Flavobacteriaceae	OTU_2416	OTU_2416
OTU_2417	Bacteria	Proteobacteria	Gammaproteobacteria	OTU_2417	OTU_2417	OTU_2417	OTU_2417
OTU_2418	Bacteria	Proteobacteria	Alphaproteobacteria	Rickettsiales	Mitochondria	OTU_2418	OTU_2418
OTU_2419	Bacteria	Proteobacteria	Alphaproteobacteria	Puniceispirillales	SAR116 clade	OTU_2419	OTU_2419
OTU_2420	Bacteria	Planctomycetota	Phycisphaerae	Phycisphaerales	Phycisphaeraceae	CL500-3	OTU_2420
OTU_2421	Bacteria	Cyanobacteria	Cyanobacteriia	Chloroplast	OTU_2421	OTU_2421	OTU_2421
OTU_2422	Bacteria	Actinobacteriota	Acidimicrobiia	Microtrichales	Microtrichaceae	Sva0996 marine group	OTU_2422
OTU_2423	Bacteria	Proteobacteria	Gammaproteobacteria	Cellvibrionales	Spongiibacteraceae	Sinobacterium	OTU_2423
OTU_2424	Bacteria	Proteobacteria	Gammaproteobacteria	Alteromonadales	Moritellaceae	Moritella	OTU_2424
OTU_2425	Bacteria	Bacteroidota	Bacteroidia	Flavobacteriales	Crocinitomicaceae	Fluviicola	OTU_2425
OTU_2426	Bacteria	Proteobacteria	Gammaproteobacteria	Legionellales	Legionellaceae	OTU_2426	OTU_2426
OTU_2427	Bacteria	Proteobacteria	Alphaproteobacteria	Rhodobacterales	Rhodobacteraceae	OTU_2427	OTU_2427
OTU_2428	Bacteria	Actinobacteriota	Actinobacteria	Corynebacteriales	Nocardiaceae	Rhodococcus	OTU_2428
OTU_2429	Bacteria	Proteobacteria	Gammaproteobacteria	Cellvibrionales	Halieaceae	OM60(NOR5) clade	OTU_2429
OTU_2430	Bacteria	Proteobacteria	Gammaproteobacteria	Alteromonadales	Alteromonadaceae	Glaciecola	OTU_2430
OTU_2431	Bacteria	Proteobacteria	Gammaproteobacteria	Oceanospirillales	Nitrincolaceae	OTU_2431	OTU_2431
OTU_2432	Bacteria	Proteobacteria	Gammaproteobacteria	Francisellales	Francisellaceae	OTU_2432	OTU_2432
OTU_2433	Bacteria	OTU_2433	OTU_2433	OTU_2433	OTU_2433	OTU_2433	OTU_2433
OTU_2434	Bacteria	Bdellovibrionota	Bdellovibrionia	Bdellovibrionales	Bdellovibrionaceae	OM27 clade	OTU_2434
OTU_2435	Bacteria	Marinimicrobia (SAR406 clade)	OTU_2435	OTU_2435	OTU_2435	OTU_2435	OTU_2435
OTU_2436	Bacteria	Proteobacteria	Gammaproteobacteria	Cellvibrionales	Spongiibacteraceae	Sinobacterium	OTU_2436
OTU_2437	Bacteria	Firmicutes	Clostridia	Clostridia vadinBB60 group	OTU_2437	OTU_2437	OTU_2437
OTU_2438	Bacteria	Proteobacteria	Alphaproteobacteria	SAR11 clade	OTU_2438	OTU_2438	OTU_2438
OTU_2439	Bacteria	Proteobacteria	Gammaproteobacteria	Cellvibrionales	Halieaceae	OM60(NOR5) clade	OTU_2439
OTU_2440	Bacteria	Proteobacteria	Alphaproteobacteria	Thalassobaculales	Nisaeaceae	OM75 clade	OTU_2440
OTU_2441	Bacteria	Firmicutes	Clostridia	Oscillospirales	[Eubacterium] coprostanoligenes group	OTU_2441	OTU_2441
OTU_2442	Bacteria	Bacteroidota	Bacteroidia	Flavobacteriales	Flavobacteriaceae	OTU_2442	OTU_2442
OTU_2443	Bacteria	Bdellovibrionota	Oligoflexia	Oligoflexales	OTU_2443	OTU_2443	OTU_2443
OTU_2444	Bacteria	Proteobacteria	Gammaproteobacteria	Nitrosococcales	Methylophagaceae	OTU_2444	OTU_2444
OTU_2445	Bacteria	Proteobacteria	Gammaproteobacteria	Pseudomonadales	Pseudomonadaceae	Pseudomonas	OTU_2445
OTU_2446	Bacteria	Proteobacteria	Alphaproteobacteria	Rhodobacterales	Rhodobacteraceae	Pseudoruegeria	OTU_2446
OTU_2447	Bacteria	Proteobacteria	Gammaproteobacteria	Piscirickettsiales	Piscirickettsiaceae	Candidatus Endoecteinascidia	OTU_2447
OTU_2448	Bacteria	Bacteroidota	Bacteroidia	Flavobacteriales	Flavobacteriaceae	Flavobacterium	OTU_2448
OTU_2449	Bacteria	Cyanobacteria	Cyanobacteriia	Chloroplast	OTU_2449	OTU_2449	OTU_2449
OTU_2450	Bacteria	Proteobacteria	Gammaproteobacteria	Cellvibrionales	Porticoccaceae	SAR92 clade	OTU_2450
OTU_2451	Bacteria	Proteobacteria	Gammaproteobacteria	Alteromonadales	Colwelliaceae	Colwellia	OTU_2451
OTU_2452	Bacteria	SAR324 clade(Marine group B)	OTU_2452	OTU_2452	OTU_2452	OTU_2452	OTU_2452
OTU_2453	Bacteria	Proteobacteria	Gammaproteobacteria	Francisellales	Francisellaceae	OTU_2453	OTU_2453
OTU_2454	Bacteria	Proteobacteria	Alphaproteobacteria	Caulobacterales	Caulobacteraceae	Brevundimonas	OTU_2454
OTU_2455	Bacteria	Proteobacteria	Gammaproteobacteria	OM182 clade	OTU_2455	OTU_2455	OTU_2455
OTU_2456	Bacteria	Proteobacteria	Gammaproteobacteria	Oceanospirillales	Pseudohongiellaceae	Pseudohongiella	OTU_2456
OTU_2457	Bacteria	Bacteroidota	Bacteroidia	Flavobacteriales	NS9 marine group	OTU_2457	OTU_2457
OTU_2458	Bacteria	Bacteroidota	Bacteroidia	Flavobacteriales	NS9 marine group	OTU_2458	OTU_2458
OTU_2459	Bacteria	Proteobacteria	Alphaproteobacteria	Sphingomonadales	Sphingomonadaceae	Sphingomonas	OTU_2459
OTU_2460	Bacteria	Proteobacteria	OTU_2460	OTU_2460	OTU_2460	OTU_2460	OTU_2460
OTU_2461	Bacteria	Proteobacteria	Alphaproteobacteria	SAR11 clade	OTU_2461	OTU_2461	OTU_2461
OTU_2462	Bacteria	Verrucomicrobiota	Verrucomicrobiae	Verrucomicrobiales	Rubritaleaceae	Roseibacillus	OTU_2462
OTU_2463	Bacteria	Proteobacteria	Alphaproteobacteria	SAR11 clade	Clade I	Clade Ia	OTU_2463
OTU_2464	Bacteria	Proteobacteria	Gammaproteobacteria	Cellvibrionales	Halieaceae	Marimicrobium	OTU_2464
OTU_2465	Bacteria	Bacteroidota	Bacteroidia	Flavobacteriales	Flavobacteriaceae	Hanstruepera	OTU_2465
OTU_2466	Bacteria	Bacteroidota	Bacteroidia	Flavobacteriales	NS9 marine group	OTU_2466	OTU_2466
OTU_2467	Bacteria	Verrucomicrobiota	Verrucomicrobiae	Verrucomicrobiales	Rubritaleaceae	Roseibacillus	OTU_2467
OTU_2468	Bacteria	Bacteroidota	Bacteroidia	Flavobacteriales	Crocinitomicaceae	OTU_2468	OTU_2468
OTU_2469	Bacteria	Cyanobacteria	Cyanobacteriia	Chloroplast	OTU_2469	OTU_2469	OTU_2469
OTU_2470	Bacteria	Proteobacteria	Gammaproteobacteria	Thiomicrospirales	Thioglobaceae	IheB2-31	OTU_2470
OTU_2471	Bacteria	Proteobacteria	Alphaproteobacteria	Rhodobacterales	Rhodobacteraceae	OTU_2471	OTU_2471
OTU_2472	Bacteria	Bacteroidota	Bacteroidia	Flavobacteriales	NS9 marine group	OTU_2472	OTU_2472
OTU_2473	Bacteria	Chloroflexi	Anaerolineae	Anaerolineales	Anaerolineaceae	OTU_2473	OTU_2473
OTU_2474	Bacteria	Bacteroidota	Bacteroidia	Flavobacteriales	Flavobacteriaceae	Aurantivirga	OTU_2474
OTU_2475	Bacteria	Proteobacteria	Gammaproteobacteria	SAR86 clade	OTU_2475	OTU_2475	OTU_2475
OTU_2476	Bacteria	Proteobacteria	Gammaproteobacteria	Alteromonadales	Colwelliaceae	Colwellia	OTU_2476
OTU_2477	Bacteria	Bacteroidota	Bacteroidia	Flavobacteriales	Flavobacteriaceae	Changchengzhania	OTU_2477
OTU_2478	Bacteria	SAR324 clade(Marine group B)	OTU_2478	OTU_2478	OTU_2478	OTU_2478	OTU_2478
OTU_2479	Bacteria	Proteobacteria	Alphaproteobacteria	Rhodobacterales	Rhodobacteraceae	OTU_2479	OTU_2479
OTU_2480	Bacteria	Bdellovibrionota	Oligoflexia	053A03-B-DI-P58	OTU_2480	OTU_2480	OTU_2480
OTU_2481	Bacteria	Bacteroidota	Bacteroidia	OTU_2481	OTU_2481	OTU_2481	OTU_2481
OTU_2482	Bacteria	Proteobacteria	Alphaproteobacteria	Rhodobacterales	Rhodobacteraceae	Cognatiyoonia	OTU_2482
OTU_2483	Bacteria	Bacteroidota	Bacteroidia	Flavobacteriales	Flavobacteriaceae	OTU_2483	OTU_2483
OTU_2484	Bacteria	Bacteroidota	Bacteroidia	Flavobacteriales	Flavobacteriaceae	Aureisphaera	OTU_2484
OTU_2485	Bacteria	OTU_2485	OTU_2485	OTU_2485	OTU_2485	OTU_2485	OTU_2485
OTU_2486	Bacteria	Verrucomicrobiota	Verrucomicrobiae	Verrucomicrobiales	Rubritaleaceae	Roseibacillus	OTU_2486
OTU_2487	Bacteria	Proteobacteria	Gammaproteobacteria	Cellvibrionales	Halieaceae	OTU_2487	OTU_2487
OTU_2488	Bacteria	Proteobacteria	Alphaproteobacteria	Rhodobacterales	Rhodobacteraceae	OTU_2488	OTU_2488
OTU_2489	Bacteria	Bacteroidota	Bacteroidia	Sphingobacteriales	NS11-12 marine group	OTU_2489	OTU_2489
OTU_2490	Bacteria	Bacteroidota	Bacteroidia	Flavobacteriales	Flavobacteriaceae	Aurantivirga	OTU_2490
OTU_2491	Bacteria	Proteobacteria	Gammaproteobacteria	Alteromonadales	Alteromonadaceae	OTU_2491	OTU_2491
OTU_2492	Bacteria	Proteobacteria	Alphaproteobacteria	Rhodobacterales	Rhodobacteraceae	OTU_2492	OTU_2492
OTU_2493	Bacteria	Bacteroidota	Bacteroidia	Flavobacteriales	Crocinitomicaceae	OTU_2493	OTU_2493
OTU_2494	Bacteria	Proteobacteria	Gammaproteobacteria	OM182 clade	OTU_2494	OTU_2494	OTU_2494
OTU_2495	Bacteria	Bacteroidota	Bacteroidia	Flavobacteriales	Flavobacteriaceae	Aurantivirga	OTU_2495
OTU_2496	Bacteria	Proteobacteria	Gammaproteobacteria	OTU_2496	OTU_2496	OTU_2496	OTU_2496
OTU_2497	Bacteria	Bacteroidota	Bacteroidia	Cytophagales	Cyclobacteriaceae	Marinoscillum	OTU_2497
OTU_2498	Bacteria	Proteobacteria	Gammaproteobacteria	Burkholderiales	OTU_2498	OTU_2498	OTU_2498
OTU_2499	Bacteria	Bacteroidota	Bacteroidia	Flavobacteriales	Flavobacteriaceae	Flavobacterium	OTU_2499
OTU_2500	Bacteria	Bacteroidota	Bacteroidia	Flavobacteriales	Flavobacteriaceae	Changchengzhania	OTU_2500
OTU_2501	Bacteria	Proteobacteria	Alphaproteobacteria	Rhodobacterales	Rhodobacteraceae	OTU_2501	OTU_2501
OTU_2502	Bacteria	Bdellovibrionota	Bdellovibrionia	Bdellovibrionales	Bdellovibrionaceae	OM27 clade	OTU_2502
OTU_2503	Bacteria	Proteobacteria	Gammaproteobacteria	SAR86 clade	OTU_2503	OTU_2503	OTU_2503
OTU_2504	Bacteria	Proteobacteria	Gammaproteobacteria	Alteromonadales	Pseudoalteromonadaceae	OTU_2504	OTU_2504
OTU_2505	Bacteria	Actinobacteriota	Actinobacteria	Micrococcales	Microbacteriaceae	SV1-3	OTU_2505
OTU_2506	Bacteria	Proteobacteria	Gammaproteobacteria	Alteromonadales	Colwelliaceae	OTU_2506	OTU_2506
OTU_2507	Bacteria	Bacteroidota	Bacteroidia	OTU_2507	OTU_2507	OTU_2507	OTU_2507
OTU_2508	Bacteria	Proteobacteria	Alphaproteobacteria	Rhodobacterales	Rhodobacteraceae	OTU_2508	OTU_2508
OTU_2509	Bacteria	Proteobacteria	Alphaproteobacteria	SAR11 clade	Clade I	Clade Ia	OTU_2509
OTU_2510	Bacteria	Bacteroidota	Bacteroidia	Flavobacteriales	Flavobacteriaceae	OTU_2510	OTU_2510
OTU_2511	Bacteria	Proteobacteria	Gammaproteobacteria	SAR86 clade	OTU_2511	OTU_2511	OTU_2511
OTU_2512	Bacteria	Bacteroidota	Bacteroidia	Flavobacteriales	Crocinitomicaceae	Fluviicola	OTU_2512
OTU_2513	Bacteria	Proteobacteria	Gammaproteobacteria	Alteromonadales	Colwelliaceae	OTU_2513	OTU_2513
OTU_2514	Bacteria	Planctomycetota	OM190	OTU_2514	OTU_2514	OTU_2514	OTU_2514
OTU_2515	Bacteria	Proteobacteria	Gammaproteobacteria	Burkholderiales	OTU_2515	OTU_2515	OTU_2515
OTU_2516	Bacteria	Proteobacteria	Alphaproteobacteria	Sphingomonadales	Sphingomonadaceae	Novosphingobium	OTU_2516
OTU_2517	Bacteria	Bacteroidota	Bacteroidia	Flavobacteriales	Cryomorphaceae	NS10 marine group	OTU_2517
OTU_2518	Bacteria	Proteobacteria	Alphaproteobacteria	SAR11 clade	Clade I	Clade Ia	OTU_2518
OTU_2519	Bacteria	Proteobacteria	Gammaproteobacteria	Oceanospirillales	Alcanivoracaceae1	Alcanivorax	venustensis
OTU_2520	Bacteria	Proteobacteria	Gammaproteobacteria	Oceanospirillales	Nitrincolaceae	OTU_2520	OTU_2520
OTU_2521	Bacteria	Proteobacteria	Gammaproteobacteria	Burkholderiales	Methylophilaceae	OM43 clade	OTU_2521
OTU_2522	Bacteria	Proteobacteria	Gammaproteobacteria	Cellvibrionales	Halieaceae	OM60(NOR5) clade	OTU_2522
OTU_2523	Bacteria	Proteobacteria	Gammaproteobacteria	Alteromonadales	Colwelliaceae	OTU_2523	OTU_2523
OTU_2524	Bacteria	Actinobacteriota	Actinobacteria	Micrococcales	Microbacteriaceae	SV1-3	OTU_2524
OTU_2525	Bacteria	Bacteroidota	Bacteroidia	Bacteroidales	Tannerellaceae	Parabacteroides	merdae
OTU_2526	Bacteria	Proteobacteria	Gammaproteobacteria	OTU_2526	OTU_2526	OTU_2526	OTU_2526
OTU_2527	Bacteria	Proteobacteria	Alphaproteobacteria	SAR11 clade	OTU_2527	OTU_2527	OTU_2527
OTU_2528	Bacteria	Bacteroidota	Bacteroidia	Flavobacteriales	Flavobacteriaceae	OTU_2528	OTU_2528
OTU_2529	Bacteria	Proteobacteria	Alphaproteobacteria	Rhodobacterales	Rhodobacteraceae	OTU_2529	OTU_2529
OTU_2530	Bacteria	SAR324 clade(Marine group B)	OTU_2530	OTU_2530	OTU_2530	OTU_2530	OTU_2530
OTU_2531	Bacteria	Proteobacteria	Gammaproteobacteria	Cellvibrionales	Porticoccaceae	SAR92 clade	OTU_2531
OTU_2532	Bacteria	Proteobacteria	Alphaproteobacteria	Puniceispirillales	SAR116 clade	OTU_2532	OTU_2532
OTU_2533	Bacteria	Proteobacteria	Alphaproteobacteria	Rhodobacterales	Rhodobacteraceae	Pelagimonas	OTU_2533
OTU_2534	Bacteria	Proteobacteria	Gammaproteobacteria	Oceanospirillales	Saccharospirillaceae	Oleispira	OTU_2534
OTU_2535	Bacteria	Proteobacteria	Alphaproteobacteria	Rhodobacterales	Rhodobacteraceae	OTU_2535	OTU_2535
OTU_2536	Bacteria	Proteobacteria	Gammaproteobacteria	Thiomicrospirales	Thioglobaceae	IheB2-31	OTU_2536
OTU_2537	Bacteria	Bacteroidota	Bacteroidia	Flavobacteriales	Flavobacteriaceae	Ichthyenterobacterium	OTU_2537
OTU_2538	Bacteria	Proteobacteria	Gammaproteobacteria	Alteromonadales	Colwelliaceae	Litorilituus	OTU_2538
OTU_2539	Bacteria	Proteobacteria	Alphaproteobacteria	SAR11 clade	OTU_2539	OTU_2539	OTU_2539
OTU_2540	Bacteria	Proteobacteria	Gammaproteobacteria	Alteromonadales	Colwelliaceae	OTU_2540	OTU_2540
OTU_2541	Bacteria	Proteobacteria	Alphaproteobacteria	Rickettsiales	Mitochondria	OTU_2541	OTU_2541
OTU_2542	Bacteria	Bacteroidota	Bacteroidia	Cytophagales	Spirosomaceae	Pseudarcicella	OTU_2542
OTU_2543	Bacteria	Bacteroidota	Bacteroidia	OTU_2543	OTU_2543	OTU_2543	OTU_2543
OTU_2544	Bacteria	Proteobacteria	Gammaproteobacteria	Pseudomonadales	Pseudomonadaceae	Pseudomonas	OTU_2544
OTU_2545	Bacteria	Bacteroidota	Bacteroidia	Sphingobacteriales	NS11-12 marine group	OTU_2545	OTU_2545
OTU_2546	Bacteria	Proteobacteria	Alphaproteobacteria	Rhodobacterales	Rhodobacteraceae	OTU_2546	OTU_2546
OTU_2547	Bacteria	Proteobacteria	Gammaproteobacteria	Burkholderiales	OTU_2547	OTU_2547	OTU_2547
OTU_2548	Bacteria	Proteobacteria	Gammaproteobacteria	Diplorickettsiales	Diplorickettsiaceae	OTU_2548	OTU_2548
OTU_2549	Bacteria	Cyanobacteria	Cyanobacteriia	Chloroplast	OTU_2549	OTU_2549	OTU_2549
OTU_2550	Bacteria	Proteobacteria	Gammaproteobacteria	Thiomicrospirales	Thioglobaceae	IheB2-31	OTU_2550
OTU_2551	Bacteria	Cyanobacteria	Cyanobacteriia	Chloroplast	OTU_2551	OTU_2551	OTU_2551
OTU_2552	Bacteria	Proteobacteria	Alphaproteobacteria	SAR11 clade	Clade IV	OTU_2552	OTU_2552
OTU_2553	Bacteria	Proteobacteria	Gammaproteobacteria	Legionellales	Legionellaceae	OTU_2553	OTU_2553
OTU_2554	Bacteria	Verrucomicrobiota	Verrucomicrobiae	Verrucomicrobiales	Rubritaleaceae	Roseibacillus	OTU_2554
OTU_2555	Bacteria	Proteobacteria	Alphaproteobacteria	Rhodobacterales	Rhodobacteraceae	Aliiroseovarius	OTU_2555
OTU_2556	Bacteria	Proteobacteria	Gammaproteobacteria	Cellvibrionales	Halieaceae	OM60(NOR5) clade	OTU_2556
OTU_2557	Bacteria	Proteobacteria	Gammaproteobacteria	Burkholderiales	Burkholderiaceae	Burkholderia-Caballeronia-Paraburkholderia	OTU_2557
OTU_2558	Bacteria	Proteobacteria	Gammaproteobacteria	Alteromonadales	Alteromonadaceae	Salinimonas	OTU_2558
OTU_2559	Bacteria	Proteobacteria	Gammaproteobacteria	Gammaproteobacteria Incertae Sedis	Unknown Family	Marinicella	OTU_2559
OTU_2560	Bacteria	Planctomycetota	OTU_2560	OTU_2560	OTU_2560	OTU_2560	OTU_2560
OTU_2561	Bacteria	Proteobacteria	Gammaproteobacteria	Francisellales	Francisellaceae	OTU_2561	OTU_2561
OTU_2562	Bacteria	Proteobacteria	Gammaproteobacteria	Oceanospirillales	Nitrincolaceae	OTU_2562	OTU_2562
OTU_2563	Bacteria	Proteobacteria	Alphaproteobacteria	SAR11 clade	Clade I	OTU_2563	OTU_2563
OTU_2564	Bacteria	Bacteroidota	Bacteroidia	Flavobacteriales	Flavobacteriaceae	NS4 marine group	OTU_2564
OTU_2565	Bacteria	Bacteroidota	Bacteroidia	Flavobacteriales	NS9 marine group	OTU_2565	OTU_2565
OTU_2566	Bacteria	Bacteroidota	Bacteroidia	Flavobacteriales	Flavobacteriaceae	OTU_2566	OTU_2566
OTU_2567	Bacteria	Bacteroidota	Bacteroidia	Flavobacteriales	Crocinitomicaceae	Salinirepens	OTU_2567
OTU_2568	Bacteria	Proteobacteria	Gammaproteobacteria	Oceanospirillales	Nitrincolaceae	Amphritea	OTU_2568
OTU_2569	Bacteria	Proteobacteria	Alphaproteobacteria	Caulobacterales	Caulobacteraceae	Caulobacter	profundus
OTU_2570	Bacteria	Proteobacteria	Gammaproteobacteria	SAR86 clade	OTU_2570	OTU_2570	OTU_2570
OTU_2571	Bacteria	Bacteroidota	Bacteroidia	Flavobacteriales	Flavobacteriaceae	OTU_2571	OTU_2571
OTU_2572	Bacteria	Proteobacteria	Alphaproteobacteria	Rhodobacterales	Rhodobacteraceae	Planktomarina	OTU_2572
OTU_2573	Bacteria	Bacteroidota	Bacteroidia	Flavobacteriales	Flavobacteriaceae	OTU_2573	OTU_2573
OTU_2574	Bacteria	Bacteroidota	Bacteroidia	Flavobacteriales	Flavobacteriaceae	Marixanthomonas	OTU_2574
OTU_2575	Bacteria	Proteobacteria	Gammaproteobacteria	OTU_2575	OTU_2575	OTU_2575	OTU_2575
OTU_2576	Bacteria	Proteobacteria	Gammaproteobacteria	Cellvibrionales	Halieaceae	OTU_2576	OTU_2576
OTU_2577	Bacteria	Proteobacteria	Alphaproteobacteria	Rickettsiales	Mitochondria	OTU_2577	OTU_2577
OTU_2578	Bacteria	Actinobacteriota	Actinobacteria	Bifidobacteriales	Bifidobacteriaceae	Gardnerella	vaginalis
OTU_2579	Bacteria	Proteobacteria	Alphaproteobacteria	Rhodobacterales	Rhodobacteraceae	OTU_2579	OTU_2579
OTU_2580	Bacteria	Bacteroidota	Bacteroidia	Flavobacteriales	Flavobacteriaceae	Aurantivirga	OTU_2580
OTU_2581	Bacteria	Actinobacteriota	OTU_2581	OTU_2581	OTU_2581	OTU_2581	OTU_2581
OTU_2582	Bacteria	Bacteroidota	Bacteroidia	Flavobacteriales	OTU_2582	OTU_2582	OTU_2582
OTU_2583	Bacteria	Proteobacteria	Gammaproteobacteria	Cellvibrionales	OTU_2583	OTU_2583	OTU_2583
OTU_2584	Bacteria	Proteobacteria	Gammaproteobacteria	Thiomicrospirales	Thioglobaceae	IheB2-31	OTU_2584
OTU_2585	Bacteria	Proteobacteria	Gammaproteobacteria	Oceanospirillales	Nitrincolaceae	Profundimonas	OTU_2585
OTU_2586	Bacteria	Proteobacteria	Alphaproteobacteria	Rhodobacterales	Rhodobacteraceae	Cognatiyoonia	OTU_2586
OTU_2587	Bacteria	Bacteroidota	Bacteroidia	Flavobacteriales	Flavobacteriaceae	OTU_2587	OTU_2587
OTU_2588	Bacteria	Patescibacteria	Gracilibacteria	OTU_2588	OTU_2588	OTU_2588	OTU_2588
OTU_2589	Bacteria	Proteobacteria	Gammaproteobacteria	Pseudomonadales	Pseudomonadaceae	Pseudomonas	OTU_2589
OTU_2590	Bacteria	Bacteroidota	Bacteroidia	Bacteroidales	Bacteroidaceae	Bacteroides	eggerthii
OTU_2591	Bacteria	Bacteroidota	Bacteroidia	Flavobacteriales	Cryomorphaceae	NS10 marine group	OTU_2591
OTU_2592	Bacteria	Proteobacteria	Alphaproteobacteria	Rhodospirillales	Magnetospiraceae	Magnetospira	OTU_2592
OTU_2593	Bacteria	Proteobacteria	Alphaproteobacteria	SAR11 clade	Clade I	OTU_2593	OTU_2593
OTU_2594	Bacteria	Firmicutes	Clostridia	Peptostreptococcales-Tissierellales	Finegoldia	OTU_2594	OTU_2594
OTU_2595	Bacteria	Planctomycetota	Planctomycetes	Planctomycetales	Gimesiaceae	OTU_2595	OTU_2595
OTU_2596	Bacteria	Bacteroidota	Bacteroidia	Chitinophagales	OTU_2596	OTU_2596	OTU_2596
OTU_2597	Bacteria	Bacteroidota	Bacteroidia	Flavobacteriales	Flavobacteriaceae	OTU_2597	OTU_2597
OTU_2598	Bacteria	Proteobacteria	Gammaproteobacteria	OTU_2598	OTU_2598	OTU_2598	OTU_2598
OTU_2599	Bacteria	Proteobacteria	Alphaproteobacteria	Rhodobacterales	Rhodobacteraceae	Cognatiyoonia	OTU_2599
OTU_2600	Bacteria	Proteobacteria	Alphaproteobacteria	SAR11 clade	Clade IV	OTU_2600	OTU_2600
OTU_2601	Bacteria	Proteobacteria	Gammaproteobacteria	SAR86 clade	OTU_2601	OTU_2601	OTU_2601
OTU_2602	Bacteria	Proteobacteria	Alphaproteobacteria	SAR11 clade	Clade I	OTU_2602	OTU_2602
OTU_2603	Bacteria	Bacteroidota	Bacteroidia	Flavobacteriales	Flavobacteriaceae	Jejudonia	OTU_2603
OTU_2604	Bacteria	Cyanobacteria	Cyanobacteriia	Chloroplast	OTU_2604	OTU_2604	OTU_2604
OTU_2605	Bacteria	Proteobacteria	Gammaproteobacteria	Francisellales	Francisellaceae	Francisella	OTU_2605
OTU_2606	Bacteria	Proteobacteria	Gammaproteobacteria	Nitrosococcales	Nitrosococcaceae	Cm1-21	OTU_2606
OTU_2607	Bacteria	Cyanobacteria	Cyanobacteriia	Chloroplast	OTU_2607	OTU_2607	OTU_2607
OTU_2608	Bacteria	Firmicutes	Bacilli	Lactobacillales	Aerococcaceae	Aerococcus	OTU_2608
OTU_2609	Bacteria	Proteobacteria	Alphaproteobacteria	SAR11 clade	Clade I	OTU_2609	OTU_2609
OTU_2610	Bacteria	Bacteroidota	Bacteroidia	Cytophagales	Cyclobacteriaceae	Marinoscillum	OTU_2610
OTU_2611	Bacteria	Proteobacteria	Alphaproteobacteria	Rhodobacterales	Rhodobacteraceae	OTU_2611	OTU_2611
OTU_2612	Bacteria	Bacteroidota	Bacteroidia	Sphingobacteriales	OTU_2612	OTU_2612	OTU_2612
OTU_2613	Bacteria	Bacteroidota	Bacteroidia	Bacteroidales	Rikenellaceae	Alistipes	OTU_2613
OTU_2614	Bacteria	Proteobacteria	Gammaproteobacteria	Oceanospirillales	Saccharospirillaceae	Oleispira	OTU_2614
OTU_2615	Bacteria	Proteobacteria	Gammaproteobacteria	Cellvibrionales	Porticoccaceae	SAR92 clade	OTU_2615
OTU_2616	Bacteria	Proteobacteria	Gammaproteobacteria	Cellvibrionales	Halieaceae	Marimicrobium	OTU_2616
OTU_2617	Bacteria	Bacteroidota	Bacteroidia	Flavobacteriales	OTU_2617	OTU_2617	OTU_2617
OTU_2618	Bacteria	Actinobacteriota	Actinobacteria	Micrococcales	Intrasporangiaceae	Knoellia	OTU_2618
OTU_2619	Bacteria	Proteobacteria	Alphaproteobacteria	Rhodobacterales	Rhodobacteraceae	OTU_2619	OTU_2619
OTU_2620	Bacteria	Proteobacteria	Gammaproteobacteria	Oceanospirillales	Halomonadaceae	Halomonas	OTU_2620
OTU_2621	Bacteria	Actinobacteriota	Actinobacteria	OTU_2621	OTU_2621	OTU_2621	OTU_2621
OTU_2622	Bacteria	Bacteroidota	Bacteroidia	Flavobacteriales	Crocinitomicaceae	Lishizhenia	OTU_2622
OTU_2623	Bacteria	Proteobacteria	Alphaproteobacteria	Rhodobacterales	Rhodobacteraceae	OTU_2623	OTU_2623
OTU_2624	Bacteria	Proteobacteria	Gammaproteobacteria	Cellvibrionales	Porticoccaceae	SAR92 clade	OTU_2624
OTU_2625	Bacteria	Proteobacteria	Gammaproteobacteria	SAR86 clade	OTU_2625	OTU_2625	OTU_2625
OTU_2626	Bacteria	Proteobacteria	Gammaproteobacteria	Oceanospirillales	Pseudohongiellaceae	Pseudohongiella	OTU_2626
OTU_2627	Bacteria	Bacteroidota	Bacteroidia	Flavobacteriales	NS9 marine group	OTU_2627	OTU_2627
OTU_2628	Bacteria	Proteobacteria	Gammaproteobacteria	OM182 clade	OTU_2628	OTU_2628	OTU_2628
OTU_2629	Bacteria	Bacteroidota	Bacteroidia	Cytophagales	Cyclobacteriaceae	Marinoscillum	OTU_2629
OTU_2630	Bacteria	Proteobacteria	Gammaproteobacteria	Thiotrichales	Thiotrichaceae	Cocleimonas	OTU_2630
OTU_2631	Bacteria	Proteobacteria	Gammaproteobacteria	SAR86 clade	OTU_2631	OTU_2631	OTU_2631
OTU_2632	Bacteria	Proteobacteria	Alphaproteobacteria	Rickettsiales	Fokiniaceae	OTU_2632	OTU_2632
OTU_2633	Bacteria	Bacteroidota	Bacteroidia	Flavobacteriales	Flavobacteriaceae	OTU_2633	OTU_2633
OTU_2634	Bacteria	Proteobacteria	Alphaproteobacteria	Rhodobacterales	Rhodobacteraceae	OTU_2634	OTU_2634
OTU_2635	Bacteria	Proteobacteria	Gammaproteobacteria	Alteromonadales	Alteromonadaceae	Alteromonas	OTU_2635
OTU_2636	Bacteria	Proteobacteria	Gammaproteobacteria	Vibrionales	Vibrionaceae	OTU_2636	OTU_2636
OTU_2637	Bacteria	Bacteroidota	Bacteroidia	Flavobacteriales	NS9 marine group	OTU_2637	OTU_2637
OTU_2638	Bacteria	Proteobacteria	Gammaproteobacteria	Pseudomonadales	Moraxellaceae	Psychrobacter	OTU_2638
OTU_2639	Bacteria	Proteobacteria	Gammaproteobacteria	Cellvibrionales	Porticoccaceae	Porticoccus	OTU_2639
OTU_2640	Bacteria	Proteobacteria	Alphaproteobacteria	Rickettsiales	Mitochondria	OTU_2640	OTU_2640
OTU_2641	Bacteria	Proteobacteria	Alphaproteobacteria	Rhodobacterales	Rhodobacteraceae	Silicimonas	OTU_2641
OTU_2642	Bacteria	Proteobacteria	Alphaproteobacteria	SAR11 clade	OTU_2642	OTU_2642	OTU_2642
OTU_2643	Bacteria	Bacteroidota	Bacteroidia	Flavobacteriales	Crocinitomicaceae	Crocinitomix	OTU_2643
OTU_2644	Bacteria	Bacteroidota	Bacteroidia	Flavobacteriales	NS9 marine group	OTU_2644	OTU_2644
OTU_2645	Bacteria	Bacteroidota	Bacteroidia	Flavobacteriales	Flavobacteriaceae	Changchengzhania	OTU_2645
OTU_2646	Bacteria	Proteobacteria	Alphaproteobacteria	OTU_2646	OTU_2646	OTU_2646	OTU_2646
OTU_2647	Bacteria	Proteobacteria	Gammaproteobacteria	Thiomicrospirales	Thioglobaceae	OTU_2647	OTU_2647
OTU_2648	Bacteria	Proteobacteria	Gammaproteobacteria	Pseudomonadales	Moraxellaceae	Psychrobacter	OTU_2648
OTU_2649	Bacteria	Proteobacteria	Alphaproteobacteria	SAR11 clade	Clade I	OTU_2649	OTU_2649
OTU_2650	Bacteria	Proteobacteria	Gammaproteobacteria	Legionellales	Legionellaceae	OTU_2650	OTU_2650
OTU_2651	Bacteria	Actinobacteriota	OTU_2651	OTU_2651	OTU_2651	OTU_2651	OTU_2651
OTU_2652	Bacteria	Bacteroidota	Bacteroidia	Flavobacteriales	Flavobacteriaceae	Cellulophaga	fucicola
OTU_2653	Bacteria	Proteobacteria	Gammaproteobacteria	OM182 clade	OTU_2653	OTU_2653	OTU_2653
OTU_2654	Bacteria	Proteobacteria	Gammaproteobacteria	SAR86 clade	OTU_2654	OTU_2654	OTU_2654
OTU_2655	Bacteria	Desulfobacterota	Desulfuromonadia	Desulfuromonadaceae	Desulfuromonas	OTU_2655	OTU_2655
OTU_2656	Bacteria	Firmicutes	Clostridia	Oscillospirales	Oscillospiraceae	Oscillibacter	OTU_2656
OTU_2657	Bacteria	Bacteroidota	Bacteroidia	Flavobacteriales	Cryomorphaceae	OTU_2657	OTU_2657
OTU_2658	Bacteria	SAR324 clade(Marine group B)	OTU_2658	OTU_2658	OTU_2658	OTU_2658	OTU_2658
OTU_2659	Bacteria	Proteobacteria	Alphaproteobacteria	Kiloniellales	Kiloniellaceae	OTU_2659	OTU_2659
OTU_2660	Bacteria	Bacteroidota	Bacteroidia	Flavobacteriales	Flavobacteriaceae	Aurantivirga	OTU_2660
OTU_2661	Bacteria	Bacteroidota	Bacteroidia	Flavobacteriales	Flavobacteriaceae	Aurantivirga	OTU_2661
OTU_2662	Bacteria	Bacteroidota	Bacteroidia	Flavobacteriales	Crocinitomicaceae	OTU_2662	OTU_2662
OTU_2663	Bacteria	Cyanobacteria	Cyanobacteriia	Chloroplast	OTU_2663	OTU_2663	OTU_2663
OTU_2664	Bacteria	Proteobacteria	Alphaproteobacteria	Rhizobiales	Beijerinckiaceae	OTU_2664	OTU_2664
OTU_2665	Bacteria	Proteobacteria	Gammaproteobacteria	Alteromonadales	Alteromonadaceae	Salinimonas	OTU_2665
OTU_2666	Bacteria	Bacteroidota	Bacteroidia	Flavobacteriales	Flavobacteriaceae	OTU_2666	OTU_2666
OTU_2667	Bacteria	Proteobacteria	Gammaproteobacteria	Enterobacterales	Pectobacteriaceae	Pectobacterium	OTU_2667
OTU_2668	Bacteria	Bacteroidota	Bacteroidia	Cytophagales	Cyclobacteriaceae	Marinoscillum	OTU_2668
OTU_2669	Bacteria	Marinimicrobia (SAR406 clade)	OTU_2669	OTU_2669	OTU_2669	OTU_2669	OTU_2669
OTU_2670	Bacteria	Proteobacteria	Gammaproteobacteria	Cellvibrionales	Halieaceae	Marimicrobium	OTU_2670
OTU_2671	Bacteria	Actinobacteriota	Actinobacteria	Propionibacteriales	Nocardioidaceae	Nocardioides	OTU_2671
OTU_2672	Bacteria	Bacteroidota	Bacteroidia	Flavobacteriales	Flavobacteriaceae	Algibacter	OTU_2672
OTU_2673	Bacteria	Proteobacteria	Gammaproteobacteria	Legionellales	Legionellaceae	Legionella	OTU_2673
OTU_2674	Bacteria	Cyanobacteria	Cyanobacteriia	Chloroplast	OTU_2674	OTU_2674	OTU_2674
OTU_2675	Bacteria	OTU_2675	OTU_2675	OTU_2675	OTU_2675	OTU_2675	OTU_2675
OTU_2676	Bacteria	Proteobacteria	OTU_2676	OTU_2676	OTU_2676	OTU_2676	OTU_2676
OTU_2677	Bacteria	Proteobacteria	Gammaproteobacteria	Pseudomonadales	Pseudomonadaceae	Pseudomonas	OTU_2677
OTU_2678	Bacteria	Bacteroidota	Bacteroidia	OTU_2678	OTU_2678	OTU_2678	OTU_2678
OTU_2679	Bacteria	Proteobacteria	Gammaproteobacteria	Cellvibrionales	Halieaceae	Marimicrobium	OTU_2679
OTU_2680	Bacteria	Proteobacteria	Gammaproteobacteria	OTU_2680	OTU_2680	OTU_2680	OTU_2680
OTU_2681	Bacteria	Proteobacteria	Gammaproteobacteria	Alteromonadales	Psychromonadaceae	Psychromonas	arctica
OTU_2682	Bacteria	Proteobacteria	Alphaproteobacteria	Kordiimonadales	OTU_2682	OTU_2682	OTU_2682
OTU_2683	Bacteria	Proteobacteria	Gammaproteobacteria	Cellvibrionales	Halieaceae	OM60(NOR5) clade	OTU_2683
OTU_2684	Bacteria	Bacteroidota	Bacteroidia	Flavobacteriales	Schleiferiaceae	Schleiferia	OTU_2684
OTU_2685	Bacteria	Verrucomicrobiota	Verrucomicrobiae	Verrucomicrobiales	Rubritaleaceae	Roseibacillus	OTU_2685
OTU_2686	Bacteria	Bacteroidota	Bacteroidia	Flavobacteriales	Flavobacteriaceae	OTU_2686	OTU_2686
OTU_2687	Bacteria	Cyanobacteria	Cyanobacteriia	Chloroplast	OTU_2687	OTU_2687	OTU_2687
OTU_2688	Bacteria	Proteobacteria	Gammaproteobacteria	OTU_2688	OTU_2688	OTU_2688	OTU_2688
OTU_2689	Bacteria	Bacteroidota	Bacteroidia	OTU_2689	OTU_2689	OTU_2689	OTU_2689
OTU_2690	Bacteria	Verrucomicrobiota	Verrucomicrobiae	Verrucomicrobiales	Rubritaleaceae	Rubritalea	OTU_2690
OTU_2691	Bacteria	Actinobacteriota	Actinobacteria	Micrococcales	Microbacteriaceae	Candidatus Aquiluna	OTU_2691
OTU_2692	Bacteria	Proteobacteria	Alphaproteobacteria	Rhodobacterales	Rhodobacteraceae	OTU_2692	OTU_2692
OTU_2693	Bacteria	Planctomycetota	OM190	OTU_2693	OTU_2693	OTU_2693	OTU_2693
OTU_2694	Bacteria	Proteobacteria	Gammaproteobacteria	KI89A clade	OTU_2694	OTU_2694	OTU_2694
OTU_2695	Bacteria	Proteobacteria	Gammaproteobacteria	Cellvibrionales	OTU_2695	OTU_2695	OTU_2695
OTU_2696	Bacteria	Bacteroidota	Bacteroidia	Flavobacteriales	Flavobacteriaceae	Hanstruepera	OTU_2696
OTU_2697	Bacteria	Proteobacteria	Gammaproteobacteria	OTU_2697	OTU_2697	OTU_2697	OTU_2697
OTU_2698	Bacteria	Proteobacteria	Alphaproteobacteria	Kordiimonadales	OTU_2698	OTU_2698	OTU_2698
OTU_2699	Bacteria	Proteobacteria	Alphaproteobacteria	SAR11 clade	Clade I	Clade Ia	OTU_2699
OTU_2700	Bacteria	Verrucomicrobiota	Verrucomicrobiae	Verrucomicrobiales	Rubritaleaceae	Roseibacillus	OTU_2700
OTU_2701	Bacteria	Proteobacteria	Gammaproteobacteria	Alteromonadales	Shewanellaceae	Shewanella	OTU_2701
OTU_2702	Bacteria	Proteobacteria	Alphaproteobacteria	Sphingomonadales	Sphingomonadaceae	Erythrobacter	OTU_2702
OTU_2703	Bacteria	Proteobacteria	Gammaproteobacteria	Xanthomonadales	Rhodanobacteraceae	Dokdonella	OTU_2703
OTU_2704	Bacteria	Bacteroidota	Bacteroidia	Flavobacteriales	Flavobacteriaceae	Gramella	OTU_2704
OTU_2705	Bacteria	Proteobacteria	Gammaproteobacteria	Burkholderiales	Methylophilaceae	OM43 clade	OTU_2705
OTU_2706	Bacteria	OTU_2706	OTU_2706	OTU_2706	OTU_2706	OTU_2706	OTU_2706
OTU_2707	Bacteria	Bacteroidota	Bacteroidia	Sphingobacteriales	Sphingobacteriaceae	Pedobacter	OTU_2707
OTU_2708	Bacteria	Proteobacteria	Alphaproteobacteria	Rhodobacterales	Rhodobacteraceae	OTU_2708	OTU_2708
OTU_2709	Bacteria	Bacteroidota	Bacteroidia	Cytophagales	Cyclobacteriaceae	Marinoscillum	OTU_2709
OTU_2710	Bacteria	OTU_2710	OTU_2710	OTU_2710	OTU_2710	OTU_2710	OTU_2710
OTU_2711	Bacteria	Bacteroidota	Bacteroidia	Flavobacteriales	Crocinitomicaceae	Fluviicola	OTU_2711
OTU_2712	Bacteria	Proteobacteria	Gammaproteobacteria	Cellvibrionales	Porticoccaceae	Porticoccus	OTU_2712
OTU_2713	Bacteria	Proteobacteria	Gammaproteobacteria	Alteromonadales	OTU_2713	OTU_2713	OTU_2713
OTU_2714	Bacteria	Bacteroidota	Bacteroidia	Flavobacteriales	Flavobacteriaceae	OTU_2714	OTU_2714
OTU_2715	Bacteria	Proteobacteria	Gammaproteobacteria	Cellvibrionales	Halieaceae	Marimicrobium	OTU_2715
OTU_2716	Bacteria	Bacteroidota	Bacteroidia	Flavobacteriales	Flavobacteriaceae	Aurantivirga	OTU_2716
OTU_2717	Bacteria	Bacteroidota	Bacteroidia	Cytophagales	Cyclobacteriaceae	Marinoscillum	OTU_2717
OTU_2718	Bacteria	Firmicutes	Clostridia	Oscillospirales	[Eubacterium] coprostanoligenes group	OTU_2718	OTU_2718
OTU_2719	Bacteria	Bacteroidota	Bacteroidia	Flavobacteriales	NS9 marine group	OTU_2719	OTU_2719
OTU_2720	Bacteria	Bacteroidota	Bacteroidia	Flavobacteriales	Cryomorphaceae	OTU_2720	OTU_2720
OTU_2721	Bacteria	Bacteroidota	Bacteroidia	Cytophagales	Cyclobacteriaceae	Marinoscillum	OTU_2721
OTU_2722	Bacteria	Proteobacteria	Gammaproteobacteria	Cellvibrionales	Spongiibacteraceae	BD1-7 clade	OTU_2722
OTU_2723	Bacteria	Proteobacteria	Gammaproteobacteria	UBA10353 marine group	OTU_2723	OTU_2723	OTU_2723
OTU_2724	Bacteria	Bacteroidota	Bacteroidia	Flavobacteriales	Flavobacteriaceae	OTU_2724	OTU_2724
OTU_2725	Bacteria	Proteobacteria	Gammaproteobacteria	SAR86 clade	OTU_2725	OTU_2725	OTU_2725
OTU_2726	Bacteria	Proteobacteria	Alphaproteobacteria	Defluviicoccales	OTU_2726	OTU_2726	OTU_2726
OTU_2727	Bacteria	Cyanobacteria	Cyanobacteriia	Chloroplast	OTU_2727	OTU_2727	OTU_2727
OTU_2728	Bacteria	Cyanobacteria	Cyanobacteriia	Chloroplast	OTU_2728	OTU_2728	OTU_2728
OTU_2729	Bacteria	Bacteroidota	Bacteroidia	Flavobacteriales	Flavobacteriaceae	Aurantivirga	OTU_2729
OTU_2730	Bacteria	Proteobacteria	Alphaproteobacteria	Rhodobacterales	Rhodobacteraceae	OTU_2730	OTU_2730
OTU_2731	Bacteria	Proteobacteria	Alphaproteobacteria	Rhodobacterales	Rhodobacteraceae	OTU_2731	OTU_2731
OTU_2732	Bacteria	Proteobacteria	Alphaproteobacteria	OTU_2732	OTU_2732	OTU_2732	OTU_2732
OTU_2733	Bacteria	Verrucomicrobiota	Verrucomicrobiae	Verrucomicrobiales	Rubritaleaceae	Roseibacillus	OTU_2733
OTU_2734	Bacteria	Bacteroidota	Bacteroidia	Flavobacteriales	Flavobacteriaceae	OTU_2734	OTU_2734
OTU_2735	Bacteria	Bacteroidota	Bacteroidia	Flavobacteriales	Flavobacteriaceae	OTU_2735	OTU_2735
OTU_2736	Bacteria	Proteobacteria	Gammaproteobacteria	SAR86 clade	OTU_2736	OTU_2736	OTU_2736
OTU_2737	Bacteria	Proteobacteria	Alphaproteobacteria	Rhodobacterales	Rhodobacteraceae	OTU_2737	OTU_2737
OTU_2738	Bacteria	Proteobacteria	Gammaproteobacteria	OTU_2738	OTU_2738	OTU_2738	OTU_2738
OTU_2739	Bacteria	Proteobacteria	Gammaproteobacteria	Oceanospirillales	Nitrincolaceae	OTU_2739	OTU_2739
OTU_2740	Bacteria	Bacteroidota	Bacteroidia	Flavobacteriales	Flavobacteriaceae	Aurantivirga	OTU_2740
OTU_2741	Bacteria	Bacteroidota	Bacteroidia	Flavobacteriales	NS9 marine group	OTU_2741	OTU_2741
OTU_2742	Bacteria	Proteobacteria	Alphaproteobacteria	Rhodobacterales	Rhodobacteraceae	OTU_2742	OTU_2742
OTU_2743	Bacteria	Bacteroidota	Bacteroidia	Flavobacteriales	Flavobacteriaceae	OTU_2743	OTU_2743
OTU_2744	Bacteria	Bacteroidota	Bacteroidia	OTU_2744	OTU_2744	OTU_2744	OTU_2744
OTU_2745	Bacteria	Firmicutes	Negativicutes	Acidaminococcales	Acidaminococcaceae	Phascolarctobacterium	OTU_2745
OTU_2746	Bacteria	Proteobacteria	Gammaproteobacteria	Oceanospirillales	Pseudohongiellaceae	Pseudohongiella	OTU_2746
OTU_2747	Bacteria	Proteobacteria	Alphaproteobacteria	SAR11 clade	OTU_2747	OTU_2747	OTU_2747
OTU_2748	Bacteria	Cyanobacteria	Cyanobacteriia	Chloroplast	OTU_2748	OTU_2748	OTU_2748
OTU_2749	Bacteria	Proteobacteria	Gammaproteobacteria	Alteromonadales	Alteromonadaceae	OTU_2749	OTU_2749
OTU_2750	Bacteria	Bacteroidota	Bacteroidia	Flavobacteriales	Flavobacteriaceae	NS5 marine group	OTU_2750
OTU_2751	Bacteria	Bacteroidota	Bacteroidia	Flavobacteriales	Flavobacteriaceae	Changchengzhania	OTU_2751
OTU_2752	Bacteria	Proteobacteria	Alphaproteobacteria	OTU_2752	OTU_2752	OTU_2752	OTU_2752
OTU_2753	Bacteria	Proteobacteria	Alphaproteobacteria	Rhizobiales	Rhizobiaceae	Pseudochrobactrum	OTU_2753
OTU_2754	Bacteria	Actinobacteriota	Actinobacteria	Micrococcales	Brevibacteriaceae	Spelaeicoccus	OTU_2754
OTU_2755	Bacteria	Verrucomicrobiota	Verrucomicrobiae	Opitutales	Puniceicoccaceae	OTU_2755	OTU_2755
OTU_2756	Bacteria	Bacteroidota	Bacteroidia	Flavobacteriales	Flavobacteriaceae	Aureisphaera	OTU_2756
OTU_2757	Bacteria	Bacteroidota	Bacteroidia	Flavobacteriales	Flavobacteriaceae	OTU_2757	OTU_2757
OTU_2758	Bacteria	Proteobacteria	Gammaproteobacteria	Burkholderiales	Methylophilaceae	OM43 clade	OTU_2758
OTU_2759	Bacteria	Proteobacteria	Gammaproteobacteria	Cellvibrionales	Halieaceae	OTU_2759	OTU_2759
OTU_2760	Bacteria	Bacteroidota	Bacteroidia	Flavobacteriales	Crocinitomicaceae	OTU_2760	OTU_2760
OTU_2761	Bacteria	Proteobacteria	Alphaproteobacteria	Puniceispirillales	SAR116 clade	OTU_2761	OTU_2761
OTU_2762	Bacteria	Proteobacteria	Alphaproteobacteria	Rhodobacterales	Rhodobacteraceae	OTU_2762	OTU_2762
OTU_2763	Bacteria	OTU_2763	OTU_2763	OTU_2763	OTU_2763	OTU_2763	OTU_2763
OTU_2764	Bacteria	Proteobacteria	Alphaproteobacteria	Rhodobacterales	Rhodobacteraceae	Cognatiyoonia	OTU_2764
OTU_2765	Bacteria	Proteobacteria	Gammaproteobacteria	SS1-B-07-19	OTU_2765	OTU_2765	OTU_2765
OTU_2766	Bacteria	Proteobacteria	Alphaproteobacteria	Caulobacterales	Caulobacteraceae	Brevundimonas	OTU_2766
OTU_2767	Bacteria	Proteobacteria	Alphaproteobacteria	Rickettsiales	Mitochondria	OTU_2767	OTU_2767
OTU_2768	Bacteria	Proteobacteria	Gammaproteobacteria	Cellvibrionales	Porticoccaceae	Porticoccus	OTU_2768
OTU_2769	Bacteria	Proteobacteria	Gammaproteobacteria	Burkholderiales	Methylophilaceae	OM43 clade	OTU_2769
OTU_2770	Bacteria	Proteobacteria	Alphaproteobacteria	SAR11 clade	OTU_2770	OTU_2770	OTU_2770
OTU_2771	Bacteria	Bacteroidota	Bacteroidia	Flavobacteriales	Crocinitomicaceae	Salinirepens	OTU_2771
OTU_2772	Bacteria	Proteobacteria	Gammaproteobacteria	Cellvibrionales	Halieaceae	Luminiphilus	OTU_2772
OTU_2773	Bacteria	Bacteroidota	Bacteroidia	Flavobacteriales	Flavobacteriaceae	OTU_2773	OTU_2773
OTU_2774	Bacteria	Bacteroidota	Bacteroidia	Flavobacteriales	Flavobacteriaceae	Aurantivirga	OTU_2774
OTU_2775	Bacteria	Proteobacteria	Gammaproteobacteria	Cellvibrionales	Halieaceae	Marimicrobium	OTU_2775
OTU_2776	Bacteria	Proteobacteria	Gammaproteobacteria	OTU_2776	OTU_2776	OTU_2776	OTU_2776
OTU_2777	Bacteria	Bacteroidota	Bacteroidia	Flavobacteriales	OTU_2777	OTU_2777	OTU_2777
OTU_2778	Bacteria	Proteobacteria	Gammaproteobacteria	Cellvibrionales	Halieaceae	OTU_2778	OTU_2778
OTU_2779	Bacteria	Proteobacteria	Alphaproteobacteria	Rhodospirillales	Magnetospiraceae	Magnetospira	OTU_2779
OTU_2780	Bacteria	Proteobacteria	Gammaproteobacteria	Thiomicrospirales	Thioglobaceae	SUP05 cluster	OTU_2780
OTU_2781	Bacteria	Proteobacteria	Gammaproteobacteria	Cellvibrionales	Porticoccaceae	SAR92 clade	OTU_2781
OTU_2782	Bacteria	Proteobacteria	Gammaproteobacteria	Oceanospirillales	Nitrincolaceae	OTU_2782	OTU_2782
OTU_2783	Bacteria	Actinobacteriota	Actinobacteria	Micrococcales	Microbacteriaceae	Leucobacter	OTU_2783
OTU_2784	Bacteria	Bacteroidota	Bacteroidia	Flavobacteriales	OTU_2784	OTU_2784	OTU_2784
OTU_2785	Bacteria	Proteobacteria	Gammaproteobacteria	OTU_2785	OTU_2785	OTU_2785	OTU_2785
OTU_2786	Bacteria	Proteobacteria	Gammaproteobacteria	SAR86 clade	OTU_2786	OTU_2786	OTU_2786
OTU_2787	Bacteria	Bacteroidota	Bacteroidia	Flavobacteriales	Cryomorphaceae	OTU_2787	OTU_2787
OTU_2788	Bacteria	Bacteroidota	Bacteroidia	Flavobacteriales	Flavobacteriaceae	Changchengzhania	OTU_2788
OTU_2789	Bacteria	Actinobacteriota	Actinobacteria	Micrococcales	Microbacteriaceae	SV1-3	OTU_2789
OTU_2790	Bacteria	Cyanobacteria	Cyanobacteriia	Chloroplast	OTU_2790	OTU_2790	OTU_2790
OTU_2791	Bacteria	Proteobacteria	Alphaproteobacteria	Rhodobacterales	Rhodobacteraceae	OTU_2791	OTU_2791
OTU_2792	Bacteria	Proteobacteria	Gammaproteobacteria	Burkholderiales	Oxalobacteraceae	OTU_2792	OTU_2792
OTU_2793	Bacteria	Proteobacteria	Alphaproteobacteria	Defluviicoccales	OTU_2793	OTU_2793	OTU_2793
OTU_2794	Bacteria	Firmicutes	Bacilli	Lactobacillales	Carnobacteriaceae	Marinilactibacillus	OTU_2794
OTU_2795	Bacteria	Proteobacteria	Gammaproteobacteria	Thiotrichales	Thiotrichaceae	Leucothrix	OTU_2795
OTU_2796	Bacteria	Cyanobacteria	Cyanobacteriia	Chloroplast	OTU_2796	OTU_2796	OTU_2796
OTU_2797	Bacteria	Bacteroidota	Bacteroidia	Flavobacteriales	NS9 marine group	OTU_2797	OTU_2797
OTU_2798	Bacteria	Bacteroidota	Bacteroidia	Flavobacteriales	Flavobacteriaceae	Gramella	OTU_2798
OTU_2799	Bacteria	Bacteroidota	Bacteroidia	Flavobacteriales	Flavobacteriaceae	OTU_2799	OTU_2799
OTU_2800	Bacteria	Bacteroidota	Bacteroidia	Flavobacteriales	Flavobacteriaceae	OTU_2800	OTU_2800
OTU_2801	Bacteria	Actinobacteriota	Actinobacteria	Micrococcales	Microbacteriaceae	SV1-3	OTU_2801
OTU_2802	Bacteria	Bacteroidota	Bacteroidia	Flavobacteriales	NS9 marine group	OTU_2802	OTU_2802
OTU_2803	Bacteria	Verrucomicrobiota	Verrucomicrobiae	Verrucomicrobiales	OTU_2803	OTU_2803	OTU_2803
OTU_2804	Bacteria	Proteobacteria	Gammaproteobacteria	Thiotrichales	Thiotrichaceae	OTU_2804	OTU_2804
OTU_2805	Bacteria	Proteobacteria	Gammaproteobacteria	Alteromonadales	OTU_2805	OTU_2805	OTU_2805
OTU_2806	Bacteria	Proteobacteria	Gammaproteobacteria	OTU_2806	OTU_2806	OTU_2806	OTU_2806
OTU_2807	Bacteria	Bacteroidota	Bacteroidia	Flavobacteriales	OTU_2807	OTU_2807	OTU_2807
OTU_2808	Bacteria	Proteobacteria	Alphaproteobacteria	Rhodobacterales	Rhodobacteraceae	Roseobacter clade Marinomonas lineage	OTU_2808
OTU_2809	Bacteria	Firmicutes	Bacilli	Lactobacillales	Listeriaceae	Brochothrix	thermosphacta
OTU_2810	Bacteria	Verrucomicrobiota	Verrucomicrobiae	Verrucomicrobiales	Rubritaleaceae	OTU_2810	OTU_2810
OTU_2811	Bacteria	Proteobacteria	Alphaproteobacteria	Rhodobacterales	Rhodobacteraceae	OTU_2811	OTU_2811
OTU_2812	Bacteria	OTU_2812	OTU_2812	OTU_2812	OTU_2812	OTU_2812	OTU_2812
OTU_2813	Bacteria	Proteobacteria	Alphaproteobacteria	SAR11 clade	OTU_2813	OTU_2813	OTU_2813
OTU_2814	Bacteria	Bacteroidota	Bacteroidia	Flavobacteriales	Flavobacteriaceae	Ichthyenterobacterium	OTU_2814
OTU_2815	Bacteria	Proteobacteria	Gammaproteobacteria	Cellvibrionales	Porticoccaceae	Porticoccus	OTU_2815
OTU_2816	Bacteria	Proteobacteria	Alphaproteobacteria	Rhodobacterales	Rhodobacteraceae	OTU_2816	OTU_2816
OTU_2817	Bacteria	Proteobacteria	Gammaproteobacteria	Cellvibrionales	Halieaceae	Marimicrobium	OTU_2817
OTU_2818	Bacteria	Proteobacteria	Gammaproteobacteria	Cellvibrionales	Halieaceae	Marimicrobium	OTU_2818
OTU_2819	Bacteria	Bacteroidota	Bacteroidia	Flavobacteriales	Flavobacteriaceae	Changchengzhania	OTU_2819
OTU_2820	Bacteria	Bacteroidota	Bacteroidia	Flavobacteriales	Flavobacteriaceae	Aurantivirga	OTU_2820
OTU_2821	Bacteria	Proteobacteria	Alphaproteobacteria	Rhodobacterales	Rhodobacteraceae	OTU_2821	OTU_2821
OTU_2822	Bacteria	Proteobacteria	Gammaproteobacteria	OTU_2822	OTU_2822	OTU_2822	OTU_2822
OTU_2823	Bacteria	Planctomycetota	OM190	OTU_2823	OTU_2823	OTU_2823	OTU_2823
OTU_2824	Bacteria	Proteobacteria	Alphaproteobacteria	Rhodobacterales	Rhodobacteraceae	Cognatiyoonia	OTU_2824
OTU_2825	Bacteria	Proteobacteria	Gammaproteobacteria	Cellvibrionales	Halieaceae	OM60(NOR5) clade	OTU_2825
OTU_2826	Bacteria	Verrucomicrobiota	Verrucomicrobiae	Verrucomicrobiales	Rubritaleaceae	Roseibacillus	OTU_2826
OTU_2827	Bacteria	Bacteroidota	Bacteroidia	Flavobacteriales	Flavobacteriaceae	OTU_2827	OTU_2827
OTU_2828	Bacteria	Planctomycetota	Phycisphaerae	Phycisphaerales	Phycisphaeraceae	SM1A02	OTU_2828
OTU_2829	Bacteria	Proteobacteria	OTU_2829	OTU_2829	OTU_2829	OTU_2829	OTU_2829
OTU_2830	Bacteria	Bacteroidota	Bacteroidia	Flavobacteriales	Crocinitomicaceae	Crocinitomix	OTU_2830
OTU_2831	Bacteria	Proteobacteria	Alphaproteobacteria	Rhodobacterales	Rhodobacteraceae	OTU_2831	OTU_2831
OTU_2832	Bacteria	Proteobacteria	Gammaproteobacteria	Coxiellales	Coxiellaceae	Coxiella	OTU_2832
OTU_2833	Bacteria	Bacteroidota	Bacteroidia	Flavobacteriales	Flavobacteriaceae	OTU_2833	OTU_2833
OTU_2834	Bacteria	Spirochaetota	Spirochaetia	Spirochaetales	Spirochaetaceae	OTU_2834	OTU_2834
OTU_2835	Bacteria	Proteobacteria	Alphaproteobacteria	SAR11 clade	OTU_2835	OTU_2835	OTU_2835
OTU_2836	Bacteria	Proteobacteria	Gammaproteobacteria	Cellvibrionales	Halieaceae	OTU_2836	OTU_2836
OTU_2837	Bacteria	Proteobacteria	Alphaproteobacteria	Rhodobacterales	Rhodobacteraceae	OTU_2837	OTU_2837
OTU_2838	Bacteria	Proteobacteria	Gammaproteobacteria	Pseudomonadales	Moraxellaceae	OTU_2838	OTU_2838
OTU_2839	Bacteria	Actinobacteriota	Acidimicrobiia	Microtrichales	Ilumatobacteraceae	Ilumatobacter	OTU_2839
OTU_2840	Bacteria	Proteobacteria	Alphaproteobacteria	Rhodobacterales	Rhodobacteraceae	OTU_2840	OTU_2840
OTU_2841	Bacteria	Bacteroidota	Bacteroidia	Flavobacteriales	NS9 marine group	OTU_2841	OTU_2841
OTU_2842	Bacteria	Proteobacteria	Gammaproteobacteria	OTU_2842	OTU_2842	OTU_2842	OTU_2842
OTU_2843	Bacteria	Proteobacteria	Gammaproteobacteria	Nitrosococcales	Nitrosococcaceae	AqS1	OTU_2843
OTU_2844	Bacteria	Proteobacteria	Gammaproteobacteria	Oceanospirillales	Saccharospirillaceae	Oleibacter	OTU_2844
OTU_2845	Bacteria	Actinobacteriota	Actinobacteria	Corynebacteriales	Dietziaceae	Dietzia	OTU_2845
OTU_2846	Bacteria	Proteobacteria	Gammaproteobacteria	Oceanospirillales	Nitrincolaceae	Neptunomonas	phycophila
OTU_2847	Bacteria	Proteobacteria	Alphaproteobacteria	Rhodobacterales	Rhodobacteraceae	Pelagimonas	OTU_2847
OTU_2848	Bacteria	Bacteroidota	Bacteroidia	Flavobacteriales	Flavobacteriaceae	OTU_2848	OTU_2848
OTU_2849	Bacteria	Bacteroidota	Bacteroidia	Flavobacteriales	Flavobacteriaceae	OTU_2849	OTU_2849
OTU_2850	Bacteria	Bacteroidota	Bacteroidia	Flavobacteriales	Cryomorphaceae	OTU_2850	OTU_2850
OTU_2851	Bacteria	Proteobacteria	Gammaproteobacteria	OTU_2851	OTU_2851	OTU_2851	OTU_2851
OTU_2852	Bacteria	Proteobacteria	Gammaproteobacteria	OM182 clade	OTU_2852	OTU_2852	OTU_2852
OTU_2853	Bacteria	Proteobacteria	Gammaproteobacteria	Cellvibrionales	Halieaceae	Luminiphilus	OTU_2853
OTU_2854	Bacteria	Verrucomicrobiota	Verrucomicrobiae	Verrucomicrobiales	Rubritaleaceae	Roseibacillus	OTU_2854
OTU_2855	Bacteria	Proteobacteria	Gammaproteobacteria	Cellvibrionales	OTU_2855	OTU_2855	OTU_2855
OTU_2856	Bacteria	Proteobacteria	Gammaproteobacteria	OTU_2856	OTU_2856	OTU_2856	OTU_2856
OTU_2857	Bacteria	Proteobacteria	Gammaproteobacteria	SAR86 clade	OTU_2857	OTU_2857	OTU_2857
OTU_2858	Bacteria	Proteobacteria	Gammaproteobacteria	Oceanospirillales	Nitrincolaceae	OTU_2858	OTU_2858
OTU_2859	Bacteria	Proteobacteria	Alphaproteobacteria	Rhodobacterales	Rhodobacteraceae	Pelagimonas	OTU_2859
OTU_2860	Bacteria	OTU_2860	OTU_2860	OTU_2860	OTU_2860	OTU_2860	OTU_2860
OTU_2861	Bacteria	Proteobacteria	Alphaproteobacteria	Rhodobacterales	Rhodobacteraceae	Amylibacter	ulvae
OTU_2862	Bacteria	Bacteroidota	Bacteroidia	Flavobacteriales	Flavobacteriaceae	OTU_2862	OTU_2862
OTU_2863	Bacteria	Proteobacteria	Alphaproteobacteria	Puniceispirillales	SAR116 clade	OTU_2863	OTU_2863
OTU_2864	Bacteria	NB1-j	OTU_2864	OTU_2864	OTU_2864	OTU_2864	OTU_2864
OTU_2865	Bacteria	Proteobacteria	Gammaproteobacteria	Cellvibrionales	Porticoccaceae	SAR92 clade	OTU_2865
OTU_2866	Bacteria	Proteobacteria	Gammaproteobacteria	Alteromonadales	Alteromonadaceae	Salinimonas	OTU_2866
OTU_2867	Bacteria	Proteobacteria	Gammaproteobacteria	OTU_2867	OTU_2867	OTU_2867	OTU_2867
OTU_2868	Bacteria	OTU_2868	OTU_2868	OTU_2868	OTU_2868	OTU_2868	OTU_2868
OTU_2869	Bacteria	Proteobacteria	Alphaproteobacteria	Rickettsiales	Mitochondria	OTU_2869	OTU_2869
OTU_2870	Bacteria	Proteobacteria	Gammaproteobacteria	OTU_2870	OTU_2870	OTU_2870	OTU_2870
OTU_2871	Bacteria	Proteobacteria	Alphaproteobacteria	Rhodobacterales	Rhodobacteraceae	OTU_2871	OTU_2871
OTU_2872	Bacteria	Bacteroidota	Bacteroidia	Flavobacteriales	Flavobacteriaceae	Lutibacter	OTU_2872
OTU_2873	Bacteria	Bacteroidota	Bacteroidia	Flavobacteriales	Flavobacteriaceae	NS5 marine group	OTU_2873
OTU_2874	Bacteria	Proteobacteria	Gammaproteobacteria	Cellvibrionales	OTU_2874	OTU_2874	OTU_2874
OTU_2875	Bacteria	Proteobacteria	Gammaproteobacteria	OM182 clade	OTU_2875	OTU_2875	OTU_2875
OTU_2876	Bacteria	Proteobacteria	Gammaproteobacteria	Oceanospirillales	Pseudohongiellaceae	Pseudohongiella	OTU_2876
OTU_2877	Bacteria	Bacteroidota	Bacteroidia	Flavobacteriales	Flavobacteriaceae	OTU_2877	OTU_2877
OTU_2878	Bacteria	Proteobacteria	Gammaproteobacteria	OM182 clade	OTU_2878	OTU_2878	OTU_2878
OTU_2879	Bacteria	Proteobacteria	Alphaproteobacteria	Kordiimonadales	OTU_2879	OTU_2879	OTU_2879
OTU_2880	Bacteria	Proteobacteria	Alphaproteobacteria	Rhodobacterales	Rhodobacteraceae	OTU_2880	OTU_2880
OTU_2881	Bacteria	Bacteroidota	Bacteroidia	Flavobacteriales	Flavobacteriaceae	OTU_2881	OTU_2881
OTU_2882	Bacteria	Bacteroidota	Bacteroidia	Flavobacteriales	Flavobacteriaceae	Polaribacter	OTU_2882
OTU_2883	Bacteria	Bacteroidota	Bacteroidia	Flavobacteriales	Crocinitomicaceae	Crocinitomix	OTU_2883
OTU_2884	Bacteria	Bacteroidota	Bacteroidia	Flavobacteriales	Flavobacteriaceae	NS5 marine group	OTU_2884
OTU_2885	Bacteria	Proteobacteria	Gammaproteobacteria	Burkholderiales	Methylophilaceae	OM43 clade	OTU_2885
OTU_2886	Bacteria	Proteobacteria	Gammaproteobacteria	Burkholderiales	Alcaligenaceae	GKS98 freshwater group	OTU_2886
OTU_2887	Bacteria	Proteobacteria	Alphaproteobacteria	SAR11 clade	OTU_2887	OTU_2887	OTU_2887
OTU_2888	Bacteria	Proteobacteria	Alphaproteobacteria	Elsterales	Elsteraceae	Lacibacterium	OTU_2888
OTU_2889	Bacteria	Proteobacteria	Gammaproteobacteria	OTU_2889	OTU_2889	OTU_2889	OTU_2889
OTU_2890	Bacteria	Proteobacteria	Alphaproteobacteria	Rickettsiales	Rickettsiaceae	OTU_2890	OTU_2890
OTU_2891	Bacteria	Proteobacteria	Alphaproteobacteria	Sphingomonadales	Sphingomonadaceae	Erythrobacter	OTU_2891
OTU_2892	Bacteria	Cyanobacteria	Cyanobacteriia	Chloroplast	OTU_2892	OTU_2892	OTU_2892
OTU_2893	Bacteria	Proteobacteria	Gammaproteobacteria	Burkholderiales	Methylophilaceae	Methylotenera	OTU_2893
OTU_2894	Bacteria	Bacteroidota	Bacteroidia	Cytophagales	Cyclobacteriaceae	Marinoscillum	OTU_2894
OTU_2895	Bacteria	Actinobacteriota	Actinobacteria	Micrococcales	Microbacteriaceae	SV1-3	OTU_2895
OTU_2896	Bacteria	Proteobacteria	Gammaproteobacteria	Oceanospirillales	Nitrincolaceae	OTU_2896	OTU_2896
OTU_2897	Bacteria	Proteobacteria	Gammaproteobacteria	Pseudomonadales	Pseudomonadaceae	Pseudomonas	OTU_2897
OTU_2898	Bacteria	Proteobacteria	Gammaproteobacteria	Pseudomonadales	Pseudomonadaceae	Pseudomonas	OTU_2898
OTU_2899	Bacteria	Chloroflexi	Dehalococcoidia	SAR202 clade	OTU_2899	OTU_2899	OTU_2899
OTU_2900	Bacteria	Bacteroidota	Bacteroidia	Flavobacteriales	Flavobacteriaceae	Gilvibacter	OTU_2900
OTU_2901	Bacteria	Bacteroidota	Bacteroidia	Flavobacteriales	Cryomorphaceae	NS10 marine group	OTU_2901
OTU_2902	Bacteria	Bacteroidota	Bacteroidia	Flavobacteriales	Flavobacteriaceae	OTU_2902	OTU_2902
OTU_2903	Bacteria	Proteobacteria	Gammaproteobacteria	Nitrosococcales	Methylophagaceae	OTU_2903	OTU_2903
OTU_2904	Bacteria	Proteobacteria	Gammaproteobacteria	Oceanospirillales	Nitrincolaceae	OTU_2904	OTU_2904
OTU_2905	Bacteria	Proteobacteria	Alphaproteobacteria	Rhodobacterales	Rhodobacteraceae	Limibaculum	OTU_2905
OTU_2906	Bacteria	Verrucomicrobiota	Verrucomicrobiae	Verrucomicrobiales	DEV007	OTU_2906	OTU_2906
OTU_2907	Bacteria	Bacteroidota	Bacteroidia	Flavobacteriales	Flavobacteriaceae	OTU_2907	OTU_2907
OTU_2908	Bacteria	Proteobacteria	Gammaproteobacteria	OM182 clade	OTU_2908	OTU_2908	OTU_2908
OTU_2909	Bacteria	Bacteroidota	Bacteroidia	Flavobacteriales	Flavobacteriaceae	OTU_2909	OTU_2909
OTU_2910	Bacteria	Proteobacteria	Gammaproteobacteria	Cellvibrionales	Cellvibrionaceae	Maricurvus	OTU_2910
OTU_2911	Bacteria	Bacteroidota	Bacteroidia	Sphingobacteriales	NS11-12 marine group	OTU_2911	OTU_2911
OTU_2912	Bacteria	Proteobacteria	Gammaproteobacteria	Oceanospirillales	Nitrincolaceae	OTU_2912	OTU_2912
OTU_2913	Bacteria	Cyanobacteria	Cyanobacteriia	Chloroplast	OTU_2913	OTU_2913	OTU_2913
OTU_2914	Bacteria	Proteobacteria	Gammaproteobacteria	OTU_2914	OTU_2914	OTU_2914	OTU_2914
OTU_2915	Bacteria	Firmicutes	Clostridia	Oscillospirales	Oscillospiraceae	UCG-005	OTU_2915
OTU_2916	Bacteria	Planctomycetota	BD7-11	OTU_2916	OTU_2916	OTU_2916	OTU_2916
OTU_2917	Bacteria	Bacteroidota	Bacteroidia	Flavobacteriales	Flavobacteriaceae	OTU_2917	OTU_2917
OTU_2918	Bacteria	Bacteroidota	Bacteroidia	Flavobacteriales	NS7 marine group	OTU_2918	OTU_2918
OTU_2919	Bacteria	Proteobacteria	Gammaproteobacteria	Oceanospirillales	Nitrincolaceae	OTU_2919	OTU_2919
OTU_2920	Bacteria	Bacteroidota	Bacteroidia	Flavobacteriales	Crocinitomicaceae	Lishizhenia	OTU_2920
OTU_2921	Bacteria	Proteobacteria	Alphaproteobacteria	SAR11 clade	OTU_2921	OTU_2921	OTU_2921
OTU_2922	Bacteria	Proteobacteria	Alphaproteobacteria	Rhodospirillales	AEGEAN-169 marine group	OTU_2922	OTU_2922
OTU_2923	Bacteria	Cyanobacteria	Cyanobacteriia	Chloroplast	OTU_2923	OTU_2923	OTU_2923
OTU_2924	Bacteria	Proteobacteria	Gammaproteobacteria	Xanthomonadales	Xanthomonadaceae	Stenotrophomonas	OTU_2924
OTU_2925	Bacteria	Proteobacteria	Gammaproteobacteria	Cellvibrionales	Porticoccaceae	SAR92 clade	OTU_2925
OTU_2926	Bacteria	Bacteroidota	Bacteroidia	Flavobacteriales	NS9 marine group	OTU_2926	OTU_2926
OTU_2927	Bacteria	Proteobacteria	Gammaproteobacteria	OTU_2927	OTU_2927	OTU_2927	OTU_2927
OTU_2928	Bacteria	Bacteroidota	Bacteroidia	Flavobacteriales	NS9 marine group	OTU_2928	OTU_2928
OTU_2929	Bacteria	Bacteroidota	Bacteroidia	Flavobacteriales	Flavobacteriaceae	Changchengzhania	OTU_2929
OTU_2930	Bacteria	Proteobacteria	Alphaproteobacteria	SAR11 clade	OTU_2930	OTU_2930	OTU_2930
OTU_2931	Bacteria	Proteobacteria	Gammaproteobacteria	Alteromonadales	Colwelliaceae	Litorilituus	OTU_2931
OTU_2932	Bacteria	Bacteroidota	Bacteroidia	Flavobacteriales	Flavobacteriaceae	Polaribacter	OTU_2932
OTU_2933	Bacteria	Actinobacteriota	Actinobacteria	Micrococcales	Microbacteriaceae	SV1-3	OTU_2933
OTU_2934	Bacteria	Proteobacteria	Alphaproteobacteria	Rhodobacterales	Rhodobacteraceae	OTU_2934	OTU_2934
OTU_2935	Bacteria	Firmicutes	Clostridia	Christensenellales	Christensenellaceae	Christensenellaceae R-7 group	OTU_2935
OTU_2936	Bacteria	Proteobacteria	Gammaproteobacteria	Salinisphaerales	Salinisphaeraceae	Salinisphaera	OTU_2936
OTU_2937	Archaea	Crenarchaeota	Nitrososphaeria	Nitrosopumilales	Nitrosopumilaceae	Candidatus Nitrosopumilus	OTU_2937
OTU_2938	Bacteria	Firmicutes	Negativicutes	Veillonellales-Selenomonadales	Selenomonadaceae	Selenomonas	OTU_2938
OTU_2939	Bacteria	Bacteroidota	Bacteroidia	Flavobacteriales	Flavobacteriaceae	Formosa	OTU_2939
OTU_2940	Bacteria	Bacteroidota	Bacteroidia	Flavobacteriales	Weeksellaceae	Chryseobacterium	OTU_2940
OTU_2941	Bacteria	Proteobacteria	Gammaproteobacteria	SAR86 clade	OTU_2941	OTU_2941	OTU_2941
OTU_2942	Bacteria	Proteobacteria	Gammaproteobacteria	Vibrionales	Vibrionaceae	Vibrio	OTU_2942
OTU_2943	Bacteria	Proteobacteria	Gammaproteobacteria	OM182 clade	OTU_2943	OTU_2943	OTU_2943
OTU_2944	Bacteria	Bacteroidota	Bacteroidia	Flavobacteriales	Flavobacteriaceae	Gilvibacter	OTU_2944
OTU_2945	Bacteria	Bacteroidota	Bacteroidia	Flavobacteriales	NS9 marine group	OTU_2945	OTU_2945
OTU_2946	Bacteria	Proteobacteria	Gammaproteobacteria	OM182 clade	OTU_2946	OTU_2946	OTU_2946
OTU_2947	Bacteria	Actinobacteriota	Actinobacteria	Micrococcales	Microbacteriaceae	ML602J-51	OTU_2947
OTU_2948	Bacteria	Proteobacteria	Alphaproteobacteria	Rickettsiales	Mitochondria	OTU_2948	OTU_2948
OTU_2949	Bacteria	Proteobacteria	Gammaproteobacteria	OTU_2949	OTU_2949	OTU_2949	OTU_2949
OTU_2950	Bacteria	Proteobacteria	Gammaproteobacteria	Cellvibrionales	Halieaceae	Marimicrobium	OTU_2950
OTU_2951	Bacteria	Proteobacteria	Gammaproteobacteria	Burkholderiales	Neisseriaceae	Neisseria	OTU_2951
OTU_2952	Bacteria	Bacteroidota	Bacteroidia	Flavobacteriales	Flavobacteriaceae	NS3a marine group	OTU_2952
OTU_2953	Bacteria	Bacteroidota	Bacteroidia	Flavobacteriales	OTU_2953	OTU_2953	OTU_2953
OTU_2954	Bacteria	Bacteroidota	Bacteroidia	Flavobacteriales	Flavobacteriaceae	NS2b marine group	OTU_2954
OTU_2955	Bacteria	Proteobacteria	Gammaproteobacteria	Cellvibrionales	Halieaceae	OTU_2955	OTU_2955
OTU_2956	Bacteria	Bacteroidota	Bacteroidia	Sphingobacteriales	NS11-12 marine group	OTU_2956	OTU_2956
OTU_2957	Bacteria	PAUC34f	OTU_2957	OTU_2957	OTU_2957	OTU_2957	OTU_2957
OTU_2958	Bacteria	Proteobacteria	Gammaproteobacteria	Thiomicrospirales	Thioglobaceae	IheB2-31	OTU_2958
OTU_2959	Bacteria	Proteobacteria	Gammaproteobacteria	Alteromonadales	Colwelliaceae	Thalassotalea	OTU_2959
OTU_2960	OTU_2960	OTU_2960	OTU_2960	OTU_2960	OTU_2960	OTU_2960	OTU_2960
OTU_2961	Bacteria	OTU_2961	OTU_2961	OTU_2961	OTU_2961	OTU_2961	OTU_2961
OTU_2962	Bacteria	Bacteroidota	Bacteroidia	Flavobacteriales	Flavobacteriaceae	Pseudofulvibacter	OTU_2962
OTU_2963	Bacteria	Bacteroidota	Bacteroidia	Sphingobacteriales	NS11-12 marine group	OTU_2963	OTU_2963
OTU_2964	Bacteria	Proteobacteria	Alphaproteobacteria	Rhodobacterales	Rhodobacteraceae	Octadecabacter	OTU_2964
OTU_2965	Bacteria	Firmicutes	Bacilli	Erysipelotrichales	Erysipelotrichaceae	Holdemanella	OTU_2965
OTU_2966	Bacteria	Proteobacteria	Alphaproteobacteria	SAR11 clade	OTU_2966	OTU_2966	OTU_2966
OTU_2967	Bacteria	Gemmatimonadota	BD2-11 terrestrial group	OTU_2967	OTU_2967	OTU_2967	OTU_2967
OTU_2968	Bacteria	Actinobacteriota	Actinobacteria	Micrococcales	Microbacteriaceae	SV1-3	OTU_2968
OTU_2969	Bacteria	Proteobacteria	Gammaproteobacteria	OM182 clade	OTU_2969	OTU_2969	OTU_2969
OTU_2970	Bacteria	Proteobacteria	Gammaproteobacteria	OTU_2970	OTU_2970	OTU_2970	OTU_2970
OTU_2971	Bacteria	Bacteroidota	Bacteroidia	Flavobacteriales	OTU_2971	OTU_2971	OTU_2971
OTU_2972	Bacteria	Proteobacteria	Gammaproteobacteria	Cellvibrionales	Cellvibrionaceae	OTU_2972	OTU_2972
OTU_2973	Bacteria	Cyanobacteria	Cyanobacteriia	OTU_2973	OTU_2973	OTU_2973	OTU_2973
OTU_2974	Bacteria	Bacteroidota	Bacteroidia	Flavobacteriales	Flavobacteriaceae	NS5 marine group	OTU_2974
OTU_2975	Bacteria	Bacteroidota	Bacteroidia	Flavobacteriales	Crocinitomicaceae	Salinirepens	OTU_2975
OTU_2976	Bacteria	Bacteroidota	Bacteroidia	Flavobacteriales	Flavobacteriaceae	OTU_2976	OTU_2976
OTU_2977	Bacteria	Proteobacteria	Gammaproteobacteria	SAR86 clade	OTU_2977	OTU_2977	OTU_2977
OTU_2978	Bacteria	Proteobacteria	Alphaproteobacteria	Rhodobacterales	Rhodobacteraceae	Cognatiyoonia	OTU_2978
OTU_2979	Bacteria	Actinobacteriota	Actinobacteria	Micrococcales	Microbacteriaceae	OTU_2979	OTU_2979
OTU_2980	Bacteria	Cyanobacteria	Cyanobacteriia	Chloroplast	OTU_2980	OTU_2980	OTU_2980
OTU_2981	Bacteria	Proteobacteria	Alphaproteobacteria	Caulobacterales	Hyphomonadaceae	Ponticaulis	OTU_2981
OTU_2982	Bacteria	Proteobacteria	Gammaproteobacteria	Cellvibrionales	OTU_2982	OTU_2982	OTU_2982
OTU_2983	Bacteria	Proteobacteria	Gammaproteobacteria	Pseudomonadales	Moraxellaceae	Alkanindiges	OTU_2983
OTU_2984	Bacteria	Firmicutes	Clostridia	Oscillospirales	Oscillospiraceae	NK4A214 group	OTU_2984
OTU_2985	Bacteria	Bacteroidota	Bacteroidia	Flavobacteriales	Flavobacteriaceae	Polaribacter	OTU_2985
OTU_2986	Bacteria	Proteobacteria	Gammaproteobacteria	SAR86 clade	OTU_2986	OTU_2986	OTU_2986
OTU_2987	Bacteria	Proteobacteria	Alphaproteobacteria	Rhodospirillales	Magnetospiraceae	OTU_2987	OTU_2987
OTU_2988	Bacteria	Proteobacteria	Gammaproteobacteria	Oceanospirillales	Saccharospirillaceae	Oceaniserpentilla	OTU_2988
OTU_2989	Bacteria	Proteobacteria	Alphaproteobacteria	SAR11 clade	Clade I	OTU_2989	OTU_2989
OTU_2990	Bacteria	Bacteroidota	Bacteroidia	Flavobacteriales	Flavobacteriaceae	NS4 marine group	OTU_2990
OTU_2991	Bacteria	OTU_2991	OTU_2991	OTU_2991	OTU_2991	OTU_2991	OTU_2991
OTU_2992	Bacteria	Bacteroidota	Bacteroidia	Flavobacteriales	NS9 marine group	OTU_2992	OTU_2992
OTU_2993	Bacteria	Bacteroidota	Bacteroidia	Flavobacteriales	Flavobacteriaceae	Aurantivirga	OTU_2993
OTU_2994	Bacteria	Proteobacteria	Gammaproteobacteria	SAR86 clade	OTU_2994	OTU_2994	OTU_2994
OTU_2995	Bacteria	Bacteroidota	Bacteroidia	Flavobacteriales	Flavobacteriaceae	Ulvibacter	OTU_2995
OTU_2996	Bacteria	Proteobacteria	Gammaproteobacteria	Cellvibrionales	Porticoccaceae	Porticoccus	OTU_2996
OTU_2997	Bacteria	Proteobacteria	Gammaproteobacteria	OTU_2997	OTU_2997	OTU_2997	OTU_2997
OTU_2998	Bacteria	Proteobacteria	Gammaproteobacteria	Alteromonadales	Colwelliaceae	OTU_2998	OTU_2998
OTU_2999	Bacteria	Proteobacteria	Gammaproteobacteria	Alteromonadales	Colwelliaceae	Litorilituus	OTU_2999
OTU_3000	Bacteria	Proteobacteria	Gammaproteobacteria	Thiomicrospirales	Thioglobaceae	IheB2-31	OTU_3000
OTU_3001	Bacteria	Proteobacteria	Gammaproteobacteria	Cellvibrionales	Porticoccaceae	SAR92 clade	OTU_3001
OTU_3002	Bacteria	Proteobacteria	Gammaproteobacteria	OTU_3002	OTU_3002	OTU_3002	OTU_3002
OTU_3003	Bacteria	Proteobacteria	Alphaproteobacteria	Rhodobacterales	Rhodobacteraceae	OTU_3003	OTU_3003
OTU_3004	Bacteria	Bacteroidota	Bacteroidia	Flavobacteriales	Flavobacteriaceae	OTU_3004	OTU_3004
OTU_3005	Bacteria	Bacteroidota	Bacteroidia	Flavobacteriales	NS9 marine group	OTU_3005	OTU_3005
OTU_3006	Bacteria	Proteobacteria	Gammaproteobacteria	Cellvibrionales	OTU_3006	OTU_3006	OTU_3006
OTU_3007	Bacteria	Bacteroidota	Bacteroidia	OTU_3007	OTU_3007	OTU_3007	OTU_3007
OTU_3008	Bacteria	Proteobacteria	Gammaproteobacteria	KI89A clade	OTU_3008	OTU_3008	OTU_3008
OTU_3009	Bacteria	Bacteroidota	Bacteroidia	Sphingobacteriales	Sphingobacteriaceae	Sphingobacterium	daejeonense
OTU_3010	Bacteria	Proteobacteria	Alphaproteobacteria	SAR11 clade	Clade III	OTU_3010	OTU_3010
OTU_3011	Bacteria	Bacteroidota	Bacteroidia	Flavobacteriales	Cryomorphaceae	OTU_3011	OTU_3011
OTU_3012	Bacteria	Proteobacteria	Gammaproteobacteria	Cellvibrionales	Halieaceae	Marimicrobium	OTU_3012
OTU_3013	Bacteria	Bacteroidota	Bacteroidia	Sphingobacteriales	NS11-12 marine group	OTU_3013	OTU_3013
OTU_3014	Bacteria	Bacteroidota	Bacteroidia	Flavobacteriales	Crocinitomicaceae	Lishizhenia	OTU_3014
OTU_3015	Bacteria	Proteobacteria	Gammaproteobacteria	Oceanospirillales	OTU_3015	OTU_3015	OTU_3015
OTU_3016	Bacteria	Bacteroidota	Bacteroidia	Flavobacteriales	Flavobacteriaceae	Leeuwenhoekiella	OTU_3016
OTU_3017	Bacteria	Bacteroidota	Bacteroidia	Flavobacteriales	Flavobacteriaceae	Aurantivirga	OTU_3017
OTU_3018	Bacteria	Bacteroidota	Bacteroidia	Flavobacteriales	Flavobacteriaceae	OTU_3018	OTU_3018
OTU_3019	Bacteria	Marinimicrobia (SAR406 clade)	OTU_3019	OTU_3019	OTU_3019	OTU_3019	OTU_3019
OTU_3020	Bacteria	Proteobacteria	Alphaproteobacteria	Rhodobacterales	Rhodobacteraceae	OTU_3020	OTU_3020
OTU_3021	Bacteria	Bacteroidota	Bacteroidia	Flavobacteriales	Flavobacteriaceae	Flavivirga	OTU_3021
OTU_3022	Bacteria	Firmicutes	Negativicutes	Veillonellales-Selenomonadales	Veillonellaceae	Megasphaera	micronuciformis
OTU_3023	Bacteria	Firmicutes	Bacilli	Staphylococcales	Staphylococcaceae	Aliicoccus	OTU_3023
OTU_3024	Bacteria	Cyanobacteria	Cyanobacteriia	Chloroplast	OTU_3024	OTU_3024	OTU_3024
OTU_3025	Bacteria	Proteobacteria	Gammaproteobacteria	Cellvibrionales	Halieaceae	Marimicrobium	OTU_3025
OTU_3026	Bacteria	Proteobacteria	Gammaproteobacteria	Nitrosococcales	Methylophagaceae	OTU_3026	OTU_3026
OTU_3027	Bacteria	Proteobacteria	Gammaproteobacteria	Thiomicrospirales	Thioglobaceae	IheB2-31	OTU_3027
OTU_3028	Bacteria	Proteobacteria	Gammaproteobacteria	Thiotrichales	Thiotrichaceae	Leucothrix	OTU_3028
OTU_3029	OTU_3029	OTU_3029	OTU_3029	OTU_3029	OTU_3029	OTU_3029	OTU_3029
OTU_3030	Bacteria	Bacteroidota	Bacteroidia	Flavobacteriales	NS7 marine group	OTU_3030	OTU_3030
OTU_3031	Bacteria	Proteobacteria	Alphaproteobacteria	SAR11 clade	OTU_3031	OTU_3031	OTU_3031
OTU_3032	Bacteria	Bacteroidota	Bacteroidia	Flavobacteriales	Cryomorphaceae	OTU_3032	OTU_3032
OTU_3033	Bacteria	Proteobacteria	Alphaproteobacteria	SAR11 clade	OTU_3033	OTU_3033	OTU_3033
OTU_3034	Bacteria	Bacteroidota	Bacteroidia	Flavobacteriales	OTU_3034	OTU_3034	OTU_3034
OTU_3035	Bacteria	Bacteroidota	Bacteroidia	Flavobacteriales	Flavobacteriaceae	Aquimarina	OTU_3035
OTU_3036	Bacteria	Proteobacteria	Alphaproteobacteria	Rhodobacterales	Rhodobacteraceae	OTU_3036	OTU_3036
OTU_3037	Bacteria	Bacteroidota	Bacteroidia	Flavobacteriales	Flavobacteriaceae	NS5 marine group	OTU_3037
OTU_3038	Bacteria	Proteobacteria	Gammaproteobacteria	OM182 clade	OTU_3038	OTU_3038	OTU_3038
OTU_3039	Bacteria	Proteobacteria	Gammaproteobacteria	Cellvibrionales	Halieaceae	Marimicrobium	OTU_3039
OTU_3040	Bacteria	Proteobacteria	Gammaproteobacteria	Nitrosococcales	Methylophagaceae	OTU_3040	OTU_3040
OTU_3041	Bacteria	Proteobacteria	Gammaproteobacteria	SAR86 clade	OTU_3041	OTU_3041	OTU_3041
OTU_3042	Bacteria	Proteobacteria	Alphaproteobacteria	SAR11 clade	Clade IV	OTU_3042	OTU_3042
OTU_3043	Bacteria	Proteobacteria	Gammaproteobacteria	Thiomicrospirales	Thioglobaceae	IheB2-31	OTU_3043
OTU_3044	Bacteria	Patescibacteria	Saccharimonadia	Saccharimonadales	Saccharimonadaceae	OTU_3044	OTU_3044
OTU_3045	Bacteria	Bacteroidota	Bacteroidia	Flavobacteriales	Flavobacteriaceae	OTU_3045	OTU_3045
OTU_3046	Bacteria	Proteobacteria	Gammaproteobacteria	Thiomicrospirales	Thioglobaceae	IheB2-31	OTU_3046
OTU_3047	Bacteria	Planctomycetota	Planctomycetes	Pirellulales	Pirellulaceae	Rhodopirellula	OTU_3047
OTU_3048	Bacteria	Proteobacteria	Gammaproteobacteria	OTU_3048	OTU_3048	OTU_3048	OTU_3048
OTU_3049	Bacteria	Proteobacteria	Gammaproteobacteria	Burkholderiales	Neisseriaceae	Kingella	OTU_3049
OTU_3050	Bacteria	Bacteroidota	Bacteroidia	Bacteroidetes VC2.1 Bac22	OTU_3050	OTU_3050	OTU_3050
OTU_3051	Bacteria	Proteobacteria	Gammaproteobacteria	OM182 clade	OTU_3051	OTU_3051	OTU_3051
OTU_3052	Bacteria	Bacteroidota	Bacteroidia	Flavobacteriales	Flavobacteriaceae	OTU_3052	OTU_3052
OTU_3053	Bacteria	Proteobacteria	Gammaproteobacteria	Nitrosococcales	Methylophagaceae	OTU_3053	OTU_3053
OTU_3054	Bacteria	Proteobacteria	Gammaproteobacteria	Oceanospirillales	Halomonadaceae	Cobetia	OTU_3054
OTU_3055	Bacteria	Firmicutes	Clostridia	Oscillospirales	Ruminococcaceae	Negativibacillus	OTU_3055
OTU_3056	Bacteria	Proteobacteria	Gammaproteobacteria	Vibrionales	Vibrionaceae	Catenococcus	OTU_3056
OTU_3057	Bacteria	Proteobacteria	Gammaproteobacteria	Nitrosococcales	Methylophagaceae	OTU_3057	OTU_3057
OTU_3058	Bacteria	Proteobacteria	Gammaproteobacteria	Vibrionales	Vibrionaceae	Candidatus Photodesmus	OTU_3058
OTU_3059	Bacteria	Bacteroidota	Bacteroidia	Cytophagales	Cyclobacteriaceae	Marinoscillum	OTU_3059
OTU_3060	Bacteria	Bacteroidota	Bacteroidia	Flavobacteriales	Flavobacteriaceae	Ichthyenterobacterium	OTU_3060
OTU_3061	Bacteria	Proteobacteria	Gammaproteobacteria	Francisellales	Francisellaceae	Allofrancisella	OTU_3061
OTU_3062	Bacteria	Bacteroidota	Bacteroidia	Flavobacteriales	Flavobacteriaceae	Aurantivirga	OTU_3062
OTU_3063	Bacteria	Proteobacteria	Gammaproteobacteria	Cellvibrionales	Porticoccaceae	SAR92 clade	OTU_3063
OTU_3064	Bacteria	Proteobacteria	Gammaproteobacteria	Thiotrichales	Thiotrichaceae	OTU_3064	OTU_3064
OTU_3065	Bacteria	Proteobacteria	Gammaproteobacteria	Alteromonadales	Colwelliaceae	Litorilituus	OTU_3065
OTU_3066	Bacteria	Proteobacteria	Gammaproteobacteria	SAR86 clade	OTU_3066	OTU_3066	OTU_3066
OTU_3067	Bacteria	Proteobacteria	Alphaproteobacteria	Rhodobacterales	Rhodobacteraceae	Sulfitobacter	OTU_3067
OTU_3068	Bacteria	Proteobacteria	Gammaproteobacteria	Cellvibrionales	Halieaceae	OTU_3068	OTU_3068
OTU_3069	Bacteria	Proteobacteria	Alphaproteobacteria	Rhodobacterales	Rhodobacteraceae	OTU_3069	OTU_3069
OTU_3070	Bacteria	Bacteroidota	Bacteroidia	Flavobacteriales	Flavobacteriaceae	OTU_3070	OTU_3070
OTU_3071	Bacteria	Proteobacteria	Alphaproteobacteria	Puniceispirillales	SAR116 clade	OTU_3071	OTU_3071
OTU_3072	Bacteria	Proteobacteria	Gammaproteobacteria	Cellvibrionales	OTU_3072	OTU_3072	OTU_3072
OTU_3073	Bacteria	Firmicutes	Bacilli	Staphylococcales	Staphylococcaceae	Jeotgalicoccus	OTU_3073
OTU_3074	Bacteria	Proteobacteria	Gammaproteobacteria	Cellvibrionales	Spongiibacteraceae	BD1-7 clade	OTU_3074
OTU_3075	Bacteria	Proteobacteria	Gammaproteobacteria	Oceanospirillales	Saccharospirillaceae	OTU_3075	OTU_3075
OTU_3076	Bacteria	Proteobacteria	Gammaproteobacteria	Cellvibrionales	OTU_3076	OTU_3076	OTU_3076
OTU_3077	Bacteria	Proteobacteria	Gammaproteobacteria	Alteromonadales	Colwelliaceae	OTU_3077	OTU_3077
OTU_3078	Bacteria	Proteobacteria	Gammaproteobacteria	Nitrosococcales	Methylophagaceae	OTU_3078	OTU_3078
OTU_3079	Bacteria	Proteobacteria	Gammaproteobacteria	Thiomicrospirales	Thioglobaceae	IheB2-31	OTU_3079
OTU_3080	Bacteria	Proteobacteria	Gammaproteobacteria	Thiomicrospirales	Thioglobaceae	IheB2-31	OTU_3080
OTU_3081	Bacteria	Bacteroidota	Bacteroidia	Flavobacteriales	Flavobacteriaceae	NS4 marine group	OTU_3081
OTU_3082	Bacteria	Verrucomicrobiota	Verrucomicrobiae	Verrucomicrobiales	Rubritaleaceae	OTU_3082	OTU_3082
OTU_3083	Bacteria	Proteobacteria	Gammaproteobacteria	B2M28	OTU_3083	OTU_3083	OTU_3083
OTU_3084	Bacteria	Proteobacteria	Alphaproteobacteria	Rhodobacterales	Rhodobacteraceae	OTU_3084	OTU_3084
OTU_3085	Bacteria	Proteobacteria	Gammaproteobacteria	Cellvibrionales	Halieaceae	OTU_3085	OTU_3085
OTU_3086	Bacteria	Proteobacteria	Gammaproteobacteria	Burkholderiales	Alcaligenaceae	Pigmentiphaga	OTU_3086
OTU_3087	Bacteria	Actinobacteriota	Actinobacteria	Micrococcales	Microbacteriaceae	OTU_3087	OTU_3087
OTU_3088	Bacteria	Bdellovibrionota	Bdellovibrionia	Bacteriovoracales	Bacteriovoracaceae	Peredibacter	OTU_3088
OTU_3089	Bacteria	Cyanobacteria	Cyanobacteriia	Chloroplast	OTU_3089	OTU_3089	OTU_3089
OTU_3090	Bacteria	Planctomycetota	Planctomycetes	Pirellulales	Pirellulaceae	Rhodopirellula	OTU_3090
OTU_3091	Bacteria	Planctomycetota	OM190	OTU_3091	OTU_3091	OTU_3091	OTU_3091
OTU_3092	Bacteria	Cyanobacteria	Cyanobacteriia	Chloroplast	OTU_3092	OTU_3092	OTU_3092
OTU_3093	Bacteria	Proteobacteria	Alphaproteobacteria	Rhodobacterales	Rhodobacteraceae	OTU_3093	OTU_3093
OTU_3094	Bacteria	Proteobacteria	Gammaproteobacteria	SAR86 clade	OTU_3094	OTU_3094	OTU_3094
OTU_3095	Bacteria	Proteobacteria	Gammaproteobacteria	Cellvibrionales	Halieaceae	OTU_3095	OTU_3095
OTU_3096	Bacteria	Proteobacteria	Alphaproteobacteria	SAR11 clade	Clade I	Clade Ia	OTU_3096
OTU_3097	Bacteria	Proteobacteria	Alphaproteobacteria	Rickettsiales	Mitochondria	OTU_3097	OTU_3097
OTU_3098	Bacteria	Bacteroidota	Bacteroidia	Flavobacteriales	Flavobacteriaceae	OTU_3098	OTU_3098
OTU_3099	Bacteria	Bacteroidota	Bacteroidia	Flavobacteriales	Flavobacteriaceae	Salinimicrobium	marinum
OTU_3100	Bacteria	Proteobacteria	Alphaproteobacteria	Kordiimonadales	OTU_3100	OTU_3100	OTU_3100
OTU_3101	Bacteria	Bacteroidota	Bacteroidia	Flavobacteriales	Crocinitomicaceae	Fluviicola	OTU_3101
OTU_3102	Bacteria	Proteobacteria	Gammaproteobacteria	Burkholderiales	Methylophilaceae	Methylotenera	OTU_3102
OTU_3103	Bacteria	Proteobacteria	Alphaproteobacteria	Rhodobacterales	Rhodobacteraceae	Pelagimonas	OTU_3103
OTU_3104	Bacteria	Proteobacteria	Gammaproteobacteria	Burkholderiales	Methylophilaceae	OM43 clade	OTU_3104
OTU_3105	Bacteria	Cyanobacteria	Cyanobacteriia	Chloroplast	OTU_3105	OTU_3105	OTU_3105
OTU_3106	Bacteria	Bacteroidota	Bacteroidia	Flavobacteriales	Flavobacteriaceae	OTU_3106	OTU_3106
OTU_3107	Bacteria	Proteobacteria	Gammaproteobacteria	Cellvibrionales	Porticoccaceae	SAR92 clade	OTU_3107
OTU_3108	Bacteria	Bacteroidota	Bacteroidia	Flavobacteriales	Cryomorphaceae	NS10 marine group	OTU_3108
OTU_3109	Bacteria	Verrucomicrobiota	Verrucomicrobiae	Verrucomicrobiales	Rubritaleaceae	Roseibacillus	OTU_3109
OTU_3110	Bacteria	Proteobacteria	Gammaproteobacteria	Alteromonadales	OTU_3110	OTU_3110	OTU_3110
OTU_3111	Bacteria	Proteobacteria	Alphaproteobacteria	Defluviicoccales	OTU_3111	OTU_3111	OTU_3111
OTU_3112	Bacteria	Cyanobacteria	Cyanobacteriia	Chloroplast	OTU_3112	OTU_3112	OTU_3112
OTU_3113	Bacteria	Bacteroidota	Bacteroidia	Flavobacteriales	Flavobacteriaceae	OTU_3113	OTU_3113
OTU_3114	Bacteria	Proteobacteria	Gammaproteobacteria	Alteromonadales	Alteromonadaceae	Pseudobowmanella	OTU_3114
OTU_3115	Bacteria	Bacteroidota	Bacteroidia	Flavobacteriales	Flavobacteriaceae	OTU_3115	OTU_3115
OTU_3116	Bacteria	Bacteroidota	Bacteroidia	Flavobacteriales	Cryomorphaceae	OTU_3116	OTU_3116
OTU_3117	Bacteria	Proteobacteria	Alphaproteobacteria	SAR11 clade	OTU_3117	OTU_3117	OTU_3117
OTU_3118	Bacteria	Bacteroidota	Bacteroidia	Flavobacteriales	NS9 marine group	OTU_3118	OTU_3118
OTU_3119	Bacteria	Bacteroidota	Bacteroidia	Flavobacteriales	Flavobacteriaceae	OTU_3119	OTU_3119
OTU_3120	Bacteria	Proteobacteria	Alphaproteobacteria	Caulobacterales	Hyphomonadaceae	Hyphomonas	OTU_3120
OTU_3121	Bacteria	Proteobacteria	Gammaproteobacteria	Oceanospirillales	Kangiellaceae	OTU_3121	OTU_3121
OTU_3122	Bacteria	Bacteroidota	Bacteroidia	Flavobacteriales	NS9 marine group	OTU_3122	OTU_3122
OTU_3123	Bacteria	Proteobacteria	Alphaproteobacteria	Rhodobacterales	Rhodobacteraceae	OTU_3123	OTU_3123
OTU_3124	Bacteria	OTU_3124	OTU_3124	OTU_3124	OTU_3124	OTU_3124	OTU_3124
OTU_3125	Bacteria	Proteobacteria	Gammaproteobacteria	OTU_3125	OTU_3125	OTU_3125	OTU_3125
OTU_3126	Bacteria	Proteobacteria	Alphaproteobacteria	Caulobacterales	Hyphomonadaceae	Hyphomonas	OTU_3126
OTU_3127	Bacteria	Proteobacteria	Gammaproteobacteria	Thiomicrospirales	Thioglobaceae	IheB2-31	OTU_3127
OTU_3128	Bacteria	Bacteroidota	Bacteroidia	Cytophagales	Hymenobacteraceae	Hymenobacter	OTU_3128
OTU_3129	Bacteria	Bacteroidota	Bacteroidia	Flavobacteriales	Flavobacteriaceae	Aurantivirga	OTU_3129
OTU_3130	Bacteria	Patescibacteria	Parcubacteria	Candidatus Lloydbacteria	OTU_3130	OTU_3130	OTU_3130
OTU_3131	Bacteria	Bacteroidota	Bacteroidia	Flavobacteriales	Flavobacteriaceae	Hanstruepera	OTU_3131
OTU_3132	Bacteria	Proteobacteria	Gammaproteobacteria	Cellvibrionales	Halieaceae	OM60(NOR5) clade	OTU_3132
OTU_3133	Bacteria	Proteobacteria	Gammaproteobacteria	Cellvibrionales	OTU_3133	OTU_3133	OTU_3133
OTU_3134	Bacteria	Proteobacteria	Gammaproteobacteria	Oceanospirillales	Nitrincolaceae	OTU_3134	OTU_3134
OTU_3135	Bacteria	Proteobacteria	Alphaproteobacteria	Rhodobacterales	Rhodobacteraceae	Pelagimonas	OTU_3135
OTU_3136	Bacteria	Cyanobacteria	Cyanobacteriia	Chloroplast	OTU_3136	OTU_3136	OTU_3136
OTU_3137	Bacteria	Proteobacteria	Gammaproteobacteria	Oceanospirillales	Saccharospirillaceae	Oleispira	OTU_3137
OTU_3138	Bacteria	Proteobacteria	Gammaproteobacteria	Thiomicrospirales	Thioglobaceae	OTU_3138	OTU_3138
OTU_3139	Bacteria	Proteobacteria	Alphaproteobacteria	Rhodobacterales	Rhodobacteraceae	OTU_3139	OTU_3139
OTU_3140	Bacteria	Proteobacteria	Alphaproteobacteria	SAR11 clade	OTU_3140	OTU_3140	OTU_3140
OTU_3141	Bacteria	Bacteroidota	Bacteroidia	Flavobacteriales	Flavobacteriaceae	NS5 marine group	OTU_3141
OTU_3142	Bacteria	Actinobacteriota	Actinobacteria	Micrococcales	Microbacteriaceae	SV1-3	OTU_3142
OTU_3143	Bacteria	Proteobacteria	Gammaproteobacteria	Thiomicrospirales	Thioglobaceae	OTU_3143	OTU_3143
OTU_3144	Bacteria	Bacteroidota	Bacteroidia	Cytophagales	Cyclobacteriaceae	Marinoscillum	OTU_3144
OTU_3145	Bacteria	Proteobacteria	Alphaproteobacteria	Rhodobacterales	Rhodobacteraceae	OTU_3145	OTU_3145
OTU_3146	Bacteria	Proteobacteria	Gammaproteobacteria	Cellvibrionales	Halieaceae	Marimicrobium	OTU_3146
OTU_3147	Bacteria	Bacteroidota	Bacteroidia	Flavobacteriales	Flavobacteriaceae	OTU_3147	OTU_3147
OTU_3148	Bacteria	Proteobacteria	Alphaproteobacteria	Rhodobacterales	Rhodobacteraceae	OTU_3148	OTU_3148
OTU_3149	Bacteria	Proteobacteria	Gammaproteobacteria	OTU_3149	OTU_3149	OTU_3149	OTU_3149
OTU_3150	Bacteria	Proteobacteria	Alphaproteobacteria	Rhodobacterales	Rhodobacteraceae	OTU_3150	OTU_3150
OTU_3151	Bacteria	Verrucomicrobiota	Verrucomicrobiae	Verrucomicrobiales	Rubritaleaceae	Roseibacillus	OTU_3151
OTU_3152	Bacteria	Bacteroidota	Bacteroidia	Flavobacteriales	Flavobacteriaceae	NS4 marine group	OTU_3152
OTU_3153	Bacteria	Bacteroidota	Bacteroidia	OTU_3153	OTU_3153	OTU_3153	OTU_3153
OTU_3154	Bacteria	Proteobacteria	Gammaproteobacteria	SAR86 clade	OTU_3154	OTU_3154	OTU_3154
OTU_3155	Bacteria	Proteobacteria	Gammaproteobacteria	Oceanospirillales	Nitrincolaceae	OTU_3155	OTU_3155
OTU_3156	Bacteria	Proteobacteria	Alphaproteobacteria	Rhodospirillales	Magnetospiraceae	OTU_3156	OTU_3156
OTU_3157	Bacteria	Proteobacteria	Gammaproteobacteria	Alteromonadales	Alteromonadaceae	OTU_3157	OTU_3157
OTU_3158	Bacteria	Proteobacteria	Gammaproteobacteria	Cellvibrionales	Halieaceae	OTU_3158	OTU_3158
OTU_3159	Bacteria	Bacteroidota	Bacteroidia	OTU_3159	OTU_3159	OTU_3159	OTU_3159
OTU_3160	Bacteria	Bacteroidota	Bacteroidia	Flavobacteriales	NS9 marine group	OTU_3160	OTU_3160
OTU_3161	Bacteria	Bacteroidota	Bacteroidia	Flavobacteriales	NS9 marine group	OTU_3161	OTU_3161
OTU_3162	Bacteria	OTU_3162	OTU_3162	OTU_3162	OTU_3162	OTU_3162	OTU_3162
OTU_3163	Bacteria	Bacteroidota	Bacteroidia	Flavobacteriales	Flavobacteriaceae	OTU_3163	OTU_3163
OTU_3164	Bacteria	Firmicutes	Clostridia	Oscillospirales	Ruminococcaceae	OTU_3164	OTU_3164
OTU_3165	Bacteria	Proteobacteria	Alphaproteobacteria	Rhodobacterales	Rhodobacteraceae	OTU_3165	OTU_3165
OTU_3166	Bacteria	OTU_3166	OTU_3166	OTU_3166	OTU_3166	OTU_3166	OTU_3166
OTU_3167	Bacteria	Proteobacteria	Gammaproteobacteria	OTU_3167	OTU_3167	OTU_3167	OTU_3167
OTU_3168	Bacteria	Bacteroidota	Bacteroidia	OTU_3168	OTU_3168	OTU_3168	OTU_3168
OTU_3169	Bacteria	Proteobacteria	Gammaproteobacteria	Oceanospirillales	Nitrincolaceae	OTU_3169	OTU_3169
OTU_3170	Bacteria	Proteobacteria	Gammaproteobacteria	Oceanospirillales	Saccharospirillaceae	OTU_3170	OTU_3170
OTU_3171	Bacteria	Proteobacteria	Gammaproteobacteria	Thiomicrospirales	Thioglobaceae	IheB2-31	OTU_3171
OTU_3172	Bacteria	Proteobacteria	Gammaproteobacteria	Oceanospirillales	Halomonadaceae	Halomonas	OTU_3172
OTU_3173	Bacteria	Proteobacteria	Gammaproteobacteria	Cellvibrionales	Spongiibacteraceae	BD1-7 clade	OTU_3173
OTU_3174	Bacteria	Proteobacteria	Alphaproteobacteria	Kordiimonadales	OTU_3174	OTU_3174	OTU_3174
OTU_3175	Bacteria	Proteobacteria	Gammaproteobacteria	OTU_3175	OTU_3175	OTU_3175	OTU_3175
OTU_3176	Bacteria	Bacteroidota	Bacteroidia	OTU_3176	OTU_3176	OTU_3176	OTU_3176
OTU_3177	Bacteria	Proteobacteria	Gammaproteobacteria	Thiomicrospirales	Thioglobaceae	IheB2-31	OTU_3177
OTU_3178	Bacteria	Bacteroidota	Bacteroidia	Flavobacteriales	Flavobacteriaceae	Polaribacter	OTU_3178
OTU_3179	Bacteria	Bacteroidota	Bacteroidia	Flavobacteriales	Flavobacteriaceae	OTU_3179	OTU_3179
OTU_3180	Bacteria	Proteobacteria	Alphaproteobacteria	Rickettsiales	Mitochondria	OTU_3180	OTU_3180
OTU_3181	Bacteria	Proteobacteria	Gammaproteobacteria	Cellvibrionales	Porticoccaceae	SAR92 clade	OTU_3181
OTU_3182	Bacteria	Proteobacteria	Gammaproteobacteria	Oceanospirillales	Saccharospirillaceae	Oceaniserpentilla	OTU_3182
OTU_3183	Bacteria	Proteobacteria	Gammaproteobacteria	SAR86 clade	OTU_3183	OTU_3183	OTU_3183
OTU_3184	Bacteria	Bacteroidota	Bacteroidia	Bacteroidales	Prevotellaceae	Prevotella	OTU_3184
OTU_3185	Bacteria	Proteobacteria	Gammaproteobacteria	SAR86 clade	OTU_3185	OTU_3185	OTU_3185
OTU_3186	Bacteria	Bacteroidota	Bacteroidia	Flavobacteriales	Flavobacteriaceae	OTU_3186	OTU_3186
OTU_3187	Bacteria	Proteobacteria	Alphaproteobacteria	Rhodobacterales	Rhodobacteraceae	OTU_3187	OTU_3187
OTU_3188	Bacteria	Proteobacteria	Gammaproteobacteria	OTU_3188	OTU_3188	OTU_3188	OTU_3188
OTU_3189	Bacteria	Bacteroidota	Bacteroidia	Sphingobacteriales	NS11-12 marine group	OTU_3189	OTU_3189
OTU_3190	Bacteria	Proteobacteria	Alphaproteobacteria	OTU_3190	OTU_3190	OTU_3190	OTU_3190
OTU_3191	Bacteria	Bacteroidota	Bacteroidia	Flavobacteriales	Flavobacteriaceae	Aurantivirga	OTU_3191
OTU_3192	Bacteria	Bacteroidota	Bacteroidia	Flavobacteriales	Flavobacteriaceae	Hanstruepera	OTU_3192
OTU_3193	Bacteria	Proteobacteria	Alphaproteobacteria	Rhodobacterales	Rhodobacteraceae	OTU_3193	OTU_3193
OTU_3194	Bacteria	Bdellovibrionota	Oligoflexia	053A03-B-DI-P58	OTU_3194	OTU_3194	OTU_3194
OTU_3195	Bacteria	Proteobacteria	Gammaproteobacteria	Alteromonadales	Pseudoalteromonadaceae	Pseudoalteromonas	OTU_3195
OTU_3196	Bacteria	Proteobacteria	Gammaproteobacteria	Cellvibrionales	Halieaceae	Marimicrobium	OTU_3196
OTU_3197	Bacteria	Proteobacteria	Alphaproteobacteria	OTU_3197	OTU_3197	OTU_3197	OTU_3197
OTU_3198	Bacteria	Proteobacteria	Gammaproteobacteria	Thiomicrospirales	Thioglobaceae	OTU_3198	OTU_3198
OTU_3199	Bacteria	Bacteroidota	Bacteroidia	Flavobacteriales	Cryomorphaceae	OTU_3199	OTU_3199
OTU_3200	Bacteria	Proteobacteria	Gammaproteobacteria	Burkholderiales	OTU_3200	OTU_3200	OTU_3200
OTU_3201	Bacteria	Verrucomicrobiota	Verrucomicrobiae	Opitutales	Puniceicoccaceae	Lentimonas	OTU_3201
OTU_3202	Bacteria	Proteobacteria	Gammaproteobacteria	Oceanospirillales	Pseudohongiellaceae	Pseudohongiella	OTU_3202
OTU_3203	Bacteria	Cyanobacteria	Cyanobacteriia	Chloroplast	OTU_3203	OTU_3203	OTU_3203
OTU_3204	Bacteria	Cyanobacteria	Cyanobacteriia	Chloroplast	OTU_3204	OTU_3204	OTU_3204
OTU_3205	Bacteria	Bacteroidota	Bacteroidia	Flavobacteriales	Flavobacteriaceae	Ulvibacter	OTU_3205
OTU_3206	Bacteria	Firmicutes	Bacilli	Lactobacillales	Lactobacillaceae	Lactobacillus	OTU_3206
OTU_3207	Bacteria	Proteobacteria	Gammaproteobacteria	OTU_3207	OTU_3207	OTU_3207	OTU_3207
OTU_3208	Bacteria	Proteobacteria	Alphaproteobacteria	OTU_3208	OTU_3208	OTU_3208	OTU_3208
OTU_3209	Bacteria	Proteobacteria	Alphaproteobacteria	Sphingomonadales	Sphingomonadaceae	OTU_3209	OTU_3209
OTU_3210	Bacteria	Proteobacteria	Gammaproteobacteria	Cellvibrionales	Spongiibacteraceae	Sinobacterium	OTU_3210
OTU_3211	Bacteria	Bacteroidota	Bacteroidia	Flavobacteriales	Flavobacteriaceae	OTU_3211	OTU_3211
OTU_3212	Bacteria	Bacteroidota	Bacteroidia	Flavobacteriales	Cryomorphaceae	OTU_3212	OTU_3212
OTU_3213	Bacteria	Bacteroidota	Bacteroidia	Flavobacteriales	Flavobacteriaceae	OTU_3213	OTU_3213
OTU_3214	Bacteria	Bacteroidota	Bacteroidia	Flavobacteriales	Flavobacteriaceae	OTU_3214	OTU_3214
OTU_3215	Bacteria	Bacteroidota	Bacteroidia	Flavobacteriales	Flavobacteriaceae	OTU_3215	OTU_3215
OTU_3216	Bacteria	Proteobacteria	Gammaproteobacteria	OTU_3216	OTU_3216	OTU_3216	OTU_3216
OTU_3217	Bacteria	Bacteroidota	Bacteroidia	Flavobacteriales	Cryomorphaceae	OTU_3217	OTU_3217
OTU_3218	Bacteria	Proteobacteria	Gammaproteobacteria	OTU_3218	OTU_3218	OTU_3218	OTU_3218
OTU_3219	Bacteria	Bacteroidota	Bacteroidia	Flavobacteriales	Flavobacteriaceae	NS5 marine group	OTU_3219
OTU_3220	Bacteria	Proteobacteria	Alphaproteobacteria	Rhodospirillales	Magnetospiraceae	Magnetospira	OTU_3220
OTU_3221	Bacteria	Cyanobacteria	Cyanobacteriia	Synechococcales	Cyanobiaceae	OTU_3221	OTU_3221
OTU_3222	Bacteria	Verrucomicrobiota	Verrucomicrobiae	Verrucomicrobiales	Rubritaleaceae	Roseibacillus	OTU_3222
OTU_3223	Bacteria	Verrucomicrobiota	Verrucomicrobiae	Verrucomicrobiales	Rubritaleaceae	Roseibacillus	OTU_3223
OTU_3224	Bacteria	Proteobacteria	Gammaproteobacteria	Arenicellales	Arenicellaceae	HTCC5015	OTU_3224
OTU_3225	Bacteria	Proteobacteria	Alphaproteobacteria	Rhodobacterales	Rhodobacteraceae	OTU_3225	OTU_3225
OTU_3226	Bacteria	Bacteroidota	Bacteroidia	Flavobacteriales	Flavobacteriaceae	Flavobacterium	OTU_3226
OTU_3227	Bacteria	Proteobacteria	Gammaproteobacteria	OTU_3227	OTU_3227	OTU_3227	OTU_3227
OTU_3228	Bacteria	Bacteroidota	Bacteroidia	Flavobacteriales	Flavobacteriaceae	OTU_3228	OTU_3228
OTU_3229	Bacteria	Proteobacteria	Gammaproteobacteria	Thiomicrospirales	Thioglobaceae	IheB2-31	OTU_3229
OTU_3230	Bacteria	Proteobacteria	Alphaproteobacteria	Puniceispirillales	OTU_3230	OTU_3230	OTU_3230
OTU_3231	Bacteria	Proteobacteria	Gammaproteobacteria	Thiomicrospirales	Thioglobaceae	IheB2-31	OTU_3231
OTU_3232	Bacteria	Proteobacteria	Alphaproteobacteria	Rhodospirillales	AEGEAN-169 marine group	OTU_3232	OTU_3232
OTU_3233	Bacteria	Proteobacteria	Gammaproteobacteria	Nitrosococcales	Methylophagaceae	OTU_3233	OTU_3233
OTU_3234	Bacteria	Proteobacteria	Gammaproteobacteria	SAR86 clade	OTU_3234	OTU_3234	OTU_3234
OTU_3235	Bacteria	Proteobacteria	Gammaproteobacteria	Pseudomonadales	Moraxellaceae	Alkanindiges	OTU_3235
OTU_3236	Bacteria	Bacteroidota	Bacteroidia	Flavobacteriales	Flavobacteriaceae	Aurantivirga	OTU_3236
OTU_3237	Bacteria	Chloroflexi	JG30-KF-CM66	OTU_3237	OTU_3237	OTU_3237	OTU_3237
OTU_3238	Bacteria	Bacteroidota	Bacteroidia	Flavobacteriales	Cryomorphaceae	NS10 marine group	OTU_3238
OTU_3239	Bacteria	Proteobacteria	Gammaproteobacteria	OM182 clade	OTU_3239	OTU_3239	OTU_3239
OTU_3240	Bacteria	Bacteroidota	Bacteroidia	Flavobacteriales	Cryomorphaceae	OTU_3240	OTU_3240
OTU_3241	Bacteria	Proteobacteria	Alphaproteobacteria	Kordiimonadales	OTU_3241	OTU_3241	OTU_3241
OTU_3242	Bacteria	Proteobacteria	OTU_3242	OTU_3242	OTU_3242	OTU_3242	OTU_3242
OTU_3243	Bacteria	Proteobacteria	Alphaproteobacteria	SAR11 clade	Clade I	OTU_3243	OTU_3243
OTU_3244	Bacteria	Proteobacteria	Alphaproteobacteria	Puniceispirillales	SAR116 clade	OTU_3244	OTU_3244
OTU_3245	Bacteria	OTU_3245	OTU_3245	OTU_3245	OTU_3245	OTU_3245	OTU_3245
OTU_3246	Bacteria	Proteobacteria	Gammaproteobacteria	Alteromonadales	Alteromonadaceae	Salinimonas	OTU_3246
OTU_3247	Bacteria	Proteobacteria	Gammaproteobacteria	SAR86 clade	OTU_3247	OTU_3247	OTU_3247
OTU_3248	Bacteria	Bacteroidota	Bacteroidia	Flavobacteriales	OTU_3248	OTU_3248	OTU_3248
OTU_3249	Bacteria	Proteobacteria	Alphaproteobacteria	Rhodobacterales	Rhodobacteraceae	OTU_3249	OTU_3249
OTU_3250	Bacteria	Proteobacteria	Gammaproteobacteria	Burkholderiales	Methylophilaceae	OM43 clade	OTU_3250
OTU_3251	Bacteria	Proteobacteria	Alphaproteobacteria	Puniceispirillales	SAR116 clade	OTU_3251	OTU_3251
OTU_3252	Bacteria	Proteobacteria	Gammaproteobacteria	Cellvibrionales	Porticoccaceae	SAR92 clade	OTU_3252
OTU_3253	Bacteria	Proteobacteria	Gammaproteobacteria	OTU_3253	OTU_3253	OTU_3253	OTU_3253
OTU_3254	Bacteria	Proteobacteria	Gammaproteobacteria	Thiomicrospirales	Thioglobaceae	IheB2-31	OTU_3254
OTU_3255	Bacteria	Bacteroidota	Bacteroidia	Flavobacteriales	Flavobacteriaceae	OTU_3255	OTU_3255
OTU_3256	Bacteria	Proteobacteria	Alphaproteobacteria	Rhodobacterales	Rhodobacteraceae	Oceanibulbus	OTU_3256
OTU_3257	Bacteria	Bacteroidota	Bacteroidia	Flavobacteriales	OTU_3257	OTU_3257	OTU_3257
OTU_3258	Bacteria	Bacteroidota	Bacteroidia	Flavobacteriales	Flavobacteriaceae	OTU_3258	OTU_3258
OTU_3259	Bacteria	Desulfobacterota	Desulfuromonadia	PB19	OTU_3259	OTU_3259	OTU_3259
OTU_3260	Bacteria	Proteobacteria	Alphaproteobacteria	Rhizobiales	Xanthobacteraceae	Bradyrhizobium	OTU_3260
OTU_3261	Bacteria	Bacteroidota	Bacteroidia	Flavobacteriales	NS9 marine group	OTU_3261	OTU_3261
OTU_3262	Bacteria	Bacteroidota	Bacteroidia	Flavobacteriales	Cryomorphaceae	OTU_3262	OTU_3262
OTU_3263	Bacteria	OTU_3263	OTU_3263	OTU_3263	OTU_3263	OTU_3263	OTU_3263
OTU_3264	Bacteria	Actinobacteriota	Acidimicrobiia	Microtrichales	Ilumatobacteraceae	Ilumatobacter	OTU_3264
OTU_3265	Bacteria	Actinobacteriota	Actinobacteria	Corynebacteriales	Mycobacteriaceae	Mycobacterium	OTU_3265
OTU_3266	Bacteria	Proteobacteria	Gammaproteobacteria	Oceanospirillales	Saccharospirillaceae	OTU_3266	OTU_3266
OTU_3267	Bacteria	Proteobacteria	Gammaproteobacteria	Oceanospirillales	Nitrincolaceae	OTU_3267	OTU_3267
OTU_3268	Bacteria	Actinobacteriota	Actinobacteria	Corynebacteriales	Corynebacteriaceae	OTU_3268	OTU_3268
OTU_3269	Bacteria	Bacteroidota	Bacteroidia	Flavobacteriales	NS9 marine group	OTU_3269	OTU_3269
OTU_3270	Bacteria	Proteobacteria	Gammaproteobacteria	Thiomicrospirales	Thioglobaceae	Candidatus Thioglobus	OTU_3270
OTU_3271	Bacteria	Proteobacteria	Gammaproteobacteria	Burkholderiales	Comamonadaceae	OTU_3271	OTU_3271
OTU_3272	Bacteria	Chloroflexi	Dehalococcoidia	SAR202 clade	OTU_3272	OTU_3272	OTU_3272
OTU_3273	Bacteria	Proteobacteria	Alphaproteobacteria	SAR11 clade	OTU_3273	OTU_3273	OTU_3273
OTU_3274	Bacteria	Planctomycetota	Planctomycetes	Planctomycetales	Gimesiaceae	OTU_3274	OTU_3274
OTU_3275	Bacteria	Bacteroidota	Bacteroidia	Flavobacteriales	Flavobacteriaceae	Aureisphaera	OTU_3275
OTU_3276	Bacteria	Cyanobacteria	Cyanobacteriia	Chloroplast	OTU_3276	OTU_3276	OTU_3276
OTU_3277	Bacteria	Proteobacteria	Gammaproteobacteria	Cellvibrionales	Cellvibrionaceae	Candidatus Endobugula	OTU_3277
OTU_3278	Bacteria	Proteobacteria	Gammaproteobacteria	Burkholderiales	Methylophilaceae	OM43 clade	OTU_3278
OTU_3279	Bacteria	Proteobacteria	Gammaproteobacteria	Alteromonadales	Shewanellaceae	Shewanella	OTU_3279
OTU_3280	Bacteria	Proteobacteria	Gammaproteobacteria	OTU_3280	OTU_3280	OTU_3280	OTU_3280
OTU_3281	Bacteria	Proteobacteria	Alphaproteobacteria	Defluviicoccales	OTU_3281	OTU_3281	OTU_3281
OTU_3282	Bacteria	Cyanobacteria	Cyanobacteriia	Chloroplast	OTU_3282	OTU_3282	OTU_3282
OTU_3283	Bacteria	Verrucomicrobiota	Verrucomicrobiae	Verrucomicrobiales	Rubritaleaceae	Roseibacillus	OTU_3283
OTU_3284	Bacteria	Proteobacteria	Alphaproteobacteria	SAR11 clade	OTU_3284	OTU_3284	OTU_3284
OTU_3285	Bacteria	Proteobacteria	Gammaproteobacteria	Oceanospirillales	Kangiellaceae	OTU_3285	OTU_3285
OTU_3286	OTU_3286	OTU_3286	OTU_3286	OTU_3286	OTU_3286	OTU_3286	OTU_3286
OTU_3287	Bacteria	OTU_3287	OTU_3287	OTU_3287	OTU_3287	OTU_3287	OTU_3287
OTU_3288	Bacteria	Proteobacteria	Gammaproteobacteria	Oceanospirillales	Nitrincolaceae	OTU_3288	OTU_3288
OTU_3289	Bacteria	Proteobacteria	Gammaproteobacteria	Cellvibrionales	Halieaceae	Marimicrobium	OTU_3289
OTU_3290	Bacteria	Proteobacteria	Gammaproteobacteria	Alteromonadales	Alteromonadaceae	OTU_3290	OTU_3290
OTU_3291	Bacteria	Proteobacteria	Gammaproteobacteria	Alteromonadales	Colwelliaceae	Litorilituus	OTU_3291
OTU_3292	Bacteria	Proteobacteria	Alphaproteobacteria	Kordiimonadales	OTU_3292	OTU_3292	OTU_3292
OTU_3293	Bacteria	Bacteroidota	Bacteroidia	Flavobacteriales	NS9 marine group	OTU_3293	OTU_3293
OTU_3294	Bacteria	Firmicutes	Clostridia	Clostridia UCG-014	OTU_3294	OTU_3294	OTU_3294
OTU_3295	Bacteria	Bacteroidota	Bacteroidia	Flavobacteriales	Flavobacteriaceae	OTU_3295	OTU_3295
OTU_3296	Bacteria	Bacteroidota	Bacteroidia	Flavobacteriales	Flavobacteriaceae	OTU_3296	OTU_3296
OTU_3297	Bacteria	OTU_3297	OTU_3297	OTU_3297	OTU_3297	OTU_3297	OTU_3297
OTU_3298	Bacteria	Bacteroidota	Bacteroidia	Flavobacteriales	Flavobacteriaceae	OTU_3298	OTU_3298
OTU_3299	Bacteria	OTU_3299	OTU_3299	OTU_3299	OTU_3299	OTU_3299	OTU_3299
OTU_3300	Bacteria	Chloroflexi	Dehalococcoidia	SAR202 clade	OTU_3300	OTU_3300	OTU_3300
OTU_3301	Bacteria	Proteobacteria	Gammaproteobacteria	Cellvibrionales	Halieaceae	Marimicrobium	OTU_3301
OTU_3302	Bacteria	Proteobacteria	Gammaproteobacteria	Cellvibrionales	Halieaceae	Marimicrobium	OTU_3302
OTU_3303	Bacteria	Proteobacteria	Alphaproteobacteria	Rhodobacterales	Rhodobacteraceae	OTU_3303	OTU_3303
OTU_3304	Bacteria	Proteobacteria	Alphaproteobacteria	SAR11 clade	Clade I	OTU_3304	OTU_3304
OTU_3305	Bacteria	Proteobacteria	Gammaproteobacteria	Alteromonadales	Pseudoalteromonadaceae	Pseudoalteromonas	OTU_3305
OTU_3306	Bacteria	Proteobacteria	Alphaproteobacteria	SAR11 clade	OTU_3306	OTU_3306	OTU_3306
OTU_3307	Bacteria	Proteobacteria	Alphaproteobacteria	Parvibaculales	OCS116 clade	OTU_3307	OTU_3307
OTU_3308	Bacteria	Proteobacteria	Gammaproteobacteria	Alteromonadales	Pseudoalteromonadaceae	Pseudoalteromonas	OTU_3308
OTU_3309	Bacteria	Proteobacteria	Alphaproteobacteria	SAR11 clade	Clade I	OTU_3309	OTU_3309
OTU_3310	Bacteria	Proteobacteria	Gammaproteobacteria	Thiomicrospirales	Thioglobaceae	IheB2-31	OTU_3310
OTU_3311	Bacteria	Proteobacteria	Gammaproteobacteria	Cellvibrionales	Spongiibacteraceae	BD1-7 clade	OTU_3311
OTU_3312	Bacteria	Patescibacteria	Saccharimonadia	Saccharimonadales	Saccharimonadaceae	OTU_3312	OTU_3312
OTU_3313	Bacteria	Bacteroidota	Bacteroidia	Flavobacteriales	Flavobacteriaceae	OTU_3313	OTU_3313
OTU_3314	Bacteria	Proteobacteria	Gammaproteobacteria	Thiomicrospirales	Thioglobaceae	IheB2-31	OTU_3314
OTU_3315	Bacteria	Proteobacteria	Alphaproteobacteria	Rhodobacterales	Rhodobacteraceae	OTU_3315	OTU_3315
OTU_3316	Bacteria	Bacteroidota	Bacteroidia	OTU_3316	OTU_3316	OTU_3316	OTU_3316
OTU_3317	Bacteria	Proteobacteria	Gammaproteobacteria	Alteromonadales	Pseudoalteromonadaceae	Pseudoalteromonas	OTU_3317
OTU_3318	Bacteria	Proteobacteria	Alphaproteobacteria	Rhodospirillales	AEGEAN-169 marine group	OTU_3318	OTU_3318
OTU_3319	Bacteria	Proteobacteria	Gammaproteobacteria	Oceanospirillales	Saccharospirillaceae	Oleispira	OTU_3319
OTU_3320	Bacteria	Proteobacteria	Gammaproteobacteria	OM182 clade	OTU_3320	OTU_3320	OTU_3320
OTU_3321	Bacteria	Proteobacteria	Gammaproteobacteria	Nitrosococcales	Methylophagaceae	OTU_3321	OTU_3321
OTU_3322	Bacteria	Proteobacteria	Gammaproteobacteria	Coxiellales	Coxiellaceae	Coxiella	OTU_3322
OTU_3323	Bacteria	Bacteroidota	Bacteroidia	Flavobacteriales	Flavobacteriaceae	OTU_3323	OTU_3323
OTU_3324	Bacteria	Bacteroidota	Bacteroidia	Flavobacteriales	Cryomorphaceae	OTU_3324	OTU_3324
OTU_3325	Bacteria	Proteobacteria	Alphaproteobacteria	SAR11 clade	OTU_3325	OTU_3325	OTU_3325
OTU_3326	Bacteria	Proteobacteria	Gammaproteobacteria	Legionellales	Legionellaceae	OTU_3326	OTU_3326
OTU_3327	Bacteria	Proteobacteria	Alphaproteobacteria	Rhodobacterales	Rhodobacteraceae	OTU_3327	OTU_3327
OTU_3328	Bacteria	Proteobacteria	Gammaproteobacteria	OTU_3328	OTU_3328	OTU_3328	OTU_3328
OTU_3329	Bacteria	Proteobacteria	Alphaproteobacteria	Rhodobacterales	Rhodobacteraceae	Cognatiyoonia	OTU_3329
OTU_3330	Bacteria	Proteobacteria	Alphaproteobacteria	SAR11 clade	OTU_3330	OTU_3330	OTU_3330
OTU_3331	Bacteria	Verrucomicrobiota	Verrucomicrobiae	Opitutales	Opitutaceae	Diplosphaera	OTU_3331
OTU_3332	Bacteria	Bacteroidota	Bacteroidia	Flavobacteriales	Flavobacteriaceae	NS4 marine group	OTU_3332
OTU_3333	Bacteria	Actinobacteriota	Actinobacteria	Propionibacteriales	Nocardioidaceae	Nocardioides	OTU_3333
OTU_3334	Bacteria	Bacteroidota	Bacteroidia	Flavobacteriales	Flavobacteriaceae	OTU_3334	OTU_3334
OTU_3335	OTU_3335	OTU_3335	OTU_3335	OTU_3335	OTU_3335	OTU_3335	OTU_3335
OTU_3336	Bacteria	Proteobacteria	Alphaproteobacteria	Rhodospirillales	Magnetospiraceae	Magnetospira	OTU_3336
OTU_3337	Bacteria	Proteobacteria	Alphaproteobacteria	Rhodobacterales	Rhodobacteraceae	OTU_3337	OTU_3337
OTU_3338	Bacteria	Bacteroidota	Bacteroidia	Flavobacteriales	Flavobacteriaceae	Flavobacterium	OTU_3338
OTU_3339	Bacteria	Verrucomicrobiota	Lentisphaeria	Lentisphaerales	Lentisphaeraceae	Lentisphaera	OTU_3339
OTU_3340	Bacteria	Proteobacteria	Alphaproteobacteria	Rickettsiales	Mitochondria	OTU_3340	OTU_3340
OTU_3341	Bacteria	Proteobacteria	Gammaproteobacteria	SAR86 clade	OTU_3341	OTU_3341	OTU_3341
OTU_3342	Bacteria	Proteobacteria	Gammaproteobacteria	SAR86 clade	OTU_3342	OTU_3342	OTU_3342
OTU_3343	Bacteria	Proteobacteria	Gammaproteobacteria	Cellvibrionales	Halieaceae	Marimicrobium	OTU_3343
OTU_3344	Bacteria	Bacteroidota	Bacteroidia	Flavobacteriales	NS9 marine group	OTU_3344	OTU_3344
OTU_3345	Bacteria	Proteobacteria	Gammaproteobacteria	Cellvibrionales	Halieaceae	OTU_3345	OTU_3345
OTU_3346	Bacteria	Proteobacteria	Gammaproteobacteria	Alteromonadales	Alteromonadaceae	Alteromonas	OTU_3346
OTU_3347	Bacteria	Proteobacteria	Gammaproteobacteria	Burkholderiales	Comamonadaceae	OTU_3347	OTU_3347
OTU_3348	Bacteria	Cyanobacteria	Cyanobacteriia	OTU_3348	OTU_3348	OTU_3348	OTU_3348
OTU_3349	Bacteria	Bdellovibrionota	Bdellovibrionia	Bacteriovoracales	Bacteriovoracaceae	Halobacteriovorax	OTU_3349
OTU_3350	Bacteria	Proteobacteria	Gammaproteobacteria	OTU_3350	OTU_3350	OTU_3350	OTU_3350
OTU_3351	Bacteria	Proteobacteria	Alphaproteobacteria	Rhodobacterales	Rhodobacteraceae	OTU_3351	OTU_3351
OTU_3352	Bacteria	Proteobacteria	Alphaproteobacteria	Rhodobacterales	Rhodobacteraceae	OTU_3352	OTU_3352
OTU_3353	Bacteria	Proteobacteria	Alphaproteobacteria	Rhodobacterales	Rhodobacteraceae	OTU_3353	OTU_3353
OTU_3354	Bacteria	Bacteroidota	Bacteroidia	OTU_3354	OTU_3354	OTU_3354	OTU_3354
OTU_3355	Bacteria	Proteobacteria	Alphaproteobacteria	Rhodobacterales	Rhodobacteraceae	OTU_3355	OTU_3355
OTU_3356	Bacteria	Bacteroidota	Bacteroidia	Flavobacteriales	Flavobacteriaceae	OTU_3356	OTU_3356
OTU_3357	Bacteria	Proteobacteria	Gammaproteobacteria	Oceanospirillales	Nitrincolaceae	OTU_3357	OTU_3357
OTU_3358	Bacteria	Proteobacteria	Gammaproteobacteria	Nitrosococcales	Methylophagaceae	OTU_3358	OTU_3358
OTU_3359	Bacteria	Proteobacteria	Gammaproteobacteria	Oceanospirillales	Kangiellaceae	OTU_3359	OTU_3359
OTU_3360	Bacteria	Proteobacteria	Gammaproteobacteria	Alteromonadales	Moritellaceae	Moritella	OTU_3360
OTU_3361	Bacteria	Proteobacteria	Gammaproteobacteria	Nitrosococcales	Methylophagaceae	Methylophaga	OTU_3361
OTU_3362	Bacteria	Bacteroidota	Bacteroidia	Flavobacteriales	Crocinitomicaceae	Salinirepens	OTU_3362
OTU_3363	Bacteria	Proteobacteria	Alphaproteobacteria	Rhodobacterales	Rhodobacteraceae	Litorisediminivivens	OTU_3363
OTU_3364	Bacteria	OTU_3364	OTU_3364	OTU_3364	OTU_3364	OTU_3364	OTU_3364
OTU_3365	Bacteria	Proteobacteria	Gammaproteobacteria	Enterobacterales	Enterobacteriaceae	Enterobacter	OTU_3365
OTU_3366	Bacteria	Actinobacteriota	Thermoleophilia	Solirubrobacterales	Solirubrobacteraceae	Patulibacter	OTU_3366
OTU_3367	Bacteria	Cyanobacteria	Cyanobacteriia	Chloroplast	OTU_3367	OTU_3367	OTU_3367
OTU_3368	Bacteria	Proteobacteria	OTU_3368	OTU_3368	OTU_3368	OTU_3368	OTU_3368
OTU_3369	Bacteria	Bacteroidota	Bacteroidia	Chitinophagales	OTU_3369	OTU_3369	OTU_3369
OTU_3370	Bacteria	Proteobacteria	Alphaproteobacteria	Rhodobacterales	Rhodobacteraceae	Aquimixticola	OTU_3370
OTU_3371	Bacteria	NB1-j	OTU_3371	OTU_3371	OTU_3371	OTU_3371	OTU_3371
OTU_3372	Bacteria	Bacteroidota	Bacteroidia	Flavobacteriales	Cryomorphaceae	OTU_3372	OTU_3372
OTU_3373	Bacteria	Proteobacteria	Gammaproteobacteria	Pseudomonadales	Moraxellaceae	OTU_3373	OTU_3373
OTU_3374	Bacteria	Proteobacteria	Gammaproteobacteria	OTU_3374	OTU_3374	OTU_3374	OTU_3374
OTU_3375	Bacteria	Firmicutes	Bacilli	Staphylococcales	Staphylococcaceae	Auricoccus-Abyssicoccus	OTU_3375
OTU_3376	Bacteria	Actinobacteriota	Acidimicrobiia	Microtrichales	Microtrichaceae	OTU_3376	OTU_3376
OTU_3377	Bacteria	Proteobacteria	Gammaproteobacteria	OTU_3377	OTU_3377	OTU_3377	OTU_3377
OTU_3378	Bacteria	Bacteroidota	Bacteroidia	Flavobacteriales	Crocinitomicaceae	OTU_3378	OTU_3378
OTU_3379	Bacteria	Proteobacteria	Alphaproteobacteria	SAR11 clade	OTU_3379	OTU_3379	OTU_3379
OTU_3380	Bacteria	Proteobacteria	Gammaproteobacteria	Burkholderiales	OTU_3380	OTU_3380	OTU_3380
OTU_3381	Bacteria	Proteobacteria	Gammaproteobacteria	Enterobacterales	Erwiniaceae	Pantoea	OTU_3381
OTU_3382	Bacteria	Bacteroidota	Bacteroidia	Flavobacteriales	Flavobacteriaceae	Aurantivirga	OTU_3382
OTU_3383	Bacteria	Firmicutes	Bacilli	Bacillales	Planococcaceae	OTU_3383	OTU_3383
OTU_3384	Bacteria	Bacteroidota	Bacteroidia	Flavobacteriales	Flavobacteriaceae	Polaribacter	OTU_3384
OTU_3385	Bacteria	Proteobacteria	Gammaproteobacteria	OTU_3385	OTU_3385	OTU_3385	OTU_3385
OTU_3386	Bacteria	Bacteroidota	Bacteroidia	Flavobacteriales	Flavobacteriaceae	Flavobacterium	maris
OTU_3387	Bacteria	Bacteroidota	Bacteroidia	Flavobacteriales	Cryomorphaceae	NS10 marine group	OTU_3387
OTU_3388	Bacteria	Proteobacteria	Gammaproteobacteria	Alteromonadales	Colwelliaceae	OTU_3388	OTU_3388
OTU_3389	Bacteria	Proteobacteria	Gammaproteobacteria	OTU_3389	OTU_3389	OTU_3389	OTU_3389
OTU_3390	Bacteria	Proteobacteria	Gammaproteobacteria	Cellvibrionales	Halieaceae	Marimicrobium	OTU_3390
OTU_3391	Bacteria	Proteobacteria	Gammaproteobacteria	Oceanospirillales	Saccharospirillaceae	OTU_3391	OTU_3391
OTU_3392	Bacteria	Proteobacteria	Gammaproteobacteria	Alteromonadales	Psychromonadaceae	OTU_3392	OTU_3392
OTU_3393	Bacteria	Proteobacteria	Alphaproteobacteria	SAR11 clade	OTU_3393	OTU_3393	OTU_3393
OTU_3394	Bacteria	Proteobacteria	Alphaproteobacteria	Rhodobacterales	Rhodobacteraceae	Lentibacter	OTU_3394
OTU_3395	Bacteria	Proteobacteria	Alphaproteobacteria	SAR11 clade	Clade IV	OTU_3395	OTU_3395
OTU_3396	Bacteria	Cyanobacteria	Cyanobacteriia	OTU_3396	OTU_3396	OTU_3396	OTU_3396
OTU_3397	Bacteria	OTU_3397	OTU_3397	OTU_3397	OTU_3397	OTU_3397	OTU_3397
OTU_3398	Bacteria	Proteobacteria	Gammaproteobacteria	Oceanospirillales	Saccharospirillaceae	Oleispira	OTU_3398
OTU_3399	Bacteria	Proteobacteria	Gammaproteobacteria	Cellvibrionales	Spongiibacteraceae	Sinobacterium	OTU_3399
OTU_3400	Bacteria	Firmicutes	Bacilli	Bacillales	Marinococcaceae	Marinococcus	OTU_3400
OTU_3401	Bacteria	Proteobacteria	Gammaproteobacteria	OTU_3401	OTU_3401	OTU_3401	OTU_3401
OTU_3402	Bacteria	Verrucomicrobiota	Verrucomicrobiae	Opitutales	Puniceicoccaceae	Lentimonas	OTU_3402
OTU_3403	Bacteria	Bacteroidota	Bacteroidia	Flavobacteriales	Flavobacteriaceae	OTU_3403	OTU_3403
OTU_3404	Bacteria	OTU_3404	OTU_3404	OTU_3404	OTU_3404	OTU_3404	OTU_3404
OTU_3405	Bacteria	Bacteroidota	Bacteroidia	Flavobacteriales	Flavobacteriaceae	OTU_3405	OTU_3405
OTU_3406	Bacteria	Proteobacteria	Gammaproteobacteria	Cellvibrionales	Halieaceae	Marimicrobium	OTU_3406
OTU_3407	Bacteria	Bacteroidota	Bacteroidia	Flavobacteriales	Flavobacteriaceae	OTU_3407	OTU_3407
OTU_3408	Bacteria	Proteobacteria	Alphaproteobacteria	SAR11 clade	OTU_3408	OTU_3408	OTU_3408
OTU_3409	Bacteria	Proteobacteria	Gammaproteobacteria	Oceanospirillales	Nitrincolaceae	OTU_3409	OTU_3409
OTU_3410	Bacteria	Cyanobacteria	Cyanobacteriia	OTU_3410	OTU_3410	OTU_3410	OTU_3410
OTU_3411	Bacteria	Bacteroidota	Bacteroidia	Flavobacteriales	Flavobacteriaceae	OTU_3411	OTU_3411
OTU_3412	Bacteria	Bacteroidota	Bacteroidia	Flavobacteriales	Flavobacteriaceae	NS4 marine group	OTU_3412
OTU_3413	Bacteria	Proteobacteria	Alphaproteobacteria	Kiloniellales	Kiloniellaceae	OTU_3413	OTU_3413
OTU_3414	Bacteria	Proteobacteria	Gammaproteobacteria	Pseudomonadales	Moraxellaceae	Psychrobacter	OTU_3414
OTU_3415	Bacteria	Proteobacteria	Alphaproteobacteria	Rhodobacterales	Rhodobacteraceae	Cognatiyoonia	OTU_3415
OTU_3416	Bacteria	Bacteroidota	Bacteroidia	Flavobacteriales	Flavobacteriaceae	OTU_3416	OTU_3416
OTU_3417	Bacteria	Verrucomicrobiota	Verrucomicrobiae	Verrucomicrobiales	Rubritaleaceae	Roseibacillus	OTU_3417
OTU_3418	Bacteria	Bacteroidota	Bacteroidia	Flavobacteriales	Flavobacteriaceae	Nonlabens	OTU_3418
OTU_3419	Bacteria	Proteobacteria	Gammaproteobacteria	Burkholderiales	Methylophilaceae	Methylotenera	OTU_3419
OTU_3420	Bacteria	Proteobacteria	Gammaproteobacteria	Alteromonadales	Colwelliaceae	Litorilituus	OTU_3420
OTU_3421	Bacteria	Proteobacteria	Gammaproteobacteria	Cellvibrionales	OTU_3421	OTU_3421	OTU_3421
OTU_3422	Bacteria	Bacteroidota	Bacteroidia	Flavobacteriales	Flavobacteriaceae	OTU_3422	OTU_3422
OTU_3423	Bacteria	Proteobacteria	Gammaproteobacteria	Oceanospirillales	Pseudohongiellaceae	Pseudohongiella	OTU_3423
OTU_3424	Bacteria	Proteobacteria	OTU_3424	OTU_3424	OTU_3424	OTU_3424	OTU_3424
OTU_3425	Bacteria	Firmicutes	Clostridia	Peptostreptococcales-Tissierellales	Anaerococcus	OTU_3425	OTU_3425
OTU_3426	Bacteria	Bacteroidota	Bacteroidia	Cytophagales	Cyclobacteriaceae	Marinoscillum	OTU_3426
OTU_3427	Bacteria	Proteobacteria	Alphaproteobacteria	SAR11 clade	Clade IV	OTU_3427	OTU_3427
OTU_3428	Bacteria	Spirochaetota	Spirochaetia	Spirochaetales	Spirochaetaceae	Sphaerochaeta	OTU_3428
OTU_3429	Bacteria	Proteobacteria	Gammaproteobacteria	Burkholderiales	Oxalobacteraceae	Massilia	timonae
OTU_3430	Bacteria	Proteobacteria	Gammaproteobacteria	Cellvibrionales	Porticoccaceae	Porticoccus	OTU_3430
OTU_3431	Bacteria	Proteobacteria	Gammaproteobacteria	Alteromonadales	Colwelliaceae	OTU_3431	OTU_3431
OTU_3432	Bacteria	Bacteroidota	Bacteroidia	Flavobacteriales	Cryomorphaceae	OTU_3432	OTU_3432
OTU_3433	Bacteria	Proteobacteria	Alphaproteobacteria	Rhodobacterales	Rhodobacteraceae	OTU_3433	OTU_3433
OTU_3434	Bacteria	Proteobacteria	Gammaproteobacteria	Oceanospirillales	OTU_3434	OTU_3434	OTU_3434
OTU_3435	Bacteria	Bacteroidota	Bacteroidia	Flavobacteriales	Flavobacteriaceae	OTU_3435	OTU_3435
OTU_3436	Bacteria	Proteobacteria	Gammaproteobacteria	OM182 clade	OTU_3436	OTU_3436	OTU_3436
OTU_3437	Bacteria	Proteobacteria	Alphaproteobacteria	OTU_3437	OTU_3437	OTU_3437	OTU_3437
OTU_3438	Bacteria	Proteobacteria	Gammaproteobacteria	Cellvibrionales	Halieaceae	Marimicrobium	OTU_3438
OTU_3439	Bacteria	Proteobacteria	Alphaproteobacteria	Rhodospirillales	Magnetospiraceae	Magnetospira	OTU_3439
OTU_3440	Bacteria	Proteobacteria	Gammaproteobacteria	Arenicellales	Arenicellaceae	Arenicella	OTU_3440
OTU_3441	Bacteria	Proteobacteria	Alphaproteobacteria	Rickettsiales	Mitochondria	OTU_3441	OTU_3441
OTU_3442	Bacteria	Bacteroidota	Bacteroidia	Flavobacteriales	Flavobacteriaceae	OTU_3442	OTU_3442
OTU_3443	Bacteria	Proteobacteria	OTU_3443	OTU_3443	OTU_3443	OTU_3443	OTU_3443
OTU_3444	Bacteria	Bacteroidota	Bacteroidia	Flavobacteriales	OTU_3444	OTU_3444	OTU_3444
OTU_3445	Bacteria	Bacteroidota	Bacteroidia	Flavobacteriales	Flavobacteriaceae	Pseudofulvibacter	OTU_3445
OTU_3446	Bacteria	Proteobacteria	Alphaproteobacteria	Rhodobacterales	Rhodobacteraceae	OTU_3446	OTU_3446
OTU_3447	Bacteria	Proteobacteria	Gammaproteobacteria	Oceanospirillales	Nitrincolaceae	OTU_3447	OTU_3447
OTU_3448	Bacteria	Proteobacteria	Alphaproteobacteria	SAR11 clade	OTU_3448	OTU_3448	OTU_3448
OTU_3449	Bacteria	OTU_3449	OTU_3449	OTU_3449	OTU_3449	OTU_3449	OTU_3449
OTU_3450	Bacteria	Proteobacteria	OTU_3450	OTU_3450	OTU_3450	OTU_3450	OTU_3450
OTU_3451	Bacteria	Proteobacteria	Gammaproteobacteria	OM182 clade	OTU_3451	OTU_3451	OTU_3451
OTU_3452	Bacteria	Proteobacteria	Alphaproteobacteria	SAR11 clade	OTU_3452	OTU_3452	OTU_3452
OTU_3453	Bacteria	Proteobacteria	Alphaproteobacteria	SAR11 clade	Clade I	OTU_3453	OTU_3453
OTU_3454	Bacteria	Proteobacteria	Gammaproteobacteria	OTU_3454	OTU_3454	OTU_3454	OTU_3454
OTU_3455	Bacteria	Firmicutes	Clostridia	Peptostreptococcales-Tissierellales	Anaerococcus	OTU_3455	OTU_3455
OTU_3456	Bacteria	Proteobacteria	Gammaproteobacteria	OTU_3456	OTU_3456	OTU_3456	OTU_3456
OTU_3457	Bacteria	Bacteroidota	Bacteroidia	Cytophagales	Cyclobacteriaceae	OTU_3457	OTU_3457
OTU_3458	Bacteria	Actinobacteriota	Actinobacteria	Micrococcales	Microbacteriaceae	SV1-3	OTU_3458
OTU_3459	Bacteria	Verrucomicrobiota	Verrucomicrobiae	Opitutales	Opitutaceae	Diplosphaera	OTU_3459
OTU_3460	Bacteria	Proteobacteria	Gammaproteobacteria	SAR86 clade	OTU_3460	OTU_3460	OTU_3460
OTU_3461	Bacteria	Bacteroidota	Bacteroidia	Flavobacteriales	Flavobacteriaceae	OTU_3461	OTU_3461
OTU_3462	Bacteria	Proteobacteria	Gammaproteobacteria	Cellvibrionales	Halieaceae	OTU_3462	OTU_3462
OTU_3463	Bacteria	Proteobacteria	Gammaproteobacteria	SAR86 clade	OTU_3463	OTU_3463	OTU_3463
OTU_3464	Bacteria	Proteobacteria	Gammaproteobacteria	Cellvibrionales	Porticoccaceae	SAR92 clade	OTU_3464
OTU_3465	Bacteria	Bacteroidota	Bacteroidia	Flavobacteriales	NS7 marine group	OTU_3465	OTU_3465
OTU_3466	Bacteria	Cyanobacteria	Cyanobacteriia	Chloroplast	OTU_3466	OTU_3466	OTU_3466
OTU_3467	Bacteria	Proteobacteria	Gammaproteobacteria	Francisellales	Francisellaceae	Francisella	OTU_3467
OTU_3468	Bacteria	Actinobacteriota	Acidimicrobiia	Microtrichales	Microtrichaceae	Sva0996 marine group	OTU_3468
OTU_3469	Bacteria	Proteobacteria	Gammaproteobacteria	SAR86 clade	OTU_3469	OTU_3469	OTU_3469
OTU_3470	Bacteria	Bacteroidota	Bacteroidia	Flavobacteriales	Crocinitomicaceae	OTU_3470	OTU_3470
OTU_3471	Bacteria	Proteobacteria	Gammaproteobacteria	OTU_3471	OTU_3471	OTU_3471	OTU_3471
OTU_3472	Bacteria	Proteobacteria	Alphaproteobacteria	Rhodobacterales	Rhodobacteraceae	OTU_3472	OTU_3472
OTU_3473	Bacteria	Proteobacteria	Alphaproteobacteria	Rickettsiales	Fokiniaceae	MD3-55	OTU_3473
OTU_3474	Bacteria	Proteobacteria	Gammaproteobacteria	Alteromonadales	Pseudoalteromonadaceae	Pseudoalteromonas	OTU_3474
OTU_3475	Bacteria	Bacteroidota	Bacteroidia	Cytophagales	Cyclobacteriaceae	OTU_3475	OTU_3475
OTU_3476	Bacteria	Proteobacteria	Gammaproteobacteria	Burkholderiales	Methylophilaceae	OM43 clade	OTU_3476
OTU_3477	Bacteria	Proteobacteria	Gammaproteobacteria	OM182 clade	OTU_3477	OTU_3477	OTU_3477
OTU_3478	Bacteria	Actinobacteriota	Actinobacteria	Propionibacteriales	Nocardioidaceae	Nocardioides	OTU_3478
OTU_3479	Bacteria	Bacteroidota	Bacteroidia	Flavobacteriales	Flavobacteriaceae	Gilvibacter	OTU_3479
OTU_3480	Bacteria	Bacteroidota	Bacteroidia	Flavobacteriales	Crocinitomicaceae	OTU_3480	OTU_3480
OTU_3481	Bacteria	Bacteroidota	Bacteroidia	Flavobacteriales	NS9 marine group	OTU_3481	OTU_3481
OTU_3482	Bacteria	Proteobacteria	Gammaproteobacteria	Cellvibrionales	Halieaceae	Marimicrobium	OTU_3482
OTU_3483	Bacteria	Proteobacteria	Gammaproteobacteria	Oceanospirillales	Nitrincolaceae	OTU_3483	OTU_3483
OTU_3484	Bacteria	Proteobacteria	Gammaproteobacteria	Oceanospirillales	Saccharospirillaceae	OTU_3484	OTU_3484
OTU_3485	Bacteria	Proteobacteria	Alphaproteobacteria	SAR11 clade	Clade I	OTU_3485	OTU_3485
OTU_3486	Bacteria	Proteobacteria	Gammaproteobacteria	Xanthomonadales	Xanthomonadaceae	Arenimonas	OTU_3486
OTU_3487	Bacteria	Proteobacteria	Gammaproteobacteria	Oceanospirillales	OTU_3487	OTU_3487	OTU_3487
OTU_3488	Bacteria	Bacteroidota	Bacteroidia	Bacteroidales	Bacteroidaceae	Bacteroides	OTU_3488
OTU_3489	Bacteria	Proteobacteria	Gammaproteobacteria	OTU_3489	OTU_3489	OTU_3489	OTU_3489
OTU_3490	Bacteria	Proteobacteria	Alphaproteobacteria	Rhodobacterales	Rhodobacteraceae	OTU_3490	OTU_3490
OTU_3491	Bacteria	Proteobacteria	Gammaproteobacteria	Alteromonadales	Alteromonadaceae	Pseudobowmanella	OTU_3491
OTU_3492	Bacteria	Proteobacteria	Gammaproteobacteria	Alteromonadales	OTU_3492	OTU_3492	OTU_3492
OTU_3493	Archaea	Crenarchaeota	Thermoprotei	Desulfurococcales	Desulfurococcaceae	Sulfophobococcus	OTU_3493
OTU_3494	Bacteria	Proteobacteria	Gammaproteobacteria	OTU_3494	OTU_3494	OTU_3494	OTU_3494
OTU_3495	Bacteria	Proteobacteria	Gammaproteobacteria	Burkholderiales	Methylophilaceae	OM43 clade	OTU_3495
OTU_3496	Bacteria	Proteobacteria	Gammaproteobacteria	Alteromonadales	Alteromonadaceae	Alishewanella	OTU_3496
OTU_3497	Bacteria	Bacteroidota	Bacteroidia	Flavobacteriales	Flavobacteriaceae	Gilvibacter	OTU_3497
OTU_3498	Bacteria	Bacteroidota	Bacteroidia	Flavobacteriales	Crocinitomicaceae	Salinirepens	OTU_3498
OTU_3499	Bacteria	Bacteroidota	Bacteroidia	Flavobacteriales	Cryomorphaceae	OTU_3499	OTU_3499
OTU_3500	Bacteria	Bacteroidota	Bacteroidia	Flavobacteriales	Flavobacteriaceae	NS5 marine group	OTU_3500
OTU_3501	Bacteria	Cyanobacteria	Cyanobacteriia	Chloroplast	OTU_3501	OTU_3501	OTU_3501
OTU_3502	Bacteria	Proteobacteria	Alphaproteobacteria	Rhodobacterales	Rhodobacteraceae	OTU_3502	OTU_3502
OTU_3503	Bacteria	Firmicutes	Bacilli	Lactobacillales	Aerococcaceae	Eremococcus	OTU_3503
OTU_3504	Bacteria	Proteobacteria	Gammaproteobacteria	Oceanospirillales	Nitrincolaceae	OTU_3504	OTU_3504
OTU_3505	Bacteria	Proteobacteria	Gammaproteobacteria	Cellvibrionales	Porticoccaceae	SAR92 clade	OTU_3505
OTU_3506	Bacteria	Proteobacteria	Gammaproteobacteria	Thiomicrospirales	Thioglobaceae	IheB2-31	OTU_3506
OTU_3507	Bacteria	Proteobacteria	Gammaproteobacteria	Oceanospirillales	Pseudohongiellaceae	Pseudohongiella	OTU_3507
OTU_3508	Bacteria	Proteobacteria	Gammaproteobacteria	Alteromonadales	Colwelliaceae	OTU_3508	OTU_3508
OTU_3509	Bacteria	Bacteroidota	Bacteroidia	Flavobacteriales	Flavobacteriaceae	NS5 marine group	OTU_3509
OTU_3510	Bacteria	Bacteroidota	Bacteroidia	Flavobacteriales	NS9 marine group	OTU_3510	OTU_3510
OTU_3511	Bacteria	Proteobacteria	Gammaproteobacteria	Thiomicrospirales	Thioglobaceae	IheB2-31	OTU_3511
OTU_3512	Bacteria	Proteobacteria	Gammaproteobacteria	Alteromonadales	Pseudoalteromonadaceae	Pseudoalteromonas	OTU_3512
OTU_3513	Bacteria	Proteobacteria	Gammaproteobacteria	Cellvibrionales	Halieaceae	Chromatocurvus	OTU_3513
OTU_3514	Bacteria	Actinobacteriota	Actinobacteria	Corynebacteriales	OTU_3514	OTU_3514	OTU_3514
OTU_3515	Bacteria	Cyanobacteria	Cyanobacteriia	Chloroplast	OTU_3515	OTU_3515	OTU_3515
OTU_3516	Bacteria	Cyanobacteria	Cyanobacteriia	Chloroplast	OTU_3516	OTU_3516	OTU_3516
OTU_3517	Bacteria	Proteobacteria	Gammaproteobacteria	Alteromonadales	Alteromonadaceae	Salinimonas	OTU_3517
OTU_3518	Bacteria	Proteobacteria	Alphaproteobacteria	Rhodobacterales	Rhodobacteraceae	OTU_3518	OTU_3518
OTU_3519	Bacteria	Bacteroidota	Bacteroidia	Flavobacteriales	Flavobacteriaceae	OTU_3519	OTU_3519
OTU_3520	Bacteria	Proteobacteria	Gammaproteobacteria	Burkholderiales	Burkholderiaceae	Lautropia	mirabilis
OTU_3521	Bacteria	Proteobacteria	Gammaproteobacteria	Cellvibrionales	Halieaceae	OTU_3521	OTU_3521
OTU_3522	Bacteria	Proteobacteria	Gammaproteobacteria	Cellvibrionales	Halieaceae	Marimicrobium	OTU_3522
OTU_3523	Bacteria	Bacteroidota	Bacteroidia	Flavobacteriales	Flavobacteriaceae	Changchengzhania	OTU_3523
OTU_3524	Bacteria	Proteobacteria	Alphaproteobacteria	Rhodobacterales	Rhodobacteraceae	OTU_3524	OTU_3524
OTU_3525	Bacteria	Proteobacteria	Gammaproteobacteria	Pseudomonadales	Moraxellaceae	Alkanindiges	OTU_3525
OTU_3526	Bacteria	Bacteroidota	Bacteroidia	Flavobacteriales	Flavobacteriaceae	OTU_3526	OTU_3526
OTU_3527	Bacteria	Proteobacteria	Gammaproteobacteria	Thiomicrospirales	Thioglobaceae	IheB2-31	OTU_3527
OTU_3528	Bacteria	Proteobacteria	Gammaproteobacteria	Alteromonadales	Alteromonadaceae	Paraglaciecola	OTU_3528
OTU_3529	Bacteria	Bacteroidota	Bacteroidia	Flavobacteriales	Flavobacteriaceae	OTU_3529	OTU_3529
OTU_3530	Bacteria	Bacteroidota	Bacteroidia	Flavobacteriales	NS9 marine group	OTU_3530	OTU_3530
OTU_3531	Bacteria	Proteobacteria	Alphaproteobacteria	Rickettsiales	Mitochondria	OTU_3531	OTU_3531
OTU_3532	Bacteria	Proteobacteria	Gammaproteobacteria	SAR86 clade	OTU_3532	OTU_3532	OTU_3532
OTU_3533	Bacteria	Proteobacteria	Gammaproteobacteria	Alteromonadales	Alteromonadaceae	OTU_3533	OTU_3533
OTU_3534	Bacteria	Actinobacteriota	Acidimicrobiia	Microtrichales	Ilumatobacteraceae	Ilumatobacter	OTU_3534
OTU_3535	Bacteria	Proteobacteria	Alphaproteobacteria	Rhodobacterales	Rhodobacteraceae	Cognatiyoonia	OTU_3535
OTU_3536	Bacteria	Bacteroidota	Bacteroidia	Flavobacteriales	Flavobacteriaceae	NS5 marine group	OTU_3536
OTU_3537	Bacteria	Bacteroidota	Bacteroidia	Flavobacteriales	NS9 marine group	OTU_3537	OTU_3537
OTU_3538	Bacteria	Proteobacteria	Gammaproteobacteria	OTU_3538	OTU_3538	OTU_3538	OTU_3538
OTU_3539	Bacteria	Bacteroidota	Bacteroidia	Cytophagales	Cyclobacteriaceae	OTU_3539	OTU_3539
OTU_3540	Bacteria	Proteobacteria	Alphaproteobacteria	Sphingomonadales	Sphingomonadaceae	OTU_3540	OTU_3540
OTU_3541	Bacteria	Bacteroidota	Bacteroidia	Flavobacteriales	NS9 marine group	OTU_3541	OTU_3541
OTU_3542	Bacteria	Proteobacteria	Gammaproteobacteria	OTU_3542	OTU_3542	OTU_3542	OTU_3542
OTU_3543	Bacteria	Proteobacteria	Gammaproteobacteria	OTU_3543	OTU_3543	OTU_3543	OTU_3543
OTU_3544	Bacteria	Proteobacteria	Gammaproteobacteria	OTU_3544	OTU_3544	OTU_3544	OTU_3544
OTU_3545	Bacteria	Proteobacteria	Alphaproteobacteria	SAR11 clade	OTU_3545	OTU_3545	OTU_3545
OTU_3546	Bacteria	Bacteroidota	Bacteroidia	Bacteroidales	Porphyromonadaceae	Porphyromonas	OTU_3546
OTU_3547	Bacteria	Proteobacteria	Gammaproteobacteria	Oceanospirillales	Nitrincolaceae	OTU_3547	OTU_3547
OTU_3548	Bacteria	Proteobacteria	Gammaproteobacteria	OTU_3548	OTU_3548	OTU_3548	OTU_3548
OTU_3549	Bacteria	Proteobacteria	Gammaproteobacteria	Alteromonadales	OTU_3549	OTU_3549	OTU_3549
OTU_3550	Bacteria	Bacteroidota	Bacteroidia	Flavobacteriales	Flavobacteriaceae	OTU_3550	OTU_3550
OTU_3551	Bacteria	Proteobacteria	Gammaproteobacteria	SAR86 clade	OTU_3551	OTU_3551	OTU_3551
OTU_3552	Bacteria	Proteobacteria	Gammaproteobacteria	OTU_3552	OTU_3552	OTU_3552	OTU_3552
OTU_3553	Bacteria	Planctomycetota	Phycisphaerae	Phycisphaerales	Phycisphaeraceae	FS140-16B-02 marine group	OTU_3553
OTU_3554	Bacteria	Proteobacteria	Gammaproteobacteria	OTU_3554	OTU_3554	OTU_3554	OTU_3554
OTU_3555	Bacteria	Proteobacteria	Alphaproteobacteria	Rhodobacterales	Rhodobacteraceae	Pelagimonas	OTU_3555
OTU_3556	Bacteria	Proteobacteria	Gammaproteobacteria	Cellvibrionales	Halieaceae	OTU_3556	OTU_3556
OTU_3557	Bacteria	Proteobacteria	Alphaproteobacteria	Rhodobacterales	Rhodobacteraceae	OTU_3557	OTU_3557
OTU_3558	Bacteria	Proteobacteria	Gammaproteobacteria	SAR86 clade	OTU_3558	OTU_3558	OTU_3558
OTU_3559	Bacteria	Proteobacteria	Alphaproteobacteria	SAR11 clade	Clade IV	OTU_3559	OTU_3559
OTU_3560	Bacteria	Bacteroidota	Bacteroidia	Flavobacteriales	Flavobacteriaceae	Aureisphaera	OTU_3560
OTU_3561	Bacteria	Proteobacteria	Alphaproteobacteria	Rhodobacterales	Rhodobacteraceae	OTU_3561	OTU_3561
OTU_3562	Bacteria	Proteobacteria	Gammaproteobacteria	Cellvibrionales	Porticoccaceae	SAR92 clade	OTU_3562
OTU_3563	Bacteria	Proteobacteria	Gammaproteobacteria	Oceanospirillales	Kangiellaceae	OTU_3563	OTU_3563
OTU_3564	Bacteria	Campilobacterota	Campylobacteria	Campylobacterales	Sulfurimonadaceae	Sulfurimonas	OTU_3564
OTU_3565	Bacteria	Proteobacteria	Gammaproteobacteria	OTU_3565	OTU_3565	OTU_3565	OTU_3565
OTU_3566	Bacteria	Proteobacteria	Gammaproteobacteria	OTU_3566	OTU_3566	OTU_3566	OTU_3566
OTU_3567	Bacteria	Actinobacteriota	Actinobacteria	Micrococcales	Micrococcaceae	Arthrobacter	OTU_3567
OTU_3568	Bacteria	Proteobacteria	Gammaproteobacteria	Alteromonadales	Alteromonadaceae	OTU_3568	OTU_3568
OTU_3569	Bacteria	Proteobacteria	Alphaproteobacteria	Rhodospirillales	Rhodospirillaceae	OTU_3569	OTU_3569
OTU_3570	Bacteria	Verrucomicrobiota	Verrucomicrobiae	Verrucomicrobiales	Rubritaleaceae	Roseibacillus	OTU_3570
OTU_3571	Bacteria	Proteobacteria	Gammaproteobacteria	Thiomicrospirales	Thioglobaceae	IheB2-31	OTU_3571
OTU_3572	Bacteria	Bacteroidota	Bacteroidia	Flavobacteriales	Cryomorphaceae	OTU_3572	OTU_3572
OTU_3573	Bacteria	Bacteroidota	Bacteroidia	Flavobacteriales	Flavobacteriaceae	Cellulophaga	OTU_3573
OTU_3574	Bacteria	Proteobacteria	Gammaproteobacteria	Cellvibrionales	Halieaceae	OTU_3574	OTU_3574
OTU_3575	Bacteria	Proteobacteria	OTU_3575	OTU_3575	OTU_3575	OTU_3575	OTU_3575
OTU_3576	Bacteria	Actinobacteriota	Actinobacteria	Micrococcales	Microbacteriaceae	OTU_3576	OTU_3576
OTU_3577	Bacteria	Bacteroidota	Bacteroidia	Flavobacteriales	NS9 marine group	OTU_3577	OTU_3577
OTU_3578	Bacteria	Proteobacteria	Gammaproteobacteria	Burkholderiales	Burkholderiaceae	Polynucleobacter	OTU_3578
OTU_3579	Bacteria	Proteobacteria	Alphaproteobacteria	Sneathiellales	Sneathiellaceae	OTU_3579	OTU_3579
OTU_3580	Bacteria	Proteobacteria	Gammaproteobacteria	Cellvibrionales	Halieaceae	Marimicrobium	OTU_3580
OTU_3581	Bacteria	Bacteroidota	Bacteroidia	Flavobacteriales	Flavobacteriaceae	Formosa	OTU_3581
OTU_3582	Bacteria	Proteobacteria	Alphaproteobacteria	Rhodobacterales	Rhodobacteraceae	OTU_3582	OTU_3582
OTU_3583	Bacteria	Bacteroidota	Bacteroidia	Flavobacteriales	Flavobacteriaceae	Ulvibacter	OTU_3583
OTU_3584	Bacteria	Proteobacteria	Gammaproteobacteria	Thiomicrospirales	Thioglobaceae	OTU_3584	OTU_3584
OTU_3585	Bacteria	Proteobacteria	Alphaproteobacteria	SAR11 clade	OTU_3585	OTU_3585	OTU_3585
OTU_3586	Bacteria	Proteobacteria	Gammaproteobacteria	SAR86 clade	OTU_3586	OTU_3586	OTU_3586
OTU_3587	Bacteria	Actinobacteriota	Actinobacteria	Micrococcales	Microbacteriaceae	SV1-3	OTU_3587
OTU_3588	Bacteria	Proteobacteria	Alphaproteobacteria	SAR11 clade	Clade IV	OTU_3588	OTU_3588
OTU_3589	Bacteria	Chloroflexi	Dehalococcoidia	SAR202 clade	OTU_3589	OTU_3589	OTU_3589
OTU_3590	Bacteria	Bacteroidota	Bacteroidia	Flavobacteriales	Flavobacteriaceae	Aurantivirga	OTU_3590
OTU_3591	Bacteria	Bacteroidota	Bacteroidia	Flavobacteriales	Cryomorphaceae	OTU_3591	OTU_3591
OTU_3592	Bacteria	Bacteroidota	Bacteroidia	Flavobacteriales	Flavobacteriaceae	OTU_3592	OTU_3592
OTU_3593	Bacteria	Firmicutes	Bacilli	Lactobacillales	Aerococcaceae	Abiotrophia	OTU_3593
OTU_3594	Bacteria	Proteobacteria	Gammaproteobacteria	Cellvibrionales	Porticoccaceae	SAR92 clade	OTU_3594
OTU_3595	Bacteria	Proteobacteria	Alphaproteobacteria	Rhodobacterales	Rhodobacteraceae	OTU_3595	OTU_3595
OTU_3596	Bacteria	Proteobacteria	Gammaproteobacteria	Oceanospirillales	Pseudohongiellaceae	Pseudohongiella	OTU_3596
OTU_3597	Bacteria	Proteobacteria	Gammaproteobacteria	OTU_3597	OTU_3597	OTU_3597	OTU_3597
OTU_3598	Bacteria	Verrucomicrobiota	Verrucomicrobiae	Verrucomicrobiales	Rubritaleaceae	Roseibacillus	OTU_3598
OTU_3599	Bacteria	Bacteroidota	Bacteroidia	Flavobacteriales	Flavobacteriaceae	Polaribacter	OTU_3599
OTU_3600	Bacteria	Proteobacteria	OTU_3600	OTU_3600	OTU_3600	OTU_3600	OTU_3600
OTU_3601	Bacteria	Cyanobacteria	Cyanobacteriia	Chloroplast	OTU_3601	OTU_3601	OTU_3601
OTU_3602	Bacteria	Proteobacteria	Gammaproteobacteria	Pseudomonadales	Pseudomonadaceae	Pseudomonas	profundi
OTU_3603	Bacteria	OTU_3603	OTU_3603	OTU_3603	OTU_3603	OTU_3603	OTU_3603
OTU_3604	Bacteria	Proteobacteria	Alphaproteobacteria	Rhodobacterales	Rhodobacteraceae	OTU_3604	OTU_3604
OTU_3605	Bacteria	Proteobacteria	Gammaproteobacteria	Burkholderiales	Methylophilaceae	OM43 clade	OTU_3605
OTU_3606	Bacteria	Actinobacteriota	Actinobacteria	Micrococcales	Microbacteriaceae	SV1-3	OTU_3606
OTU_3607	Bacteria	Bacteroidota	Bacteroidia	Flavobacteriales	Flavobacteriaceae	Aurantivirga	OTU_3607
OTU_3608	Bacteria	Proteobacteria	Alphaproteobacteria	Rhodobacterales	Rhodobacteraceae	OTU_3608	OTU_3608
OTU_3609	Bacteria	Proteobacteria	Alphaproteobacteria	SAR11 clade	Clade I	OTU_3609	OTU_3609
OTU_3610	Bacteria	Bacteroidota	Bacteroidia	Flavobacteriales	Flavobacteriaceae	OTU_3610	OTU_3610
OTU_3611	Bacteria	Bacteroidota	Bacteroidia	Flavobacteriales	NS9 marine group	OTU_3611	OTU_3611
OTU_3612	Bacteria	Proteobacteria	Alphaproteobacteria	Rhodobacterales	Rhodobacteraceae	OTU_3612	OTU_3612
OTU_3613	Bacteria	Proteobacteria	OTU_3613	OTU_3613	OTU_3613	OTU_3613	OTU_3613
OTU_3614	Bacteria	SAR324 clade(Marine group B)	OTU_3614	OTU_3614	OTU_3614	OTU_3614	OTU_3614
OTU_3615	Bacteria	Proteobacteria	Gammaproteobacteria	OTU_3615	OTU_3615	OTU_3615	OTU_3615
OTU_3616	Bacteria	Proteobacteria	Alphaproteobacteria	SAR11 clade	OTU_3616	OTU_3616	OTU_3616
OTU_3617	Bacteria	Bacteroidota	Bacteroidia	Flavobacteriales	NS9 marine group	OTU_3617	OTU_3617
OTU_3618	Bacteria	Bacteroidota	Bacteroidia	Flavobacteriales	Flavobacteriaceae	Croceibacter	OTU_3618
OTU_3619	Bacteria	Bacteroidota	Bacteroidia	Flavobacteriales	NS9 marine group	OTU_3619	OTU_3619
OTU_3620	Bacteria	Bacteroidota	Bacteroidia	Flavobacteriales	Flavobacteriaceae	Aurantivirga	OTU_3620
OTU_3621	Bacteria	Proteobacteria	Gammaproteobacteria	Alteromonadales	Alteromonadaceae	OTU_3621	OTU_3621
OTU_3622	Bacteria	Bacteroidota	Bacteroidia	Flavobacteriales	NS9 marine group	OTU_3622	OTU_3622
OTU_3623	Bacteria	Proteobacteria	Gammaproteobacteria	Thiomicrospirales	Thioglobaceae	IheB2-31	OTU_3623
OTU_3624	Bacteria	Verrucomicrobiota	Verrucomicrobiae	Verrucomicrobiales	Rubritaleaceae	Roseibacillus	OTU_3624
OTU_3625	Bacteria	Proteobacteria	Alphaproteobacteria	SAR11 clade	OTU_3625	OTU_3625	OTU_3625
OTU_3626	Bacteria	Proteobacteria	Gammaproteobacteria	OTU_3626	OTU_3626	OTU_3626	OTU_3626
OTU_3627	Bacteria	Proteobacteria	Gammaproteobacteria	Cellvibrionales	Halieaceae	OTU_3627	OTU_3627
OTU_3628	Bacteria	Marinimicrobia (SAR406 clade)	OTU_3628	OTU_3628	OTU_3628	OTU_3628	OTU_3628
OTU_3629	Bacteria	Bacteroidota	Bacteroidia	Flavobacteriales	Cryomorphaceae	OTU_3629	OTU_3629
OTU_3630	Bacteria	Bacteroidota	Bacteroidia	Flavobacteriales	Flavobacteriaceae	OTU_3630	OTU_3630
OTU_3631	Bacteria	Proteobacteria	Gammaproteobacteria	Alteromonadales	Pseudoalteromonadaceae	Pseudoalteromonas	OTU_3631
OTU_3632	Bacteria	Proteobacteria	Gammaproteobacteria	Alteromonadales	Alteromonadaceae	Pseudobowmanella	OTU_3632
OTU_3633	Bacteria	Proteobacteria	Gammaproteobacteria	Oceanospirillales	Nitrincolaceae	OTU_3633	OTU_3633
OTU_3634	Bacteria	Proteobacteria	Gammaproteobacteria	OM182 clade	OTU_3634	OTU_3634	OTU_3634
OTU_3635	Bacteria	Proteobacteria	Gammaproteobacteria	Nitrosococcales	Methylophagaceae	OTU_3635	OTU_3635
OTU_3636	Bacteria	Bacteroidota	Bacteroidia	Flavobacteriales	Cryomorphaceae	OTU_3636	OTU_3636
OTU_3637	Bacteria	Bacteroidota	Bacteroidia	Flavobacteriales	Flavobacteriaceae	OTU_3637	OTU_3637
OTU_3638	Bacteria	OTU_3638	OTU_3638	OTU_3638	OTU_3638	OTU_3638	OTU_3638
OTU_3639	Bacteria	Proteobacteria	Gammaproteobacteria	Burkholderiales	Comamonadaceae	Kinneretia	OTU_3639
OTU_3640	Bacteria	Bacteroidota	Bacteroidia	Flavobacteriales	NS9 marine group	OTU_3640	OTU_3640
OTU_3641	Bacteria	Proteobacteria	Gammaproteobacteria	Alteromonadales	OTU_3641	OTU_3641	OTU_3641
OTU_3642	Bacteria	Proteobacteria	Gammaproteobacteria	Alteromonadales	Colwelliaceae	OTU_3642	OTU_3642
OTU_3643	Bacteria	Proteobacteria	Alphaproteobacteria	OTU_3643	OTU_3643	OTU_3643	OTU_3643
OTU_3644	Bacteria	Bacteroidota	Bacteroidia	Flavobacteriales	Flavobacteriaceae	OTU_3644	OTU_3644
OTU_3645	Bacteria	Bacteroidota	Bacteroidia	Flavobacteriales	Flavobacteriaceae	Flavobacterium	OTU_3645
OTU_3646	Bacteria	Proteobacteria	Gammaproteobacteria	Steroidobacterales	Woeseiaceae	Woeseia	OTU_3646
OTU_3647	Bacteria	Proteobacteria	Alphaproteobacteria	Rhizobiales	Beijerinckiaceae	Bosea	OTU_3647
OTU_3648	Bacteria	Proteobacteria	Gammaproteobacteria	OTU_3648	OTU_3648	OTU_3648	OTU_3648
OTU_3649	Bacteria	Proteobacteria	Gammaproteobacteria	Alteromonadales	Colwelliaceae	OTU_3649	OTU_3649
OTU_3650	Bacteria	Bacteroidota	Bacteroidia	Flavobacteriales	Flavobacteriaceae	Aurantivirga	OTU_3650
OTU_3651	Bacteria	Proteobacteria	Alphaproteobacteria	OTU_3651	OTU_3651	OTU_3651	OTU_3651
OTU_3652	Bacteria	Bacteroidota	Bacteroidia	Flavobacteriales	Flavobacteriaceae	Aurantivirga	OTU_3652
OTU_3653	Bacteria	Bacteroidota	Bacteroidia	Flavobacteriales	Flavobacteriaceae	NS4 marine group	OTU_3653
OTU_3654	Bacteria	OTU_3654	OTU_3654	OTU_3654	OTU_3654	OTU_3654	OTU_3654
OTU_3655	Bacteria	Proteobacteria	Gammaproteobacteria	Burkholderiales	Methylophilaceae	OM43 clade	OTU_3655
OTU_3656	Bacteria	Proteobacteria	Alphaproteobacteria	Rhodobacterales	Rhodobacteraceae	OTU_3656	OTU_3656
OTU_3657	Bacteria	Proteobacteria	Gammaproteobacteria	Alteromonadales	Alteromonadaceae	Glaciecola	OTU_3657
OTU_3658	Bacteria	Proteobacteria	Alphaproteobacteria	Rhodobacterales	Rhodobacteraceae	Albirhodobacter	OTU_3658
OTU_3659	Bacteria	Proteobacteria	Gammaproteobacteria	OTU_3659	OTU_3659	OTU_3659	OTU_3659
OTU_3660	Bacteria	Bacteroidota	Bacteroidia	Flavobacteriales	Cryomorphaceae	OTU_3660	OTU_3660
OTU_3661	Bacteria	Proteobacteria	Gammaproteobacteria	Cellvibrionales	Halieaceae	OTU_3661	OTU_3661
OTU_3662	Bacteria	Proteobacteria	Gammaproteobacteria	OTU_3662	OTU_3662	OTU_3662	OTU_3662
OTU_3663	Bacteria	Proteobacteria	Gammaproteobacteria	Nitrosococcales	Methylophagaceae	OTU_3663	OTU_3663
OTU_3664	Bacteria	Bacteroidota	Bacteroidia	Flavobacteriales	Flavobacteriaceae	OTU_3664	OTU_3664
OTU_3665	Bacteria	Patescibacteria	ABY1	Candidatus Magasanikbacteria	OTU_3665	OTU_3665	OTU_3665
OTU_3666	Bacteria	Proteobacteria	Gammaproteobacteria	OTU_3666	OTU_3666	OTU_3666	OTU_3666
OTU_3667	Bacteria	Proteobacteria	Gammaproteobacteria	Oceanospirillales	OTU_3667	OTU_3667	OTU_3667
OTU_3668	Bacteria	Proteobacteria	Gammaproteobacteria	Oceanospirillales	Nitrincolaceae	OTU_3668	OTU_3668
OTU_3669	Bacteria	Proteobacteria	Gammaproteobacteria	Alteromonadales	Shewanellaceae	Shewanella	OTU_3669
OTU_3670	Bacteria	Proteobacteria	Alphaproteobacteria	Rhodobacterales	Rhodobacteraceae	OTU_3670	OTU_3670
OTU_3671	Bacteria	Bacteroidota	Bacteroidia	Flavobacteriales	NS9 marine group	OTU_3671	OTU_3671
OTU_3672	Bacteria	Proteobacteria	OTU_3672	OTU_3672	OTU_3672	OTU_3672	OTU_3672
OTU_3673	Bacteria	Bacteroidota	Bacteroidia	Flavobacteriales	Flavobacteriaceae	Aestuariimonas	OTU_3673
OTU_3674	Bacteria	Bacteroidota	Bacteroidia	Chitinophagales	Saprospiraceae	OTU_3674	OTU_3674
OTU_3675	Bacteria	Proteobacteria	Alphaproteobacteria	Sphingomonadales	Sphingomonadaceae	OTU_3675	OTU_3675
OTU_3676	Bacteria	Actinobacteriota	Actinobacteria	Corynebacteriales	Nocardiaceae	Rhodococcus	OTU_3676
OTU_3677	Bacteria	Proteobacteria	Alphaproteobacteria	Rhodobacterales	Rhodobacteraceae	OTU_3677	OTU_3677
OTU_3678	Bacteria	Bacteroidota	Bacteroidia	Flavobacteriales	Flavobacteriaceae	NS4 marine group	OTU_3678
OTU_3679	Bacteria	OTU_3679	OTU_3679	OTU_3679	OTU_3679	OTU_3679	OTU_3679
OTU_3680	Bacteria	Bacteroidota	Bacteroidia	Sphingobacteriales	NS11-12 marine group	OTU_3680	OTU_3680
OTU_3681	Bacteria	Firmicutes	Clostridia	Oscillospirales	Ruminococcaceae	Faecalibacterium	OTU_3681
OTU_3682	Bacteria	Bacteroidota	Bacteroidia	Flavobacteriales	Cryomorphaceae	NS10 marine group	OTU_3682
OTU_3683	Bacteria	Desulfobacterota	Desulfuromonadia	PB19	OTU_3683	OTU_3683	OTU_3683
OTU_3684	Bacteria	Bacteroidota	Bacteroidia	Flavobacteriales	Flavobacteriaceae	Winogradskyella	OTU_3684
OTU_3685	Bacteria	SAR324 clade(Marine group B)	OTU_3685	OTU_3685	OTU_3685	OTU_3685	OTU_3685
OTU_3686	Bacteria	Bacteroidota	Bacteroidia	Flavobacteriales	Flavobacteriaceae	Aurantivirga	OTU_3686
OTU_3687	Bacteria	Proteobacteria	Alphaproteobacteria	Sphingomonadales	Sphingomonadaceae	Altererythrobacter	OTU_3687
OTU_3688	Bacteria	Bacteroidota	Bacteroidia	Flavobacteriales	Flavobacteriaceae	Flavobacterium	OTU_3688
OTU_3689	Bacteria	Proteobacteria	Alphaproteobacteria	OTU_3689	OTU_3689	OTU_3689	OTU_3689
OTU_3690	Bacteria	Proteobacteria	Gammaproteobacteria	Oceanospirillales	Nitrincolaceae	OTU_3690	OTU_3690
OTU_3691	Bacteria	Proteobacteria	Alphaproteobacteria	Rhizobiales	Xanthobacteraceae	OTU_3691	OTU_3691
OTU_3692	Bacteria	Proteobacteria	Gammaproteobacteria	OTU_3692	OTU_3692	OTU_3692	OTU_3692
OTU_3693	Bacteria	Proteobacteria	Alphaproteobacteria	Sphingomonadales	Sphingomonadaceae	OTU_3693	OTU_3693
OTU_3694	Bacteria	Verrucomicrobiota	Verrucomicrobiae	Verrucomicrobiales	Rubritaleaceae	Roseibacillus	OTU_3694
OTU_3695	Bacteria	Proteobacteria	Gammaproteobacteria	Cellvibrionales	Halieaceae	Luminiphilus	OTU_3695
OTU_3696	Bacteria	Bacteroidota	Bacteroidia	Flavobacteriales	Flavobacteriaceae	Flavobacterium	OTU_3696
OTU_3697	Bacteria	Proteobacteria	Gammaproteobacteria	Alteromonadales	Pseudoalteromonadaceae	Pseudoalteromonas	OTU_3697
OTU_3698	Bacteria	Proteobacteria	Gammaproteobacteria	Nitrosococcales	Methylophagaceae	OTU_3698	OTU_3698
OTU_3699	Bacteria	Bacteroidota	Bacteroidia	Flavobacteriales	Flavobacteriaceae	OTU_3699	OTU_3699
OTU_3700	Bacteria	Proteobacteria	Gammaproteobacteria	OTU_3700	OTU_3700	OTU_3700	OTU_3700
OTU_3701	Bacteria	Proteobacteria	Alphaproteobacteria	Rhodobacterales	Rhodobacteraceae	Cognatiyoonia	OTU_3701
OTU_3702	Bacteria	Proteobacteria	Gammaproteobacteria	Xanthomonadales	Rhodanobacteraceae	Rhodanobacter	OTU_3702
OTU_3703	Bacteria	Proteobacteria	Gammaproteobacteria	Coxiellales	Coxiellaceae	Coxiella	OTU_3703
OTU_3704	Bacteria	Patescibacteria	Parcubacteria	Candidatus Campbellbacteria	OTU_3704	OTU_3704	OTU_3704
OTU_3705	Bacteria	Bacteroidota	Bacteroidia	Flavobacteriales	NS9 marine group	OTU_3705	OTU_3705
OTU_3706	Bacteria	Proteobacteria	Alphaproteobacteria	Rhodobacterales	Rhodobacteraceae	Roseobacter clade Marinomonas lineage	OTU_3706
OTU_3707	Bacteria	SAR324 clade(Marine group B)	OTU_3707	OTU_3707	OTU_3707	OTU_3707	OTU_3707
OTU_3708	Bacteria	Bacteroidota	Bacteroidia	OTU_3708	OTU_3708	OTU_3708	OTU_3708
OTU_3709	Bacteria	Proteobacteria	Gammaproteobacteria	SAR86 clade	OTU_3709	OTU_3709	OTU_3709
OTU_3710	Bacteria	Proteobacteria	Gammaproteobacteria	Cellvibrionales	Spongiibacteraceae	OTU_3710	OTU_3710
OTU_3711	Bacteria	Proteobacteria	Gammaproteobacteria	Cellvibrionales	Halieaceae	OTU_3711	OTU_3711
OTU_3712	Bacteria	Proteobacteria	Alphaproteobacteria	Rickettsiales	Mitochondria	OTU_3712	OTU_3712
OTU_3713	Bacteria	Proteobacteria	Gammaproteobacteria	OTU_3713	OTU_3713	OTU_3713	OTU_3713
OTU_3714	Bacteria	Bacteroidota	Bacteroidia	Flavobacteriales	Flavobacteriaceae	Aurantivirga	OTU_3714
OTU_3715	Bacteria	Proteobacteria	Gammaproteobacteria	Cellvibrionales	Halieaceae	OTU_3715	OTU_3715
OTU_3716	Bacteria	Proteobacteria	Gammaproteobacteria	Cellvibrionales	Halieaceae	Marimicrobium	OTU_3716
OTU_3717	Bacteria	Proteobacteria	Gammaproteobacteria	Thiotrichales	Thiotrichaceae	Cocleimonas	OTU_3717
OTU_3718	Bacteria	Actinobacteriota	Actinobacteria	Micrococcales	Microbacteriaceae	OTU_3718	OTU_3718
OTU_3719	Bacteria	Bacteroidota	Bacteroidia	Flavobacteriales	OTU_3719	OTU_3719	OTU_3719
OTU_3720	Bacteria	Proteobacteria	Gammaproteobacteria	Cellvibrionales	Halieaceae	Marimicrobium	OTU_3720
OTU_3721	Bacteria	Cyanobacteria	Cyanobacteriia	Chloroplast	OTU_3721	OTU_3721	OTU_3721
OTU_3722	Bacteria	Proteobacteria	Alphaproteobacteria	SAR11 clade	Clade IV	OTU_3722	OTU_3722
OTU_3723	Bacteria	Bacteroidota	Bacteroidia	OTU_3723	OTU_3723	OTU_3723	OTU_3723
OTU_3724	Bacteria	Proteobacteria	Gammaproteobacteria	Burkholderiales	Oxalobacteraceae	Undibacterium	OTU_3724
OTU_3725	Bacteria	Bacteroidota	Bacteroidia	Flavobacteriales	Flavobacteriaceae	Hanstruepera	OTU_3725
OTU_3726	Bacteria	Proteobacteria	Alphaproteobacteria	Rhodospirillales	AEGEAN-169 marine group	OTU_3726	OTU_3726
OTU_3727	Bacteria	Proteobacteria	Alphaproteobacteria	OTU_3727	OTU_3727	OTU_3727	OTU_3727
OTU_3728	Bacteria	OTU_3728	OTU_3728	OTU_3728	OTU_3728	OTU_3728	OTU_3728
OTU_3729	Bacteria	Verrucomicrobiota	Verrucomicrobiae	Verrucomicrobiales	Rubritaleaceae	Roseibacillus	OTU_3729
OTU_3730	Bacteria	Actinobacteriota	Actinobacteria	Corynebacteriales	Nocardiaceae	Rhodococcus	OTU_3730
OTU_3731	Bacteria	Bacteroidota	Bacteroidia	Flavobacteriales	Flavobacteriaceae	OTU_3731	OTU_3731
OTU_3732	Bacteria	Proteobacteria	Alphaproteobacteria	OTU_3732	OTU_3732	OTU_3732	OTU_3732
OTU_3733	Bacteria	Bacteroidota	Bacteroidia	Flavobacteriales	Flavobacteriaceae	OTU_3733	OTU_3733
OTU_3734	Bacteria	Proteobacteria	Gammaproteobacteria	Oceanospirillales	Nitrincolaceae	OTU_3734	OTU_3734
OTU_3735	Bacteria	Proteobacteria	Alphaproteobacteria	SAR11 clade	Clade I	OTU_3735	OTU_3735
OTU_3736	Bacteria	Bacteroidota	Bacteroidia	Flavobacteriales	Flavobacteriaceae	Tenacibaculum	OTU_3736
OTU_3737	Bacteria	Bacteroidota	Bacteroidia	Flavobacteriales	Flavobacteriaceae	Aurantivirga	OTU_3737
OTU_3738	Bacteria	Proteobacteria	OTU_3738	OTU_3738	OTU_3738	OTU_3738	OTU_3738
OTU_3739	Bacteria	Proteobacteria	Gammaproteobacteria	Thiomicrospirales	Thioglobaceae	IheB2-31	OTU_3739
OTU_3740	Bacteria	Bacteroidota	Bacteroidia	Flavobacteriales	Flavobacteriaceae	Gilvibacter	OTU_3740
OTU_3741	Bacteria	Bacteroidota	Bacteroidia	Flavobacteriales	Flavobacteriaceae	OTU_3741	OTU_3741
OTU_3742	Bacteria	Actinobacteriota	Acidimicrobiia	Microtrichales	Ilumatobacteraceae	Ilumatobacter	OTU_3742
OTU_3743	Bacteria	OTU_3743	OTU_3743	OTU_3743	OTU_3743	OTU_3743	OTU_3743
OTU_3744	Bacteria	OTU_3744	OTU_3744	OTU_3744	OTU_3744	OTU_3744	OTU_3744
OTU_3745	OTU_3745	OTU_3745	OTU_3745	OTU_3745	OTU_3745	OTU_3745	OTU_3745
OTU_3746	Bacteria	Proteobacteria	Gammaproteobacteria	OTU_3746	OTU_3746	OTU_3746	OTU_3746
OTU_3747	Bacteria	Proteobacteria	Alphaproteobacteria	Rhodospirillales	Magnetospiraceae	OTU_3747	OTU_3747
OTU_3748	Bacteria	Proteobacteria	Gammaproteobacteria	SAR86 clade	OTU_3748	OTU_3748	OTU_3748
OTU_3749	Bacteria	Proteobacteria	Alphaproteobacteria	Rhodobacterales	Rhodobacteraceae	Pelagimonas	OTU_3749
OTU_3750	Bacteria	Proteobacteria	Alphaproteobacteria	Puniceispirillales	SAR116 clade	OTU_3750	OTU_3750
OTU_3751	Bacteria	Bacteroidota	Bacteroidia	Flavobacteriales	Flavobacteriaceae	OTU_3751	OTU_3751
OTU_3752	Bacteria	Proteobacteria	Alphaproteobacteria	Rhodobacterales	Rhodobacteraceae	Planktomarina	OTU_3752
OTU_3753	Bacteria	Bacteroidota	Bacteroidia	Flavobacteriales	Crocinitomicaceae	Salinirepens	OTU_3753
OTU_3754	Bacteria	Bacteroidota	Bacteroidia	Flavobacteriales	NS9 marine group	OTU_3754	OTU_3754
OTU_3755	Bacteria	Proteobacteria	Gammaproteobacteria	Cellvibrionales	Spongiibacteraceae	Sinobacterium	OTU_3755
OTU_3756	Bacteria	Proteobacteria	OTU_3756	OTU_3756	OTU_3756	OTU_3756	OTU_3756
OTU_3757	Bacteria	Gemmatimonadota	BD2-11 terrestrial group	OTU_3757	OTU_3757	OTU_3757	OTU_3757
OTU_3758	Bacteria	Bacteroidota	Bacteroidia	Sphingobacteriales	NS11-12 marine group	OTU_3758	OTU_3758
OTU_3759	Bacteria	Bacteroidota	Bacteroidia	Flavobacteriales	OTU_3759	OTU_3759	OTU_3759
OTU_3760	Bacteria	Proteobacteria	Gammaproteobacteria	Cellvibrionales	Halieaceae	OTU_3760	OTU_3760
OTU_3761	Bacteria	Bacteroidota	Bacteroidia	Flavobacteriales	Flavobacteriaceae	Ulvibacter	OTU_3761
OTU_3762	Bacteria	Bacteroidota	Bacteroidia	Flavobacteriales	Flavobacteriaceae	NS4 marine group	OTU_3762
OTU_3763	Bacteria	Proteobacteria	Alphaproteobacteria	Rhodobacterales	Rhodobacteraceae	Litorisediminivivens	OTU_3763
OTU_3764	Bacteria	Proteobacteria	Alphaproteobacteria	SAR11 clade	Clade IV	OTU_3764	OTU_3764
OTU_3765	Bacteria	Bacteroidota	Bacteroidia	Flavobacteriales	Flavobacteriaceae	OTU_3765	OTU_3765
OTU_3766	Bacteria	Bacteroidota	Bacteroidia	Flavobacteriales	Flavobacteriaceae	OTU_3766	OTU_3766
OTU_3767	Bacteria	Bacteroidota	Bacteroidia	Flavobacteriales	Flavobacteriaceae	OTU_3767	OTU_3767
OTU_3768	Bacteria	Proteobacteria	Gammaproteobacteria	Cellvibrionales	Halieaceae	OTU_3768	OTU_3768
OTU_3769	Bacteria	Proteobacteria	Gammaproteobacteria	Cellvibrionales	Halieaceae	OM60(NOR5) clade	OTU_3769
OTU_3770	Bacteria	Bacteroidota	Bacteroidia	Flavobacteriales	NS9 marine group	OTU_3770	OTU_3770
OTU_3771	Bacteria	Proteobacteria	Alphaproteobacteria	Rickettsiales	OTU_3771	OTU_3771	OTU_3771
OTU_3772	Bacteria	Proteobacteria	Alphaproteobacteria	Rhodobacterales	Rhodobacteraceae	Cognatiyoonia	OTU_3772
OTU_3773	Bacteria	Proteobacteria	Gammaproteobacteria	Cellvibrionales	Halieaceae	OTU_3773	OTU_3773
OTU_3774	Bacteria	Bacteroidota	Bacteroidia	Flavobacteriales	Flavobacteriaceae	Ichthyenterobacterium	OTU_3774
OTU_3775	Bacteria	Acidobacteriota	Blastocatellia	Blastocatellales	Blastocatellaceae	Blastocatella	OTU_3775
OTU_3776	Bacteria	Bacteroidota	Bacteroidia	Flavobacteriales	Flavobacteriaceae	OTU_3776	OTU_3776
OTU_3777	Bacteria	SAR324 clade(Marine group B)	OTU_3777	OTU_3777	OTU_3777	OTU_3777	OTU_3777
OTU_3778	Bacteria	Proteobacteria	Gammaproteobacteria	Oceanospirillales	Saccharospirillaceae	Oleispira	OTU_3778
OTU_3779	Bacteria	Proteobacteria	Alphaproteobacteria	SAR11 clade	OTU_3779	OTU_3779	OTU_3779
OTU_3780	Bacteria	Firmicutes	Bacilli	Lactobacillales	Carnobacteriaceae	Alkalibacterium	OTU_3780
OTU_3781	Bacteria	Bacteroidota	Bacteroidia	Flavobacteriales	Crocinitomicaceae	Salinirepens	OTU_3781
OTU_3782	Bacteria	OTU_3782	OTU_3782	OTU_3782	OTU_3782	OTU_3782	OTU_3782
OTU_3783	Bacteria	Actinobacteriota	Actinobacteria	PeM15	OTU_3783	OTU_3783	OTU_3783
OTU_3784	Bacteria	Proteobacteria	Gammaproteobacteria	Alteromonadales	Shewanellaceae	Shewanella	OTU_3784
OTU_3785	Bacteria	Proteobacteria	Alphaproteobacteria	SAR11 clade	Clade I	Clade Ia	OTU_3785
OTU_3786	Bacteria	Proteobacteria	Gammaproteobacteria	Xanthomonadales	Rhodanobacteraceae	Aquimonas	OTU_3786
OTU_3787	Bacteria	Verrucomicrobiota	Verrucomicrobiae	Verrucomicrobiales	OTU_3787	OTU_3787	OTU_3787
OTU_3788	Bacteria	Proteobacteria	Alphaproteobacteria	SAR11 clade	Clade I	OTU_3788	OTU_3788
OTU_3789	Bacteria	OTU_3789	OTU_3789	OTU_3789	OTU_3789	OTU_3789	OTU_3789
OTU_3790	Bacteria	OTU_3790	OTU_3790	OTU_3790	OTU_3790	OTU_3790	OTU_3790
OTU_3791	Bacteria	Bacteroidota	Bacteroidia	Flavobacteriales	Flavobacteriaceae	OTU_3791	OTU_3791
OTU_3792	Bacteria	OTU_3792	OTU_3792	OTU_3792	OTU_3792	OTU_3792	OTU_3792
OTU_3793	Bacteria	Bacteroidota	Bacteroidia	Flavobacteriales	Flavobacteriaceae	OTU_3793	OTU_3793
OTU_3794	Bacteria	Proteobacteria	Gammaproteobacteria	Pseudomonadales	Moraxellaceae	Psychrobacter	OTU_3794
OTU_3795	Bacteria	Proteobacteria	Gammaproteobacteria	Burkholderiales	Methylophilaceae	OM43 clade	OTU_3795
OTU_3796	Bacteria	Bacteroidota	Bacteroidia	Flavobacteriales	Flavobacteriaceae	NS4 marine group	OTU_3796
OTU_3797	Bacteria	Proteobacteria	Gammaproteobacteria	Thiomicrospirales	Thioglobaceae	IheB2-31	OTU_3797
OTU_3798	Bacteria	Actinobacteriota	Actinobacteria	Micrococcales	Micrococcaceae	Kocuria	OTU_3798
OTU_3799	Bacteria	Bacteroidota	Bacteroidia	Flavobacteriales	OTU_3799	OTU_3799	OTU_3799
OTU_3800	Bacteria	Bacteroidota	Bacteroidia	Sphingobacteriales	NS11-12 marine group	OTU_3800	OTU_3800
OTU_3801	Bacteria	Proteobacteria	Gammaproteobacteria	Alteromonadales	Alteromonadaceae	XY-R5	OTU_3801
OTU_3802	Bacteria	Proteobacteria	Gammaproteobacteria	Cellvibrionales	Halieaceae	OTU_3802	OTU_3802
OTU_3803	Bacteria	Proteobacteria	Gammaproteobacteria	OTU_3803	OTU_3803	OTU_3803	OTU_3803
OTU_3804	Bacteria	Proteobacteria	Gammaproteobacteria	Thiomicrospirales	Thioglobaceae	IheB2-31	OTU_3804
OTU_3805	Bacteria	Bacteroidota	Bacteroidia	Flavobacteriales	Flavobacteriaceae	OTU_3805	OTU_3805
OTU_3806	Bacteria	Bacteroidota	Bacteroidia	Flavobacteriales	Flavobacteriaceae	Formosa	OTU_3806
OTU_3807	Bacteria	Proteobacteria	Gammaproteobacteria	SAR86 clade	OTU_3807	OTU_3807	OTU_3807
OTU_3808	Bacteria	Bacteroidota	Bacteroidia	Flavobacteriales	Flavobacteriaceae	Lutibacter	OTU_3808
OTU_3809	Bacteria	Proteobacteria	Alphaproteobacteria	Rhodobacterales	Rhodobacteraceae	Cognatiyoonia	OTU_3809
OTU_3810	Bacteria	Proteobacteria	Alphaproteobacteria	Rhodobacterales	Rhodobacteraceae	OTU_3810	OTU_3810
OTU_3811	Bacteria	Actinobacteriota	OTU_3811	OTU_3811	OTU_3811	OTU_3811	OTU_3811
OTU_3812	Bacteria	Proteobacteria	Gammaproteobacteria	Enterobacterales	OTU_3812	OTU_3812	OTU_3812
OTU_3813	Bacteria	Proteobacteria	Gammaproteobacteria	Oceanospirillales	Pseudohongiellaceae	Pseudohongiella	OTU_3813
OTU_3814	Bacteria	Bacteroidota	Bacteroidia	Flavobacteriales	NS9 marine group	OTU_3814	OTU_3814
OTU_3815	Bacteria	Proteobacteria	Alphaproteobacteria	Rhodobacterales	Rhodobacteraceae	Planktomarina	OTU_3815
OTU_3816	Bacteria	Verrucomicrobiota	Verrucomicrobiae	Verrucomicrobiales	Rubritaleaceae	Roseibacillus	OTU_3816
OTU_3817	Bacteria	Bdellovibrionota	Bdellovibrionia	Bacteriovoracales	Bacteriovoracaceae	Peredibacter	OTU_3817
OTU_3818	Bacteria	Proteobacteria	Gammaproteobacteria	Thiomicrospirales	Thioglobaceae	SUP05 cluster	OTU_3818
OTU_3819	Bacteria	Proteobacteria	Gammaproteobacteria	Thiotrichales	Thiotrichaceae	Leucothrix	OTU_3819
OTU_3820	Bacteria	Proteobacteria	Alphaproteobacteria	Rhodobacterales	Rhodobacteraceae	OTU_3820	OTU_3820
OTU_3821	Bacteria	Bacteroidota	Bacteroidia	Cytophagales	Cyclobacteriaceae	Marinoscillum	OTU_3821
OTU_3822	Bacteria	Proteobacteria	Gammaproteobacteria	Oceanospirillales	Nitrincolaceae	OTU_3822	OTU_3822
OTU_3823	Bacteria	Proteobacteria	Gammaproteobacteria	Vibrionales	Vibrionaceae	Candidatus Photodesmus	OTU_3823
OTU_3824	Bacteria	Proteobacteria	Alphaproteobacteria	Kordiimonadales	OTU_3824	OTU_3824	OTU_3824
OTU_3825	Bacteria	Proteobacteria	Gammaproteobacteria	OTU_3825	OTU_3825	OTU_3825	OTU_3825
OTU_3826	Bacteria	Proteobacteria	Alphaproteobacteria	Rhodobacterales	Rhodobacteraceae	OTU_3826	OTU_3826
OTU_3827	Bacteria	Proteobacteria	Gammaproteobacteria	Pseudomonadales	Pseudomonadaceae	Pseudomonas	OTU_3827
OTU_3828	Bacteria	Bacteroidota	Bacteroidia	Flavobacteriales	Flavobacteriaceae	Polaribacter	OTU_3828
OTU_3829	Bacteria	Verrucomicrobiota	Verrucomicrobiae	Verrucomicrobiales	Rubritaleaceae	Roseibacillus	OTU_3829
OTU_3830	Bacteria	OTU_3830	OTU_3830	OTU_3830	OTU_3830	OTU_3830	OTU_3830
OTU_3831	Bacteria	Proteobacteria	Gammaproteobacteria	OTU_3831	OTU_3831	OTU_3831	OTU_3831
OTU_3832	Bacteria	Bacteroidota	Bacteroidia	Flavobacteriales	Flavobacteriaceae	Changchengzhania	OTU_3832
OTU_3833	Bacteria	Firmicutes	Negativicutes	Veillonellales-Selenomonadales	Selenomonadaceae	Selenomonas	OTU_3833
OTU_3834	Bacteria	Proteobacteria	Alphaproteobacteria	SAR11 clade	Clade I	Clade Ia	OTU_3834
OTU_3835	Bacteria	Campilobacterota	Campylobacteria	Campylobacterales	Arcobacteraceae	OTU_3835	OTU_3835
OTU_3836	Bacteria	Proteobacteria	Alphaproteobacteria	Rhodospirillales	AEGEAN-169 marine group	OTU_3836	OTU_3836
OTU_3837	Bacteria	Bacteroidota	Bacteroidia	Flavobacteriales	Flavobacteriaceae	OTU_3837	OTU_3837
OTU_3838	Bacteria	Proteobacteria	Alphaproteobacteria	Rhodospirillales	Magnetospiraceae	OTU_3838	OTU_3838
OTU_3839	Bacteria	Cyanobacteria	Cyanobacteriia	Chloroplast	OTU_3839	OTU_3839	OTU_3839
OTU_3840	Bacteria	Planctomycetota	Phycisphaerae	Phycisphaerales	Phycisphaeraceae	CL500-3	OTU_3840
OTU_3841	Bacteria	Verrucomicrobiota	Chlamydiae	Chlamydiales	OTU_3841	OTU_3841	OTU_3841
OTU_3842	Bacteria	Bacteroidota	Bacteroidia	Flavobacteriales	NS9 marine group	OTU_3842	OTU_3842
OTU_3843	Bacteria	Proteobacteria	Gammaproteobacteria	Cellvibrionales	Cellvibrionaceae	Maricurvus	OTU_3843
OTU_3844	Bacteria	Proteobacteria	Alphaproteobacteria	Rhodobacterales	Rhodobacteraceae	Litoreibacter	OTU_3844
OTU_3845	Bacteria	Bdellovibrionota	Bdellovibrionia	Bdellovibrionales	Bdellovibrionaceae	OM27 clade	OTU_3845
OTU_3846	Bacteria	Proteobacteria	Gammaproteobacteria	SAR86 clade	OTU_3846	OTU_3846	OTU_3846
OTU_3847	Bacteria	Bacteroidota	Bacteroidia	Flavobacteriales	Flavobacteriaceae	Flavimarina	OTU_3847
OTU_3848	Bacteria	Proteobacteria	Gammaproteobacteria	Alteromonadales	Alteromonadaceae	Salinimonas	OTU_3848
OTU_3849	Bacteria	Proteobacteria	Alphaproteobacteria	SAR11 clade	Clade IV	OTU_3849	OTU_3849
OTU_3850	Bacteria	Proteobacteria	Gammaproteobacteria	OTU_3850	OTU_3850	OTU_3850	OTU_3850
OTU_3851	Bacteria	Proteobacteria	Gammaproteobacteria	Alteromonadales	Psychromonadaceae	Psychromonas	OTU_3851
OTU_3852	Bacteria	Actinobacteriota	Acidimicrobiia	Microtrichales	Ilumatobacteraceae	Ilumatobacter	OTU_3852
OTU_3853	Bacteria	Bacteroidota	Bacteroidia	Flavobacteriales	OTU_3853	OTU_3853	OTU_3853
OTU_3854	Bacteria	Proteobacteria	Gammaproteobacteria	Cellvibrionales	Halieaceae	Marimicrobium	OTU_3854
OTU_3855	Bacteria	Proteobacteria	Alphaproteobacteria	Rhodobacterales	Rhodobacteraceae	OTU_3855	OTU_3855
OTU_3856	Bacteria	Proteobacteria	Gammaproteobacteria	Cellvibrionales	Halieaceae	OM60(NOR5) clade	OTU_3856
OTU_3857	Bacteria	Proteobacteria	Alphaproteobacteria	Rhodobacterales	Rhodobacteraceae	OTU_3857	OTU_3857
OTU_3858	Bacteria	Verrucomicrobiota	Verrucomicrobiae	Verrucomicrobiales	Rubritaleaceae	Rubritalea	OTU_3858
OTU_3859	Bacteria	Proteobacteria	Gammaproteobacteria	Oceanospirillales	Nitrincolaceae	OTU_3859	OTU_3859
OTU_3860	Bacteria	Proteobacteria	Alphaproteobacteria	OTU_3860	OTU_3860	OTU_3860	OTU_3860
OTU_3861	Bacteria	Bdellovibrionota	Bdellovibrionia	Bacteriovoracales	Bacteriovoracaceae	Peredibacter	OTU_3861
OTU_3862	Bacteria	Proteobacteria	Gammaproteobacteria	Cellvibrionales	Spongiibacteraceae	Sinobacterium	OTU_3862
OTU_3863	Bacteria	Proteobacteria	Gammaproteobacteria	Alteromonadales	Shewanellaceae	Shewanella	OTU_3863
OTU_3864	Bacteria	Planctomycetota	Planctomycetes	Planctomycetales	Gimesiaceae	Gimesia	maris
OTU_3865	Bacteria	Bacteroidota	Bacteroidia	Flavobacteriales	NS9 marine group	OTU_3865	OTU_3865
OTU_3866	Bacteria	Bacteroidota	Bacteroidia	Flavobacteriales	Cryomorphaceae	NS10 marine group	OTU_3866
OTU_3867	Bacteria	Proteobacteria	Gammaproteobacteria	Burkholderiales	Methylophilaceae	OM43 clade	OTU_3867
OTU_3868	Bacteria	Proteobacteria	Gammaproteobacteria	Alteromonadales	Colwelliaceae	Thalassotalea	OTU_3868
OTU_3869	Bacteria	Proteobacteria	Gammaproteobacteria	Cellvibrionales	Halieaceae	OTU_3869	OTU_3869
OTU_3870	Bacteria	Proteobacteria	Gammaproteobacteria	Cellvibrionales	Spongiibacteraceae	OTU_3870	OTU_3870
OTU_3871	Bacteria	Proteobacteria	Alphaproteobacteria	SAR11 clade	Clade I	OTU_3871	OTU_3871
OTU_3872	Bacteria	Proteobacteria	Gammaproteobacteria	Thiomicrospirales	Thioglobaceae	IheB2-31	OTU_3872
OTU_3873	Bacteria	Proteobacteria	Gammaproteobacteria	Cellvibrionales	Halieaceae	OM60(NOR5) clade	OTU_3873
OTU_3874	Bacteria	Proteobacteria	Gammaproteobacteria	Oceanospirillales	Saccharospirillaceae	OTU_3874	OTU_3874
OTU_3875	Bacteria	Proteobacteria	Alphaproteobacteria	Rhodobacterales	Rhodobacteraceae	Albimonas	OTU_3875
OTU_3876	Bacteria	Proteobacteria	Alphaproteobacteria	Defluviicoccales	OTU_3876	OTU_3876	OTU_3876
OTU_3877	Bacteria	Proteobacteria	Alphaproteobacteria	Rhodobacterales	Rhodobacteraceae	OTU_3877	OTU_3877
OTU_3878	Bacteria	Bacteroidota	Bacteroidia	Flavobacteriales	Flavobacteriaceae	Polaribacter	OTU_3878
OTU_3879	Bacteria	Bacteroidota	Bacteroidia	Flavobacteriales	Flavobacteriaceae	Pseudofulvibacter	OTU_3879
OTU_3880	Bacteria	Proteobacteria	Alphaproteobacteria	SAR11 clade	OTU_3880	OTU_3880	OTU_3880
OTU_3881	Bacteria	Armatimonadota	Armatimonadia	Armatimonadales	Armatimonadaceae	Armatimonas	OTU_3881
OTU_3882	Bacteria	OTU_3882	OTU_3882	OTU_3882	OTU_3882	OTU_3882	OTU_3882
OTU_3883	Bacteria	Proteobacteria	Gammaproteobacteria	OM182 clade	OTU_3883	OTU_3883	OTU_3883
OTU_3884	Bacteria	Proteobacteria	Gammaproteobacteria	Cellvibrionales	Halieaceae	OTU_3884	OTU_3884
OTU_3885	Bacteria	Proteobacteria	Gammaproteobacteria	Alteromonadales	Colwelliaceae	Litorilituus	OTU_3885
OTU_3886	Bacteria	Proteobacteria	Gammaproteobacteria	Cellvibrionales	Porticoccaceae	Porticoccus	OTU_3886
OTU_3887	Bacteria	Proteobacteria	Alphaproteobacteria	OTU_3887	OTU_3887	OTU_3887	OTU_3887
OTU_3888	Bacteria	Proteobacteria	Alphaproteobacteria	Kordiimonadales	OTU_3888	OTU_3888	OTU_3888
OTU_3889	Bacteria	Proteobacteria	Gammaproteobacteria	Enterobacterales	Enterobacteriaceae	Aquamonas	OTU_3889
OTU_3890	Bacteria	Bacteroidota	Bacteroidia	Flavobacteriales	Flavobacteriaceae	OTU_3890	OTU_3890
OTU_3891	Bacteria	Proteobacteria	Gammaproteobacteria	SAR86 clade	OTU_3891	OTU_3891	OTU_3891
OTU_3892	Bacteria	Proteobacteria	Gammaproteobacteria	Oceanospirillales	Nitrincolaceae	OTU_3892	OTU_3892
OTU_3893	Bacteria	Actinobacteriota	Actinobacteria	Micrococcales	Microbacteriaceae	SV1-3	OTU_3893
OTU_3894	Bacteria	Proteobacteria	Alphaproteobacteria	SAR11 clade	Clade I	Clade Ia	OTU_3894
OTU_3895	Bacteria	Proteobacteria	Gammaproteobacteria	Alteromonadales	Alteromonadaceae	Alteromonas	OTU_3895
OTU_3896	Bacteria	Proteobacteria	Gammaproteobacteria	OTU_3896	OTU_3896	OTU_3896	OTU_3896
OTU_3897	Bacteria	Proteobacteria	Gammaproteobacteria	Burkholderiales	Methylophilaceae	OM43 clade	OTU_3897
OTU_3898	Bacteria	Proteobacteria	Alphaproteobacteria	SAR11 clade	OTU_3898	OTU_3898	OTU_3898
OTU_3899	Bacteria	Proteobacteria	Gammaproteobacteria	Cellvibrionales	Halieaceae	OTU_3899	OTU_3899
OTU_3900	Bacteria	Proteobacteria	Alphaproteobacteria	SAR11 clade	Clade I	OTU_3900	OTU_3900
OTU_3901	Bacteria	Proteobacteria	Gammaproteobacteria	OTU_3901	OTU_3901	OTU_3901	OTU_3901
OTU_3902	Bacteria	Bacteroidota	Bacteroidia	Flavobacteriales	Flavobacteriaceae	Aurantivirga	OTU_3902
OTU_3903	Bacteria	Bacteroidota	Bacteroidia	Flavobacteriales	OTU_3903	OTU_3903	OTU_3903
OTU_3904	Bacteria	Proteobacteria	Gammaproteobacteria	OTU_3904	OTU_3904	OTU_3904	OTU_3904
OTU_3905	Bacteria	Proteobacteria	Gammaproteobacteria	Cellvibrionales	Halieaceae	Luminiphilus	OTU_3905
OTU_3906	Bacteria	Proteobacteria	Gammaproteobacteria	SAR86 clade	OTU_3906	OTU_3906	OTU_3906
OTU_3907	Bacteria	Proteobacteria	Alphaproteobacteria	Rhodobacterales	Rhodobacteraceae	OTU_3907	OTU_3907
OTU_3908	Bacteria	Bacteroidota	Bacteroidia	Flavobacteriales	Flavobacteriaceae	Flavobacterium	OTU_3908
OTU_3909	Bacteria	Bacteroidota	Bacteroidia	Flavobacteriales	Flavobacteriaceae	NS2b marine group	OTU_3909
OTU_3910	Bacteria	Bacteroidota	Bacteroidia	Flavobacteriales	Cryomorphaceae	OTU_3910	OTU_3910
OTU_3911	Bacteria	Nitrospinota	Nitrospinia	Nitrospinales	Nitrospinaceae	Nitrospina	OTU_3911
OTU_3912	Bacteria	Proteobacteria	Alphaproteobacteria	Rhodobacterales	Rhodobacteraceae	OTU_3912	OTU_3912
OTU_3913	Bacteria	Proteobacteria	Gammaproteobacteria	Nitrosococcales	Methylophagaceae	OTU_3913	OTU_3913
OTU_3914	Bacteria	Firmicutes	Bacilli	Bacillales	Bacillaceae	OTU_3914	OTU_3914
OTU_3915	Bacteria	SAR324 clade(Marine group B)	OTU_3915	OTU_3915	OTU_3915	OTU_3915	OTU_3915
OTU_3916	Bacteria	Bacteroidota	Bacteroidia	Flavobacteriales	Flavobacteriaceae	NS4 marine group	OTU_3916
OTU_3917	Bacteria	Bacteroidota	Bacteroidia	Flavobacteriales	Flavobacteriaceae	OTU_3917	OTU_3917
OTU_3918	Bacteria	Bacteroidota	Bacteroidia	Flavobacteriales	Flavobacteriaceae	OTU_3918	OTU_3918
OTU_3919	Bacteria	OTU_3919	OTU_3919	OTU_3919	OTU_3919	OTU_3919	OTU_3919
OTU_3920	Bacteria	Bacteroidota	Bacteroidia	Flavobacteriales	NS9 marine group	OTU_3920	OTU_3920
OTU_3921	Bacteria	Proteobacteria	Gammaproteobacteria	Oceanospirillales	Nitrincolaceae	OTU_3921	OTU_3921
OTU_3922	Bacteria	Cyanobacteria	Cyanobacteriia	Chloroplast	OTU_3922	OTU_3922	OTU_3922
OTU_3923	Bacteria	Bacteroidota	Bacteroidia	Flavobacteriales	Flavobacteriaceae	OTU_3923	OTU_3923
OTU_3924	Bacteria	Proteobacteria	Gammaproteobacteria	Alteromonadales	Colwelliaceae	OTU_3924	OTU_3924
OTU_3925	Bacteria	Bacteroidota	Bacteroidia	Flavobacteriales	Flavobacteriaceae	Polaribacter	OTU_3925
OTU_3926	Bacteria	Cyanobacteria	Cyanobacteriia	Synechococcales	Cyanobiaceae	OTU_3926	OTU_3926
OTU_3927	Bacteria	Bacteroidota	Bacteroidia	Flavobacteriales	Flavobacteriaceae	OTU_3927	OTU_3927
OTU_3928	Bacteria	Bacteroidota	Bacteroidia	Flavobacteriales	Flavobacteriaceae	NS4 marine group	OTU_3928
OTU_3929	Bacteria	Proteobacteria	Alphaproteobacteria	Rhodospirillales	AEGEAN-169 marine group	OTU_3929	OTU_3929
OTU_3930	Bacteria	Proteobacteria	Alphaproteobacteria	SAR11 clade	Clade II	OTU_3930	OTU_3930
OTU_3931	Bacteria	Proteobacteria	Alphaproteobacteria	Rhodobacterales	Rhodobacteraceae	Cognatiyoonia	OTU_3931
OTU_3932	Bacteria	Proteobacteria	Alphaproteobacteria	Rhodobacterales	Rhodobacteraceae	OTU_3932	OTU_3932
OTU_3933	Bacteria	Patescibacteria	Saccharimonadia	Saccharimonadales	OTU_3933	OTU_3933	OTU_3933
OTU_3934	Bacteria	Proteobacteria	Alphaproteobacteria	Caulobacterales	Hyphomonadaceae	OTU_3934	OTU_3934
OTU_3935	Bacteria	Verrucomicrobiota	Verrucomicrobiae	Opitutales	Puniceicoccaceae	Lentimonas	OTU_3935
OTU_3936	Bacteria	Firmicutes	Clostridia	Oscillospirales	Oscillospiraceae	Oscillibacter	OTU_3936
OTU_3937	Bacteria	Actinobacteriota	Actinobacteria	Micrococcales	Micrococcaceae	Renibacterium	OTU_3937
OTU_3938	Bacteria	Actinobacteriota	Actinobacteria	OTU_3938	OTU_3938	OTU_3938	OTU_3938
OTU_3939	Bacteria	Proteobacteria	Gammaproteobacteria	OM182 clade	OTU_3939	OTU_3939	OTU_3939
OTU_3940	Bacteria	Bacteroidota	Bacteroidia	Flavobacteriales	NS9 marine group	OTU_3940	OTU_3940
OTU_3941	Bacteria	Proteobacteria	Gammaproteobacteria	Oceanospirillales	Nitrincolaceae	OTU_3941	OTU_3941
OTU_3942	Bacteria	Bacteroidota	Bacteroidia	Flavobacteriales	Flavobacteriaceae	Aurantivirga	OTU_3942
OTU_3943	Bacteria	Bacteroidota	Bacteroidia	Flavobacteriales	Flavobacteriaceae	NS4 marine group	OTU_3943
OTU_3944	Bacteria	Bacteroidota	Bacteroidia	Flavobacteriales	Crocinitomicaceae	Crocinitomix	OTU_3944
OTU_3945	Bacteria	OTU_3945	OTU_3945	OTU_3945	OTU_3945	OTU_3945	OTU_3945
OTU_3946	Bacteria	Proteobacteria	Gammaproteobacteria	Alteromonadales	Pseudoalteromonadaceae	Pseudoalteromonas	OTU_3946
OTU_3947	Bacteria	Verrucomicrobiota	Verrucomicrobiae	Verrucomicrobiales	Rubritaleaceae	Roseibacillus	OTU_3947
OTU_3948	Bacteria	Proteobacteria	Gammaproteobacteria	Burkholderiales	OTU_3948	OTU_3948	OTU_3948
OTU_3949	Bacteria	Bacteroidota	Bacteroidia	OTU_3949	OTU_3949	OTU_3949	OTU_3949
OTU_3950	Bacteria	Proteobacteria	Alphaproteobacteria	OTU_3950	OTU_3950	OTU_3950	OTU_3950
OTU_3951	Bacteria	Bacteroidota	Bacteroidia	Flavobacteriales	Flavobacteriaceae	Aurantivirga	OTU_3951
OTU_3952	Bacteria	Proteobacteria	Alphaproteobacteria	Rhodobacterales	Rhodobacteraceae	Cognatiyoonia	OTU_3952
OTU_3953	Bacteria	Proteobacteria	Alphaproteobacteria	SAR11 clade	OTU_3953	OTU_3953	OTU_3953
OTU_3954	Bacteria	Firmicutes	Bacilli	Bacillales	Planococcaceae	Planococcus	OTU_3954
OTU_3955	Bacteria	Proteobacteria	Gammaproteobacteria	Thiomicrospirales	Thioglobaceae	IheB2-31	OTU_3955
OTU_3956	Bacteria	Proteobacteria	Alphaproteobacteria	Rhodobacterales	Rhodobacteraceae	OTU_3956	OTU_3956
OTU_3957	Bacteria	Proteobacteria	Alphaproteobacteria	Rhodobacterales	Rhodobacteraceae	OTU_3957	OTU_3957
OTU_3958	Bacteria	Proteobacteria	Alphaproteobacteria	Rhodobacterales	Rhodobacteraceae	OTU_3958	OTU_3958
OTU_3959	Bacteria	Proteobacteria	Gammaproteobacteria	OTU_3959	OTU_3959	OTU_3959	OTU_3959
OTU_3960	Bacteria	Proteobacteria	Alphaproteobacteria	Rhodobacterales	Rhodobacteraceae	OTU_3960	OTU_3960
OTU_3961	Bacteria	Proteobacteria	Alphaproteobacteria	OTU_3961	OTU_3961	OTU_3961	OTU_3961
OTU_3962	Bacteria	Proteobacteria	Gammaproteobacteria	Burkholderiales	Oxalobacteraceae	Herminiimonas	OTU_3962
OTU_3963	Bacteria	Bacteroidota	Bacteroidia	Flavobacteriales	Cryomorphaceae	NS10 marine group	OTU_3963
OTU_3964	Bacteria	Proteobacteria	Gammaproteobacteria	SAR86 clade	OTU_3964	OTU_3964	OTU_3964
OTU_3965	Bacteria	Cyanobacteria	Cyanobacteriia	Chloroplast	OTU_3965	OTU_3965	OTU_3965
OTU_3966	Bacteria	Proteobacteria	Alphaproteobacteria	Rhodospirillales	AEGEAN-169 marine group	OTU_3966	OTU_3966
OTU_3967	Bacteria	Proteobacteria	Gammaproteobacteria	OTU_3967	OTU_3967	OTU_3967	OTU_3967
OTU_3968	Bacteria	Bacteroidota	Bacteroidia	Flavobacteriales	Flavobacteriaceae	OTU_3968	OTU_3968
OTU_3969	Bacteria	Bacteroidota	Bacteroidia	Flavobacteriales	OTU_3969	OTU_3969	OTU_3969
OTU_3970	Bacteria	Proteobacteria	Alphaproteobacteria	Parvibaculales	OCS116 clade	OTU_3970	OTU_3970
OTU_3971	Bacteria	Proteobacteria	Alphaproteobacteria	Rhodobacterales	Rhodobacteraceae	OTU_3971	OTU_3971
OTU_3972	Bacteria	Bacteroidota	Bacteroidia	Flavobacteriales	Flavobacteriaceae	OTU_3972	OTU_3972
OTU_3973	Bacteria	Proteobacteria	Gammaproteobacteria	Burkholderiales	Comamonadaceae	OTU_3973	OTU_3973
OTU_3974	Bacteria	Proteobacteria	Alphaproteobacteria	Rhodobacterales	Rhodobacteraceae	OTU_3974	OTU_3974
OTU_3975	Bacteria	Bacteroidota	Bacteroidia	Flavobacteriales	Crocinitomicaceae	Fluviicola	OTU_3975
OTU_3976	Bacteria	Bacteroidota	Bacteroidia	Flavobacteriales	Crocinitomicaceae	OTU_3976	OTU_3976
OTU_3977	Bacteria	Bacteroidota	Bacteroidia	Flavobacteriales	Flavobacteriaceae	Aureimarina	OTU_3977
OTU_3978	Bacteria	Proteobacteria	Gammaproteobacteria	Burkholderiales	OTU_3978	OTU_3978	OTU_3978
OTU_3979	Bacteria	Bacteroidota	Bacteroidia	OTU_3979	OTU_3979	OTU_3979	OTU_3979
OTU_3980	Bacteria	Proteobacteria	Gammaproteobacteria	Oceanospirillales	OTU_3980	OTU_3980	OTU_3980
OTU_3981	Bacteria	Proteobacteria	Gammaproteobacteria	Nitrosococcales	Methylophagaceae	OTU_3981	OTU_3981
OTU_3982	Bacteria	Proteobacteria	Gammaproteobacteria	Alteromonadales	Pseudoalteromonadaceae	Pseudoalteromonas	OTU_3982
OTU_3983	Bacteria	Cyanobacteria	Cyanobacteriia	Chloroplast	OTU_3983	OTU_3983	OTU_3983
OTU_3984	Bacteria	OTU_3984	OTU_3984	OTU_3984	OTU_3984	OTU_3984	OTU_3984
OTU_3985	Bacteria	Bacteroidota	Bacteroidia	Flavobacteriales	Flavobacteriaceae	Changchengzhania	OTU_3985
OTU_3986	Bacteria	Myxococcota	Polyangia	Polyangiales	BIrii41	OTU_3986	OTU_3986
OTU_3987	Bacteria	Bacteroidota	Bacteroidia	Flavobacteriales	Flavobacteriaceae	OTU_3987	OTU_3987
OTU_3988	Bacteria	Bacteroidota	Bacteroidia	Flavobacteriales	Flavobacteriaceae	OTU_3988	OTU_3988
OTU_3989	Bacteria	Bacteroidota	Bacteroidia	Flavobacteriales	NS9 marine group	OTU_3989	OTU_3989
OTU_3990	Bacteria	Proteobacteria	Gammaproteobacteria	SAR86 clade	OTU_3990	OTU_3990	OTU_3990
OTU_3991	Bacteria	Bacteroidota	Bacteroidia	OTU_3991	OTU_3991	OTU_3991	OTU_3991
OTU_3992	Bacteria	Proteobacteria	Gammaproteobacteria	Cellvibrionales	Porticoccaceae	SAR92 clade	OTU_3992
OTU_3993	Bacteria	Verrucomicrobiota	Verrucomicrobiae	Verrucomicrobiales	OTU_3993	OTU_3993	OTU_3993
OTU_3994	Bacteria	Bacteroidota	Bacteroidia	Flavobacteriales	NS9 marine group	OTU_3994	OTU_3994
OTU_3995	Bacteria	Proteobacteria	Alphaproteobacteria	Puniceispirillales	SAR116 clade	OTU_3995	OTU_3995
OTU_3996	Bacteria	Bacteroidota	Bacteroidia	Flavobacteriales	Flavobacteriaceae	Aurantivirga	OTU_3996
OTU_3997	Bacteria	Verrucomicrobiota	Verrucomicrobiae	Verrucomicrobiales	Rubritaleaceae	Roseibacillus	OTU_3997
OTU_3998	Bacteria	Bacteroidota	Bacteroidia	Flavobacteriales	Flavobacteriaceae	Aurantivirga	OTU_3998
OTU_3999	Bacteria	Proteobacteria	Alphaproteobacteria	SAR11 clade	Clade I	Clade Ia	OTU_3999
OTU_4000	Bacteria	OTU_4000	OTU_4000	OTU_4000	OTU_4000	OTU_4000	OTU_4000
OTU_4001	Bacteria	Bacteroidota	Bacteroidia	Flavobacteriales	Flavobacteriaceae	NS5 marine group	OTU_4001
OTU_4002	Bacteria	Proteobacteria	Alphaproteobacteria	SAR11 clade	OTU_4002	OTU_4002	OTU_4002
OTU_4003	Bacteria	Bacteroidota	Bacteroidia	Flavobacteriales	Crocinitomicaceae	Fluviicola	OTU_4003
OTU_4004	Bacteria	Proteobacteria	Gammaproteobacteria	Cellvibrionales	Halieaceae	Marimicrobium	OTU_4004
OTU_4005	Bacteria	Actinobacteriota	Thermoleophilia	OTU_4005	OTU_4005	OTU_4005	OTU_4005
OTU_4006	Bacteria	Proteobacteria	Gammaproteobacteria	Cellvibrionales	Halieaceae	Marimicrobium	OTU_4006
OTU_4007	Bacteria	Bacteroidota	Bacteroidia	Flavobacteriales	Crocinitomicaceae	Salinirepens	OTU_4007
OTU_4008	Bacteria	Actinobacteriota	Actinobacteria	OTU_4008	OTU_4008	OTU_4008	OTU_4008
OTU_4009	Bacteria	Proteobacteria	Alphaproteobacteria	SAR11 clade	OTU_4009	OTU_4009	OTU_4009
OTU_4010	Bacteria	Actinobacteriota	Actinobacteria	Micrococcales	Microbacteriaceae	OTU_4010	OTU_4010
OTU_4011	Bacteria	Patescibacteria	Gracilibacteria	JGI 0000069-P22	OTU_4011	OTU_4011	OTU_4011
OTU_4012	Bacteria	Proteobacteria	Gammaproteobacteria	OTU_4012	OTU_4012	OTU_4012	OTU_4012
OTU_4013	Bacteria	Proteobacteria	Gammaproteobacteria	OTU_4013	OTU_4013	OTU_4013	OTU_4013
OTU_4014	Bacteria	Proteobacteria	Gammaproteobacteria	Cellvibrionales	Halieaceae	OTU_4014	OTU_4014
OTU_4015	Bacteria	Proteobacteria	Gammaproteobacteria	Thiomicrospirales	Thioglobaceae	IheB2-31	OTU_4015
OTU_4016	Bacteria	Proteobacteria	Alphaproteobacteria	Rhodobacterales	Rhodobacteraceae	OTU_4016	OTU_4016
OTU_4017	Bacteria	Fusobacteriota	Fusobacteriia	Fusobacteriales	Fusobacteriaceae	OTU_4017	OTU_4017
OTU_4018	Bacteria	Cyanobacteria	Cyanobacteriia	Chloroplast	OTU_4018	OTU_4018	OTU_4018
OTU_4019	Bacteria	Proteobacteria	Gammaproteobacteria	Thiomicrospirales	Thioglobaceae	IheB2-31	OTU_4019
OTU_4020	Bacteria	Bacteroidota	Bacteroidia	Flavobacteriales	Flavobacteriaceae	OTU_4020	OTU_4020
OTU_4021	Bacteria	Planctomycetota	Planctomycetes	Pirellulales	Pirellulaceae	OTU_4021	OTU_4021
OTU_4022	Bacteria	Proteobacteria	Alphaproteobacteria	SAR11 clade	OTU_4022	OTU_4022	OTU_4022
OTU_4023	Bacteria	Proteobacteria	Gammaproteobacteria	Alteromonadales	Pseudoalteromonadaceae	Pseudoalteromonas	OTU_4023
OTU_4024	Bacteria	Proteobacteria	Alphaproteobacteria	SAR11 clade	Clade III	OTU_4024	OTU_4024
OTU_4025	Bacteria	Proteobacteria	Gammaproteobacteria	Oceanospirillales	Saccharospirillaceae	OTU_4025	OTU_4025
OTU_4026	Bacteria	Bacteroidota	Bacteroidia	Flavobacteriales	Flavobacteriaceae	OTU_4026	OTU_4026
OTU_4027	Bacteria	Bacteroidota	Bacteroidia	Flavobacteriales	Flavobacteriaceae	OTU_4027	OTU_4027
OTU_4028	Bacteria	Bacteroidota	Bacteroidia	Cytophagales	Cyclobacteriaceae	Marinoscillum	OTU_4028
OTU_4029	Bacteria	Proteobacteria	Alphaproteobacteria	Thalassobaculales	Nisaeaceae	OM75 clade	OTU_4029
OTU_4030	Bacteria	Proteobacteria	Gammaproteobacteria	Burkholderiales	Methylophilaceae	Methylotenera	OTU_4030
OTU_4031	Bacteria	Actinobacteriota	Actinobacteria	Propionibacteriales	Propionibacteriaceae	Friedmanniella	OTU_4031
OTU_4032	Bacteria	Proteobacteria	Gammaproteobacteria	Burkholderiales	OTU_4032	OTU_4032	OTU_4032
OTU_4033	Bacteria	Bacteroidota	Bacteroidia	Sphingobacteriales	NS11-12 marine group	OTU_4033	OTU_4033
OTU_4034	Bacteria	Proteobacteria	Gammaproteobacteria	Alteromonadales	Pseudoalteromonadaceae	Pseudoalteromonas	OTU_4034
OTU_4035	Bacteria	Bacteroidota	Bacteroidia	Flavobacteriales	NS9 marine group	OTU_4035	OTU_4035
OTU_4036	Bacteria	Proteobacteria	Gammaproteobacteria	Alteromonadales	Alteromonadaceae	Pseudobowmanella	OTU_4036
OTU_4037	Bacteria	Proteobacteria	Gammaproteobacteria	Thiotrichales	Thiotrichaceae	OTU_4037	OTU_4037
OTU_4038	Bacteria	Bacteroidota	Bacteroidia	Flavobacteriales	Flavobacteriaceae	Aurantivirga	OTU_4038
OTU_4039	Bacteria	Bacteroidota	Bacteroidia	Flavobacteriales	Flavobacteriaceae	OTU_4039	OTU_4039
OTU_4040	Bacteria	Proteobacteria	Alphaproteobacteria	Rhodobacterales	Rhodobacteraceae	Pelagimonas	OTU_4040
OTU_4041	Bacteria	Proteobacteria	Alphaproteobacteria	Rhodobacterales	Rhodobacteraceae	OTU_4041	OTU_4041
OTU_4042	Bacteria	Actinobacteriota	Actinobacteria	Micrococcales	Microbacteriaceae	OTU_4042	OTU_4042
OTU_4043	Bacteria	Proteobacteria	Gammaproteobacteria	Alteromonadales	Pseudoalteromonadaceae	Pseudoalteromonas	OTU_4043
OTU_4044	Bacteria	Proteobacteria	Gammaproteobacteria	OTU_4044	OTU_4044	OTU_4044	OTU_4044
OTU_4045	Bacteria	Bacteroidota	Bacteroidia	Flavobacteriales	Flavobacteriaceae	OTU_4045	OTU_4045
OTU_4046	Bacteria	Bacteroidota	Bacteroidia	Flavobacteriales	Flavobacteriaceae	OTU_4046	OTU_4046
OTU_4047	Bacteria	Bacteroidota	Bacteroidia	Flavobacteriales	OTU_4047	OTU_4047	OTU_4047
OTU_4048	Bacteria	Firmicutes	Bacilli	Bacillales	Bacillaceae	Anoxybacillus	OTU_4048
OTU_4049	Bacteria	Proteobacteria	Gammaproteobacteria	OTU_4049	OTU_4049	OTU_4049	OTU_4049
OTU_4050	Bacteria	Proteobacteria	Alphaproteobacteria	SAR11 clade	OTU_4050	OTU_4050	OTU_4050
OTU_4051	Bacteria	Actinobacteriota	Actinobacteria	Micrococcales	Microbacteriaceae	SV1-3	OTU_4051
OTU_4052	Bacteria	Proteobacteria	Alphaproteobacteria	Rhizobiales	Rhizobiaceae	OTU_4052	OTU_4052
OTU_4053	Bacteria	Proteobacteria	Gammaproteobacteria	Cellvibrionales	Halieaceae	OTU_4053	OTU_4053
OTU_4054	Bacteria	Bacteroidota	Bacteroidia	Cytophagales	OTU_4054	OTU_4054	OTU_4054
OTU_4055	Bacteria	Proteobacteria	Alphaproteobacteria	Rhodobacterales	Rhodobacteraceae	OTU_4055	OTU_4055
OTU_4056	Bacteria	Bacteroidota	Bacteroidia	Flavobacteriales	Flavobacteriaceae	Aurantivirga	OTU_4056
OTU_4057	Bacteria	Proteobacteria	Alphaproteobacteria	Rhodobacterales	Rhodobacteraceae	OTU_4057	OTU_4057
OTU_4058	Bacteria	Proteobacteria	Gammaproteobacteria	OTU_4058	OTU_4058	OTU_4058	OTU_4058
OTU_4059	Bacteria	Proteobacteria	Alphaproteobacteria	Elsterales	Elsteraceae	Lacibacterium	OTU_4059
OTU_4060	Bacteria	Proteobacteria	Gammaproteobacteria	Cellvibrionales	Porticoccaceae	SAR92 clade	OTU_4060
OTU_4061	Bacteria	Proteobacteria	Alphaproteobacteria	Rhodobacterales	Rhodobacteraceae	OTU_4061	OTU_4061
OTU_4062	Bacteria	Proteobacteria	Gammaproteobacteria	Oceanospirillales	Pseudohongiellaceae	Pseudohongiella	OTU_4062
OTU_4063	Bacteria	OTU_4063	OTU_4063	OTU_4063	OTU_4063	OTU_4063	OTU_4063
OTU_4064	Bacteria	Bacteroidota	Bacteroidia	Flavobacteriales	Crocinitomicaceae	OTU_4064	OTU_4064
OTU_4065	Bacteria	Proteobacteria	Alphaproteobacteria	Rhodobacterales	Rhodobacteraceae	Cognatiyoonia	OTU_4065
OTU_4066	Bacteria	Bacteroidota	Bacteroidia	OTU_4066	OTU_4066	OTU_4066	OTU_4066
OTU_4067	Bacteria	Bacteroidota	Bacteroidia	Cytophagales	Cyclobacteriaceae	Marinoscillum	OTU_4067
OTU_4068	Bacteria	Proteobacteria	Gammaproteobacteria	OTU_4068	OTU_4068	OTU_4068	OTU_4068
OTU_4069	Bacteria	Proteobacteria	Gammaproteobacteria	Alteromonadales	Alteromonadaceae	OTU_4069	OTU_4069
OTU_4070	Bacteria	Proteobacteria	Gammaproteobacteria	Oceanospirillales	Saccharospirillaceae	Oleispira	OTU_4070
OTU_4071	Bacteria	Proteobacteria	Gammaproteobacteria	Nitrosococcales	Methylophagaceae	OTU_4071	OTU_4071
OTU_4072	Bacteria	Proteobacteria	Gammaproteobacteria	OTU_4072	OTU_4072	OTU_4072	OTU_4072
OTU_4073	Bacteria	Proteobacteria	Gammaproteobacteria	Cellvibrionales	Spongiibacteraceae	BD1-7 clade	OTU_4073
OTU_4074	Bacteria	Verrucomicrobiota	Verrucomicrobiae	Verrucomicrobiales	Rubritaleaceae	Roseibacillus	OTU_4074
OTU_4075	Bacteria	Proteobacteria	Gammaproteobacteria	Burkholderiales	OTU_4075	OTU_4075	OTU_4075
OTU_4076	Bacteria	Proteobacteria	Gammaproteobacteria	Oceanospirillales	Pseudohongiellaceae	Pseudohongiella	OTU_4076
OTU_4077	Bacteria	Proteobacteria	Gammaproteobacteria	OTU_4077	OTU_4077	OTU_4077	OTU_4077
OTU_4078	Bacteria	OTU_4078	OTU_4078	OTU_4078	OTU_4078	OTU_4078	OTU_4078
OTU_4079	Bacteria	Verrucomicrobiota	Verrucomicrobiae	Verrucomicrobiales	Rubritaleaceae	OTU_4079	OTU_4079
OTU_4080	Bacteria	Proteobacteria	Alphaproteobacteria	Rhodobacterales	Rhodobacteraceae	OTU_4080	OTU_4080
OTU_4081	Bacteria	Verrucomicrobiota	Kiritimatiellae	WCHB1-41	OTU_4081	OTU_4081	OTU_4081
OTU_4082	Bacteria	Proteobacteria	Alphaproteobacteria	Puniceispirillales	OTU_4082	OTU_4082	OTU_4082
OTU_4083	Bacteria	Firmicutes	Bacilli	Bacillales	Planococcaceae	OTU_4083	OTU_4083
OTU_4084	Bacteria	Proteobacteria	Gammaproteobacteria	Burkholderiales	OTU_4084	OTU_4084	OTU_4084
OTU_4085	Bacteria	Bacteroidota	Bacteroidia	Sphingobacteriales	NS11-12 marine group	OTU_4085	OTU_4085
OTU_4086	Bacteria	OTU_4086	OTU_4086	OTU_4086	OTU_4086	OTU_4086	OTU_4086
OTU_4087	Bacteria	Bacteroidota	Bacteroidia	Flavobacteriales	Cryomorphaceae	NS10 marine group	OTU_4087
OTU_4088	Bacteria	Actinobacteriota	Actinobacteria	PeM15	OTU_4088	OTU_4088	OTU_4088
OTU_4089	Bacteria	Actinobacteriota	Actinobacteria	Micrococcales	Dermabacteraceae	Brachybacterium	OTU_4089
OTU_4090	Bacteria	Cyanobacteria	Cyanobacteriia	Chloroplast	OTU_4090	OTU_4090	OTU_4090
OTU_4091	Bacteria	Verrucomicrobiota	Verrucomicrobiae	Verrucomicrobiales	Rubritaleaceae	OTU_4091	OTU_4091
OTU_4092	Bacteria	Proteobacteria	Gammaproteobacteria	Oceanospirillales	Nitrincolaceae	OTU_4092	OTU_4092
OTU_4093	Bacteria	Bacteroidota	Bacteroidia	Flavobacteriales	Flavobacteriaceae	OTU_4093	OTU_4093
OTU_4094	Bacteria	Bacteroidota	Bacteroidia	Flavobacteriales	Crocinitomicaceae	Crocinitomix	OTU_4094
OTU_4095	Bacteria	Proteobacteria	Gammaproteobacteria	Cellvibrionales	Spongiibacteraceae	OTU_4095	OTU_4095
OTU_4096	Bacteria	Bacteroidota	Bacteroidia	Flavobacteriales	Flavobacteriaceae	OTU_4096	OTU_4096
OTU_4097	Bacteria	Proteobacteria	Gammaproteobacteria	Oceanospirillales	Nitrincolaceae	OTU_4097	OTU_4097
OTU_4098	Bacteria	Bacteroidota	Bacteroidia	OTU_4098	OTU_4098	OTU_4098	OTU_4098
OTU_4099	Bacteria	Proteobacteria	Alphaproteobacteria	Rhodobacterales	Rhodobacteraceae	OTU_4099	OTU_4099
OTU_4100	Bacteria	Proteobacteria	Gammaproteobacteria	Oceanospirillales	Saccharospirillaceae	OTU_4100	OTU_4100
OTU_4101	Bacteria	Actinobacteriota	Actinobacteria	Micrococcales	Microbacteriaceae	OTU_4101	OTU_4101
OTU_4102	Bacteria	Proteobacteria	Gammaproteobacteria	Oceanospirillales	Nitrincolaceae	OTU_4102	OTU_4102
OTU_4103	Bacteria	Proteobacteria	Gammaproteobacteria	OTU_4103	OTU_4103	OTU_4103	OTU_4103
OTU_4104	Bacteria	Bacteroidota	Bacteroidia	Flavobacteriales	Flavobacteriaceae	OTU_4104	OTU_4104
OTU_4105	Bacteria	Proteobacteria	Alphaproteobacteria	Puniceispirillales	SAR116 clade	OTU_4105	OTU_4105
OTU_4106	Bacteria	Proteobacteria	Gammaproteobacteria	Tenderiales	Tenderiaceae	Candidatus Tenderia	OTU_4106
OTU_4107	Bacteria	Bacteroidota	Bacteroidia	Flavobacteriales	NS9 marine group	OTU_4107	OTU_4107
OTU_4108	Bacteria	Proteobacteria	Gammaproteobacteria	Cellvibrionales	Porticoccaceae	SAR92 clade	OTU_4108
OTU_4109	Bacteria	Proteobacteria	Gammaproteobacteria	OTU_4109	OTU_4109	OTU_4109	OTU_4109
OTU_4110	Bacteria	Bacteroidota	Bacteroidia	Flavobacteriales	Flavobacteriaceae	Changchengzhania	OTU_4110
OTU_4111	Archaea	Thermoplasmatota	Thermoplasmata	Marine Group II	OTU_4111	OTU_4111	OTU_4111
OTU_4112	Bacteria	Proteobacteria	Alphaproteobacteria	Rickettsiales	Mitochondria	OTU_4112	OTU_4112
OTU_4113	Bacteria	Proteobacteria	Gammaproteobacteria	Oceanospirillales	Pseudohongiellaceae	Pseudohongiella	OTU_4113
OTU_4114	Bacteria	Proteobacteria	Alphaproteobacteria	SAR11 clade	OTU_4114	OTU_4114	OTU_4114
OTU_4115	Bacteria	Proteobacteria	Alphaproteobacteria	Rhodospirillales	Magnetospiraceae	OTU_4115	OTU_4115
OTU_4116	Bacteria	Proteobacteria	Gammaproteobacteria	OTU_4116	OTU_4116	OTU_4116	OTU_4116
OTU_4117	Bacteria	Bacteroidota	Bacteroidia	Flavobacteriales	Cryomorphaceae	NS10 marine group	OTU_4117
OTU_4118	Bacteria	Proteobacteria	Alphaproteobacteria	Rhodobacterales	Rhodobacteraceae	OTU_4118	OTU_4118
OTU_4119	Bacteria	Actinobacteriota	Acidimicrobiia	Microtrichales	Microtrichaceae	Sva0996 marine group	OTU_4119
OTU_4120	Bacteria	Bacteroidota	Bacteroidia	Flavobacteriales	NS9 marine group	OTU_4120	OTU_4120
OTU_4121	Bacteria	Proteobacteria	Alphaproteobacteria	SAR11 clade	OTU_4121	OTU_4121	OTU_4121
OTU_4122	Bacteria	Proteobacteria	Gammaproteobacteria	Oceanospirillales	Pseudohongiellaceae	Pseudohongiella	OTU_4122
OTU_4123	Bacteria	Proteobacteria	Gammaproteobacteria	Francisellales	Francisellaceae	OTU_4123	OTU_4123
OTU_4124	Bacteria	Proteobacteria	Gammaproteobacteria	Cellvibrionales	Halieaceae	OTU_4124	OTU_4124
OTU_4125	Bacteria	Proteobacteria	Alphaproteobacteria	SAR11 clade	Clade I	Clade Ia	OTU_4125
OTU_4126	Bacteria	Proteobacteria	Gammaproteobacteria	Salinisphaerales	Solimonadaceae	Polycyclovorans	OTU_4126
OTU_4127	Bacteria	Proteobacteria	Gammaproteobacteria	SAR86 clade	OTU_4127	OTU_4127	OTU_4127
OTU_4128	Bacteria	Proteobacteria	OTU_4128	OTU_4128	OTU_4128	OTU_4128	OTU_4128
OTU_4129	Bacteria	Actinobacteriota	Acidimicrobiia	Microtrichales	Microtrichaceae	Sva0996 marine group	OTU_4129
OTU_4130	Bacteria	Proteobacteria	Alphaproteobacteria	Rhodobacterales	Rhodobacteraceae	Cognatiyoonia	OTU_4130
OTU_4131	Bacteria	Bacteroidota	Bacteroidia	Flavobacteriales	OTU_4131	OTU_4131	OTU_4131
OTU_4132	Bacteria	Bacteroidota	Bacteroidia	Flavobacteriales	Crocinitomicaceae	OTU_4132	OTU_4132
OTU_4133	Bacteria	Proteobacteria	Gammaproteobacteria	OTU_4133	OTU_4133	OTU_4133	OTU_4133
OTU_4134	Bacteria	Proteobacteria	Gammaproteobacteria	Oceanospirillales	Saccharospirillaceae	OTU_4134	OTU_4134
OTU_4135	Bacteria	Bacteroidota	Bacteroidia	Flavobacteriales	Flavobacteriaceae	Polaribacter	OTU_4135
OTU_4136	Bacteria	Bacteroidota	Bacteroidia	Flavobacteriales	Flavobacteriaceae	OTU_4136	OTU_4136
OTU_4137	Bacteria	Proteobacteria	Gammaproteobacteria	OTU_4137	OTU_4137	OTU_4137	OTU_4137
OTU_4138	Bacteria	OTU_4138	OTU_4138	OTU_4138	OTU_4138	OTU_4138	OTU_4138
OTU_4139	Bacteria	Bacteroidota	Bacteroidia	Flavobacteriales	Flavobacteriaceae	NS4 marine group	OTU_4139
OTU_4140	Bacteria	Proteobacteria	Alphaproteobacteria	OTU_4140	OTU_4140	OTU_4140	OTU_4140
OTU_4141	Bacteria	Proteobacteria	Gammaproteobacteria	OTU_4141	OTU_4141	OTU_4141	OTU_4141
OTU_4142	Bacteria	Bacteroidota	Bacteroidia	Flavobacteriales	NS9 marine group	OTU_4142	OTU_4142
OTU_4143	Bacteria	Proteobacteria	Gammaproteobacteria	OTU_4143	OTU_4143	OTU_4143	OTU_4143
OTU_4144	Bacteria	Bacteroidota	Bacteroidia	Flavobacteriales	Flavobacteriaceae	OTU_4144	OTU_4144
OTU_4145	Bacteria	Proteobacteria	Alphaproteobacteria	SAR11 clade	Clade I	Clade Ia	OTU_4145
OTU_4146	Bacteria	Proteobacteria	Gammaproteobacteria	Cellvibrionales	OTU_4146	OTU_4146	OTU_4146
OTU_4147	Bacteria	Proteobacteria	Alphaproteobacteria	Rhodospirillales	Magnetospiraceae	Magnetospira	OTU_4147
OTU_4148	Bacteria	Proteobacteria	Alphaproteobacteria	Rhodobacterales	Rhodobacteraceae	OTU_4148	OTU_4148
OTU_4149	Bacteria	Bacteroidota	Bacteroidia	Flavobacteriales	Flavobacteriaceae	Aurantivirga	OTU_4149
OTU_4150	Bacteria	Proteobacteria	Gammaproteobacteria	OTU_4150	OTU_4150	OTU_4150	OTU_4150
OTU_4151	Bacteria	Bacteroidota	Bacteroidia	Chitinophagales	Saprospiraceae	OTU_4151	OTU_4151
OTU_4152	Bacteria	Proteobacteria	Gammaproteobacteria	Vibrionales	Vibrionaceae	Candidatus Photodesmus	OTU_4152
OTU_4153	Bacteria	Actinobacteriota	Actinobacteria	Micrococcales	Microbacteriaceae	DS001	OTU_4153
OTU_4154	Bacteria	Cyanobacteria	Cyanobacteriia	Chloroplast	OTU_4154	OTU_4154	OTU_4154
OTU_4155	Bacteria	OTU_4155	OTU_4155	OTU_4155	OTU_4155	OTU_4155	OTU_4155
OTU_4156	Bacteria	Bacteroidota	Bacteroidia	OTU_4156	OTU_4156	OTU_4156	OTU_4156
OTU_4157	Bacteria	Proteobacteria	Alphaproteobacteria	Rhodobacterales	Rhodobacteraceae	Cognatiyoonia	OTU_4157
OTU_4158	Bacteria	Bacteroidota	Bacteroidia	Flavobacteriales	NS9 marine group	OTU_4158	OTU_4158
OTU_4159	Bacteria	Marinimicrobia (SAR406 clade)	OTU_4159	OTU_4159	OTU_4159	OTU_4159	OTU_4159
OTU_4160	Bacteria	Bacteroidota	Bacteroidia	OTU_4160	OTU_4160	OTU_4160	OTU_4160
OTU_4161	Bacteria	Proteobacteria	Gammaproteobacteria	Burkholderiales	Methylophilaceae	OM43 clade	OTU_4161
OTU_4162	Bacteria	Proteobacteria	Gammaproteobacteria	Pseudomonadales	Pseudomonadaceae	Pseudomonas	OTU_4162
OTU_4163	Bacteria	Bacteroidota	Bacteroidia	Flavobacteriales	Flavobacteriaceae	OTU_4163	OTU_4163
OTU_4164	Bacteria	Proteobacteria	Gammaproteobacteria	Cellvibrionales	Halieaceae	OTU_4164	OTU_4164
OTU_4165	Bacteria	Cyanobacteria	Cyanobacteriia	Chloroplast	OTU_4165	OTU_4165	OTU_4165
OTU_4166	Bacteria	Proteobacteria	Gammaproteobacteria	Thiomicrospirales	Thioglobaceae	IheB2-31	OTU_4166
OTU_4167	Bacteria	Proteobacteria	Gammaproteobacteria	Oceanospirillales	Pseudohongiellaceae	Pseudohongiella	OTU_4167
OTU_4168	Bacteria	Bacteroidota	Bacteroidia	Flavobacteriales	NS7 marine group	OTU_4168	OTU_4168
OTU_4169	Bacteria	Bacteroidota	Bacteroidia	Flavobacteriales	Flavobacteriaceae	OTU_4169	OTU_4169
OTU_4170	Bacteria	Bacteroidota	Bacteroidia	Flavobacteriales	Flavobacteriaceae	NS5 marine group	OTU_4170
OTU_4171	Bacteria	Bacteroidota	Bacteroidia	Flavobacteriales	Crocinitomicaceae	Fluviicola	OTU_4171
OTU_4172	Bacteria	Proteobacteria	Alphaproteobacteria	OTU_4172	OTU_4172	OTU_4172	OTU_4172
OTU_4173	Bacteria	Proteobacteria	Gammaproteobacteria	Oceanospirillales	Nitrincolaceae	OTU_4173	OTU_4173
OTU_4174	Bacteria	Verrucomicrobiota	Verrucomicrobiae	Verrucomicrobiales	Rubritaleaceae	Roseibacillus	OTU_4174
OTU_4175	Bacteria	Proteobacteria	Alphaproteobacteria	Reyranellales	Reyranellaceae	Reyranella	OTU_4175
OTU_4176	Bacteria	Proteobacteria	Gammaproteobacteria	OTU_4176	OTU_4176	OTU_4176	OTU_4176
OTU_4177	Bacteria	Verrucomicrobiota	Verrucomicrobiae	Verrucomicrobiales	Rubritaleaceae	Roseibacillus	OTU_4177
OTU_4178	Bacteria	Proteobacteria	Gammaproteobacteria	Oceanospirillales	Halomonadaceae	Halomonas	OTU_4178
OTU_4179	Bacteria	Bacteroidota	Bacteroidia	Flavobacteriales	NS9 marine group	OTU_4179	OTU_4179
OTU_4180	Bacteria	Actinobacteriota	Acidimicrobiia	Microtrichales	Ilumatobacteraceae	Ilumatobacter	OTU_4180
OTU_4181	Bacteria	Proteobacteria	Alphaproteobacteria	Rhodobacterales	Rhodobacteraceae	OTU_4181	OTU_4181
OTU_4182	Bacteria	Proteobacteria	Alphaproteobacteria	SAR11 clade	OTU_4182	OTU_4182	OTU_4182
OTU_4183	Bacteria	Bacteroidota	Bacteroidia	Sphingobacteriales	NS11-12 marine group	OTU_4183	OTU_4183
OTU_4184	Bacteria	Proteobacteria	Gammaproteobacteria	Alteromonadales	Alteromonadaceae	Pseudobowmanella	OTU_4184
OTU_4185	Bacteria	Bacteroidota	Bacteroidia	Flavobacteriales	Crocinitomicaceae	Salinirepens	OTU_4185
OTU_4186	Bacteria	Bacteroidota	Bacteroidia	Flavobacteriales	Flavobacteriaceae	OTU_4186	OTU_4186
OTU_4187	Bacteria	OTU_4187	OTU_4187	OTU_4187	OTU_4187	OTU_4187	OTU_4187
OTU_4188	Bacteria	OTU_4188	OTU_4188	OTU_4188	OTU_4188	OTU_4188	OTU_4188
OTU_4189	Bacteria	Proteobacteria	Alphaproteobacteria	Rhodobacterales	Rhodobacteraceae	Cognatiyoonia	OTU_4189
OTU_4190	Bacteria	Proteobacteria	Alphaproteobacteria	OTU_4190	OTU_4190	OTU_4190	OTU_4190
OTU_4191	Bacteria	Bacteroidota	Bacteroidia	Flavobacteriales	Flavobacteriaceae	OTU_4191	OTU_4191
OTU_4192	Bacteria	Bacteroidota	Bacteroidia	Flavobacteriales	Cryomorphaceae	OTU_4192	OTU_4192
OTU_4193	Bacteria	Actinobacteriota	Actinobacteria	Frankiales	Sporichthyaceae	hgcI clade	OTU_4193
OTU_4194	Bacteria	Proteobacteria	Gammaproteobacteria	Oceanospirillales	Hahellaceae	Hahella	OTU_4194
OTU_4195	Bacteria	Bacteroidota	Bacteroidia	Flavobacteriales	Flavobacteriaceae	OTU_4195	OTU_4195
OTU_4196	Bacteria	Actinobacteriota	Actinobacteria	Micrococcales	Microbacteriaceae	OTU_4196	OTU_4196
OTU_4197	Bacteria	Proteobacteria	Gammaproteobacteria	Burkholderiales	Methylophilaceae	OM43 clade	OTU_4197
OTU_4198	Bacteria	Proteobacteria	Gammaproteobacteria	Cellvibrionales	Halieaceae	Marimicrobium	OTU_4198
OTU_4199	Bacteria	Proteobacteria	Gammaproteobacteria	Cellvibrionales	OTU_4199	OTU_4199	OTU_4199
OTU_4200	Bacteria	Bacteroidota	Bacteroidia	Flavobacteriales	Flavobacteriaceae	OTU_4200	OTU_4200
OTU_4201	Bacteria	Proteobacteria	OTU_4201	OTU_4201	OTU_4201	OTU_4201	OTU_4201
OTU_4202	Bacteria	Bacteroidota	Bacteroidia	Flavobacteriales	Flavobacteriaceae	OTU_4202	OTU_4202
OTU_4203	Bacteria	Bacteroidota	Bacteroidia	Flavobacteriales	NS7 marine group	OTU_4203	OTU_4203
OTU_4204	Bacteria	Bacteroidota	Bacteroidia	Flavobacteriales	Flavobacteriaceae	OTU_4204	OTU_4204
OTU_4205	Bacteria	Proteobacteria	Alphaproteobacteria	Rhodobacterales	Rhodobacteraceae	OTU_4205	OTU_4205
OTU_4206	Bacteria	Bacteroidota	Bacteroidia	Flavobacteriales	Cryomorphaceae	OTU_4206	OTU_4206
OTU_4207	Bacteria	Cyanobacteria	Cyanobacteriia	Chloroplast	OTU_4207	OTU_4207	OTU_4207
OTU_4208	Bacteria	Proteobacteria	Alphaproteobacteria	Rhodobacterales	Rhodobacteraceae	OTU_4208	OTU_4208
OTU_4209	Bacteria	Cyanobacteria	Cyanobacteriia	Chloroplast	OTU_4209	OTU_4209	OTU_4209
OTU_4210	Bacteria	Proteobacteria	Gammaproteobacteria	Cellvibrionales	Halieaceae	Marimicrobium	OTU_4210
OTU_4211	Bacteria	Proteobacteria	Gammaproteobacteria	Alteromonadales	Colwelliaceae	OTU_4211	OTU_4211
OTU_4212	Bacteria	Proteobacteria	Gammaproteobacteria	OTU_4212	OTU_4212	OTU_4212	OTU_4212
OTU_4213	Bacteria	Verrucomicrobiota	Verrucomicrobiae	Verrucomicrobiales	Rubritaleaceae	Rubritalea	OTU_4213
OTU_4214	Bacteria	Proteobacteria	OTU_4214	OTU_4214	OTU_4214	OTU_4214	OTU_4214
OTU_4215	Bacteria	Proteobacteria	Alphaproteobacteria	Rhodobacterales	Rhodobacteraceae	Cognatiyoonia	OTU_4215
OTU_4216	Bacteria	Bacteroidota	Bacteroidia	Flavobacteriales	Flavobacteriaceae	OTU_4216	OTU_4216
OTU_4217	Bacteria	Proteobacteria	Gammaproteobacteria	OTU_4217	OTU_4217	OTU_4217	OTU_4217
OTU_4218	Bacteria	Proteobacteria	Gammaproteobacteria	Vibrionales	Vibrionaceae	Vibrio	OTU_4218
OTU_4219	Bacteria	Bacteroidota	Bacteroidia	Flavobacteriales	Flavobacteriaceae	Aurantivirga	OTU_4219
OTU_4220	Bacteria	Bacteroidota	Bacteroidia	Flavobacteriales	Flavobacteriaceae	NS4 marine group	OTU_4220
OTU_4221	Bacteria	Proteobacteria	Alphaproteobacteria	SAR11 clade	Clade III	OTU_4221	OTU_4221
OTU_4222	Bacteria	Bacteroidota	Bacteroidia	Flavobacteriales	Flavobacteriaceae	Formosa	OTU_4222
OTU_4223	Bacteria	Proteobacteria	Gammaproteobacteria	OTU_4223	OTU_4223	OTU_4223	OTU_4223
OTU_4224	Bacteria	Proteobacteria	Gammaproteobacteria	SAR86 clade	OTU_4224	OTU_4224	OTU_4224
OTU_4225	Bacteria	Proteobacteria	Alphaproteobacteria	OTU_4225	OTU_4225	OTU_4225	OTU_4225
OTU_4226	Bacteria	Proteobacteria	Alphaproteobacteria	Rhodobacterales	Rhodobacteraceae	OTU_4226	OTU_4226
OTU_4227	Bacteria	Proteobacteria	Gammaproteobacteria	Burkholderiales	OTU_4227	OTU_4227	OTU_4227
OTU_4228	Bacteria	Bacteroidota	Bacteroidia	Flavobacteriales	Flavobacteriaceae	OTU_4228	OTU_4228
OTU_4229	Bacteria	Proteobacteria	Alphaproteobacteria	Puniceispirillales	SAR116 clade	OTU_4229	OTU_4229
OTU_4230	Bacteria	Proteobacteria	Alphaproteobacteria	Rhodobacterales	Rhodobacteraceae	OTU_4230	OTU_4230
OTU_4231	Bacteria	Cyanobacteria	Cyanobacteriia	Chloroplast	OTU_4231	OTU_4231	OTU_4231
OTU_4232	Bacteria	Proteobacteria	Alphaproteobacteria	Rhodobacterales	Rhodobacteraceae	OTU_4232	OTU_4232
OTU_4233	Bacteria	Bacteroidota	Bacteroidia	Flavobacteriales	Flavobacteriaceae	OTU_4233	OTU_4233
OTU_4234	Bacteria	Marinimicrobia (SAR406 clade)	OTU_4234	OTU_4234	OTU_4234	OTU_4234	OTU_4234
OTU_4235	Bacteria	Actinobacteriota	Actinobacteria	Micrococcales	Microbacteriaceae	SV1-3	OTU_4235
OTU_4236	Bacteria	Proteobacteria	Gammaproteobacteria	Oceanospirillales	Saccharospirillaceae	Oleispira	OTU_4236
OTU_4237	Archaea	Thermoplasmatota	Thermoplasmata	Marine Group II	OTU_4237	OTU_4237	OTU_4237
OTU_4238	Bacteria	Proteobacteria	Gammaproteobacteria	Burkholderiales	OTU_4238	OTU_4238	OTU_4238
OTU_4239	Bacteria	Bacteroidota	Bacteroidia	Flavobacteriales	Flavobacteriaceae	OTU_4239	OTU_4239
OTU_4240	Bacteria	Bacteroidota	Bacteroidia	Flavobacteriales	Flavobacteriaceae	OTU_4240	OTU_4240
OTU_4241	Bacteria	Proteobacteria	Alphaproteobacteria	Rhodobacterales	Rhodobacteraceae	OTU_4241	OTU_4241
OTU_4242	Bacteria	Bacteroidota	Bacteroidia	Flavobacteriales	Flavobacteriaceae	Flavicella	OTU_4242
OTU_4243	Bacteria	Planctomycetota	Planctomycetes	Pirellulales	Pirellulaceae	Thermostilla	OTU_4243
OTU_4244	Bacteria	Bacteroidota	Bacteroidia	Flavobacteriales	OTU_4244	OTU_4244	OTU_4244
OTU_4245	Bacteria	Proteobacteria	Gammaproteobacteria	OTU_4245	OTU_4245	OTU_4245	OTU_4245
OTU_4246	Bacteria	Bacteroidota	Bacteroidia	Chitinophagales	OTU_4246	OTU_4246	OTU_4246
OTU_4247	Bacteria	Proteobacteria	Gammaproteobacteria	OTU_4247	OTU_4247	OTU_4247	OTU_4247
OTU_4248	Bacteria	Bacteroidota	Bacteroidia	Flavobacteriales	Cryomorphaceae	OTU_4248	OTU_4248
OTU_4249	Bacteria	Proteobacteria	Alphaproteobacteria	SAR11 clade	Clade III	OTU_4249	OTU_4249
OTU_4250	Bacteria	Proteobacteria	Gammaproteobacteria	Oceanospirillales	Kangiellaceae	OTU_4250	OTU_4250
OTU_4251	Bacteria	Bacteroidota	Bacteroidia	Flavobacteriales	OTU_4251	OTU_4251	OTU_4251
OTU_4252	Bacteria	Cyanobacteria	Cyanobacteriia	OTU_4252	OTU_4252	OTU_4252	OTU_4252
OTU_4253	Bacteria	Proteobacteria	Gammaproteobacteria	Francisellales	Francisellaceae	OTU_4253	OTU_4253
OTU_4254	Bacteria	OTU_4254	OTU_4254	OTU_4254	OTU_4254	OTU_4254	OTU_4254
OTU_4255	Bacteria	Proteobacteria	Gammaproteobacteria	Oceanospirillales	Pseudohongiellaceae	Pseudohongiella	OTU_4255
OTU_4256	Bacteria	Planctomycetota	Phycisphaerae	Phycisphaerales	AKAU3564 sediment group	OTU_4256	OTU_4256
OTU_4257	Bacteria	Proteobacteria	Gammaproteobacteria	Thiomicrospirales	Thioglobaceae	IheB2-31	OTU_4257
OTU_4258	Bacteria	Proteobacteria	Alphaproteobacteria	Parvibaculales	OTU_4258	OTU_4258	OTU_4258
OTU_4259	Bacteria	Proteobacteria	Alphaproteobacteria	Rhodospirillales	AEGEAN-169 marine group	OTU_4259	OTU_4259
OTU_4260	Bacteria	Proteobacteria	Gammaproteobacteria	Oceanospirillales	Nitrincolaceae	OTU_4260	OTU_4260
OTU_4261	Bacteria	Bacteroidota	Bacteroidia	Flavobacteriales	Crocinitomicaceae	Salinirepens	OTU_4261
OTU_4262	Bacteria	Proteobacteria	Gammaproteobacteria	OTU_4262	OTU_4262	OTU_4262	OTU_4262
OTU_4263	Bacteria	Proteobacteria	Gammaproteobacteria	OTU_4263	OTU_4263	OTU_4263	OTU_4263
OTU_4264	Bacteria	Bacteroidota	Bacteroidia	OTU_4264	OTU_4264	OTU_4264	OTU_4264
OTU_4265	Bacteria	Proteobacteria	Gammaproteobacteria	SAR86 clade	OTU_4265	OTU_4265	OTU_4265
OTU_4266	Bacteria	Proteobacteria	Gammaproteobacteria	OM182 clade	OTU_4266	OTU_4266	OTU_4266
OTU_4267	Bacteria	Proteobacteria	Alphaproteobacteria	Rhodobacterales	Rhodobacteraceae	Pelagimonas	OTU_4267
OTU_4268	Bacteria	Bacteroidota	Bacteroidia	Flavobacteriales	Flavobacteriaceae	NS4 marine group	OTU_4268
OTU_4269	Bacteria	Proteobacteria	Gammaproteobacteria	OTU_4269	OTU_4269	OTU_4269	OTU_4269
OTU_4270	Bacteria	Bacteroidota	Bacteroidia	Flavobacteriales	Cryomorphaceae	OTU_4270	OTU_4270
OTU_4271	Bacteria	Proteobacteria	Gammaproteobacteria	Burkholderiales	OTU_4271	OTU_4271	OTU_4271
OTU_4272	Bacteria	Proteobacteria	Alphaproteobacteria	Defluviicoccales	OTU_4272	OTU_4272	OTU_4272
OTU_4273	Bacteria	Proteobacteria	Gammaproteobacteria	Burkholderiales	Comamonadaceae	Comamonas	OTU_4273
OTU_4274	Bacteria	Cyanobacteria	Cyanobacteriia	Chloroplast	OTU_4274	OTU_4274	OTU_4274
OTU_4275	Bacteria	Proteobacteria	Gammaproteobacteria	Thiomicrospirales	Thioglobaceae	IheB2-31	OTU_4275
OTU_4276	Bacteria	Proteobacteria	Gammaproteobacteria	Thiomicrospirales	Thioglobaceae	OTU_4276	OTU_4276
OTU_4277	Bacteria	Proteobacteria	Gammaproteobacteria	OTU_4277	OTU_4277	OTU_4277	OTU_4277
OTU_4278	Bacteria	OTU_4278	OTU_4278	OTU_4278	OTU_4278	OTU_4278	OTU_4278
OTU_4279	Bacteria	Proteobacteria	Gammaproteobacteria	OM182 clade	OTU_4279	OTU_4279	OTU_4279
OTU_4280	Bacteria	Proteobacteria	Alphaproteobacteria	Puniceispirillales	SAR116 clade	Candidatus Puniceispirillum	OTU_4280
OTU_4281	Bacteria	Proteobacteria	Gammaproteobacteria	OM182 clade	OTU_4281	OTU_4281	OTU_4281
OTU_4282	Bacteria	Bacteroidota	Bacteroidia	Flavobacteriales	Flavobacteriaceae	OTU_4282	OTU_4282
OTU_4283	Bacteria	Proteobacteria	Gammaproteobacteria	Alteromonadales	Alteromonadaceae	Salinimonas	OTU_4283
OTU_4284	Bacteria	Bacteroidota	Bacteroidia	Flavobacteriales	Flavobacteriaceae	OTU_4284	OTU_4284
OTU_4285	Bacteria	Proteobacteria	Alphaproteobacteria	Puniceispirillales	SAR116 clade	OTU_4285	OTU_4285
OTU_4286	Bacteria	Proteobacteria	Gammaproteobacteria	SAR86 clade	OTU_4286	OTU_4286	OTU_4286
OTU_4287	Bacteria	Bacteroidota	Bacteroidia	Flavobacteriales	NS9 marine group	OTU_4287	OTU_4287
OTU_4288	Bacteria	Proteobacteria	Alphaproteobacteria	Rhodobacterales	Rhodobacteraceae	Rubellimicrobium	OTU_4288
OTU_4289	Bacteria	Actinobacteriota	Actinobacteria	Micrococcales	Microbacteriaceae	Candidatus Aquiluna	OTU_4289
OTU_4290	Bacteria	Proteobacteria	Alphaproteobacteria	Rhodobacterales	Rhodobacteraceae	OTU_4290	OTU_4290
OTU_4291	Bacteria	Proteobacteria	Gammaproteobacteria	OTU_4291	OTU_4291	OTU_4291	OTU_4291
OTU_4292	Bacteria	Proteobacteria	Gammaproteobacteria	Oceanospirillales	Nitrincolaceae	OTU_4292	OTU_4292
OTU_4293	Bacteria	Bacteroidota	Bacteroidia	Flavobacteriales	Flavobacteriaceae	OTU_4293	OTU_4293
OTU_4294	Bacteria	Proteobacteria	Gammaproteobacteria	Oceanospirillales	Nitrincolaceae	OTU_4294	OTU_4294
OTU_4295	Bacteria	Cyanobacteria	Cyanobacteriia	Chloroplast	OTU_4295	OTU_4295	OTU_4295
OTU_4296	Bacteria	Proteobacteria	Alphaproteobacteria	Rhodobacterales	Rhodobacteraceae	Cognatiyoonia	OTU_4296
OTU_4297	Bacteria	Proteobacteria	Alphaproteobacteria	Rhodobacterales	Rhodobacteraceae	OTU_4297	OTU_4297
OTU_4298	Bacteria	Bacteroidota	Bacteroidia	Flavobacteriales	Cryomorphaceae	OTU_4298	OTU_4298
OTU_4299	Bacteria	Actinobacteriota	Actinobacteria	Micrococcales	Micrococcaceae	Renibacterium	OTU_4299
OTU_4300	Bacteria	Bacteroidota	Bacteroidia	Flavobacteriales	NS9 marine group	OTU_4300	OTU_4300
OTU_4301	Bacteria	Cyanobacteria	Cyanobacteriia	Chloroplast	OTU_4301	OTU_4301	OTU_4301
OTU_4302	Bacteria	Firmicutes	Clostridia	Oscillospirales	Oscillospiraceae	UCG-005	OTU_4302
OTU_4303	Bacteria	Proteobacteria	Alphaproteobacteria	Rickettsiales	OTU_4303	OTU_4303	OTU_4303
OTU_4304	Bacteria	Proteobacteria	Gammaproteobacteria	Tenderiales	Tenderiaceae	Candidatus Tenderia	OTU_4304
OTU_4305	Bacteria	Proteobacteria	Gammaproteobacteria	OTU_4305	OTU_4305	OTU_4305	OTU_4305
OTU_4306	Bacteria	Proteobacteria	Gammaproteobacteria	Alteromonadales	Colwelliaceae	OTU_4306	OTU_4306
OTU_4307	Bacteria	Cyanobacteria	Cyanobacteriia	Chloroplast	OTU_4307	OTU_4307	OTU_4307
OTU_4308	Bacteria	Proteobacteria	Alphaproteobacteria	SAR11 clade	Clade III	OTU_4308	OTU_4308
OTU_4309	Bacteria	Bacteroidota	Bacteroidia	Flavobacteriales	NS7 marine group	OTU_4309	OTU_4309
OTU_4310	Bacteria	Proteobacteria	Alphaproteobacteria	Rhodospirillales	Magnetospiraceae	Magnetospira	OTU_4310
OTU_4311	Bacteria	Bacteroidota	Bacteroidia	Flavobacteriales	OTU_4311	OTU_4311	OTU_4311
OTU_4312	Bacteria	Actinobacteriota	Actinobacteria	Micrococcales	Microbacteriaceae	OTU_4312	OTU_4312
OTU_4313	Bacteria	Actinobacteriota	OTU_4313	OTU_4313	OTU_4313	OTU_4313	OTU_4313
OTU_4314	Bacteria	Proteobacteria	Gammaproteobacteria	Oceanospirillales	Kangiellaceae	OTU_4314	OTU_4314
OTU_4315	Bacteria	Proteobacteria	Alphaproteobacteria	Parvibaculales	OTU_4315	OTU_4315	OTU_4315
OTU_4316	Bacteria	Bacteroidota	Bacteroidia	Flavobacteriales	NS9 marine group	OTU_4316	OTU_4316
OTU_4317	Bacteria	Proteobacteria	Alphaproteobacteria	Rhodobacterales	Rhodobacteraceae	OTU_4317	OTU_4317
OTU_4318	Bacteria	OTU_4318	OTU_4318	OTU_4318	OTU_4318	OTU_4318	OTU_4318
OTU_4319	Bacteria	Proteobacteria	OTU_4319	OTU_4319	OTU_4319	OTU_4319	OTU_4319
OTU_4320	Bacteria	Proteobacteria	Gammaproteobacteria	Cellvibrionales	Halieaceae	OTU_4320	OTU_4320
OTU_4321	Bacteria	Proteobacteria	OTU_4321	OTU_4321	OTU_4321	OTU_4321	OTU_4321
OTU_4322	Bacteria	Bacteroidota	Bacteroidia	Flavobacteriales	Flavobacteriaceae	OTU_4322	OTU_4322
OTU_4323	Bacteria	SAR324 clade(Marine group B)	OTU_4323	OTU_4323	OTU_4323	OTU_4323	OTU_4323
OTU_4324	Bacteria	Proteobacteria	Alphaproteobacteria	Rhodobacterales	Rhodobacteraceae	Ascidiaceihabitans	OTU_4324
OTU_4325	Bacteria	Bacteroidota	Bacteroidia	Flavobacteriales	Crocinitomicaceae	OTU_4325	OTU_4325
OTU_4326	Bacteria	Proteobacteria	Gammaproteobacteria	Cellvibrionales	Halieaceae	OTU_4326	OTU_4326
OTU_4327	Bacteria	Proteobacteria	Alphaproteobacteria	Rhodobacterales	Rhodobacteraceae	Cognatiyoonia	OTU_4327
OTU_4328	Bacteria	Bacteroidota	Bacteroidia	Flavobacteriales	Flavobacteriaceae	OTU_4328	OTU_4328
OTU_4329	Bacteria	Proteobacteria	Alphaproteobacteria	Defluviicoccales	OTU_4329	OTU_4329	OTU_4329
OTU_4330	Bacteria	Proteobacteria	Gammaproteobacteria	Cellvibrionales	Halieaceae	Marimicrobium	OTU_4330
OTU_4331	Bacteria	Proteobacteria	Gammaproteobacteria	Burkholderiales	Methylophilaceae	OM43 clade	OTU_4331
OTU_4332	Bacteria	Proteobacteria	Gammaproteobacteria	Cellvibrionales	Halieaceae	Marimicrobium	OTU_4332
OTU_4333	Bacteria	Proteobacteria	Gammaproteobacteria	Alteromonadales	Colwelliaceae	OTU_4333	OTU_4333
OTU_4334	Bacteria	Proteobacteria	Alphaproteobacteria	SAR11 clade	OTU_4334	OTU_4334	OTU_4334
OTU_4335	Bacteria	Proteobacteria	Gammaproteobacteria	Cellvibrionales	Halieaceae	OTU_4335	OTU_4335
OTU_4336	Bacteria	Proteobacteria	Alphaproteobacteria	Rhodobacterales	Rhodobacteraceae	OTU_4336	OTU_4336
OTU_4337	Bacteria	Proteobacteria	Gammaproteobacteria	Cellvibrionales	Halieaceae	OM60(NOR5) clade	OTU_4337
OTU_4338	Bacteria	Proteobacteria	Alphaproteobacteria	SAR11 clade	OTU_4338	OTU_4338	OTU_4338
OTU_4339	Bacteria	Proteobacteria	Gammaproteobacteria	Alteromonadales	Colwelliaceae	Litorilituus	OTU_4339
OTU_4340	Bacteria	Actinobacteriota	Actinobacteria	Micrococcales	Microbacteriaceae	SV1-3	OTU_4340
OTU_4341	Bacteria	Bacteroidota	Bacteroidia	Flavobacteriales	Flavobacteriaceae	OTU_4341	OTU_4341
OTU_4342	Bacteria	Bacteroidota	Bacteroidia	Flavobacteriales	NS9 marine group	OTU_4342	OTU_4342
OTU_4343	Bacteria	Proteobacteria	Gammaproteobacteria	OTU_4343	OTU_4343	OTU_4343	OTU_4343
OTU_4344	Bacteria	SAR324 clade(Marine group B)	OTU_4344	OTU_4344	OTU_4344	OTU_4344	OTU_4344
OTU_4345	Bacteria	Proteobacteria	Gammaproteobacteria	OTU_4345	OTU_4345	OTU_4345	OTU_4345
OTU_4346	Bacteria	Proteobacteria	Gammaproteobacteria	SAR86 clade	OTU_4346	OTU_4346	OTU_4346
OTU_4347	Bacteria	Actinobacteriota	Acidimicrobiia	Microtrichales	Ilumatobacteraceae	Ilumatobacter	OTU_4347
OTU_4348	Bacteria	Proteobacteria	Gammaproteobacteria	Pseudomonadales	Pseudomonadaceae	Pseudomonas	OTU_4348
OTU_4349	Bacteria	Bacteroidota	Bacteroidia	Flavobacteriales	Flavobacteriaceae	OTU_4349	OTU_4349
OTU_4350	Bacteria	Proteobacteria	Alphaproteobacteria	Rhodobacterales	Rhodobacteraceae	Vadicella	OTU_4350
OTU_4351	Bacteria	Patescibacteria	Parcubacteria	GWA2-38-13b	OTU_4351	OTU_4351	OTU_4351
OTU_4352	Bacteria	Bacteroidota	Bacteroidia	Flavobacteriales	Flavobacteriaceae	OTU_4352	OTU_4352
OTU_4353	Bacteria	Bacteroidota	Bacteroidia	Flavobacteriales	NS9 marine group	OTU_4353	OTU_4353
OTU_4354	Bacteria	Proteobacteria	Gammaproteobacteria	Oceanospirillales	Litoricolaceae	Litoricola	OTU_4354
OTU_4355	Bacteria	Marinimicrobia (SAR406 clade)	OTU_4355	OTU_4355	OTU_4355	OTU_4355	OTU_4355
OTU_4356	Bacteria	Proteobacteria	Alphaproteobacteria	OTU_4356	OTU_4356	OTU_4356	OTU_4356
OTU_4357	Bacteria	Proteobacteria	Alphaproteobacteria	Rhodobacterales	Rhodobacteraceae	OTU_4357	OTU_4357
OTU_4358	Bacteria	Proteobacteria	Gammaproteobacteria	OTU_4358	OTU_4358	OTU_4358	OTU_4358
OTU_4359	Bacteria	Bacteroidota	Bacteroidia	OTU_4359	OTU_4359	OTU_4359	OTU_4359
OTU_4360	Bacteria	Proteobacteria	Alphaproteobacteria	Rhodobacterales	Rhodobacteraceae	Pelagimonas	OTU_4360
OTU_4361	Bacteria	Bacteroidota	Bacteroidia	Flavobacteriales	Crocinitomicaceae	OTU_4361	OTU_4361
OTU_4362	Bacteria	Bacteroidota	Bacteroidia	Flavobacteriales	Flavobacteriaceae	OTU_4362	OTU_4362
OTU_4363	Bacteria	Proteobacteria	Gammaproteobacteria	Burkholderiales	OTU_4363	OTU_4363	OTU_4363
OTU_4364	Bacteria	Proteobacteria	Gammaproteobacteria	OTU_4364	OTU_4364	OTU_4364	OTU_4364
OTU_4365	Bacteria	Bacteroidota	Bacteroidia	Flavobacteriales	NS9 marine group	OTU_4365	OTU_4365
OTU_4366	Bacteria	Proteobacteria	Alphaproteobacteria	SAR11 clade	Clade III	OTU_4366	OTU_4366
OTU_4367	Bacteria	Bacteroidota	Bacteroidia	Flavobacteriales	Flavobacteriaceae	OTU_4367	OTU_4367
OTU_4368	Bacteria	Proteobacteria	Alphaproteobacteria	Rhodospirillales	AEGEAN-169 marine group	OTU_4368	OTU_4368
OTU_4369	Bacteria	Proteobacteria	Gammaproteobacteria	SAR86 clade	OTU_4369	OTU_4369	OTU_4369
OTU_4370	Bacteria	Bacteroidota	Bacteroidia	Flavobacteriales	Flavobacteriaceae	NS4 marine group	OTU_4370
OTU_4371	Bacteria	Proteobacteria	Alphaproteobacteria	Sphingomonadales	Sphingomonadaceae	OTU_4371	OTU_4371
OTU_4372	Bacteria	OTU_4372	OTU_4372	OTU_4372	OTU_4372	OTU_4372	OTU_4372
OTU_4373	Bacteria	Bacteroidota	Bacteroidia	Flavobacteriales	Flavobacteriaceae	Aurantivirga	OTU_4373
OTU_4374	Bacteria	Proteobacteria	Gammaproteobacteria	OTU_4374	OTU_4374	OTU_4374	OTU_4374
OTU_4375	Bacteria	SAR324 clade(Marine group B)	OTU_4375	OTU_4375	OTU_4375	OTU_4375	OTU_4375
OTU_4376	Bacteria	Proteobacteria	Gammaproteobacteria	Alteromonadales	Pseudoalteromonadaceae	Pseudoalteromonas	OTU_4376
OTU_4377	Bacteria	Proteobacteria	Alphaproteobacteria	Rhodobacterales	Rhodobacteraceae	Cognatiyoonia	OTU_4377
OTU_4378	Bacteria	Proteobacteria	Gammaproteobacteria	OTU_4378	OTU_4378	OTU_4378	OTU_4378
OTU_4379	Bacteria	Desulfobacterota	Desulfobacteria	Desulfobacterales	Desulfosarcinaceae	Desulfatirhabdium	OTU_4379
OTU_4380	Bacteria	Bacteroidota	Bacteroidia	Cytophagales	Cyclobacteriaceae	Marinoscillum	OTU_4380
OTU_4381	Bacteria	OTU_4381	OTU_4381	OTU_4381	OTU_4381	OTU_4381	OTU_4381
OTU_4382	Bacteria	Bacteroidota	Bacteroidia	Flavobacteriales	NS9 marine group	OTU_4382	OTU_4382
OTU_4383	Bacteria	Proteobacteria	Gammaproteobacteria	Oceanospirillales	Nitrincolaceae	OTU_4383	OTU_4383
OTU_4384	Bacteria	Proteobacteria	Alphaproteobacteria	Caulobacterales	Caulobacteraceae	Brevundimonas	OTU_4384
OTU_4385	Archaea	Thermoplasmatota	Thermoplasmata	Marine Group II	OTU_4385	OTU_4385	OTU_4385
OTU_4386	Bacteria	Bacteroidota	Bacteroidia	Flavobacteriales	NS9 marine group	OTU_4386	OTU_4386
OTU_4387	Bacteria	Bacteroidota	Bacteroidia	Flavobacteriales	Flavobacteriaceae	OTU_4387	OTU_4387
OTU_4388	Bacteria	Bacteroidota	Bacteroidia	Flavobacteriales	Flavobacteriaceae	Aurantivirga	OTU_4388
OTU_4389	Bacteria	Actinobacteriota	Actinobacteria	Micrococcales	Microbacteriaceae	OTU_4389	OTU_4389
OTU_4390	Bacteria	Bacteroidota	Bacteroidia	Flavobacteriales	Flavobacteriaceae	OTU_4390	OTU_4390
OTU_4391	Bacteria	Proteobacteria	Gammaproteobacteria	Alteromonadales	Colwelliaceae	Litorilituus	OTU_4391
OTU_4392	Bacteria	Proteobacteria	Gammaproteobacteria	Francisellales	Francisellaceae	OTU_4392	OTU_4392
OTU_4393	Bacteria	Firmicutes	Bacilli	Lactobacillales	Streptococcaceae	Streptococcus	OTU_4393
OTU_4394	Bacteria	Proteobacteria	Alphaproteobacteria	Rhodobacterales	Rhodobacteraceae	OTU_4394	OTU_4394
OTU_4395	Bacteria	Bacteroidota	Bacteroidia	Flavobacteriales	Flavobacteriaceae	Flavobacterium	OTU_4395
OTU_4396	Bacteria	Proteobacteria	Alphaproteobacteria	Rhodobacterales	Rhodobacteraceae	OTU_4396	OTU_4396
OTU_4397	Bacteria	Bacteroidota	Bacteroidia	Flavobacteriales	Flavobacteriaceae	OTU_4397	OTU_4397
OTU_4398	Bacteria	Bacteroidota	Bacteroidia	Flavobacteriales	NS9 marine group	OTU_4398	OTU_4398
OTU_4399	Bacteria	Proteobacteria	Gammaproteobacteria	Thiomicrospirales	Thioglobaceae	IheB2-31	OTU_4399
OTU_4400	Bacteria	Bacteroidota	Bacteroidia	Flavobacteriales	NS9 marine group	OTU_4400	OTU_4400
OTU_4401	Bacteria	Proteobacteria	Gammaproteobacteria	SAR86 clade	OTU_4401	OTU_4401	OTU_4401
OTU_4402	Bacteria	Proteobacteria	Gammaproteobacteria	Oceanospirillales	Nitrincolaceae	OTU_4402	OTU_4402
OTU_4403	Bacteria	Proteobacteria	Gammaproteobacteria	SAR86 clade	OTU_4403	OTU_4403	OTU_4403
OTU_4404	Bacteria	Proteobacteria	Gammaproteobacteria	OTU_4404	OTU_4404	OTU_4404	OTU_4404
OTU_4405	Bacteria	Proteobacteria	Gammaproteobacteria	Alteromonadales	Pseudoalteromonadaceae	Pseudoalteromonas	OTU_4405
OTU_4406	Bacteria	Proteobacteria	Gammaproteobacteria	OTU_4406	OTU_4406	OTU_4406	OTU_4406
OTU_4407	Bacteria	Proteobacteria	Gammaproteobacteria	Cellvibrionales	Halieaceae	Marimicrobium	OTU_4407
OTU_4408	Bacteria	Actinobacteriota	Acidimicrobiia	Microtrichales	Ilumatobacteraceae	Ilumatobacter	OTU_4408
OTU_4409	Bacteria	Proteobacteria	Gammaproteobacteria	Alteromonadales	Colwelliaceae	OTU_4409	OTU_4409
OTU_4410	Bacteria	Bacteroidota	Bacteroidia	Flavobacteriales	Flavobacteriaceae	OTU_4410	OTU_4410
OTU_4411	Bacteria	Proteobacteria	Alphaproteobacteria	SAR11 clade	OTU_4411	OTU_4411	OTU_4411
OTU_4412	Bacteria	Bacteroidota	Bacteroidia	Cytophagales	Cyclobacteriaceae	Marinoscillum	OTU_4412
OTU_4413	Bacteria	Proteobacteria	Gammaproteobacteria	OM182 clade	OTU_4413	OTU_4413	OTU_4413
OTU_4414	Bacteria	Bacteroidota	Bacteroidia	OTU_4414	OTU_4414	OTU_4414	OTU_4414
OTU_4415	Bacteria	Verrucomicrobiota	Verrucomicrobiae	Verrucomicrobiales	Rubritaleaceae	Roseibacillus	OTU_4415
OTU_4416	Bacteria	Proteobacteria	OTU_4416	OTU_4416	OTU_4416	OTU_4416	OTU_4416
OTU_4417	Bacteria	Firmicutes	Negativicutes	Veillonellales-Selenomonadales	Selenomonadaceae	Selenomonas	OTU_4417
OTU_4418	Bacteria	Actinobacteriota	Acidimicrobiia	Microtrichales	Ilumatobacteraceae	Ilumatobacter	OTU_4418
OTU_4419	Bacteria	Proteobacteria	Alphaproteobacteria	SAR11 clade	Clade IV	OTU_4419	OTU_4419
OTU_4420	Bacteria	Proteobacteria	Gammaproteobacteria	Burkholderiales	Oxalobacteraceae	Undibacterium	OTU_4420
OTU_4421	Bacteria	Proteobacteria	Gammaproteobacteria	Oceanospirillales	Saccharospirillaceae	Oceaniserpentilla	OTU_4421
OTU_4422	Bacteria	Proteobacteria	Gammaproteobacteria	Cellvibrionales	Porticoccaceae	SAR92 clade	OTU_4422
OTU_4423	Bacteria	OTU_4423	OTU_4423	OTU_4423	OTU_4423	OTU_4423	OTU_4423
OTU_4424	Bacteria	Proteobacteria	Gammaproteobacteria	Oceanospirillales	Nitrincolaceae	OTU_4424	OTU_4424
OTU_4425	Bacteria	Proteobacteria	Alphaproteobacteria	SAR11 clade	Clade I	Clade Ia	OTU_4425
OTU_4426	Bacteria	Proteobacteria	Alphaproteobacteria	Rickettsiales	Mitochondria	OTU_4426	OTU_4426
OTU_4427	Bacteria	Chloroflexi	Anaerolineae	RBG-13-54-9	OTU_4427	OTU_4427	OTU_4427
OTU_4428	Bacteria	Bacteroidota	Bacteroidia	Chitinophagales	OTU_4428	OTU_4428	OTU_4428
OTU_4429	Bacteria	Proteobacteria	Gammaproteobacteria	Nitrosococcales	Methylophagaceae	Methylophaga	OTU_4429
OTU_4430	Bacteria	Bacteroidota	Bacteroidia	Flavobacteriales	Flavobacteriaceae	OTU_4430	OTU_4430
OTU_4431	Bacteria	Proteobacteria	Gammaproteobacteria	Oceanospirillales	Pseudohongiellaceae	Pseudohongiella	OTU_4431
OTU_4432	Bacteria	Bacteroidota	Bacteroidia	Flavobacteriales	Flavobacteriaceae	Changchengzhania	OTU_4432
OTU_4433	Bacteria	Proteobacteria	Gammaproteobacteria	OTU_4433	OTU_4433	OTU_4433	OTU_4433
OTU_4434	Bacteria	Proteobacteria	Gammaproteobacteria	Oceanospirillales	Saccharospirillaceae	Oleispira	OTU_4434
OTU_4435	Bacteria	Proteobacteria	Alphaproteobacteria	Puniceispirillales	SAR116 clade	OTU_4435	OTU_4435
OTU_4436	Bacteria	Bacteroidota	Bacteroidia	Flavobacteriales	Crocinitomicaceae	OTU_4436	OTU_4436
OTU_4437	Bacteria	Bacteroidota	Bacteroidia	Flavobacteriales	Flavobacteriaceae	Aurantivirga	OTU_4437
OTU_4438	Bacteria	Proteobacteria	Alphaproteobacteria	Puniceispirillales	SAR116 clade	OTU_4438	OTU_4438
OTU_4439	Bacteria	Bacteroidota	Bacteroidia	Flavobacteriales	OTU_4439	OTU_4439	OTU_4439
OTU_4440	Bacteria	Bacteroidota	Bacteroidia	Flavobacteriales	Flavobacteriaceae	OTU_4440	OTU_4440
OTU_4441	Bacteria	Bacteroidota	Bacteroidia	Flavobacteriales	Flavobacteriaceae	Aurantivirga	OTU_4441
OTU_4442	Bacteria	Bacteroidota	Bacteroidia	Flavobacteriales	Flavobacteriaceae	Gilvibacter	OTU_4442
OTU_4443	Bacteria	Proteobacteria	Alphaproteobacteria	SAR11 clade	OTU_4443	OTU_4443	OTU_4443
OTU_4444	Bacteria	Bacteroidota	Bacteroidia	Flavobacteriales	Flavobacteriaceae	NS5 marine group	OTU_4444
OTU_4445	Bacteria	Proteobacteria	Alphaproteobacteria	Puniceispirillales	SAR116 clade	Candidatus Puniceispirillum	OTU_4445
OTU_4446	Bacteria	Bacteroidota	Bacteroidia	Flavobacteriales	Flavobacteriaceae	Hanstruepera	OTU_4446
OTU_4447	Bacteria	Proteobacteria	Gammaproteobacteria	Cellvibrionales	OTU_4447	OTU_4447	OTU_4447
OTU_4448	Bacteria	Bacteroidota	Bacteroidia	Flavobacteriales	Flavobacteriaceae	Ulvibacter	OTU_4448
OTU_4449	Bacteria	Proteobacteria	Alphaproteobacteria	SAR11 clade	Clade I	OTU_4449	OTU_4449
OTU_4450	Bacteria	Proteobacteria	Gammaproteobacteria	Thiomicrospirales	Thioglobaceae	IheB2-31	OTU_4450
OTU_4451	Bacteria	Bacteroidota	Bacteroidia	Flavobacteriales	Flavobacteriaceae	OTU_4451	OTU_4451
OTU_4452	Bacteria	Proteobacteria	Gammaproteobacteria	Thiomicrospirales	Thioglobaceae	IheB2-31	OTU_4452
OTU_4453	Bacteria	Proteobacteria	Gammaproteobacteria	Burkholderiales	Methylophilaceae	OM43 clade	OTU_4453
OTU_4454	Bacteria	Actinobacteriota	Acidimicrobiia	Microtrichales	Microtrichaceae	OTU_4454	OTU_4454
OTU_4455	Bacteria	Proteobacteria	Gammaproteobacteria	Alteromonadales	Alteromonadaceae	Paraglaciecola	OTU_4455
OTU_4456	Bacteria	Actinobacteriota	Acidimicrobiia	Microtrichales	Ilumatobacteraceae	Ilumatobacter	OTU_4456
OTU_4457	Bacteria	Proteobacteria	Alphaproteobacteria	Rhodobacterales	Rhodobacteraceae	Amylibacter	OTU_4457
OTU_4458	Bacteria	Bacteroidota	Bacteroidia	Flavobacteriales	Flavobacteriaceae	OTU_4458	OTU_4458
OTU_4459	Bacteria	Proteobacteria	Gammaproteobacteria	OTU_4459	OTU_4459	OTU_4459	OTU_4459
OTU_4460	Bacteria	Cyanobacteria	Cyanobacteriia	Chloroplast	OTU_4460	OTU_4460	OTU_4460
OTU_4461	Bacteria	Proteobacteria	Alphaproteobacteria	Rhodobacterales	Rhodobacteraceae	OTU_4461	OTU_4461
OTU_4462	Bacteria	Proteobacteria	Gammaproteobacteria	Alteromonadales	OTU_4462	OTU_4462	OTU_4462
OTU_4463	Bacteria	Bacteroidota	Bacteroidia	Flavobacteriales	Flavobacteriaceae	OTU_4463	OTU_4463
OTU_4464	Bacteria	Cyanobacteria	Cyanobacteriia	Chloroplast	OTU_4464	OTU_4464	OTU_4464
OTU_4465	Bacteria	Proteobacteria	Gammaproteobacteria	OM182 clade	OTU_4465	OTU_4465	OTU_4465
OTU_4466	Bacteria	Bacteroidota	Bacteroidia	Flavobacteriales	Flavobacteriaceae	OTU_4466	OTU_4466
OTU_4467	Bacteria	Verrucomicrobiota	Verrucomicrobiae	Verrucomicrobiales	Rubritaleaceae	Roseibacillus	OTU_4467
OTU_4468	Bacteria	Bacteroidota	Bacteroidia	Flavobacteriales	Flavobacteriaceae	Aureimarina	OTU_4468
OTU_4469	Bacteria	Bacteroidota	Bacteroidia	Flavobacteriales	Crocinitomicaceae	OTU_4469	OTU_4469
OTU_4470	Bacteria	Bacteroidota	Bacteroidia	Flavobacteriales	Cryomorphaceae	OTU_4470	OTU_4470
OTU_4471	Bacteria	Proteobacteria	Gammaproteobacteria	OM182 clade	OTU_4471	OTU_4471	OTU_4471
OTU_4472	Bacteria	Verrucomicrobiota	Verrucomicrobiae	Verrucomicrobiales	Rubritaleaceae	Roseibacillus	OTU_4472
OTU_4473	Bacteria	Proteobacteria	Alphaproteobacteria	Rickettsiales	Mitochondria	OTU_4473	OTU_4473
OTU_4474	Bacteria	Proteobacteria	Gammaproteobacteria	OTU_4474	OTU_4474	OTU_4474	OTU_4474
OTU_4475	Bacteria	Proteobacteria	Alphaproteobacteria	Thalassobaculales	OTU_4475	OTU_4475	OTU_4475
OTU_4476	Bacteria	Bacteroidota	Bacteroidia	Flavobacteriales	Flavobacteriaceae	OTU_4476	OTU_4476
OTU_4477	Bacteria	Bacteroidota	Bacteroidia	Flavobacteriales	Flavobacteriaceae	NS5 marine group	OTU_4477
OTU_4478	Bacteria	Bacteroidota	Bacteroidia	Flavobacteriales	OTU_4478	OTU_4478	OTU_4478
OTU_4479	Bacteria	Proteobacteria	Gammaproteobacteria	Alteromonadales	Alteromonadaceae	Pseudobowmanella	OTU_4479
OTU_4480	Bacteria	Proteobacteria	Alphaproteobacteria	Rhodobacterales	Rhodobacteraceae	Pelagimonas	OTU_4480
OTU_4481	Bacteria	Proteobacteria	Gammaproteobacteria	Oceanospirillales	Nitrincolaceae	OTU_4481	OTU_4481
OTU_4482	Bacteria	Bacteroidota	Bacteroidia	Flavobacteriales	NS9 marine group	OTU_4482	OTU_4482
OTU_4483	Bacteria	Bacteroidota	Bacteroidia	Flavobacteriales	Flavobacteriaceae	Ulvibacter	OTU_4483
OTU_4484	Bacteria	Bacteroidota	Bacteroidia	Flavobacteriales	Crocinitomicaceae	Crocinitomix	OTU_4484
OTU_4485	Bacteria	Bacteroidota	Bacteroidia	Flavobacteriales	Flavobacteriaceae	OTU_4485	OTU_4485
OTU_4486	Bacteria	Bacteroidota	Bacteroidia	Flavobacteriales	Flavobacteriaceae	Changchengzhania	OTU_4486
OTU_4487	Bacteria	Proteobacteria	Gammaproteobacteria	Oceanospirillales	Nitrincolaceae	Pontibacterium	OTU_4487
OTU_4488	Bacteria	Proteobacteria	Gammaproteobacteria	Oceanospirillales	Kangiellaceae	OTU_4488	OTU_4488
OTU_4489	Bacteria	Bacteroidota	Bacteroidia	Flavobacteriales	Cryomorphaceae	Vicingus	OTU_4489
OTU_4490	Bacteria	Bacteroidota	Bacteroidia	Flavobacteriales	Crocinitomicaceae	Fluviicola	OTU_4490
OTU_4491	Bacteria	Bacteroidota	Bacteroidia	Flavobacteriales	Flavobacteriaceae	OTU_4491	OTU_4491
OTU_4492	Bacteria	Actinobacteriota	Actinobacteria	Micrococcales	Microbacteriaceae	DS001	OTU_4492
OTU_4493	Bacteria	Bacteroidota	Bacteroidia	Flavobacteriales	Crocinitomicaceae	OTU_4493	OTU_4493
OTU_4494	Bacteria	Bacteroidota	Bacteroidia	Flavobacteriales	Flavobacteriaceae	OTU_4494	OTU_4494
OTU_4495	Bacteria	Actinobacteriota	Acidimicrobiia	Microtrichales	Ilumatobacteraceae	Ilumatobacter	OTU_4495
OTU_4496	Bacteria	Bacteroidota	Bacteroidia	Flavobacteriales	Flavobacteriaceae	OTU_4496	OTU_4496
OTU_4497	Bacteria	Proteobacteria	Gammaproteobacteria	Cellvibrionales	Halieaceae	OTU_4497	OTU_4497
OTU_4498	Bacteria	Bacteroidota	Bacteroidia	Flavobacteriales	Flavobacteriaceae	OTU_4498	OTU_4498
OTU_4499	Bacteria	Proteobacteria	Gammaproteobacteria	Alteromonadales	Pseudoalteromonadaceae	OTU_4499	OTU_4499
OTU_4500	Bacteria	Bacteroidota	Bacteroidia	Flavobacteriales	Flavobacteriaceae	NS4 marine group	OTU_4500
OTU_4501	Bacteria	Proteobacteria	Gammaproteobacteria	Cellvibrionales	Halieaceae	OTU_4501	OTU_4501
OTU_4502	Bacteria	Bacteroidota	Bacteroidia	Flavobacteriales	Flavobacteriaceae	OTU_4502	OTU_4502
OTU_4503	Bacteria	Proteobacteria	Gammaproteobacteria	Alteromonadales	Pseudoalteromonadaceae	Pseudoalteromonas	OTU_4503
OTU_4504	Bacteria	Bacteroidota	Bacteroidia	Flavobacteriales	Flavobacteriaceae	NS5 marine group	OTU_4504
OTU_4505	Bacteria	Bacteroidota	Bacteroidia	Flavobacteriales	Flavobacteriaceae	OTU_4505	OTU_4505
OTU_4506	Bacteria	Proteobacteria	Gammaproteobacteria	OTU_4506	OTU_4506	OTU_4506	OTU_4506
OTU_4507	Bacteria	Bacteroidota	Bacteroidia	Flavobacteriales	Flavobacteriaceae	NS4 marine group	OTU_4507
OTU_4508	Bacteria	Proteobacteria	Gammaproteobacteria	Oceanospirillales	Nitrincolaceae	OTU_4508	OTU_4508
OTU_4509	Bacteria	Bacteroidota	Bacteroidia	Cytophagales	Cyclobacteriaceae	Marinoscillum	OTU_4509
OTU_4510	Bacteria	Bacteroidota	Bacteroidia	Flavobacteriales	Flavobacteriaceae	Changchengzhania	OTU_4510
OTU_4511	Bacteria	Verrucomicrobiota	Verrucomicrobiae	Verrucomicrobiales	Rubritaleaceae	Roseibacillus	OTU_4511
OTU_4512	Bacteria	Proteobacteria	Gammaproteobacteria	Oceanospirillales	OTU_4512	OTU_4512	OTU_4512
OTU_4513	Bacteria	Proteobacteria	Gammaproteobacteria	OM182 clade	OTU_4513	OTU_4513	OTU_4513
OTU_4514	Bacteria	Bacteroidota	Bacteroidia	Flavobacteriales	Flavobacteriaceae	OTU_4514	OTU_4514
OTU_4515	Bacteria	Proteobacteria	Gammaproteobacteria	Thiomicrospirales	Thioglobaceae	Candidatus Thioglobus	OTU_4515
OTU_4516	Bacteria	Proteobacteria	Gammaproteobacteria	OTU_4516	OTU_4516	OTU_4516	OTU_4516
OTU_4517	Bacteria	SAR324 clade(Marine group B)	OTU_4517	OTU_4517	OTU_4517	OTU_4517	OTU_4517
OTU_4518	Bacteria	Bacteroidota	Bacteroidia	Flavobacteriales	Flavobacteriaceae	OTU_4518	OTU_4518
OTU_4519	Bacteria	OTU_4519	OTU_4519	OTU_4519	OTU_4519	OTU_4519	OTU_4519
OTU_4520	Bacteria	Bacteroidota	Bacteroidia	Flavobacteriales	Flavobacteriaceae	OTU_4520	OTU_4520
OTU_4521	Bacteria	Proteobacteria	Gammaproteobacteria	Burkholderiales	OTU_4521	OTU_4521	OTU_4521
OTU_4522	Bacteria	Bacteroidota	Bacteroidia	Flavobacteriales	Flavobacteriaceae	Aestuariimonas	OTU_4522
OTU_4523	Bacteria	Bacteroidota	Bacteroidia	Flavobacteriales	Crocinitomicaceae	Salinirepens	OTU_4523
OTU_4524	Bacteria	OTU_4524	OTU_4524	OTU_4524	OTU_4524	OTU_4524	OTU_4524
OTU_4525	Bacteria	Proteobacteria	Gammaproteobacteria	Nitrosococcales	Methylophagaceae	OTU_4525	OTU_4525
OTU_4526	Bacteria	Bacteroidota	Bacteroidia	Flavobacteriales	Flavobacteriaceae	Aureisphaera	OTU_4526
OTU_4527	Bacteria	Verrucomicrobiota	Verrucomicrobiae	Verrucomicrobiales	Rubritaleaceae	Luteolibacter	OTU_4527
OTU_4528	Bacteria	Proteobacteria	Alphaproteobacteria	Rhodobacterales	Rhodobacteraceae	OTU_4528	OTU_4528
OTU_4529	Bacteria	Bacteroidota	Bacteroidia	Flavobacteriales	Crocinitomicaceae	Fluviicola	OTU_4529
OTU_4530	Bacteria	Bacteroidota	Bacteroidia	Flavobacteriales	OTU_4530	OTU_4530	OTU_4530
OTU_4531	Bacteria	Bacteroidota	Bacteroidia	Flavobacteriales	NS9 marine group	OTU_4531	OTU_4531
OTU_4532	Bacteria	Proteobacteria	Gammaproteobacteria	Cellvibrionales	Porticoccaceae	SAR92 clade	OTU_4532
OTU_4533	Bacteria	Proteobacteria	Gammaproteobacteria	OTU_4533	OTU_4533	OTU_4533	OTU_4533
OTU_4534	Bacteria	Bacteroidota	Bacteroidia	Flavobacteriales	NS9 marine group	OTU_4534	OTU_4534
OTU_4535	Bacteria	Bacteroidota	Bacteroidia	Flavobacteriales	Flavobacteriaceae	OTU_4535	OTU_4535
OTU_4536	Bacteria	Proteobacteria	Gammaproteobacteria	Burkholderiales	Comamonadaceae	OTU_4536	OTU_4536
OTU_4537	Bacteria	Cyanobacteria	Cyanobacteriia	Chloroplast	OTU_4537	OTU_4537	OTU_4537
OTU_4538	Bacteria	Bacteroidota	Bacteroidia	Flavobacteriales	Flavobacteriaceae	OTU_4538	OTU_4538
OTU_4539	Bacteria	Bacteroidota	Bacteroidia	Flavobacteriales	Flavobacteriaceae	OTU_4539	OTU_4539
OTU_4540	Bacteria	Proteobacteria	Alphaproteobacteria	Rhodobacterales	Rhodobacteraceae	Cognatiyoonia	OTU_4540
OTU_4541	Bacteria	Actinobacteriota	Actinobacteria	PeM15	OTU_4541	OTU_4541	OTU_4541
OTU_4542	Bacteria	Proteobacteria	Alphaproteobacteria	SAR11 clade	Clade III	OTU_4542	OTU_4542
OTU_4543	Bacteria	Bacteroidota	Bacteroidia	Flavobacteriales	Flavobacteriaceae	OTU_4543	OTU_4543
OTU_4544	Bacteria	Bacteroidota	Bacteroidia	Flavobacteriales	Flavobacteriaceae	OTU_4544	OTU_4544
OTU_4545	Bacteria	Bacteroidota	Bacteroidia	Flavobacteriales	Flavobacteriaceae	OTU_4545	OTU_4545
OTU_4546	Bacteria	Actinobacteriota	Actinobacteria	Micrococcales	Microbacteriaceae	SV1-3	OTU_4546
OTU_4547	Bacteria	Marinimicrobia (SAR406 clade)	OTU_4547	OTU_4547	OTU_4547	OTU_4547	OTU_4547
OTU_4548	Bacteria	Proteobacteria	Gammaproteobacteria	Thiomicrospirales	Thioglobaceae	IheB2-31	OTU_4548
OTU_4549	Bacteria	Proteobacteria	Gammaproteobacteria	Cellvibrionales	Halieaceae	OTU_4549	OTU_4549
OTU_4550	Bacteria	Proteobacteria	Alphaproteobacteria	OTU_4550	OTU_4550	OTU_4550	OTU_4550
OTU_4551	Bacteria	Proteobacteria	OTU_4551	OTU_4551	OTU_4551	OTU_4551	OTU_4551
OTU_4552	Bacteria	SAR324 clade(Marine group B)	OTU_4552	OTU_4552	OTU_4552	OTU_4552	OTU_4552
OTU_4553	Bacteria	Proteobacteria	Gammaproteobacteria	OM182 clade	OTU_4553	OTU_4553	OTU_4553
OTU_4554	Bacteria	OTU_4554	OTU_4554	OTU_4554	OTU_4554	OTU_4554	OTU_4554
OTU_4555	Bacteria	Cyanobacteria	Cyanobacteriia	Chloroplast	OTU_4555	OTU_4555	OTU_4555
OTU_4556	Bacteria	Proteobacteria	Gammaproteobacteria	Cellvibrionales	Porticoccaceae	SAR92 clade	OTU_4556
OTU_4557	Bacteria	Bacteroidota	Bacteroidia	Flavobacteriales	NS9 marine group	OTU_4557	OTU_4557
OTU_4558	Bacteria	Bacteroidota	Bacteroidia	Flavobacteriales	Flavobacteriaceae	NS5 marine group	OTU_4558
OTU_4559	Bacteria	Actinobacteriota	Actinobacteria	Corynebacteriales	Corynebacteriaceae	Corynebacterium	OTU_4559
OTU_4560	Bacteria	Actinobacteriota	Actinobacteria	Micrococcales	Micrococcaceae	Acaricomes	OTU_4560
OTU_4561	Bacteria	Proteobacteria	Gammaproteobacteria	Alteromonadales	Pseudoalteromonadaceae	Pseudoalteromonas	OTU_4561
OTU_4562	Bacteria	Proteobacteria	Gammaproteobacteria	Thiomicrospirales	Thioglobaceae	IheB2-31	OTU_4562
OTU_4563	Bacteria	Proteobacteria	Gammaproteobacteria	Alteromonadales	Colwelliaceae	Litorilituus	OTU_4563
OTU_4564	Bacteria	Proteobacteria	Gammaproteobacteria	Oceanospirillales	OTU_4564	OTU_4564	OTU_4564
OTU_4565	Bacteria	Cyanobacteria	Cyanobacteriia	Chloroplast	OTU_4565	OTU_4565	OTU_4565
OTU_4566	Bacteria	Proteobacteria	Gammaproteobacteria	OM182 clade	OTU_4566	OTU_4566	OTU_4566
OTU_4567	Bacteria	Proteobacteria	Gammaproteobacteria	Thiomicrospirales	Thioglobaceae	IheB2-31	OTU_4567
OTU_4568	Bacteria	Bacteroidota	Bacteroidia	Flavobacteriales	Cryomorphaceae	OTU_4568	OTU_4568
OTU_4569	Bacteria	Bacteroidota	Bacteroidia	Flavobacteriales	Flavobacteriaceae	OTU_4569	OTU_4569
OTU_4570	Bacteria	Proteobacteria	Gammaproteobacteria	SAR86 clade	OTU_4570	OTU_4570	OTU_4570
OTU_4571	Bacteria	Bacteroidota	Bacteroidia	Flavobacteriales	Flavobacteriaceae	OTU_4571	OTU_4571
OTU_4572	Bacteria	Proteobacteria	Gammaproteobacteria	Cellvibrionales	Porticoccaceae	Porticoccus	OTU_4572
OTU_4573	Bacteria	Proteobacteria	Gammaproteobacteria	OM182 clade	OTU_4573	OTU_4573	OTU_4573
OTU_4574	Bacteria	Proteobacteria	Alphaproteobacteria	SAR11 clade	OTU_4574	OTU_4574	OTU_4574
OTU_4575	Bacteria	Actinobacteriota	Actinobacteria	Micrococcales	Microbacteriaceae	SV1-3	OTU_4575
OTU_4576	Bacteria	Proteobacteria	Gammaproteobacteria	Oceanospirillales	Nitrincolaceae	OTU_4576	OTU_4576
OTU_4577	Bacteria	Bacteroidota	Bacteroidia	Cytophagales	Hymenobacteraceae	Hymenobacter	OTU_4577
OTU_4578	Bacteria	Proteobacteria	Gammaproteobacteria	Alteromonadales	Alteromonadaceae	Glaciecola	OTU_4578
OTU_4579	Bacteria	Proteobacteria	Gammaproteobacteria	Oceanospirillales	Saccharospirillaceae	Oceaniserpentilla	OTU_4579
OTU_4580	Bacteria	Proteobacteria	Alphaproteobacteria	Rhodobacterales	Rhodobacteraceae	OTU_4580	OTU_4580
OTU_4581	Bacteria	Proteobacteria	Alphaproteobacteria	Rhodobacterales	Rhodobacteraceae	OTU_4581	OTU_4581
OTU_4582	Bacteria	OTU_4582	OTU_4582	OTU_4582	OTU_4582	OTU_4582	OTU_4582
OTU_4583	Bacteria	Proteobacteria	Gammaproteobacteria	SAR86 clade	OTU_4583	OTU_4583	OTU_4583
OTU_4584	Bacteria	Patescibacteria	Saccharimonadia	Saccharimonadales	OTU_4584	OTU_4584	OTU_4584
OTU_4585	Bacteria	Proteobacteria	Alphaproteobacteria	Rhodobacterales	Rhodobacteraceae	OTU_4585	OTU_4585
OTU_4586	Bacteria	Proteobacteria	Alphaproteobacteria	OTU_4586	OTU_4586	OTU_4586	OTU_4586
OTU_4587	Bacteria	Bacteroidota	Bacteroidia	Flavobacteriales	Flavobacteriaceae	OTU_4587	OTU_4587
OTU_4588	Bacteria	Proteobacteria	Gammaproteobacteria	OTU_4588	OTU_4588	OTU_4588	OTU_4588
OTU_4589	Bacteria	Proteobacteria	Gammaproteobacteria	Thiomicrospirales	Thioglobaceae	IheB2-31	OTU_4589
OTU_4590	Bacteria	Proteobacteria	Gammaproteobacteria	Ga0077536	OTU_4590	OTU_4590	OTU_4590
OTU_4591	Bacteria	Bacteroidota	Bacteroidia	Flavobacteriales	Cryomorphaceae	Vicingus	OTU_4591
OTU_4592	Bacteria	Proteobacteria	Alphaproteobacteria	Rhodospirillales	Magnetospiraceae	OTU_4592	OTU_4592
OTU_4593	Bacteria	Bacteroidota	Bacteroidia	Flavobacteriales	Crocinitomicaceae	Lishizhenia	OTU_4593
OTU_4594	Bacteria	Bacteroidota	Bacteroidia	Flavobacteriales	Flavobacteriaceae	NS4 marine group	OTU_4594
OTU_4595	Bacteria	Proteobacteria	Gammaproteobacteria	Alteromonadales	Colwelliaceae	OTU_4595	OTU_4595
OTU_4596	Bacteria	Bacteroidota	Bacteroidia	Flavobacteriales	NS7 marine group	OTU_4596	OTU_4596
OTU_4597	Bacteria	Proteobacteria	Alphaproteobacteria	SAR11 clade	OTU_4597	OTU_4597	OTU_4597
OTU_4598	Bacteria	Proteobacteria	Gammaproteobacteria	Thiomicrospirales	Thioglobaceae	IheB2-31	OTU_4598
OTU_4599	Bacteria	Cyanobacteria	Cyanobacteriia	Chloroplast	OTU_4599	OTU_4599	OTU_4599
OTU_4600	Bacteria	Proteobacteria	Gammaproteobacteria	Thiotrichales	Thiotrichaceae	OTU_4600	OTU_4600
OTU_4601	Bacteria	Bacteroidota	Bacteroidia	Flavobacteriales	Flavobacteriaceae	Polaribacter	OTU_4601
OTU_4602	Bacteria	Proteobacteria	Alphaproteobacteria	SAR11 clade	Clade III	OTU_4602	OTU_4602
OTU_4603	Bacteria	Proteobacteria	Gammaproteobacteria	OTU_4603	OTU_4603	OTU_4603	OTU_4603
OTU_4604	Bacteria	Actinobacteriota	Actinobacteria	Propionibacteriales	Propionibacteriaceae	Cutibacterium	OTU_4604
OTU_4605	Bacteria	Cyanobacteria	Cyanobacteriia	Chloroplast	OTU_4605	OTU_4605	OTU_4605
OTU_4606	Bacteria	Proteobacteria	Gammaproteobacteria	KI89A clade	OTU_4606	OTU_4606	OTU_4606
OTU_4607	Bacteria	Proteobacteria	Gammaproteobacteria	Oceanospirillales	Nitrincolaceae	OTU_4607	OTU_4607
OTU_4608	Bacteria	OTU_4608	OTU_4608	OTU_4608	OTU_4608	OTU_4608	OTU_4608
OTU_4609	Archaea	Thermoplasmatota	Thermoplasmata	Marine Group II	OTU_4609	OTU_4609	OTU_4609
OTU_4610	Bacteria	Bacteroidota	Bacteroidia	Flavobacteriales	Flavobacteriaceae	OTU_4610	OTU_4610
OTU_4611	Bacteria	Proteobacteria	Gammaproteobacteria	Cellvibrionales	Halieaceae	OTU_4611	OTU_4611
OTU_4612	Bacteria	Bacteroidota	Bacteroidia	Flavobacteriales	Flavobacteriaceae	NS5 marine group	OTU_4612
OTU_4613	Bacteria	Bacteroidota	Bacteroidia	Flavobacteriales	Cryomorphaceae	OTU_4613	OTU_4613
OTU_4614	Bacteria	Proteobacteria	Gammaproteobacteria	Burkholderiales	Methylophilaceae	OM43 clade	OTU_4614
OTU_4615	Bacteria	Bacteroidota	Bacteroidia	Flavobacteriales	Flavobacteriaceae	Marixanthomonas	OTU_4615
OTU_4616	Bacteria	Proteobacteria	Gammaproteobacteria	Arenicellales	Arenicellaceae	Arenicella	OTU_4616
OTU_4617	Bacteria	Cyanobacteria	Cyanobacteriia	Chloroplast	OTU_4617	OTU_4617	OTU_4617
OTU_4618	Bacteria	Proteobacteria	Gammaproteobacteria	OTU_4618	OTU_4618	OTU_4618	OTU_4618
OTU_4619	Bacteria	Proteobacteria	OTU_4619	OTU_4619	OTU_4619	OTU_4619	OTU_4619
OTU_4620	Bacteria	Proteobacteria	Alphaproteobacteria	Puniceispirillales	OTU_4620	OTU_4620	OTU_4620
OTU_4621	Bacteria	Proteobacteria	Gammaproteobacteria	OTU_4621	OTU_4621	OTU_4621	OTU_4621
OTU_4622	Bacteria	Bacteroidota	Bacteroidia	Flavobacteriales	Flavobacteriaceae	Pseudofulvibacter	OTU_4622
OTU_4623	Bacteria	Actinobacteriota	Actinobacteria	Micrococcales	Microbacteriaceae	SV1-3	OTU_4623
OTU_4624	Bacteria	Cyanobacteria	Cyanobacteriia	Chloroplast	OTU_4624	OTU_4624	OTU_4624
OTU_4625	Bacteria	Proteobacteria	Gammaproteobacteria	Oceanospirillales	Kangiellaceae	OTU_4625	OTU_4625
OTU_4626	Bacteria	Proteobacteria	Gammaproteobacteria	Oceanospirillales	Nitrincolaceae	OTU_4626	OTU_4626
OTU_4627	Bacteria	Proteobacteria	OTU_4627	OTU_4627	OTU_4627	OTU_4627	OTU_4627
OTU_4628	Bacteria	Proteobacteria	Alphaproteobacteria	Rhodobacterales	Rhodobacteraceae	OTU_4628	OTU_4628
OTU_4629	Bacteria	Proteobacteria	Gammaproteobacteria	Pseudomonadales	Pseudomonadaceae	Pseudomonas	OTU_4629
OTU_4630	Bacteria	Bacteroidota	Bacteroidia	Flavobacteriales	NS7 marine group	OTU_4630	OTU_4630
OTU_4631	Bacteria	Proteobacteria	Alphaproteobacteria	Rhizobiales	Methyloligellaceae	OTU_4631	OTU_4631
OTU_4632	Bacteria	Verrucomicrobiota	Verrucomicrobiae	Verrucomicrobiales	Rubritaleaceae	Roseibacillus	OTU_4632
OTU_4633	Bacteria	Proteobacteria	Alphaproteobacteria	Rhodobacterales	Rhodobacteraceae	OTU_4633	OTU_4633
OTU_4634	Bacteria	Proteobacteria	Gammaproteobacteria	OTU_4634	OTU_4634	OTU_4634	OTU_4634
OTU_4635	Bacteria	Proteobacteria	Gammaproteobacteria	OM182 clade	OTU_4635	OTU_4635	OTU_4635
OTU_4636	Bacteria	Proteobacteria	Alphaproteobacteria	Rhodobacterales	Rhodobacteraceae	OTU_4636	OTU_4636
OTU_4637	Bacteria	Proteobacteria	Gammaproteobacteria	OTU_4637	OTU_4637	OTU_4637	OTU_4637
OTU_4638	Bacteria	Proteobacteria	Gammaproteobacteria	Cellvibrionales	Halieaceae	OTU_4638	OTU_4638
OTU_4639	Bacteria	Bacteroidota	Bacteroidia	Flavobacteriales	NS7 marine group	OTU_4639	OTU_4639
OTU_4640	Bacteria	Bacteroidota	Bacteroidia	Flavobacteriales	Flavobacteriaceae	OTU_4640	OTU_4640
OTU_4641	Bacteria	Proteobacteria	Gammaproteobacteria	Diplorickettsiales	Diplorickettsiaceae	Aquicella	OTU_4641
OTU_4642	Bacteria	Proteobacteria	Gammaproteobacteria	Cellvibrionales	Porticoccaceae	SAR92 clade	OTU_4642
OTU_4643	Bacteria	Proteobacteria	Gammaproteobacteria	Oceanospirillales	Saccharospirillaceae	Thalassolituus	OTU_4643
OTU_4644	Bacteria	Bacteroidota	Bacteroidia	Flavobacteriales	OTU_4644	OTU_4644	OTU_4644
OTU_4645	Bacteria	Proteobacteria	Gammaproteobacteria	SAR86 clade	OTU_4645	OTU_4645	OTU_4645
OTU_4646	Bacteria	Proteobacteria	Alphaproteobacteria	SAR11 clade	Clade I	OTU_4646	OTU_4646
OTU_4647	Bacteria	Bacteroidota	Bacteroidia	Flavobacteriales	OTU_4647	OTU_4647	OTU_4647
OTU_4648	Bacteria	Bacteroidota	Bacteroidia	Flavobacteriales	Flavobacteriaceae	OTU_4648	OTU_4648
OTU_4649	Bacteria	Proteobacteria	Gammaproteobacteria	Alteromonadales	Pseudoalteromonadaceae	Pseudoalteromonas	OTU_4649
OTU_4650	Bacteria	Proteobacteria	Gammaproteobacteria	SAR86 clade	OTU_4650	OTU_4650	OTU_4650
OTU_4651	Bacteria	Verrucomicrobiota	Verrucomicrobiae	Verrucomicrobiales	Rubritaleaceae	Roseibacillus	OTU_4651
OTU_4652	Bacteria	Bacteroidota	Bacteroidia	Flavobacteriales	Flavobacteriaceae	OTU_4652	OTU_4652
OTU_4653	Bacteria	Bacteroidota	Bacteroidia	Flavobacteriales	Crocinitomicaceae	Salinirepens	OTU_4653
OTU_4654	Bacteria	Proteobacteria	Gammaproteobacteria	OTU_4654	OTU_4654	OTU_4654	OTU_4654
OTU_4655	Bacteria	Proteobacteria	Alphaproteobacteria	Rhodobacterales	Rhodobacteraceae	OTU_4655	OTU_4655
OTU_4656	Bacteria	Bacteroidota	Bacteroidia	Flavobacteriales	Flavobacteriaceae	Algibacter	OTU_4656
OTU_4657	Bacteria	Proteobacteria	Gammaproteobacteria	Cellvibrionales	Porticoccaceae	SAR92 clade	OTU_4657
OTU_4658	Bacteria	Proteobacteria	Gammaproteobacteria	Pseudomonadales	Moraxellaceae	OTU_4658	OTU_4658
OTU_4659	Bacteria	Proteobacteria	Alphaproteobacteria	Rickettsiales	Rickettsiaceae	OTU_4659	OTU_4659
OTU_4660	Bacteria	Bacteroidota	Bacteroidia	Flavobacteriales	Flavobacteriaceae	OTU_4660	OTU_4660
OTU_4661	Bacteria	Bacteroidota	Bacteroidia	OTU_4661	OTU_4661	OTU_4661	OTU_4661
OTU_4662	Bacteria	Bacteroidota	Bacteroidia	Flavobacteriales	Crocinitomicaceae	Crocinitomix	OTU_4662
OTU_4663	Bacteria	Proteobacteria	Gammaproteobacteria	Alteromonadales	Pseudoalteromonadaceae	Pseudoalteromonas	OTU_4663
OTU_4664	Bacteria	Proteobacteria	Gammaproteobacteria	Aeromonadales	Succinivibrionaceae	Anaerobiospirillum	OTU_4664
OTU_4665	Bacteria	Bacteroidota	Bacteroidia	Flavobacteriales	Flavobacteriaceae	OTU_4665	OTU_4665
OTU_4666	Bacteria	Cyanobacteria	Cyanobacteriia	Chloroplast	OTU_4666	OTU_4666	OTU_4666
OTU_4667	Bacteria	Actinobacteriota	Actinobacteria	Corynebacteriales	Mycobacteriaceae	Mycobacterium	OTU_4667
OTU_4668	Bacteria	Bacteroidota	Bacteroidia	Flavobacteriales	Flavobacteriaceae	Gilvibacter	OTU_4668
OTU_4669	Bacteria	Proteobacteria	Gammaproteobacteria	SAR86 clade	OTU_4669	OTU_4669	OTU_4669
OTU_4670	Bacteria	Proteobacteria	Gammaproteobacteria	OTU_4670	OTU_4670	OTU_4670	OTU_4670
OTU_4671	Bacteria	Proteobacteria	Alphaproteobacteria	Rhodobacterales	Rhodobacteraceae	OTU_4671	OTU_4671
OTU_4672	Bacteria	Acidobacteriota	Vicinamibacteria	Vicinamibacterales	OTU_4672	OTU_4672	OTU_4672
OTU_4673	Bacteria	Bacteroidota	Bacteroidia	Flavobacteriales	Flavobacteriaceae	Aquibacter	OTU_4673
OTU_4674	Bacteria	Proteobacteria	Gammaproteobacteria	Burkholderiales	Alcaligenaceae	Achromobacter	OTU_4674
OTU_4675	Bacteria	Actinobacteriota	Actinobacteria	Micrococcales	Microbacteriaceae	OTU_4675	OTU_4675
OTU_4676	Bacteria	Proteobacteria	Alphaproteobacteria	Rhodobacterales	Rhodobacteraceae	Planktomarina	OTU_4676
OTU_4677	Bacteria	Proteobacteria	Gammaproteobacteria	OTU_4677	OTU_4677	OTU_4677	OTU_4677
OTU_4678	Bacteria	Verrucomicrobiota	Verrucomicrobiae	Verrucomicrobiales	Rubritaleaceae	Roseibacillus	OTU_4678
OTU_4679	Bacteria	Proteobacteria	Gammaproteobacteria	Burkholderiales	OTU_4679	OTU_4679	OTU_4679
OTU_4680	Bacteria	Proteobacteria	Alphaproteobacteria	Micavibrionales	OTU_4680	OTU_4680	OTU_4680
OTU_4681	Bacteria	Proteobacteria	Gammaproteobacteria	Alteromonadales	Colwelliaceae	OTU_4681	OTU_4681
OTU_4682	Bacteria	Proteobacteria	Alphaproteobacteria	Rhodobacterales	Rhodobacteraceae	OTU_4682	OTU_4682
OTU_4683	Bacteria	Bacteroidota	Bacteroidia	Flavobacteriales	Crocinitomicaceae	Fluviicola	OTU_4683
OTU_4684	Bacteria	Proteobacteria	Gammaproteobacteria	Nitrosococcales	Methylophagaceae	OTU_4684	OTU_4684
OTU_4685	Bacteria	Proteobacteria	Gammaproteobacteria	OM182 clade	OTU_4685	OTU_4685	OTU_4685
OTU_4686	Bacteria	OTU_4686	OTU_4686	OTU_4686	OTU_4686	OTU_4686	OTU_4686
OTU_4687	Bacteria	OTU_4687	OTU_4687	OTU_4687	OTU_4687	OTU_4687	OTU_4687
OTU_4688	Bacteria	Cyanobacteria	Cyanobacteriia	Chloroplast	OTU_4688	OTU_4688	OTU_4688
OTU_4689	Bacteria	Proteobacteria	Gammaproteobacteria	Burkholderiales	Comamonadaceae	Polaromonas	OTU_4689
OTU_4690	Bacteria	Proteobacteria	Gammaproteobacteria	OTU_4690	OTU_4690	OTU_4690	OTU_4690
OTU_4691	Bacteria	Bacteroidota	Bacteroidia	Flavobacteriales	Flavobacteriaceae	OTU_4691	OTU_4691
OTU_4692	Bacteria	Proteobacteria	Gammaproteobacteria	Cellvibrionales	Porticoccaceae	SAR92 clade	OTU_4692
OTU_4693	Bacteria	Bacteroidota	Bacteroidia	Flavobacteriales	Flavobacteriaceae	OTU_4693	OTU_4693
OTU_4694	Bacteria	OTU_4694	OTU_4694	OTU_4694	OTU_4694	OTU_4694	OTU_4694
OTU_4695	Bacteria	Proteobacteria	Gammaproteobacteria	Thiomicrospirales	Thioglobaceae	IheB2-31	OTU_4695
OTU_4696	Bacteria	Bacteroidota	Bacteroidia	Flavobacteriales	Flavobacteriaceae	OTU_4696	OTU_4696
OTU_4697	Bacteria	Proteobacteria	Alphaproteobacteria	Rhodobacterales	Rhodobacteraceae	OTU_4697	OTU_4697
OTU_4698	Bacteria	Proteobacteria	Gammaproteobacteria	Cellvibrionales	Halieaceae	Marimicrobium	OTU_4698
OTU_4699	Bacteria	Bacteroidota	Bacteroidia	Flavobacteriales	Flavobacteriaceae	Aurantivirga	OTU_4699
OTU_4700	Bacteria	Firmicutes	Bacilli	Lactobacillales	Leuconostocaceae	Weissella	soli
OTU_4701	Bacteria	Proteobacteria	Gammaproteobacteria	Thiomicrospirales	Thioglobaceae	IheB2-31	OTU_4701
OTU_4702	Bacteria	Proteobacteria	Gammaproteobacteria	Thiomicrospirales	Thioglobaceae	IheB2-31	OTU_4702
OTU_4703	Bacteria	Proteobacteria	Gammaproteobacteria	Alteromonadales	Alteromonadaceae	Salinimonas	OTU_4703
OTU_4704	Bacteria	Proteobacteria	Alphaproteobacteria	Rhodobacterales	Rhodobacteraceae	OTU_4704	OTU_4704
OTU_4705	Bacteria	Bacteroidota	Bacteroidia	Flavobacteriales	Flavobacteriaceae	OTU_4705	OTU_4705
OTU_4706	Bacteria	OTU_4706	OTU_4706	OTU_4706	OTU_4706	OTU_4706	OTU_4706
OTU_4707	Bacteria	Proteobacteria	Alphaproteobacteria	Rhodobacterales	Rhodobacteraceae	OTU_4707	OTU_4707
OTU_4708	Bacteria	Proteobacteria	Gammaproteobacteria	Alteromonadales	Moritellaceae	Paramoritella	OTU_4708
OTU_4709	Bacteria	Actinobacteriota	Actinobacteria	OTU_4709	OTU_4709	OTU_4709	OTU_4709
OTU_4710	Bacteria	Actinobacteriota	Actinobacteria	Micrococcales	Microbacteriaceae	SV1-3	OTU_4710
OTU_4711	Bacteria	Proteobacteria	Gammaproteobacteria	SAR86 clade	OTU_4711	OTU_4711	OTU_4711
OTU_4712	Bacteria	Proteobacteria	Alphaproteobacteria	Sphingomonadales	Sphingomonadaceae	OTU_4712	OTU_4712
OTU_4713	Bacteria	Proteobacteria	Gammaproteobacteria	Cellvibrionales	Halieaceae	Marimicrobium	OTU_4713
OTU_4714	Bacteria	Cyanobacteria	Sericytochromatia	OTU_4714	OTU_4714	OTU_4714	OTU_4714
OTU_4715	Bacteria	Proteobacteria	Gammaproteobacteria	Alteromonadales	Alteromonadaceae	OTU_4715	OTU_4715
OTU_4716	Bacteria	Proteobacteria	Gammaproteobacteria	OTU_4716	OTU_4716	OTU_4716	OTU_4716
OTU_4717	Bacteria	Actinobacteriota	Actinobacteria	Micrococcales	Microbacteriaceae	SV1-3	OTU_4717
OTU_4718	Bacteria	Bacteroidota	Bacteroidia	Flavobacteriales	Flavobacteriaceae	OTU_4718	OTU_4718
OTU_4719	Bacteria	Bacteroidota	Bacteroidia	Flavobacteriales	Flavobacteriaceae	NS5 marine group	OTU_4719
OTU_4720	Bacteria	Proteobacteria	Gammaproteobacteria	Oceanospirillales	Pseudohongiellaceae	Pseudohongiella	OTU_4720
OTU_4721	Bacteria	Proteobacteria	Alphaproteobacteria	Rhodobacterales	Rhodobacteraceae	OTU_4721	OTU_4721
OTU_4722	Bacteria	Proteobacteria	Gammaproteobacteria	Oceanospirillales	Nitrincolaceae	OTU_4722	OTU_4722
OTU_4723	Bacteria	Firmicutes	Clostridia	Lachnospirales	Lachnospiraceae	[Ruminococcus] torques group	OTU_4723
OTU_4724	Bacteria	Proteobacteria	Gammaproteobacteria	Cellvibrionales	OTU_4724	OTU_4724	OTU_4724
OTU_4725	Bacteria	Bacteroidota	Bacteroidia	Flavobacteriales	Flavobacteriaceae	NS5 marine group	OTU_4725
OTU_4726	Bacteria	Proteobacteria	Gammaproteobacteria	Oceanospirillales	Kangiellaceae	OTU_4726	OTU_4726
OTU_4727	Bacteria	Proteobacteria	Gammaproteobacteria	Cellvibrionales	Halieaceae	Marimicrobium	OTU_4727
OTU_4728	Bacteria	Proteobacteria	Gammaproteobacteria	Oceanospirillales	Nitrincolaceae	OTU_4728	OTU_4728
OTU_4729	Bacteria	Proteobacteria	Gammaproteobacteria	Alteromonadales	Idiomarinaceae	Idiomarina	OTU_4729
OTU_4730	Bacteria	Bacteroidota	Bacteroidia	Flavobacteriales	Weeksellaceae	Chryseobacterium	OTU_4730
OTU_4731	Bacteria	Proteobacteria	Gammaproteobacteria	OM182 clade	OTU_4731	OTU_4731	OTU_4731
OTU_4732	Bacteria	Bacteroidota	Bacteroidia	Flavobacteriales	Flavobacteriaceae	OTU_4732	OTU_4732
OTU_4733	Bacteria	Proteobacteria	Gammaproteobacteria	Oceanospirillales	Nitrincolaceae	OTU_4733	OTU_4733
OTU_4734	Bacteria	OTU_4734	OTU_4734	OTU_4734	OTU_4734	OTU_4734	OTU_4734
OTU_4735	Bacteria	Proteobacteria	Gammaproteobacteria	OTU_4735	OTU_4735	OTU_4735	OTU_4735
OTU_4736	Bacteria	Bacteroidota	Bacteroidia	Flavobacteriales	Flavobacteriaceae	OTU_4736	OTU_4736
OTU_4737	Bacteria	Proteobacteria	Gammaproteobacteria	Cellvibrionales	Halieaceae	OM60(NOR5) clade	OTU_4737
OTU_4738	Bacteria	Proteobacteria	Gammaproteobacteria	Cellvibrionales	Cellvibrionaceae	Maricurvus	OTU_4738
OTU_4739	Bacteria	Bacteroidota	Bacteroidia	Flavobacteriales	Cryomorphaceae	OTU_4739	OTU_4739
OTU_4740	Bacteria	Proteobacteria	Gammaproteobacteria	Cellvibrionales	Halieaceae	OM60(NOR5) clade	OTU_4740
OTU_4741	Bacteria	Bacteroidota	Bacteroidia	Flavobacteriales	Flavobacteriaceae	NS5 marine group	OTU_4741
OTU_4742	Bacteria	Chloroflexi	Chloroflexia	Thermomicrobiales	Thermomicrobiaceae	OTU_4742	OTU_4742
OTU_4743	Bacteria	Proteobacteria	Gammaproteobacteria	OM182 clade	OTU_4743	OTU_4743	OTU_4743
OTU_4744	Bacteria	Proteobacteria	Alphaproteobacteria	Rhodobacterales	Rhodobacteraceae	OTU_4744	OTU_4744
OTU_4745	Bacteria	Proteobacteria	Gammaproteobacteria	Oceanospirillales	Pseudohongiellaceae	Pseudohongiella	OTU_4745
OTU_4746	Bacteria	Proteobacteria	Gammaproteobacteria	OTU_4746	OTU_4746	OTU_4746	OTU_4746
OTU_4747	Bacteria	Proteobacteria	Gammaproteobacteria	OTU_4747	OTU_4747	OTU_4747	OTU_4747
OTU_4748	Bacteria	Bacteroidota	Bacteroidia	Flavobacteriales	Flavobacteriaceae	Pseudofulvibacter	OTU_4748
OTU_4749	Bacteria	Bacteroidota	Bacteroidia	Flavobacteriales	NS7 marine group	OTU_4749	OTU_4749
OTU_4750	Bacteria	Cyanobacteria	Cyanobacteriia	Chloroplast	OTU_4750	OTU_4750	OTU_4750
OTU_4751	Bacteria	Proteobacteria	Gammaproteobacteria	Enterobacterales	Enterobacteriaceae	Aquamonas	OTU_4751
OTU_4752	Bacteria	Proteobacteria	Gammaproteobacteria	Alteromonadales	Colwelliaceae	OTU_4752	OTU_4752
OTU_4753	Bacteria	Proteobacteria	Gammaproteobacteria	Alteromonadales	OTU_4753	OTU_4753	OTU_4753
OTU_4754	Bacteria	Proteobacteria	Gammaproteobacteria	Oceanospirillales	Kangiellaceae	OTU_4754	OTU_4754
OTU_4755	Bacteria	Proteobacteria	Alphaproteobacteria	Rhodobacterales	Rhodobacteraceae	OTU_4755	OTU_4755
OTU_4756	Bacteria	Bacteroidota	Bacteroidia	Flavobacteriales	Flavobacteriaceae	Flavobacterium	OTU_4756
OTU_4757	Bacteria	Bacteroidota	Bacteroidia	Flavobacteriales	Flavobacteriaceae	Gilvibacter	OTU_4757
OTU_4758	Bacteria	Bacteroidota	Bacteroidia	Flavobacteriales	Cryomorphaceae	OTU_4758	OTU_4758
OTU_4759	Bacteria	Bacteroidota	Bacteroidia	Flavobacteriales	OTU_4759	OTU_4759	OTU_4759
OTU_4760	Bacteria	Proteobacteria	Gammaproteobacteria	OM182 clade	OTU_4760	OTU_4760	OTU_4760
OTU_4761	Bacteria	Bacteroidota	Bacteroidia	Flavobacteriales	Flavobacteriaceae	OTU_4761	OTU_4761
OTU_4762	Bacteria	Proteobacteria	Gammaproteobacteria	OTU_4762	OTU_4762	OTU_4762	OTU_4762
OTU_4763	Bacteria	Proteobacteria	Gammaproteobacteria	Cellvibrionales	Halieaceae	OTU_4763	OTU_4763
OTU_4764	Bacteria	Proteobacteria	Gammaproteobacteria	OTU_4764	OTU_4764	OTU_4764	OTU_4764
OTU_4765	OTU_4765	OTU_4765	OTU_4765	OTU_4765	OTU_4765	OTU_4765	OTU_4765
OTU_4766	Bacteria	Bacteroidota	Bacteroidia	Flavobacteriales	Flavobacteriaceae	NS4 marine group	OTU_4766
OTU_4767	Bacteria	Bacteroidota	Bacteroidia	Flavobacteriales	Flavobacteriaceae	OTU_4767	OTU_4767
OTU_4768	Bacteria	Proteobacteria	Gammaproteobacteria	Oceanospirillales	Nitrincolaceae	OTU_4768	OTU_4768
OTU_4769	Bacteria	Bacteroidota	Bacteroidia	Flavobacteriales	Cryomorphaceae	OTU_4769	OTU_4769
OTU_4770	Bacteria	Bacteroidota	Bacteroidia	Flavobacteriales	Flavobacteriaceae	Aurantivirga	OTU_4770
OTU_4771	Bacteria	Bacteroidota	Bacteroidia	Flavobacteriales	Cryomorphaceae	OTU_4771	OTU_4771
OTU_4772	Bacteria	Proteobacteria	Gammaproteobacteria	SAR86 clade	OTU_4772	OTU_4772	OTU_4772
OTU_4773	Bacteria	Proteobacteria	Gammaproteobacteria	Thiomicrospirales	Thioglobaceae	IheB2-31	OTU_4773
OTU_4774	Bacteria	Proteobacteria	Gammaproteobacteria	Cellvibrionales	Porticoccaceae	SAR92 clade	OTU_4774
OTU_4775	Bacteria	Proteobacteria	Gammaproteobacteria	Cellvibrionales	Halieaceae	OTU_4775	OTU_4775
OTU_4776	Bacteria	Proteobacteria	Gammaproteobacteria	OTU_4776	OTU_4776	OTU_4776	OTU_4776
OTU_4777	Bacteria	Bacteroidota	Bacteroidia	Flavobacteriales	Flavobacteriaceae	NS5 marine group	OTU_4777
OTU_4778	Bacteria	Proteobacteria	Gammaproteobacteria	OTU_4778	OTU_4778	OTU_4778	OTU_4778
OTU_4779	Bacteria	Proteobacteria	Gammaproteobacteria	OTU_4779	OTU_4779	OTU_4779	OTU_4779
OTU_4780	Bacteria	Proteobacteria	Alphaproteobacteria	Parvibaculales	OCS116 clade	OTU_4780	OTU_4780
OTU_4781	Bacteria	Proteobacteria	Alphaproteobacteria	Rhodobacterales	Rhodobacteraceae	Aestuariibius	OTU_4781
OTU_4782	Bacteria	Proteobacteria	Gammaproteobacteria	SAR86 clade	OTU_4782	OTU_4782	OTU_4782
OTU_4783	Bacteria	Proteobacteria	Gammaproteobacteria	Oceanospirillales	Nitrincolaceae	OTU_4783	OTU_4783
OTU_4784	Bacteria	Proteobacteria	Gammaproteobacteria	Cellvibrionales	Halieaceae	Marimicrobium	OTU_4784
OTU_4785	Bacteria	Proteobacteria	Gammaproteobacteria	Oceanospirillales	Nitrincolaceae	OTU_4785	OTU_4785
OTU_4786	Bacteria	Proteobacteria	Alphaproteobacteria	Rhodobacterales	Rhodobacteraceae	OTU_4786	OTU_4786
OTU_4787	Bacteria	Proteobacteria	Gammaproteobacteria	Burkholderiales	Comamonadaceae	Limnohabitans	OTU_4787
OTU_4788	Bacteria	Proteobacteria	Gammaproteobacteria	Alteromonadales	OTU_4788	OTU_4788	OTU_4788
OTU_4789	Bacteria	Proteobacteria	Alphaproteobacteria	Rhodobacterales	Rhodobacteraceae	Cognatiyoonia	OTU_4789
OTU_4790	Bacteria	Bacteroidota	Bacteroidia	Flavobacteriales	NS9 marine group	OTU_4790	OTU_4790
OTU_4791	Bacteria	Proteobacteria	Gammaproteobacteria	Oceanospirillales	Nitrincolaceae	OTU_4791	OTU_4791
OTU_4792	Bacteria	Proteobacteria	Gammaproteobacteria	OTU_4792	OTU_4792	OTU_4792	OTU_4792
OTU_4793	Bacteria	Proteobacteria	Alphaproteobacteria	Rhodobacterales	Rhodobacteraceae	OTU_4793	OTU_4793
OTU_4794	Bacteria	Proteobacteria	Gammaproteobacteria	Alteromonadales	Colwelliaceae	Litorilituus	OTU_4794
OTU_4795	Bacteria	Proteobacteria	Alphaproteobacteria	Rhodobacterales	Rhodobacteraceae	OTU_4795	OTU_4795
OTU_4796	Bacteria	Bacteroidota	Bacteroidia	Flavobacteriales	Flavobacteriaceae	NS4 marine group	OTU_4796
OTU_4797	Bacteria	Bacteroidota	Bacteroidia	Flavobacteriales	NS7 marine group	OTU_4797	OTU_4797
OTU_4798	Bacteria	Proteobacteria	Alphaproteobacteria	SAR11 clade	Clade IV	OTU_4798	OTU_4798
OTU_4799	Bacteria	Bacteroidota	Bacteroidia	Flavobacteriales	OTU_4799	OTU_4799	OTU_4799
OTU_4800	Bacteria	Cyanobacteria	Cyanobacteriia	Chloroplast	OTU_4800	OTU_4800	OTU_4800
OTU_4801	Bacteria	Proteobacteria	Gammaproteobacteria	Burkholderiales	Methylophilaceae	OM43 clade	OTU_4801
OTU_4802	Bacteria	Proteobacteria	Alphaproteobacteria	Rhodobacterales	Rhodobacteraceae	OTU_4802	OTU_4802
OTU_4803	Bacteria	Nitrospinota	Nitrospinia	Nitrospinales	Nitrospinaceae	Nitrospina	OTU_4803
OTU_4804	Bacteria	Marinimicrobia (SAR406 clade)	OTU_4804	OTU_4804	OTU_4804	OTU_4804	OTU_4804
OTU_4805	Bacteria	Bacteroidota	Bacteroidia	Flavobacteriales	Flavobacteriaceae	Pseudofulvibacter	OTU_4805
OTU_4806	Bacteria	Proteobacteria	Gammaproteobacteria	OTU_4806	OTU_4806	OTU_4806	OTU_4806
OTU_4807	Bacteria	Proteobacteria	Gammaproteobacteria	Burkholderiales	Methylophilaceae	OM43 clade	OTU_4807
OTU_4808	Bacteria	Bacteroidota	Bacteroidia	Flavobacteriales	Flavobacteriaceae	Ichthyenterobacterium	OTU_4808
OTU_4809	Bacteria	Proteobacteria	Gammaproteobacteria	Oceanospirillales	Nitrincolaceae	OTU_4809	OTU_4809
OTU_4810	Bacteria	Planctomycetota	Planctomycetes	Pirellulales	Pirellulaceae	Pir4 lineage	OTU_4810
OTU_4811	Bacteria	Proteobacteria	Gammaproteobacteria	Cellvibrionales	Halieaceae	OTU_4811	OTU_4811
OTU_4812	Bacteria	Bacteroidota	Bacteroidia	Flavobacteriales	NS9 marine group	OTU_4812	OTU_4812
OTU_4813	Bacteria	Proteobacteria	Gammaproteobacteria	Burkholderiales	OTU_4813	OTU_4813	OTU_4813
OTU_4814	Bacteria	Bacteroidota	Bacteroidia	Flavobacteriales	Flavobacteriaceae	Aurantivirga	OTU_4814
OTU_4815	Bacteria	Bacteroidota	Bacteroidia	Flavobacteriales	Crocinitomicaceae	Fluviicola	OTU_4815
OTU_4816	Bacteria	Actinobacteriota	Thermoleophilia	Solirubrobacterales	67-14	OTU_4816	OTU_4816
OTU_4817	Bacteria	Proteobacteria	Gammaproteobacteria	Oceanospirillales	Kangiellaceae	OTU_4817	OTU_4817
OTU_4818	Bacteria	Proteobacteria	Gammaproteobacteria	Cellvibrionales	Halieaceae	OTU_4818	OTU_4818
OTU_4819	Bacteria	Proteobacteria	Alphaproteobacteria	Rhodobacterales	Rhodobacteraceae	OTU_4819	OTU_4819
OTU_4820	Bacteria	Proteobacteria	Alphaproteobacteria	OTU_4820	OTU_4820	OTU_4820	OTU_4820
OTU_4821	Bacteria	Proteobacteria	Gammaproteobacteria	OTU_4821	OTU_4821	OTU_4821	OTU_4821
OTU_4822	Bacteria	Proteobacteria	Gammaproteobacteria	OTU_4822	OTU_4822	OTU_4822	OTU_4822
OTU_4823	Bacteria	Proteobacteria	Gammaproteobacteria	OM182 clade	OTU_4823	OTU_4823	OTU_4823
OTU_4824	Bacteria	Bacteroidota	Bacteroidia	Flavobacteriales	Flavobacteriaceae	Pibocella	OTU_4824
OTU_4825	Bacteria	Proteobacteria	Alphaproteobacteria	Rhodobacterales	Rhodobacteraceae	OTU_4825	OTU_4825
OTU_4826	Bacteria	Bacteroidota	Bacteroidia	Flavobacteriales	Flavobacteriaceae	Aurantivirga	OTU_4826
OTU_4827	Bacteria	Bacteroidota	Bacteroidia	Flavobacteriales	Cryomorphaceae	OTU_4827	OTU_4827
OTU_4828	Bacteria	Bacteroidota	Bacteroidia	Flavobacteriales	Flavobacteriaceae	OTU_4828	OTU_4828
OTU_4829	Bacteria	Proteobacteria	Gammaproteobacteria	Thiomicrospirales	Thioglobaceae	SUP05 cluster	OTU_4829
OTU_4830	Bacteria	Proteobacteria	Gammaproteobacteria	Burkholderiales	OTU_4830	OTU_4830	OTU_4830
OTU_4831	Bacteria	Actinobacteriota	Actinobacteria	Micrococcales	Microbacteriaceae	OTU_4831	OTU_4831
OTU_4832	Bacteria	Proteobacteria	Alphaproteobacteria	Rhodobacterales	Rhodobacteraceae	Cognatiyoonia	OTU_4832
OTU_4833	Bacteria	Proteobacteria	Gammaproteobacteria	OTU_4833	OTU_4833	OTU_4833	OTU_4833
OTU_4834	Bacteria	Bacteroidota	Bacteroidia	Flavobacteriales	NS9 marine group	OTU_4834	OTU_4834
OTU_4835	Bacteria	Proteobacteria	Gammaproteobacteria	Oceanospirillales	Nitrincolaceae	OTU_4835	OTU_4835
OTU_4836	Bacteria	Proteobacteria	Gammaproteobacteria	OTU_4836	OTU_4836	OTU_4836	OTU_4836
OTU_4837	Bacteria	Proteobacteria	Gammaproteobacteria	Alteromonadales	OTU_4837	OTU_4837	OTU_4837
OTU_4838	Bacteria	Proteobacteria	Gammaproteobacteria	OTU_4838	OTU_4838	OTU_4838	OTU_4838
OTU_4839	Bacteria	Proteobacteria	Gammaproteobacteria	Alteromonadales	OTU_4839	OTU_4839	OTU_4839
OTU_4840	Bacteria	Bacteroidota	Bacteroidia	Flavobacteriales	Cryomorphaceae	NS10 marine group	OTU_4840
OTU_4841	Bacteria	Proteobacteria	Gammaproteobacteria	OTU_4841	OTU_4841	OTU_4841	OTU_4841
OTU_4842	Bacteria	Proteobacteria	Alphaproteobacteria	Rhodobacterales	Rhodobacteraceae	Planktomarina	OTU_4842
OTU_4843	Bacteria	Bacteroidota	Bacteroidia	Flavobacteriales	Flavobacteriaceae	OTU_4843	OTU_4843
OTU_4844	Bacteria	OTU_4844	OTU_4844	OTU_4844	OTU_4844	OTU_4844	OTU_4844
OTU_4845	Bacteria	Bacteroidota	Bacteroidia	Flavobacteriales	Flavobacteriaceae	Flavobacterium	OTU_4845
OTU_4846	Bacteria	Proteobacteria	Gammaproteobacteria	Oceanospirillales	Pseudohongiellaceae	Pseudohongiella	OTU_4846
OTU_4847	Bacteria	Proteobacteria	Gammaproteobacteria	Oceanospirillales	Oleiphilaceae	Oleiphilus	OTU_4847
OTU_4848	Bacteria	Bacteroidota	Bacteroidia	Flavobacteriales	Cryomorphaceae	OTU_4848	OTU_4848
OTU_4849	Bacteria	Bacteroidota	Bacteroidia	Flavobacteriales	Flavobacteriaceae	Aurantivirga	OTU_4849
OTU_4850	Bacteria	Proteobacteria	Gammaproteobacteria	Cellvibrionales	Halieaceae	Marimicrobium	OTU_4850
OTU_4851	Bacteria	Verrucomicrobiota	Verrucomicrobiae	Verrucomicrobiales	Rubritaleaceae	Roseibacillus	OTU_4851
OTU_4852	Bacteria	Proteobacteria	Gammaproteobacteria	Oceanospirillales	Nitrincolaceae	OTU_4852	OTU_4852
OTU_4853	Bacteria	Proteobacteria	Gammaproteobacteria	Francisellales	Francisellaceae	Allofrancisella	OTU_4853
OTU_4854	Bacteria	Proteobacteria	Alphaproteobacteria	Rhodobacterales	Rhodobacteraceae	OTU_4854	OTU_4854
OTU_4855	Bacteria	Bacteroidota	Bacteroidia	Flavobacteriales	Flavobacteriaceae	OTU_4855	OTU_4855
OTU_4856	Bacteria	Proteobacteria	Gammaproteobacteria	Alteromonadales	Colwelliaceae	OTU_4856	OTU_4856
OTU_4857	Bacteria	Proteobacteria	Gammaproteobacteria	OTU_4857	OTU_4857	OTU_4857	OTU_4857
OTU_4858	Bacteria	Proteobacteria	Gammaproteobacteria	Alteromonadales	Alteromonadaceae	OTU_4858	OTU_4858
OTU_4859	Bacteria	Proteobacteria	Gammaproteobacteria	Nitrosococcales	Methylophagaceae	OTU_4859	OTU_4859
OTU_4860	Bacteria	Bacteroidota	Bacteroidia	Flavobacteriales	Flavobacteriaceae	OTU_4860	OTU_4860
OTU_4861	Bacteria	Proteobacteria	Alphaproteobacteria	OTU_4861	OTU_4861	OTU_4861	OTU_4861
OTU_4862	Bacteria	Proteobacteria	OTU_4862	OTU_4862	OTU_4862	OTU_4862	OTU_4862
OTU_4863	Bacteria	Proteobacteria	Gammaproteobacteria	SAR86 clade	OTU_4863	OTU_4863	OTU_4863
OTU_4864	Bacteria	Proteobacteria	Gammaproteobacteria	Oceanospirillales	Kangiellaceae	OTU_4864	OTU_4864
OTU_4865	Bacteria	Proteobacteria	Alphaproteobacteria	Rhodobacterales	Rhodobacteraceae	OTU_4865	OTU_4865
OTU_4866	Bacteria	Bacteroidota	Bacteroidia	OTU_4866	OTU_4866	OTU_4866	OTU_4866
OTU_4867	Bacteria	OTU_4867	OTU_4867	OTU_4867	OTU_4867	OTU_4867	OTU_4867
OTU_4868	Bacteria	Proteobacteria	Gammaproteobacteria	Enterobacterales	OTU_4868	OTU_4868	OTU_4868
OTU_4869	Bacteria	Bacteroidota	Bacteroidia	Flavobacteriales	Flavobacteriaceae	NS5 marine group	OTU_4869
OTU_4870	Bacteria	Bacteroidota	Bacteroidia	Chitinophagales	Saprospiraceae	Aureispira	OTU_4870
OTU_4871	Bacteria	Bacteroidota	Bacteroidia	Flavobacteriales	Flavobacteriaceae	Aurantivirga	OTU_4871
OTU_4872	Bacteria	Proteobacteria	Alphaproteobacteria	OTU_4872	OTU_4872	OTU_4872	OTU_4872
OTU_4873	Bacteria	Bacteroidota	Bacteroidia	Flavobacteriales	Flavobacteriaceae	Aurantivirga	OTU_4873
OTU_4874	Bacteria	Proteobacteria	Alphaproteobacteria	Rhodobacterales	Rhodobacteraceae	Cognatiyoonia	OTU_4874
OTU_4875	Bacteria	Proteobacteria	Alphaproteobacteria	Sphingomonadales	Sphingomonadaceae	Stakelama	OTU_4875
OTU_4876	Bacteria	Proteobacteria	Alphaproteobacteria	Rhodobacterales	Rhodobacteraceae	OTU_4876	OTU_4876
OTU_4877	Bacteria	Bacteroidota	Bacteroidia	Flavobacteriales	Flavobacteriaceae	NS3a marine group	OTU_4877
OTU_4878	Bacteria	Bacteroidota	Bacteroidia	Flavobacteriales	Flavobacteriaceae	NS4 marine group	OTU_4878
OTU_4879	Bacteria	Cyanobacteria	Cyanobacteriia	Chloroplast	OTU_4879	OTU_4879	OTU_4879
OTU_4880	Bacteria	Proteobacteria	Gammaproteobacteria	Alteromonadales	Alteromonadaceae	OTU_4880	OTU_4880
OTU_4881	Bacteria	Bacteroidota	Bacteroidia	Flavobacteriales	Flavobacteriaceae	Aurantivirga	OTU_4881
OTU_4882	Bacteria	Proteobacteria	Alphaproteobacteria	Sphingomonadales	Sphingomonadaceae	OTU_4882	OTU_4882
OTU_4883	Bacteria	Proteobacteria	Gammaproteobacteria	Arenicellales	Arenicellaceae	Arenicella	OTU_4883
OTU_4884	Bacteria	Actinobacteriota	Actinobacteria	Micrococcales	Microbacteriaceae	OTU_4884	OTU_4884
OTU_4885	Bacteria	Bacteroidota	Bacteroidia	Flavobacteriales	Flavobacteriaceae	Aestuariimonas	OTU_4885
OTU_4886	Bacteria	OTU_4886	OTU_4886	OTU_4886	OTU_4886	OTU_4886	OTU_4886
OTU_4887	Bacteria	Proteobacteria	OTU_4887	OTU_4887	OTU_4887	OTU_4887	OTU_4887
OTU_4888	Bacteria	SAR324 clade(Marine group B)	OTU_4888	OTU_4888	OTU_4888	OTU_4888	OTU_4888
OTU_4889	Bacteria	Bdellovibrionota	Bdellovibrionia	Bdellovibrionales	Bdellovibrionaceae	OM27 clade	OTU_4889
OTU_4890	Bacteria	Bacteroidota	Bacteroidia	Flavobacteriales	Flavobacteriaceae	Aurantivirga	OTU_4890
OTU_4891	Bacteria	Bacteroidota	Bacteroidia	Flavobacteriales	Cryomorphaceae	OTU_4891	OTU_4891
OTU_4892	Bacteria	Bacteroidota	Bacteroidia	Flavobacteriales	Flavobacteriaceae	OTU_4892	OTU_4892
OTU_4893	Bacteria	Proteobacteria	Alphaproteobacteria	Rhodobacterales	Rhodobacteraceae	OTU_4893	OTU_4893
OTU_4894	Bacteria	Cyanobacteria	Cyanobacteriia	Chloroplast	OTU_4894	OTU_4894	OTU_4894
OTU_4895	Bacteria	Proteobacteria	Alphaproteobacteria	Rhodobacterales	Rhodobacteraceae	OTU_4895	OTU_4895
OTU_4896	Bacteria	Bacteroidota	Bacteroidia	Flavobacteriales	Flavobacteriaceae	OTU_4896	OTU_4896
OTU_4897	Bacteria	Proteobacteria	Alphaproteobacteria	Rhizobiales	Beijerinckiaceae	Methylobacterium-Methylorubrum	OTU_4897
OTU_4898	Bacteria	Verrucomicrobiota	Verrucomicrobiae	Arctic97B-4 marine group	OTU_4898	OTU_4898	OTU_4898
OTU_4899	Bacteria	Bacteroidota	Bacteroidia	Sphingobacteriales	OTU_4899	OTU_4899	OTU_4899
OTU_4900	Bacteria	Proteobacteria	Gammaproteobacteria	Pseudomonadales	Moraxellaceae	Alkanindiges	OTU_4900
OTU_4901	Bacteria	Bacteroidota	Bacteroidia	Flavobacteriales	NS9 marine group	OTU_4901	OTU_4901
OTU_4902	Bacteria	Proteobacteria	Gammaproteobacteria	Alteromonadales	Colwelliaceae	OTU_4902	OTU_4902
OTU_4903	Bacteria	Proteobacteria	Gammaproteobacteria	OTU_4903	OTU_4903	OTU_4903	OTU_4903
OTU_4904	Bacteria	Bacteroidota	Bacteroidia	Flavobacteriales	Flavobacteriaceae	Pseudofulvibacter	OTU_4904
OTU_4905	Bacteria	Proteobacteria	Alphaproteobacteria	SAR11 clade	Clade I	OTU_4905	OTU_4905
OTU_4906	Bacteria	Proteobacteria	Gammaproteobacteria	Diplorickettsiales	Diplorickettsiaceae	Aquicella	OTU_4906
OTU_4907	Bacteria	Bacteroidota	Bacteroidia	Flavobacteriales	Flavobacteriaceae	OTU_4907	OTU_4907
OTU_4908	Bacteria	Cyanobacteria	Cyanobacteriia	Chloroplast	OTU_4908	OTU_4908	OTU_4908
OTU_4909	Bacteria	Bacteroidota	Bacteroidia	Flavobacteriales	Flavobacteriaceae	OTU_4909	OTU_4909
OTU_4910	Bacteria	Proteobacteria	Gammaproteobacteria	OTU_4910	OTU_4910	OTU_4910	OTU_4910
OTU_4911	Bacteria	Proteobacteria	Gammaproteobacteria	Oceanospirillales	Pseudohongiellaceae	Pseudohongiella	OTU_4911
OTU_4912	Bacteria	Proteobacteria	Gammaproteobacteria	Oceanospirillales	OTU_4912	OTU_4912	OTU_4912
OTU_4913	Bacteria	Proteobacteria	Gammaproteobacteria	Oceanospirillales	Kangiellaceae	OTU_4913	OTU_4913
OTU_4914	Bacteria	Proteobacteria	Alphaproteobacteria	SAR11 clade	OTU_4914	OTU_4914	OTU_4914
OTU_4915	Bacteria	Proteobacteria	Gammaproteobacteria	Thiomicrospirales	Thioglobaceae	IheB2-31	OTU_4915
OTU_4916	Bacteria	Proteobacteria	Gammaproteobacteria	OTU_4916	OTU_4916	OTU_4916	OTU_4916
OTU_4917	Bacteria	Cyanobacteria	Cyanobacteriia	Chloroplast	OTU_4917	OTU_4917	OTU_4917
OTU_4918	Bacteria	Proteobacteria	Alphaproteobacteria	Rhodobacterales	Rhodobacteraceae	OTU_4918	OTU_4918
OTU_4919	Bacteria	Proteobacteria	Alphaproteobacteria	Sphingomonadales	Sphingomonadaceae	Sphingomonas	OTU_4919
OTU_4920	Bacteria	Proteobacteria	Gammaproteobacteria	Cellvibrionales	Halieaceae	Marimicrobium	OTU_4920
OTU_4921	Bacteria	Proteobacteria	Gammaproteobacteria	SAR86 clade	OTU_4921	OTU_4921	OTU_4921
OTU_4922	Bacteria	Proteobacteria	Alphaproteobacteria	Rhodospirillales	AEGEAN-169 marine group	OTU_4922	OTU_4922
OTU_4923	Bacteria	Bacteroidota	Bacteroidia	Flavobacteriales	Flavobacteriaceae	Polaribacter	OTU_4923
OTU_4924	Bacteria	Bacteroidota	Bacteroidia	Flavobacteriales	Cryomorphaceae	OTU_4924	OTU_4924
OTU_4925	Bacteria	Proteobacteria	Gammaproteobacteria	Cellvibrionales	Spongiibacteraceae	Sinobacterium	OTU_4925
OTU_4926	Bacteria	Bacteroidota	Bacteroidia	Flavobacteriales	Crocinitomicaceae	Crocinitomix	OTU_4926
OTU_4927	Bacteria	Proteobacteria	Gammaproteobacteria	OTU_4927	OTU_4927	OTU_4927	OTU_4927
OTU_4928	Bacteria	Nitrospinota	Nitrospinia	Nitrospinales	Nitrospinaceae	LS-NOB	OTU_4928
OTU_4929	Bacteria	Proteobacteria	Alphaproteobacteria	OTU_4929	OTU_4929	OTU_4929	OTU_4929
OTU_4930	Bacteria	Bacteroidota	Bacteroidia	Flavobacteriales	Flavobacteriaceae	OTU_4930	OTU_4930
OTU_4931	Bacteria	Bacteroidota	Bacteroidia	Flavobacteriales	Cryomorphaceae	OTU_4931	OTU_4931
OTU_4932	Bacteria	Proteobacteria	OTU_4932	OTU_4932	OTU_4932	OTU_4932	OTU_4932
OTU_4933	Bacteria	Proteobacteria	Alphaproteobacteria	Rhodobacterales	Rhodobacteraceae	OTU_4933	OTU_4933
OTU_4934	Bacteria	Proteobacteria	Gammaproteobacteria	Oceanospirillales	Saccharospirillaceae	Oceaniserpentilla	OTU_4934
OTU_4935	Bacteria	Proteobacteria	Alphaproteobacteria	OTU_4935	OTU_4935	OTU_4935	OTU_4935
OTU_4936	Bacteria	Proteobacteria	Alphaproteobacteria	Rhodospirillales	AEGEAN-169 marine group	OTU_4936	OTU_4936
OTU_4937	Bacteria	Proteobacteria	Gammaproteobacteria	OTU_4937	OTU_4937	OTU_4937	OTU_4937
OTU_4938	Bacteria	Proteobacteria	Alphaproteobacteria	Rhodospirillales	Magnetospiraceae	OTU_4938	OTU_4938
OTU_4939	Bacteria	Proteobacteria	Alphaproteobacteria	SAR11 clade	Clade I	Clade Ia	OTU_4939
OTU_4940	Bacteria	Bacteroidota	Bacteroidia	Flavobacteriales	Flavobacteriaceae	OTU_4940	OTU_4940
OTU_4941	Bacteria	Cyanobacteria	Cyanobacteriia	Chloroplast	OTU_4941	OTU_4941	OTU_4941
OTU_4942	Bacteria	Proteobacteria	Gammaproteobacteria	Cellvibrionales	Halieaceae	OTU_4942	OTU_4942
OTU_4943	Bacteria	Proteobacteria	Gammaproteobacteria	Alteromonadales	Pseudoalteromonadaceae	Pseudoalteromonas	OTU_4943
OTU_4944	Bacteria	Proteobacteria	Gammaproteobacteria	Burkholderiales	OTU_4944	OTU_4944	OTU_4944
OTU_4945	Bacteria	Bacteroidota	Bacteroidia	Flavobacteriales	Flavobacteriaceae	OTU_4945	OTU_4945
OTU_4946	Bacteria	Proteobacteria	Gammaproteobacteria	SAR86 clade	OTU_4946	OTU_4946	OTU_4946
OTU_4947	Bacteria	Actinobacteriota	Actinobacteria	Micrococcales	Microbacteriaceae	OTU_4947	OTU_4947
OTU_4948	Bacteria	Proteobacteria	OTU_4948	OTU_4948	OTU_4948	OTU_4948	OTU_4948
OTU_4949	Bacteria	Proteobacteria	Gammaproteobacteria	Alteromonadales	Alteromonadaceae	Salinimonas	OTU_4949
OTU_4950	Bacteria	Proteobacteria	Alphaproteobacteria	OTU_4950	OTU_4950	OTU_4950	OTU_4950
OTU_4951	Bacteria	Proteobacteria	Gammaproteobacteria	OTU_4951	OTU_4951	OTU_4951	OTU_4951
OTU_4952	Bacteria	Proteobacteria	Gammaproteobacteria	Oceanospirillales	Nitrincolaceae	OTU_4952	OTU_4952
OTU_4953	Bacteria	Proteobacteria	Gammaproteobacteria	OM182 clade	OTU_4953	OTU_4953	OTU_4953
OTU_4954	Bacteria	Bacteroidota	Bacteroidia	Flavobacteriales	OTU_4954	OTU_4954	OTU_4954
OTU_4955	Bacteria	Bacteroidota	Bacteroidia	Flavobacteriales	Flavobacteriaceae	Flavivirga	OTU_4955
OTU_4956	Bacteria	Bacteroidota	Bacteroidia	Flavobacteriales	NS9 marine group	OTU_4956	OTU_4956
OTU_4957	Bacteria	Bacteroidota	Bacteroidia	Flavobacteriales	OTU_4957	OTU_4957	OTU_4957
OTU_4958	OTU_4958	OTU_4958	OTU_4958	OTU_4958	OTU_4958	OTU_4958	OTU_4958
OTU_4959	Bacteria	Verrucomicrobiota	Verrucomicrobiae	Verrucomicrobiales	OTU_4959	OTU_4959	OTU_4959
OTU_4960	Bacteria	OTU_4960	OTU_4960	OTU_4960	OTU_4960	OTU_4960	OTU_4960
OTU_4961	Bacteria	Proteobacteria	Gammaproteobacteria	Oceanospirillales	Pseudohongiellaceae	Pseudohongiella	OTU_4961
OTU_4962	Bacteria	Proteobacteria	Gammaproteobacteria	OTU_4962	OTU_4962	OTU_4962	OTU_4962
OTU_4963	Bacteria	Proteobacteria	Gammaproteobacteria	OTU_4963	OTU_4963	OTU_4963	OTU_4963
OTU_4964	Bacteria	Proteobacteria	Gammaproteobacteria	SAR86 clade	OTU_4964	OTU_4964	OTU_4964
OTU_4965	Bacteria	Proteobacteria	Gammaproteobacteria	Oceanospirillales	Nitrincolaceae	OTU_4965	OTU_4965
OTU_4966	Bacteria	Verrucomicrobiota	Verrucomicrobiae	Verrucomicrobiales	Rubritaleaceae	Roseibacillus	OTU_4966
OTU_4967	Bacteria	Cyanobacteria	Cyanobacteriia	Chloroplast	OTU_4967	OTU_4967	OTU_4967
OTU_4968	Bacteria	Proteobacteria	Alphaproteobacteria	Rhodobacterales	Rhodobacteraceae	OTU_4968	OTU_4968
OTU_4969	Bacteria	Proteobacteria	Alphaproteobacteria	Rhodobacterales	Rhodobacteraceae	OTU_4969	OTU_4969
OTU_4970	Bacteria	Bacteroidota	Bacteroidia	Flavobacteriales	Flavobacteriaceae	Aureisphaera	OTU_4970
OTU_4971	Bacteria	Proteobacteria	Alphaproteobacteria	OTU_4971	OTU_4971	OTU_4971	OTU_4971
OTU_4972	Bacteria	Proteobacteria	Gammaproteobacteria	Granulosicoccales	Granulosicoccaceae	Granulosicoccus	OTU_4972
OTU_4973	Bacteria	Verrucomicrobiota	Verrucomicrobiae	Opitutales	Puniceicoccaceae	Lentimonas	OTU_4973
OTU_4974	Bacteria	Bacteroidota	Bacteroidia	Flavobacteriales	Flavobacteriaceae	Aurantivirga	OTU_4974
OTU_4975	Bacteria	Proteobacteria	Gammaproteobacteria	Thiomicrospirales	Thioglobaceae	IheB2-31	OTU_4975
OTU_4976	Bacteria	Verrucomicrobiota	Verrucomicrobiae	Verrucomicrobiales	Rubritaleaceae	Roseibacillus	OTU_4976
OTU_4977	Bacteria	Proteobacteria	Gammaproteobacteria	Thiomicrospirales	Thioglobaceae	IheB2-31	OTU_4977
OTU_4978	Bacteria	Bacteroidota	Bacteroidia	Flavobacteriales	Crocinitomicaceae	OTU_4978	OTU_4978
OTU_4979	Bacteria	Bacteroidota	Bacteroidia	Flavobacteriales	OTU_4979	OTU_4979	OTU_4979
OTU_4980	Bacteria	Proteobacteria	Gammaproteobacteria	Cellvibrionales	Halieaceae	Marimicrobium	OTU_4980
OTU_4981	Bacteria	Proteobacteria	Gammaproteobacteria	OM182 clade	OTU_4981	OTU_4981	OTU_4981
OTU_4982	Bacteria	Verrucomicrobiota	Verrucomicrobiae	Verrucomicrobiales	Rubritaleaceae	Roseibacillus	OTU_4982
OTU_4983	Bacteria	Bacteroidota	Bacteroidia	Flavobacteriales	Flavobacteriaceae	OTU_4983	OTU_4983
OTU_4984	Bacteria	Bacteroidota	Bacteroidia	Flavobacteriales	Flavobacteriaceae	Flavobacterium	OTU_4984
OTU_4985	Bacteria	Bacteroidota	Bacteroidia	Flavobacteriales	Flavobacteriaceae	Ulvibacter	OTU_4985
OTU_4986	Bacteria	Bacteroidota	Bacteroidia	Flavobacteriales	Flavobacteriaceae	Flavobacterium	OTU_4986
OTU_4987	Bacteria	Proteobacteria	Gammaproteobacteria	Alteromonadales	Pseudoalteromonadaceae	Pseudoalteromonas	OTU_4987
OTU_4988	Bacteria	Bacteroidota	Bacteroidia	Flavobacteriales	NS9 marine group	OTU_4988	OTU_4988
OTU_4989	Bacteria	Bacteroidota	Bacteroidia	Cytophagales	Cyclobacteriaceae	OTU_4989	OTU_4989
OTU_4990	Bacteria	Bacteroidota	Bacteroidia	Flavobacteriales	Flavobacteriaceae	Aestuariimonas	OTU_4990
OTU_4991	Bacteria	Proteobacteria	Gammaproteobacteria	SAR86 clade	OTU_4991	OTU_4991	OTU_4991
OTU_4992	Bacteria	Proteobacteria	Gammaproteobacteria	Cellvibrionales	Halieaceae	OM60(NOR5) clade	OTU_4992
OTU_4993	Bacteria	Bacteroidota	Bacteroidia	Flavobacteriales	Flavobacteriaceae	OTU_4993	OTU_4993
OTU_4994	Bacteria	Bacteroidota	Bacteroidia	Flavobacteriales	Flavobacteriaceae	Maribacter	OTU_4994
OTU_4995	Bacteria	Proteobacteria	Gammaproteobacteria	Vibrionales	Vibrionaceae	Candidatus Photodesmus	OTU_4995
OTU_4996	Bacteria	Proteobacteria	Gammaproteobacteria	Alteromonadales	Pseudoalteromonadaceae	Pseudoalteromonas	OTU_4996
OTU_4997	Bacteria	Bacteroidota	Bacteroidia	Flavobacteriales	Cryomorphaceae	Luteibaculum	OTU_4997
OTU_4998	Bacteria	Proteobacteria	Gammaproteobacteria	Pseudomonadales	Moraxellaceae	Psychrobacter	OTU_4998
OTU_4999	Bacteria	Proteobacteria	Gammaproteobacteria	SAR86 clade	OTU_4999	OTU_4999	OTU_4999
OTU_5000	Bacteria	Proteobacteria	Alphaproteobacteria	SAR11 clade	OTU_5000	OTU_5000	OTU_5000
OTU_5001	Bacteria	Proteobacteria	Gammaproteobacteria	Alteromonadales	OTU_5001	OTU_5001	OTU_5001
OTU_5002	Bacteria	Proteobacteria	Alphaproteobacteria	OTU_5002	OTU_5002	OTU_5002	OTU_5002
OTU_5003	Bacteria	Proteobacteria	OTU_5003	OTU_5003	OTU_5003	OTU_5003	OTU_5003
OTU_5004	Bacteria	OTU_5004	OTU_5004	OTU_5004	OTU_5004	OTU_5004	OTU_5004
OTU_5005	Bacteria	Proteobacteria	Gammaproteobacteria	Oceanospirillales	Nitrincolaceae	OTU_5005	OTU_5005
OTU_5006	Bacteria	Proteobacteria	Gammaproteobacteria	OM182 clade	OTU_5006	OTU_5006	OTU_5006
OTU_5007	Bacteria	Proteobacteria	Gammaproteobacteria	Alteromonadales	Pseudoalteromonadaceae	Pseudoalteromonas	OTU_5007
OTU_5008	Bacteria	Bacteroidota	Bacteroidia	Flavobacteriales	Flavobacteriaceae	OTU_5008	OTU_5008
OTU_5009	Bacteria	Proteobacteria	Gammaproteobacteria	SAR86 clade	OTU_5009	OTU_5009	OTU_5009
OTU_5010	Bacteria	Proteobacteria	Alphaproteobacteria	Rhodobacterales	Rhodobacteraceae	OTU_5010	OTU_5010
OTU_5011	Bacteria	Bacteroidota	Bacteroidia	Flavobacteriales	Flavobacteriaceae	OTU_5011	OTU_5011
OTU_5012	Bacteria	Proteobacteria	Gammaproteobacteria	OTU_5012	OTU_5012	OTU_5012	OTU_5012
OTU_5013	Bacteria	Proteobacteria	Gammaproteobacteria	Francisellales	Francisellaceae	OTU_5013	OTU_5013
OTU_5014	Bacteria	Proteobacteria	Alphaproteobacteria	Rhodobacterales	Rhodobacteraceae	Cognatiyoonia	OTU_5014
OTU_5015	Bacteria	Proteobacteria	Alphaproteobacteria	SAR11 clade	Clade I	OTU_5015	OTU_5015
OTU_5016	Bacteria	Proteobacteria	Alphaproteobacteria	SAR11 clade	OTU_5016	OTU_5016	OTU_5016
OTU_5017	Bacteria	Bacteroidota	Bacteroidia	Flavobacteriales	Flavobacteriaceae	Aurantivirga	OTU_5017
OTU_5018	Bacteria	Proteobacteria	Gammaproteobacteria	Cellvibrionales	Cellvibrionaceae	OTU_5018	OTU_5018
OTU_5019	Bacteria	Proteobacteria	OTU_5019	OTU_5019	OTU_5019	OTU_5019	OTU_5019
OTU_5020	Bacteria	Proteobacteria	Alphaproteobacteria	Rhodospirillales	AEGEAN-169 marine group	OTU_5020	OTU_5020
OTU_5021	Bacteria	Bacteroidota	Bacteroidia	Flavobacteriales	Crocinitomicaceae	Fluviicola	OTU_5021
OTU_5022	Bacteria	Bacteroidota	Bacteroidia	Flavobacteriales	Flavobacteriaceae	OTU_5022	OTU_5022
OTU_5023	Bacteria	Proteobacteria	Gammaproteobacteria	Oceanospirillales	Kangiellaceae	OTU_5023	OTU_5023
OTU_5024	Bacteria	Bacteroidota	Bacteroidia	Cytophagales	Hymenobacteraceae	Hymenobacter	OTU_5024
OTU_5025	Bacteria	Proteobacteria	Gammaproteobacteria	Alteromonadales	Moritellaceae	Moritella	OTU_5025
OTU_5026	Bacteria	Proteobacteria	Alphaproteobacteria	SAR11 clade	Clade I	Clade Ia	OTU_5026
OTU_5027	Bacteria	Proteobacteria	Gammaproteobacteria	OM182 clade	OTU_5027	OTU_5027	OTU_5027
OTU_5028	Bacteria	Proteobacteria	Alphaproteobacteria	SAR11 clade	Clade I	Clade Ia	OTU_5028
OTU_5029	Bacteria	Proteobacteria	Gammaproteobacteria	SAR86 clade	OTU_5029	OTU_5029	OTU_5029
OTU_5030	Bacteria	Bacteroidota	Bacteroidia	Flavobacteriales	NS9 marine group	OTU_5030	OTU_5030
OTU_5031	Bacteria	Bacteroidota	Bacteroidia	Flavobacteriales	Flavobacteriaceae	OTU_5031	OTU_5031
OTU_5032	Bacteria	Bacteroidota	Bacteroidia	Flavobacteriales	Crocinitomicaceae	Fluviicola	OTU_5032
OTU_5033	Bacteria	Bacteroidota	Bacteroidia	Flavobacteriales	OTU_5033	OTU_5033	OTU_5033
OTU_5034	Bacteria	Proteobacteria	Alphaproteobacteria	Rhodobacterales	Rhodobacteraceae	OTU_5034	OTU_5034
OTU_5035	Bacteria	Proteobacteria	Gammaproteobacteria	OM182 clade	OTU_5035	OTU_5035	OTU_5035
OTU_5036	Bacteria	Proteobacteria	Gammaproteobacteria	OTU_5036	OTU_5036	OTU_5036	OTU_5036
OTU_5037	Bacteria	Proteobacteria	Gammaproteobacteria	Burkholderiales	Comamonadaceae	RS62 marine group	OTU_5037
OTU_5038	Bacteria	Proteobacteria	Gammaproteobacteria	OTU_5038	OTU_5038	OTU_5038	OTU_5038
OTU_5039	Bacteria	Proteobacteria	Gammaproteobacteria	Burkholderiales	OTU_5039	OTU_5039	OTU_5039
OTU_5040	Bacteria	Proteobacteria	Gammaproteobacteria	OTU_5040	OTU_5040	OTU_5040	OTU_5040
OTU_5041	Bacteria	Bacteroidota	Bacteroidia	Flavobacteriales	Flavobacteriaceae	Polaribacter	OTU_5041
OTU_5042	Bacteria	SAR324 clade(Marine group B)	OTU_5042	OTU_5042	OTU_5042	OTU_5042	OTU_5042
OTU_5043	Bacteria	Proteobacteria	Alphaproteobacteria	Rhodobacterales	Rhodobacteraceae	Vadicella	OTU_5043
OTU_5044	Bacteria	Actinobacteriota	Actinobacteria	Micrococcales	Microbacteriaceae	Candidatus Aquiluna	OTU_5044
OTU_5045	Bacteria	Bacteroidota	Bacteroidia	Flavobacteriales	Flavobacteriaceae	OTU_5045	OTU_5045
OTU_5046	Bacteria	Proteobacteria	Gammaproteobacteria	Oceanospirillales	Kangiellaceae	OTU_5046	OTU_5046
OTU_5047	Bacteria	Bacteroidota	Bacteroidia	Flavobacteriales	Flavobacteriaceae	OTU_5047	OTU_5047
OTU_5048	Bacteria	Proteobacteria	Gammaproteobacteria	Alteromonadales	Colwelliaceae	OTU_5048	OTU_5048
OTU_5049	Bacteria	Proteobacteria	Gammaproteobacteria	Oceanospirillales	Saccharospirillaceae	Spongiispira	OTU_5049
OTU_5050	Bacteria	Proteobacteria	Gammaproteobacteria	Pseudomonadales	Pseudomonadaceae	OTU_5050	OTU_5050
OTU_5051	Bacteria	Proteobacteria	Gammaproteobacteria	Oceanospirillales	Saccharospirillaceae	Thalassolituus	OTU_5051
OTU_5052	Bacteria	Proteobacteria	Gammaproteobacteria	Alteromonadales	Colwelliaceae	OTU_5052	OTU_5052
OTU_5053	Bacteria	Proteobacteria	Alphaproteobacteria	Rhodobacterales	Rhodobacteraceae	Albimonas	OTU_5053
OTU_5054	Bacteria	Bacteroidota	Bacteroidia	Flavobacteriales	Flavobacteriaceae	Mesonia	OTU_5054
OTU_5055	Bacteria	Proteobacteria	Gammaproteobacteria	Oceanospirillales	Nitrincolaceae	OTU_5055	OTU_5055
OTU_5056	Bacteria	Proteobacteria	Alphaproteobacteria	Rhodobacterales	Rhodobacteraceae	OTU_5056	OTU_5056
OTU_5057	Bacteria	Proteobacteria	Gammaproteobacteria	Oceanospirillales	Nitrincolaceae	OTU_5057	OTU_5057
OTU_5058	Bacteria	Bacteroidota	Bacteroidia	Flavobacteriales	Flavobacteriaceae	NS5 marine group	OTU_5058
OTU_5059	Bacteria	Proteobacteria	Gammaproteobacteria	OTU_5059	OTU_5059	OTU_5059	OTU_5059
OTU_5060	Bacteria	Bacteroidota	Bacteroidia	Flavobacteriales	Crocinitomicaceae	OTU_5060	OTU_5060
OTU_5061	Bacteria	Proteobacteria	Alphaproteobacteria	Parvibaculales	OCS116 clade	OTU_5061	OTU_5061
OTU_5062	Bacteria	Bacteroidota	Bacteroidia	OTU_5062	OTU_5062	OTU_5062	OTU_5062
OTU_5063	Bacteria	Proteobacteria	Gammaproteobacteria	Oceanospirillales	Nitrincolaceae	OTU_5063	OTU_5063
OTU_5064	Bacteria	Proteobacteria	Gammaproteobacteria	Tenderiales	Tenderiaceae	Candidatus Tenderia	OTU_5064
OTU_5065	Bacteria	Proteobacteria	Alphaproteobacteria	Rhodobacterales	Rhodobacteraceae	OTU_5065	OTU_5065
OTU_5066	Bacteria	Bacteroidota	Bacteroidia	Flavobacteriales	Flavobacteriaceae	OTU_5066	OTU_5066
OTU_5067	Bacteria	Bacteroidota	Bacteroidia	Flavobacteriales	NS9 marine group	OTU_5067	OTU_5067
OTU_5068	Bacteria	Proteobacteria	Alphaproteobacteria	Rickettsiales	Mitochondria	OTU_5068	OTU_5068
OTU_5069	Bacteria	SAR324 clade(Marine group B)	OTU_5069	OTU_5069	OTU_5069	OTU_5069	OTU_5069
OTU_5070	Bacteria	Proteobacteria	Gammaproteobacteria	Oceanospirillales	Nitrincolaceae	OTU_5070	OTU_5070
OTU_5071	Bacteria	Proteobacteria	Gammaproteobacteria	OTU_5071	OTU_5071	OTU_5071	OTU_5071
OTU_5072	Bacteria	Bacteroidota	Bacteroidia	Flavobacteriales	NS9 marine group	OTU_5072	OTU_5072
OTU_5073	Bacteria	Proteobacteria	Gammaproteobacteria	OM182 clade	OTU_5073	OTU_5073	OTU_5073
OTU_5074	Bacteria	OTU_5074	OTU_5074	OTU_5074	OTU_5074	OTU_5074	OTU_5074
OTU_5075	Bacteria	Proteobacteria	Gammaproteobacteria	SAR86 clade	OTU_5075	OTU_5075	OTU_5075
OTU_5076	Bacteria	Bacteroidota	Bacteroidia	Flavobacteriales	OTU_5076	OTU_5076	OTU_5076
OTU_5077	Bacteria	Proteobacteria	Gammaproteobacteria	Oceanospirillales	OTU_5077	OTU_5077	OTU_5077
OTU_5078	Bacteria	OTU_5078	OTU_5078	OTU_5078	OTU_5078	OTU_5078	OTU_5078
OTU_5079	Bacteria	Proteobacteria	Alphaproteobacteria	SAR11 clade	OTU_5079	OTU_5079	OTU_5079
OTU_5080	Bacteria	Bacteroidota	Bacteroidia	Flavobacteriales	Flavobacteriaceae	OTU_5080	OTU_5080
OTU_5081	Bacteria	Bacteroidota	Bacteroidia	Flavobacteriales	Flavobacteriaceae	Aurantivirga	OTU_5081
OTU_5082	Bacteria	Proteobacteria	Gammaproteobacteria	Cellvibrionales	OTU_5082	OTU_5082	OTU_5082
OTU_5083	Bacteria	Bacteroidota	Bacteroidia	Flavobacteriales	Flavobacteriaceae	OTU_5083	OTU_5083
OTU_5084	Bacteria	Hydrogenedentes	Hydrogenedentia	Hydrogenedentiales	Hydrogenedensaceae	OTU_5084	OTU_5084
OTU_5085	Bacteria	Proteobacteria	Gammaproteobacteria	Vibrionales	Vibrionaceae	Candidatus Photodesmus	OTU_5085
OTU_5086	Bacteria	Proteobacteria	Gammaproteobacteria	Oceanospirillales	Nitrincolaceae	OTU_5086	OTU_5086
OTU_5087	Bacteria	Proteobacteria	Alphaproteobacteria	SAR11 clade	OTU_5087	OTU_5087	OTU_5087
OTU_5088	Bacteria	Proteobacteria	Alphaproteobacteria	Rhodospirillales	AEGEAN-169 marine group	OTU_5088	OTU_5088
OTU_5089	Bacteria	Bacteroidota	Bacteroidia	Flavobacteriales	Flavobacteriaceae	OTU_5089	OTU_5089
OTU_5090	Bacteria	Bacteroidota	Bacteroidia	Flavobacteriales	Flavobacteriaceae	OTU_5090	OTU_5090
OTU_5091	Bacteria	Actinobacteriota	Acidimicrobiia	Microtrichales	Ilumatobacteraceae	CL500-29 marine group	OTU_5091
OTU_5092	Bacteria	Bacteroidota	Bacteroidia	Flavobacteriales	Flavobacteriaceae	Ichthyenterobacterium	OTU_5092
OTU_5093	Bacteria	Proteobacteria	Gammaproteobacteria	Cellvibrionales	Halieaceae	OTU_5093	OTU_5093
OTU_5094	Bacteria	Proteobacteria	Gammaproteobacteria	Alteromonadales	OTU_5094	OTU_5094	OTU_5094
OTU_5095	Bacteria	Bacteroidota	Bacteroidia	Flavobacteriales	Flavobacteriaceae	OTU_5095	OTU_5095
OTU_5096	Bacteria	Bacteroidota	Bacteroidia	Flavobacteriales	Flavobacteriaceae	NS4 marine group	OTU_5096
OTU_5097	Bacteria	Bacteroidota	Bacteroidia	Flavobacteriales	Flavobacteriaceae	OTU_5097	OTU_5097
OTU_5098	Bacteria	Bacteroidota	Bacteroidia	Flavobacteriales	Flavobacteriaceae	Aureimarina	OTU_5098
OTU_5099	Bacteria	Proteobacteria	Gammaproteobacteria	Alteromonadales	Alteromonadaceae	Salinimonas	OTU_5099
OTU_5100	Bacteria	Bacteroidota	Bacteroidia	Bacteroidales	Prevotellaceae	Prevotella	OTU_5100
OTU_5101	Bacteria	Proteobacteria	Alphaproteobacteria	Rhodobacterales	Rhodobacteraceae	OTU_5101	OTU_5101
OTU_5102	Bacteria	Cyanobacteria	Cyanobacteriia	Chloroplast	OTU_5102	OTU_5102	OTU_5102
OTU_5103	Bacteria	Cyanobacteria	Cyanobacteriia	Chloroplast	OTU_5103	OTU_5103	OTU_5103
OTU_5104	Bacteria	Proteobacteria	Gammaproteobacteria	Thiomicrospirales	Thioglobaceae	IheB2-31	OTU_5104
OTU_5105	Bacteria	Bacteroidota	Bacteroidia	Flavobacteriales	Flavobacteriaceae	OTU_5105	OTU_5105
OTU_5106	Bacteria	Proteobacteria	Gammaproteobacteria	Oceanospirillales	Pseudohongiellaceae	Pseudohongiella	OTU_5106
OTU_5107	Bacteria	Proteobacteria	Alphaproteobacteria	Rhodobacterales	Rhodobacteraceae	OTU_5107	OTU_5107
OTU_5108	Bacteria	Proteobacteria	Alphaproteobacteria	Rhodospirillales	AEGEAN-169 marine group	OTU_5108	OTU_5108
OTU_5109	Bacteria	SAR324 clade(Marine group B)	OTU_5109	OTU_5109	OTU_5109	OTU_5109	OTU_5109
OTU_5110	Bacteria	Bacteroidota	Bacteroidia	Flavobacteriales	Flavobacteriaceae	Polaribacter	OTU_5110
OTU_5111	Bacteria	Bacteroidota	Bacteroidia	Flavobacteriales	Flavobacteriaceae	OTU_5111	OTU_5111
OTU_5112	Bacteria	Proteobacteria	Alphaproteobacteria	Rickettsiales	AB1	OTU_5112	OTU_5112
OTU_5113	Bacteria	Proteobacteria	Gammaproteobacteria	Burkholderiales	Methylophilaceae	OM43 clade	OTU_5113
OTU_5114	Bacteria	Bacteroidota	Bacteroidia	Flavobacteriales	Flavobacteriaceae	NS4 marine group	OTU_5114
OTU_5115	Bacteria	Bacteroidota	Bacteroidia	Flavobacteriales	Flavobacteriaceae	OTU_5115	OTU_5115
OTU_5116	Bacteria	Bacteroidota	Bacteroidia	Chitinophagales	Saprospiraceae	OTU_5116	OTU_5116
OTU_5117	Bacteria	Proteobacteria	Alphaproteobacteria	Rhodobacterales	Rhodobacteraceae	OTU_5117	OTU_5117
OTU_5118	Bacteria	Proteobacteria	Gammaproteobacteria	OTU_5118	OTU_5118	OTU_5118	OTU_5118
OTU_5119	Bacteria	Proteobacteria	Gammaproteobacteria	Cellvibrionales	OTU_5119	OTU_5119	OTU_5119
OTU_5120	Bacteria	Actinobacteriota	Acidimicrobiia	Microtrichales	Ilumatobacteraceae	OTU_5120	OTU_5120
OTU_5121	Bacteria	Bacteroidota	Bacteroidia	Flavobacteriales	NS9 marine group	OTU_5121	OTU_5121
OTU_5122	Bacteria	Proteobacteria	Gammaproteobacteria	Nitrosococcales	Methylophagaceae	OTU_5122	OTU_5122
OTU_5123	Bacteria	Proteobacteria	Gammaproteobacteria	Oceanospirillales	Halomonadaceae	Cobetia	OTU_5123
OTU_5124	Bacteria	Proteobacteria	Gammaproteobacteria	Cellvibrionales	Halieaceae	OTU_5124	OTU_5124
OTU_5125	Bacteria	Bacteroidota	Bacteroidia	Flavobacteriales	Flavobacteriaceae	Changchengzhania	OTU_5125
OTU_5126	Bacteria	Proteobacteria	Gammaproteobacteria	Cellvibrionales	Halieaceae	OTU_5126	OTU_5126
OTU_5127	Bacteria	Actinobacteriota	Actinobacteria	Micrococcales	Microbacteriaceae	OTU_5127	OTU_5127
OTU_5128	Bacteria	Proteobacteria	Alphaproteobacteria	Rhodobacterales	Rhodobacteraceae	OTU_5128	OTU_5128
OTU_5129	Bacteria	SAR324 clade(Marine group B)	OTU_5129	OTU_5129	OTU_5129	OTU_5129	OTU_5129
OTU_5130	Bacteria	Actinobacteriota	Actinobacteria	Micrococcales	Microbacteriaceae	SV1-3	OTU_5130
OTU_5131	Bacteria	Proteobacteria	Gammaproteobacteria	Cellvibrionales	Porticoccaceae	Porticoccus	OTU_5131
OTU_5132	Bacteria	Bacteroidota	Bacteroidia	Chitinophagales	Saprospiraceae	OTU_5132	OTU_5132
OTU_5133	Bacteria	OTU_5133	OTU_5133	OTU_5133	OTU_5133	OTU_5133	OTU_5133
OTU_5134	Bacteria	Bacteroidota	Bacteroidia	Flavobacteriales	Flavobacteriaceae	OTU_5134	OTU_5134
OTU_5135	Bacteria	Proteobacteria	Gammaproteobacteria	SAR86 clade	OTU_5135	OTU_5135	OTU_5135
OTU_5136	Bacteria	OTU_5136	OTU_5136	OTU_5136	OTU_5136	OTU_5136	OTU_5136
OTU_5137	Bacteria	Actinobacteriota	Actinobacteria	Micrococcales	Microbacteriaceae	OTU_5137	OTU_5137
OTU_5138	Bacteria	Proteobacteria	Alphaproteobacteria	Rhodobacterales	Rhodobacteraceae	OTU_5138	OTU_5138
OTU_5139	Bacteria	Bacteroidota	Bacteroidia	Flavobacteriales	Flavobacteriaceae	OTU_5139	OTU_5139
OTU_5140	Bacteria	Campilobacterota	Campylobacteria	Campylobacterales	Arcobacteraceae	OTU_5140	OTU_5140
OTU_5141	Bacteria	Proteobacteria	Alphaproteobacteria	Rhodospirillales	AEGEAN-169 marine group	OTU_5141	OTU_5141
OTU_5142	Bacteria	Proteobacteria	Alphaproteobacteria	Rhodobacterales	Rhodobacteraceae	OTU_5142	OTU_5142
OTU_5143	Bacteria	Bacteroidota	Bacteroidia	Flavobacteriales	NS9 marine group	OTU_5143	OTU_5143
OTU_5144	Bacteria	Proteobacteria	Gammaproteobacteria	Thiohalorhabdales	Thiohalorhabdaceae	OTU_5144	OTU_5144
OTU_5145	Bacteria	Proteobacteria	Gammaproteobacteria	OTU_5145	OTU_5145	OTU_5145	OTU_5145
OTU_5146	Bacteria	Proteobacteria	OTU_5146	OTU_5146	OTU_5146	OTU_5146	OTU_5146
OTU_5147	Bacteria	Fusobacteriota	Fusobacteriia	Fusobacteriales	Fusobacteriaceae	Fusobacterium	OTU_5147
OTU_5148	Bacteria	Bacteroidota	Bacteroidia	Flavobacteriales	Flavobacteriaceae	OTU_5148	OTU_5148
OTU_5149	Bacteria	Proteobacteria	Gammaproteobacteria	OTU_5149	OTU_5149	OTU_5149	OTU_5149
OTU_5150	Bacteria	Cyanobacteria	Cyanobacteriia	Chloroplast	OTU_5150	OTU_5150	OTU_5150
OTU_5151	Bacteria	Cyanobacteria	Cyanobacteriia	Chloroplast	OTU_5151	OTU_5151	OTU_5151
OTU_5152	Bacteria	Cyanobacteria	Cyanobacteriia	Chloroplast	OTU_5152	OTU_5152	OTU_5152
OTU_5153	Bacteria	OTU_5153	OTU_5153	OTU_5153	OTU_5153	OTU_5153	OTU_5153
OTU_5154	Bacteria	Proteobacteria	Alphaproteobacteria	SAR11 clade	Clade II	OTU_5154	OTU_5154
OTU_5155	Bacteria	Bacteroidota	Bacteroidia	Flavobacteriales	Flavobacteriaceae	Spongiivirga	OTU_5155
OTU_5156	Bacteria	Bacteroidota	Bacteroidia	Flavobacteriales	Flavobacteriaceae	NS4 marine group	OTU_5156
OTU_5157	Bacteria	Planctomycetota	Planctomycetes	Pirellulales	Pirellulaceae	Bythopirellula	OTU_5157
OTU_5158	Bacteria	Bacteroidota	Bacteroidia	Flavobacteriales	OTU_5158	OTU_5158	OTU_5158
OTU_5159	Bacteria	Verrucomicrobiota	Verrucomicrobiae	Verrucomicrobiales	Rubritaleaceae	Rubritalea	OTU_5159
OTU_5160	Bacteria	Proteobacteria	Gammaproteobacteria	Cellvibrionales	Porticoccaceae	Porticoccus	OTU_5160
OTU_5161	Bacteria	Proteobacteria	Gammaproteobacteria	Oceanospirillales	Nitrincolaceae	OTU_5161	OTU_5161
OTU_5162	Bacteria	Proteobacteria	Gammaproteobacteria	SAR86 clade	OTU_5162	OTU_5162	OTU_5162
OTU_5163	Bacteria	Proteobacteria	Gammaproteobacteria	Alteromonadales	Colwelliaceae	Litorilituus	OTU_5163
OTU_5164	Bacteria	Proteobacteria	Alphaproteobacteria	Rhodospirillales	Magnetospiraceae	OTU_5164	OTU_5164
OTU_5165	Bacteria	Proteobacteria	Alphaproteobacteria	Rhodobacterales	Rhodobacteraceae	Aestuariibius	OTU_5165
OTU_5166	Bacteria	Proteobacteria	Gammaproteobacteria	Alteromonadales	Pseudoalteromonadaceae	Pseudoalteromonas	OTU_5166
OTU_5167	Bacteria	Bacteroidota	Bacteroidia	Flavobacteriales	Cryomorphaceae	OTU_5167	OTU_5167
OTU_5168	Bacteria	Proteobacteria	Gammaproteobacteria	Cellvibrionales	Halieaceae	OTU_5168	OTU_5168
OTU_5169	Bacteria	OTU_5169	OTU_5169	OTU_5169	OTU_5169	OTU_5169	OTU_5169
OTU_5170	Bacteria	Proteobacteria	Gammaproteobacteria	OTU_5170	OTU_5170	OTU_5170	OTU_5170
OTU_5171	Bacteria	Proteobacteria	Gammaproteobacteria	Vibrionales	Vibrionaceae	OTU_5171	OTU_5171
OTU_5172	Bacteria	Proteobacteria	Alphaproteobacteria	Rhodobacterales	Rhodobacteraceae	OTU_5172	OTU_5172
OTU_5173	Bacteria	Proteobacteria	Gammaproteobacteria	Steroidobacterales	Woeseiaceae	Woeseia	OTU_5173
OTU_5174	Bacteria	Bacteroidota	Bacteroidia	Flavobacteriales	Flavobacteriaceae	OTU_5174	OTU_5174
OTU_5175	Bacteria	Bacteroidota	Bacteroidia	Flavobacteriales	Flavobacteriaceae	NS4 marine group	OTU_5175
OTU_5176	Bacteria	Bacteroidota	Bacteroidia	Flavobacteriales	NS9 marine group	OTU_5176	OTU_5176
OTU_5177	Bacteria	Proteobacteria	Alphaproteobacteria	SAR11 clade	OTU_5177	OTU_5177	OTU_5177
OTU_5178	Bacteria	Bacteroidota	Bacteroidia	Flavobacteriales	Flavobacteriaceae	OTU_5178	OTU_5178
OTU_5179	Bacteria	Bacteroidota	Bacteroidia	Flavobacteriales	NS7 marine group	OTU_5179	OTU_5179
OTU_5180	Bacteria	Proteobacteria	Gammaproteobacteria	Granulosicoccales	Granulosicoccaceae	Granulosicoccus	OTU_5180
OTU_5181	Bacteria	Proteobacteria	Gammaproteobacteria	Alteromonadales	OTU_5181	OTU_5181	OTU_5181
OTU_5182	Bacteria	OTU_5182	OTU_5182	OTU_5182	OTU_5182	OTU_5182	OTU_5182
OTU_5183	Bacteria	Proteobacteria	Gammaproteobacteria	Cellvibrionales	Spongiibacteraceae	Oceanicoccus	OTU_5183
OTU_5184	Bacteria	Proteobacteria	Gammaproteobacteria	Alteromonadales	OTU_5184	OTU_5184	OTU_5184
OTU_5185	Bacteria	Proteobacteria	Gammaproteobacteria	OM182 clade	OTU_5185	OTU_5185	OTU_5185
OTU_5186	Bacteria	Proteobacteria	Gammaproteobacteria	Cellvibrionales	Halieaceae	Marimicrobium	OTU_5186
OTU_5187	Bacteria	Verrucomicrobiota	Verrucomicrobiae	Verrucomicrobiales	Rubritaleaceae	OTU_5187	OTU_5187
OTU_5188	Bacteria	Proteobacteria	Gammaproteobacteria	Burkholderiales	OTU_5188	OTU_5188	OTU_5188
OTU_5189	Bacteria	Proteobacteria	Alphaproteobacteria	Kordiimonadales	OTU_5189	OTU_5189	OTU_5189
OTU_5190	Bacteria	Proteobacteria	Gammaproteobacteria	Cellvibrionales	Halieaceae	Marimicrobium	OTU_5190
OTU_5191	Bacteria	Proteobacteria	Alphaproteobacteria	SAR11 clade	Clade I	Clade Ia	OTU_5191
OTU_5192	Bacteria	Proteobacteria	Alphaproteobacteria	Puniceispirillales	SAR116 clade	OTU_5192	OTU_5192
OTU_5193	Bacteria	Bacteroidota	Bacteroidia	Flavobacteriales	Cryomorphaceae	OTU_5193	OTU_5193
OTU_5194	Bacteria	Bacteroidota	Bacteroidia	Flavobacteriales	Flavobacteriaceae	Sabulilitoribacter	OTU_5194
OTU_5195	Bacteria	Cyanobacteria	Cyanobacteriia	Chloroplast	OTU_5195	OTU_5195	OTU_5195
OTU_5196	Bacteria	Proteobacteria	Gammaproteobacteria	Cellvibrionales	Halieaceae	Marimicrobium	OTU_5196
OTU_5197	Bacteria	Proteobacteria	Gammaproteobacteria	Nitrosococcales	Methylophagaceae	OTU_5197	OTU_5197
OTU_5198	Bacteria	Bacteroidota	Bacteroidia	Flavobacteriales	Flavobacteriaceae	Ichthyenterobacterium	OTU_5198
OTU_5199	Bacteria	Bacteroidota	Bacteroidia	Flavobacteriales	Cryomorphaceae	OTU_5199	OTU_5199
OTU_5200	Bacteria	Bacteroidota	Bacteroidia	Flavobacteriales	Flavobacteriaceae	OTU_5200	OTU_5200
OTU_5201	Bacteria	Proteobacteria	Gammaproteobacteria	Thiomicrospirales	Thioglobaceae	IheB2-31	OTU_5201
OTU_5202	Bacteria	Proteobacteria	Gammaproteobacteria	Cellvibrionales	Spongiibacteraceae	BD1-7 clade	OTU_5202
OTU_5203	Bacteria	Proteobacteria	Alphaproteobacteria	Rhodobacterales	Rhodobacteraceae	OTU_5203	OTU_5203
OTU_5204	Bacteria	Verrucomicrobiota	Verrucomicrobiae	Verrucomicrobiales	Rubritaleaceae	Roseibacillus	OTU_5204
OTU_5205	Bacteria	Bacteroidota	Bacteroidia	Flavobacteriales	NS9 marine group	OTU_5205	OTU_5205
OTU_5206	Bacteria	Proteobacteria	Alphaproteobacteria	Rhodobacterales	Rhodobacteraceae	OTU_5206	OTU_5206
OTU_5207	Bacteria	Patescibacteria	Gracilibacteria	Absconditabacteriales (SR1)	OTU_5207	OTU_5207	OTU_5207
OTU_5208	Bacteria	Proteobacteria	Gammaproteobacteria	SAR86 clade	OTU_5208	OTU_5208	OTU_5208
OTU_5209	Bacteria	Bacteroidota	Bacteroidia	Flavobacteriales	Cryomorphaceae	OTU_5209	OTU_5209
OTU_5210	Bacteria	Proteobacteria	Gammaproteobacteria	UBA10353 marine group	OTU_5210	OTU_5210	OTU_5210
OTU_5211	Bacteria	Cyanobacteria	Cyanobacteriia	Chloroplast	OTU_5211	OTU_5211	OTU_5211
OTU_5212	Bacteria	Proteobacteria	Gammaproteobacteria	SAR86 clade	OTU_5212	OTU_5212	OTU_5212
OTU_5213	Bacteria	Proteobacteria	Gammaproteobacteria	Cellvibrionales	Porticoccaceae	SAR92 clade	OTU_5213
OTU_5214	Bacteria	Proteobacteria	Alphaproteobacteria	Puniceispirillales	SAR116 clade	OTU_5214	OTU_5214
OTU_5215	Bacteria	Verrucomicrobiota	Verrucomicrobiae	Arctic97B-4 marine group	OTU_5215	OTU_5215	OTU_5215
OTU_5216	Bacteria	Proteobacteria	Alphaproteobacteria	Rhodobacterales	Rhodobacteraceae	Cognatiyoonia	OTU_5216
OTU_5217	Bacteria	Verrucomicrobiota	Verrucomicrobiae	Verrucomicrobiales	Rubritaleaceae	Roseibacillus	OTU_5217
OTU_5218	Bacteria	Bacteroidota	Bacteroidia	Flavobacteriales	Flavobacteriaceae	Aestuariimonas	OTU_5218
OTU_5219	Bacteria	Bacteroidota	Bacteroidia	Flavobacteriales	Flavobacteriaceae	Polaribacter	OTU_5219
OTU_5220	Bacteria	Proteobacteria	Alphaproteobacteria	Rhodobacterales	Rhodobacteraceae	OTU_5220	OTU_5220
OTU_5221	Bacteria	Actinobacteriota	Actinobacteria	Corynebacteriales	OTU_5221	OTU_5221	OTU_5221
OTU_5222	Bacteria	Proteobacteria	Gammaproteobacteria	Alteromonadales	Alteromonadaceae	Glaciecola	OTU_5222
OTU_5223	Bacteria	Proteobacteria	Gammaproteobacteria	Thiomicrospirales	Thioglobaceae	IheB2-31	OTU_5223
OTU_5224	Bacteria	Proteobacteria	Alphaproteobacteria	SAR11 clade	Clade IV	OTU_5224	OTU_5224
OTU_5225	Bacteria	Proteobacteria	Gammaproteobacteria	Oceanospirillales	Saccharospirillaceae	Oleispira	OTU_5225
OTU_5226	Bacteria	Proteobacteria	Gammaproteobacteria	Alteromonadales	Colwelliaceae	OTU_5226	OTU_5226
OTU_5227	Bacteria	Bacteroidota	Bacteroidia	Flavobacteriales	Flavobacteriaceae	OTU_5227	OTU_5227
OTU_5228	Bacteria	OTU_5228	OTU_5228	OTU_5228	OTU_5228	OTU_5228	OTU_5228
OTU_5229	Bacteria	Bacteroidota	Bacteroidia	Chitinophagales	OTU_5229	OTU_5229	OTU_5229
OTU_5230	Bacteria	Proteobacteria	Gammaproteobacteria	SAR86 clade	OTU_5230	OTU_5230	OTU_5230
OTU_5231	Bacteria	Bacteroidota	Bacteroidia	Flavobacteriales	Flavobacteriaceae	OTU_5231	OTU_5231
OTU_5232	Bacteria	Proteobacteria	Gammaproteobacteria	OM182 clade	OTU_5232	OTU_5232	OTU_5232
OTU_5233	Bacteria	Bacteroidota	Bacteroidia	Flavobacteriales	Flavobacteriaceae	OTU_5233	OTU_5233
OTU_5234	Bacteria	Proteobacteria	Gammaproteobacteria	Alteromonadales	Psychromonadaceae	OTU_5234	OTU_5234
OTU_5235	Bacteria	Proteobacteria	Alphaproteobacteria	Rhodobacterales	Rhodobacteraceae	OTU_5235	OTU_5235
OTU_5236	Bacteria	Firmicutes	Bacilli	Lactobacillales	Catellicoccaceae	Catellicoccus	OTU_5236
OTU_5237	OTU_5237	OTU_5237	OTU_5237	OTU_5237	OTU_5237	OTU_5237	OTU_5237
OTU_5238	Bacteria	Bacteroidota	Bacteroidia	Flavobacteriales	OTU_5238	OTU_5238	OTU_5238
OTU_5239	Bacteria	Proteobacteria	Alphaproteobacteria	Rhodobacterales	Rhodobacteraceae	OTU_5239	OTU_5239
OTU_5240	Bacteria	Proteobacteria	Gammaproteobacteria	KI89A clade	OTU_5240	OTU_5240	OTU_5240
OTU_5241	Bacteria	Actinobacteriota	Actinobacteria	Micrococcales	Microbacteriaceae	SV1-3	OTU_5241
OTU_5242	Bacteria	Proteobacteria	Gammaproteobacteria	OTU_5242	OTU_5242	OTU_5242	OTU_5242
OTU_5243	Bacteria	Bacteroidota	Bacteroidia	Chitinophagales	OTU_5243	OTU_5243	OTU_5243
OTU_5244	Bacteria	Proteobacteria	Gammaproteobacteria	Oceanospirillales	Nitrincolaceae	OTU_5244	OTU_5244
OTU_5245	Bacteria	Proteobacteria	Gammaproteobacteria	Oceanospirillales	Nitrincolaceae	OTU_5245	OTU_5245
OTU_5246	Bacteria	Proteobacteria	Gammaproteobacteria	OTU_5246	OTU_5246	OTU_5246	OTU_5246
OTU_5247	Bacteria	Proteobacteria	Gammaproteobacteria	Legionellales	Legionellaceae	OTU_5247	OTU_5247
OTU_5248	Bacteria	Bacteroidota	Bacteroidia	Flavobacteriales	Flavobacteriaceae	OTU_5248	OTU_5248
OTU_5249	Bacteria	Bacteroidota	Bacteroidia	Flavobacteriales	Flavobacteriaceae	OTU_5249	OTU_5249
OTU_5250	Bacteria	Proteobacteria	Gammaproteobacteria	Cellvibrionales	Porticoccaceae	Porticoccus	OTU_5250
OTU_5251	Bacteria	Proteobacteria	Alphaproteobacteria	SAR11 clade	OTU_5251	OTU_5251	OTU_5251
OTU_5252	Bacteria	Actinobacteriota	Actinobacteria	Corynebacteriales	OTU_5252	OTU_5252	OTU_5252
OTU_5253	Bacteria	Bacteroidota	Bacteroidia	Flavobacteriales	Flavobacteriaceae	NS4 marine group	OTU_5253
OTU_5254	Bacteria	Proteobacteria	Gammaproteobacteria	KI89A clade	OTU_5254	OTU_5254	OTU_5254
OTU_5255	Bacteria	Bacteroidota	Bacteroidia	Flavobacteriales	NS9 marine group	OTU_5255	OTU_5255
OTU_5256	Bacteria	Proteobacteria	Gammaproteobacteria	OTU_5256	OTU_5256	OTU_5256	OTU_5256
OTU_5257	Bacteria	Proteobacteria	Gammaproteobacteria	OTU_5257	OTU_5257	OTU_5257	OTU_5257
OTU_5258	Bacteria	Proteobacteria	Gammaproteobacteria	Burkholderiales	Comamonadaceae	OTU_5258	OTU_5258
OTU_5259	Bacteria	Bacteroidota	Bacteroidia	Flavobacteriales	Flavobacteriaceae	Gilvibacter	OTU_5259
OTU_5260	Bacteria	Proteobacteria	Gammaproteobacteria	OM182 clade	OTU_5260	OTU_5260	OTU_5260
OTU_5261	Bacteria	Bacteroidota	Bacteroidia	Flavobacteriales	Flavobacteriaceae	NS4 marine group	OTU_5261
OTU_5262	Bacteria	Bacteroidota	Bacteroidia	Flavobacteriales	NS9 marine group	OTU_5262	OTU_5262
OTU_5263	Bacteria	Bacteroidota	Bacteroidia	Flavobacteriales	Flavobacteriaceae	OTU_5263	OTU_5263
OTU_5264	Bacteria	Proteobacteria	Alphaproteobacteria	SAR11 clade	Clade IV	OTU_5264	OTU_5264
OTU_5265	Bacteria	Proteobacteria	Gammaproteobacteria	Alteromonadales	Alteromonadaceae	Glaciecola	OTU_5265
OTU_5266	Bacteria	Bacteroidota	Bacteroidia	Flavobacteriales	Cryomorphaceae	NS10 marine group	OTU_5266
OTU_5267	Bacteria	Proteobacteria	Alphaproteobacteria	Parvibaculales	OTU_5267	OTU_5267	OTU_5267
OTU_5268	Bacteria	Proteobacteria	Gammaproteobacteria	Oceanospirillales	Nitrincolaceae	OTU_5268	OTU_5268
OTU_5269	Bacteria	Planctomycetota	Phycisphaerae	Phycisphaerales	Phycisphaeraceae	FS140-16B-02 marine group	OTU_5269
OTU_5270	Bacteria	Bacteroidota	Bacteroidia	Flavobacteriales	Flavobacteriaceae	Psychroflexus	OTU_5270
OTU_5271	Bacteria	Bacteroidota	Bacteroidia	Flavobacteriales	OTU_5271	OTU_5271	OTU_5271
OTU_5272	Bacteria	Proteobacteria	Gammaproteobacteria	Cellvibrionales	Porticoccaceae	SAR92 clade	OTU_5272
OTU_5273	Bacteria	Acidobacteriota	Vicinamibacteria	Vicinamibacterales	Vicinamibacteraceae	OTU_5273	OTU_5273
OTU_5274	Bacteria	Proteobacteria	Gammaproteobacteria	Oceanospirillales	Halomonadaceae	OTU_5274	OTU_5274
OTU_5275	Bacteria	Bacteroidota	Bacteroidia	Flavobacteriales	Flavobacteriaceae	OTU_5275	OTU_5275
OTU_5276	Bacteria	Proteobacteria	Gammaproteobacteria	Alteromonadales	OTU_5276	OTU_5276	OTU_5276
OTU_5277	Bacteria	Proteobacteria	Alphaproteobacteria	SAR11 clade	Clade I	Clade Ia	OTU_5277
OTU_5278	Bacteria	Verrucomicrobiota	Verrucomicrobiae	Verrucomicrobiales	OTU_5278	OTU_5278	OTU_5278
OTU_5279	Bacteria	Proteobacteria	Gammaproteobacteria	Oceanospirillales	Nitrincolaceae	OTU_5279	OTU_5279
OTU_5280	Bacteria	Proteobacteria	Gammaproteobacteria	Enterobacterales	OTU_5280	OTU_5280	OTU_5280
OTU_5281	Bacteria	Proteobacteria	Alphaproteobacteria	OTU_5281	OTU_5281	OTU_5281	OTU_5281
OTU_5282	Bacteria	Actinobacteriota	Actinobacteria	Micrococcales	OTU_5282	OTU_5282	OTU_5282
OTU_5283	Bacteria	Bacteroidota	Bacteroidia	Flavobacteriales	Flavobacteriaceae	OTU_5283	OTU_5283
OTU_5284	Bacteria	Proteobacteria	Alphaproteobacteria	Rickettsiales	Rickettsiaceae	OTU_5284	OTU_5284
OTU_5285	Bacteria	Cyanobacteria	Cyanobacteriia	Chloroplast	OTU_5285	OTU_5285	OTU_5285
OTU_5286	Bacteria	Proteobacteria	Gammaproteobacteria	OTU_5286	OTU_5286	OTU_5286	OTU_5286
OTU_5287	Bacteria	Proteobacteria	Alphaproteobacteria	Rhodobacterales	Rhodobacteraceae	OTU_5287	OTU_5287
OTU_5288	Bacteria	Bdellovibrionota	Bdellovibrionia	Bdellovibrionales	Bdellovibrionaceae	Bdellovibrio	OTU_5288
OTU_5289	Bacteria	Proteobacteria	Gammaproteobacteria	Burkholderiales	Methylophilaceae	OM43 clade	OTU_5289
OTU_5290	Bacteria	Proteobacteria	OTU_5290	OTU_5290	OTU_5290	OTU_5290	OTU_5290
OTU_5291	Bacteria	Bacteroidota	Bacteroidia	Flavobacteriales	Flavobacteriaceae	OTU_5291	OTU_5291
OTU_5292	Bacteria	Bacteroidota	Bacteroidia	Sphingobacteriales	NS11-12 marine group	OTU_5292	OTU_5292
OTU_5293	Bacteria	SAR324 clade(Marine group B)	OTU_5293	OTU_5293	OTU_5293	OTU_5293	OTU_5293
OTU_5294	Bacteria	Bacteroidota	Bacteroidia	Flavobacteriales	Flavobacteriaceae	OTU_5294	OTU_5294
OTU_5295	Bacteria	Bacteroidota	Bacteroidia	Flavobacteriales	Crocinitomicaceae	Fluviicola	OTU_5295
OTU_5296	Bacteria	Proteobacteria	Gammaproteobacteria	OTU_5296	OTU_5296	OTU_5296	OTU_5296
OTU_5297	Bacteria	Proteobacteria	Gammaproteobacteria	Cellvibrionales	Halieaceae	Marimicrobium	OTU_5297
OTU_5298	Bacteria	Proteobacteria	Gammaproteobacteria	OTU_5298	OTU_5298	OTU_5298	OTU_5298
OTU_5299	Bacteria	Bacteroidota	Bacteroidia	Flavobacteriales	Flavobacteriaceae	OTU_5299	OTU_5299
OTU_5300	Bacteria	Proteobacteria	Alphaproteobacteria	Rickettsiales	Rickettsiaceae	Candidatus Megaira	OTU_5300
OTU_5301	Bacteria	Proteobacteria	Gammaproteobacteria	Cellvibrionales	Halieaceae	Luminiphilus	OTU_5301
OTU_5302	Bacteria	Proteobacteria	Gammaproteobacteria	OTU_5302	OTU_5302	OTU_5302	OTU_5302
OTU_5303	Bacteria	Proteobacteria	Gammaproteobacteria	OM182 clade	OTU_5303	OTU_5303	OTU_5303
OTU_5304	Bacteria	Proteobacteria	Alphaproteobacteria	SAR11 clade	Clade IV	OTU_5304	OTU_5304
OTU_5305	Bacteria	Bacteroidota	Bacteroidia	OTU_5305	OTU_5305	OTU_5305	OTU_5305
OTU_5306	Bacteria	Proteobacteria	Gammaproteobacteria	SAR86 clade	OTU_5306	OTU_5306	OTU_5306
OTU_5307	Bacteria	Actinobacteriota	Actinobacteria	Micrococcales	Microbacteriaceae	ML602J-51	OTU_5307
OTU_5308	Bacteria	Proteobacteria	Alphaproteobacteria	Rhodobacterales	Rhodobacteraceae	OTU_5308	OTU_5308
OTU_5309	Bacteria	Proteobacteria	Alphaproteobacteria	Rhodobacterales	Rhodobacteraceae	OTU_5309	OTU_5309
OTU_5310	Bacteria	Cyanobacteria	Cyanobacteriia	Chloroplast	OTU_5310	OTU_5310	OTU_5310
OTU_5311	Bacteria	Proteobacteria	Gammaproteobacteria	Aeromonadales	Aeromonadaceae	Aeromonas	OTU_5311
OTU_5312	Bacteria	Cyanobacteria	Cyanobacteriia	Chloroplast	OTU_5312	OTU_5312	OTU_5312
OTU_5313	Bacteria	Proteobacteria	Gammaproteobacteria	Gammaproteobacteria Incertae Sedis	Unknown Family	OTU_5313	OTU_5313
OTU_5314	Bacteria	Proteobacteria	Alphaproteobacteria	OTU_5314	OTU_5314	OTU_5314	OTU_5314
OTU_5315	Bacteria	Proteobacteria	Gammaproteobacteria	Cellvibrionales	Halieaceae	Marimicrobium	OTU_5315
OTU_5316	Bacteria	Proteobacteria	Alphaproteobacteria	Rickettsiales	Mitochondria	OTU_5316	OTU_5316
OTU_5317	Bacteria	SAR324 clade(Marine group B)	OTU_5317	OTU_5317	OTU_5317	OTU_5317	OTU_5317
OTU_5318	Bacteria	OTU_5318	OTU_5318	OTU_5318	OTU_5318	OTU_5318	OTU_5318
OTU_5319	Bacteria	Bacteroidota	Bacteroidia	Flavobacteriales	Flavobacteriaceae	OTU_5319	OTU_5319
OTU_5320	Bacteria	Bacteroidota	Bacteroidia	Flavobacteriales	Cryomorphaceae	OTU_5320	OTU_5320
OTU_5321	Bacteria	Proteobacteria	Gammaproteobacteria	Cellvibrionales	Halieaceae	OTU_5321	OTU_5321
OTU_5322	Bacteria	OTU_5322	OTU_5322	OTU_5322	OTU_5322	OTU_5322	OTU_5322
OTU_5323	Bacteria	Proteobacteria	Gammaproteobacteria	OM182 clade	OTU_5323	OTU_5323	OTU_5323
OTU_5324	Bacteria	Proteobacteria	Gammaproteobacteria	Cellvibrionales	Spongiibacteraceae	OTU_5324	OTU_5324
OTU_5325	Bacteria	Proteobacteria	Gammaproteobacteria	Alteromonadales	Pseudoalteromonadaceae	Pseudoalteromonas	OTU_5325
OTU_5326	Bacteria	Proteobacteria	Gammaproteobacteria	Thiomicrospirales	Thioglobaceae	IheB2-31	OTU_5326
OTU_5327	Bacteria	Proteobacteria	Alphaproteobacteria	Rhodobacterales	Rhodobacteraceae	OTU_5327	OTU_5327
OTU_5328	Bacteria	Bacteroidota	Bacteroidia	Flavobacteriales	Flavobacteriaceae	OTU_5328	OTU_5328
OTU_5329	Bacteria	Bacteroidota	Bacteroidia	Flavobacteriales	NS9 marine group	OTU_5329	OTU_5329
OTU_5330	Bacteria	Proteobacteria	Gammaproteobacteria	Alteromonadales	Colwelliaceae	Litorilituus	OTU_5330
OTU_5331	Bacteria	Verrucomicrobiota	Verrucomicrobiae	Opitutales	Puniceicoccaceae	Pelagicoccus	OTU_5331
OTU_5332	Bacteria	Proteobacteria	Gammaproteobacteria	OM182 clade	OTU_5332	OTU_5332	OTU_5332
OTU_5333	Bacteria	Proteobacteria	Gammaproteobacteria	Oceanospirillales	Saccharospirillaceae	Oleispira	OTU_5333
OTU_5334	Bacteria	Cyanobacteria	Cyanobacteriia	Chloroplast	OTU_5334	OTU_5334	OTU_5334
OTU_5335	Bacteria	Verrucomicrobiota	Verrucomicrobiae	Opitutales	Puniceicoccaceae	Lentimonas	OTU_5335
OTU_5336	Bacteria	Bacteroidota	Bacteroidia	Flavobacteriales	Flavobacteriaceae	NS4 marine group	OTU_5336
OTU_5337	Bacteria	Cyanobacteria	Cyanobacteriia	Cyanobacteriales	OTU_5337	OTU_5337	OTU_5337
OTU_5338	Bacteria	Proteobacteria	Gammaproteobacteria	OTU_5338	OTU_5338	OTU_5338	OTU_5338
OTU_5339	Bacteria	Proteobacteria	OTU_5339	OTU_5339	OTU_5339	OTU_5339	OTU_5339
OTU_5340	Bacteria	Proteobacteria	Gammaproteobacteria	Alteromonadales	Colwelliaceae	Litorilituus	OTU_5340
OTU_5341	Bacteria	Cyanobacteria	Cyanobacteriia	Chloroplast	OTU_5341	OTU_5341	OTU_5341
OTU_5342	Bacteria	Bacteroidota	Bacteroidia	Flavobacteriales	Flavobacteriaceae	OTU_5342	OTU_5342
OTU_5343	Bacteria	Proteobacteria	Gammaproteobacteria	OTU_5343	OTU_5343	OTU_5343	OTU_5343
OTU_5344	Bacteria	Proteobacteria	Alphaproteobacteria	Rhodobacterales	Rhodobacteraceae	OTU_5344	OTU_5344
OTU_5345	Bacteria	Actinobacteriota	Actinobacteria	Micrococcales	Microbacteriaceae	OTU_5345	OTU_5345
OTU_5346	Bacteria	Bacteroidota	Bacteroidia	Flavobacteriales	NS9 marine group	OTU_5346	OTU_5346
OTU_5347	Bacteria	Proteobacteria	Alphaproteobacteria	OTU_5347	OTU_5347	OTU_5347	OTU_5347
OTU_5348	Bacteria	Proteobacteria	Gammaproteobacteria	Vibrionales	Vibrionaceae	OTU_5348	OTU_5348
OTU_5349	Bacteria	Proteobacteria	Gammaproteobacteria	Nitrosococcales	Methylophagaceae	Methylophaga	OTU_5349
OTU_5350	Bacteria	Bacteroidota	Bacteroidia	Flavobacteriales	NS9 marine group	OTU_5350	OTU_5350
OTU_5351	Bacteria	Bacteroidota	Bacteroidia	Flavobacteriales	OTU_5351	OTU_5351	OTU_5351
OTU_5352	Bacteria	Proteobacteria	Gammaproteobacteria	Oceanospirillales	Kangiellaceae	OTU_5352	OTU_5352
OTU_5353	Bacteria	Proteobacteria	Gammaproteobacteria	Cellvibrionales	Halieaceae	OTU_5353	OTU_5353
OTU_5354	Bacteria	Proteobacteria	Gammaproteobacteria	Cellvibrionales	Halieaceae	Marimicrobium	OTU_5354
OTU_5355	Bacteria	Bacteroidota	Bacteroidia	Flavobacteriales	Flavobacteriaceae	Ichthyenterobacterium	OTU_5355
OTU_5356	Bacteria	Proteobacteria	Alphaproteobacteria	Rhodobacterales	Rhodobacteraceae	OTU_5356	OTU_5356
OTU_5357	Bacteria	Proteobacteria	Gammaproteobacteria	SAR86 clade	OTU_5357	OTU_5357	OTU_5357
OTU_5358	Bacteria	Proteobacteria	Gammaproteobacteria	Burkholderiales	Sulfuricellaceae	OTU_5358	OTU_5358
OTU_5359	Bacteria	Proteobacteria	Alphaproteobacteria	Rhodobacterales	Rhodobacteraceae	Cognatiyoonia	OTU_5359
OTU_5360	Bacteria	Bacteroidota	Bacteroidia	Chitinophagales	OTU_5360	OTU_5360	OTU_5360
OTU_5361	Bacteria	Proteobacteria	OTU_5361	OTU_5361	OTU_5361	OTU_5361	OTU_5361
OTU_5362	Bacteria	Proteobacteria	Gammaproteobacteria	OTU_5362	OTU_5362	OTU_5362	OTU_5362
OTU_5363	Bacteria	Bacteroidota	Bacteroidia	Flavobacteriales	Flavobacteriaceae	OTU_5363	OTU_5363
OTU_5364	Bacteria	Proteobacteria	Alphaproteobacteria	OTU_5364	OTU_5364	OTU_5364	OTU_5364
OTU_5365	Bacteria	Proteobacteria	Gammaproteobacteria	Oceanospirillales	Pseudohongiellaceae	Pseudohongiella	OTU_5365
OTU_5366	Bacteria	Verrucomicrobiota	Verrucomicrobiae	Verrucomicrobiales	Rubritaleaceae	Roseibacillus	OTU_5366
OTU_5367	Bacteria	Proteobacteria	Gammaproteobacteria	Thiohalorhabdales	Thiohalorhabdaceae	OTU_5367	OTU_5367
OTU_5368	Bacteria	Bacteroidota	Bacteroidia	Flavobacteriales	Flavobacteriaceae	OTU_5368	OTU_5368
OTU_5369	Bacteria	Proteobacteria	Alphaproteobacteria	Rhodobacterales	Rhodobacteraceae	Planktomarina	OTU_5369
OTU_5370	Bacteria	Proteobacteria	Gammaproteobacteria	OTU_5370	OTU_5370	OTU_5370	OTU_5370
OTU_5371	Bacteria	Bacteroidota	Bacteroidia	Flavobacteriales	NS9 marine group	OTU_5371	OTU_5371
OTU_5372	Bacteria	Proteobacteria	Gammaproteobacteria	Oceanospirillales	Pseudohongiellaceae	Pseudohongiella	OTU_5372
OTU_5373	Bacteria	Proteobacteria	Gammaproteobacteria	Cellvibrionales	OTU_5373	OTU_5373	OTU_5373
OTU_5374	Bacteria	Proteobacteria	Gammaproteobacteria	OTU_5374	OTU_5374	OTU_5374	OTU_5374
OTU_5375	Bacteria	Proteobacteria	Gammaproteobacteria	Thiomicrospirales	Thioglobaceae	IheB2-31	OTU_5375
OTU_5376	Bacteria	Proteobacteria	Alphaproteobacteria	SAR11 clade	OTU_5376	OTU_5376	OTU_5376
OTU_5377	Bacteria	Proteobacteria	Alphaproteobacteria	SAR11 clade	OTU_5377	OTU_5377	OTU_5377
OTU_5378	Bacteria	Bacteroidota	Bacteroidia	Flavobacteriales	Flavobacteriaceae	OTU_5378	OTU_5378
OTU_5379	Bacteria	Bacteroidota	Bacteroidia	Flavobacteriales	Flavobacteriaceae	OTU_5379	OTU_5379
OTU_5380	Bacteria	Proteobacteria	Gammaproteobacteria	Cellvibrionales	Halieaceae	OTU_5380	OTU_5380
OTU_5381	Bacteria	Bacteroidota	Bacteroidia	Flavobacteriales	Flavobacteriaceae	Aurantivirga	OTU_5381
OTU_5382	Bacteria	Desulfobacterota	Desulfobacteria	Desulfobacterales	Desulfosarcinaceae	Desulfosarcina	OTU_5382
OTU_5383	Bacteria	Firmicutes	Bacilli	Mycoplasmatales	Mycoplasmataceae	Mycoplasma	OTU_5383
OTU_5384	Bacteria	Bacteroidota	Bacteroidia	Chitinophagales	OTU_5384	OTU_5384	OTU_5384
OTU_5385	Bacteria	Proteobacteria	Gammaproteobacteria	Burkholderiales	Methylophilaceae	OM43 clade	OTU_5385
OTU_5386	Bacteria	Proteobacteria	Gammaproteobacteria	OTU_5386	OTU_5386	OTU_5386	OTU_5386
OTU_5387	Bacteria	Proteobacteria	Gammaproteobacteria	Alteromonadales	Pseudoalteromonadaceae	Pseudoalteromonas	OTU_5387
OTU_5388	Bacteria	Actinobacteriota	Actinobacteria	Micrococcales	Microbacteriaceae	SV1-3	OTU_5388
OTU_5389	Bacteria	Proteobacteria	Alphaproteobacteria	Rhodobacterales	Rhodobacteraceae	OTU_5389	OTU_5389
OTU_5390	Bacteria	Bacteroidota	Bacteroidia	Chitinophagales	OTU_5390	OTU_5390	OTU_5390
OTU_5391	Bacteria	Bacteroidota	Bacteroidia	Flavobacteriales	Flavobacteriaceae	OTU_5391	OTU_5391
OTU_5392	Bacteria	Bacteroidota	Bacteroidia	Flavobacteriales	NS9 marine group	OTU_5392	OTU_5392
OTU_5393	Bacteria	Bacteroidota	Bacteroidia	Flavobacteriales	Cryomorphaceae	OTU_5393	OTU_5393
OTU_5394	Bacteria	Proteobacteria	OTU_5394	OTU_5394	OTU_5394	OTU_5394	OTU_5394
OTU_5395	Bacteria	Bacteroidota	Bacteroidia	Flavobacteriales	Crocinitomicaceae	OTU_5395	OTU_5395
OTU_5396	Bacteria	OTU_5396	OTU_5396	OTU_5396	OTU_5396	OTU_5396	OTU_5396
OTU_5397	Bacteria	Proteobacteria	Gammaproteobacteria	OTU_5397	OTU_5397	OTU_5397	OTU_5397
OTU_5398	Bacteria	Proteobacteria	Alphaproteobacteria	SAR11 clade	Clade III	OTU_5398	OTU_5398
OTU_5399	Bacteria	Verrucomicrobiota	Verrucomicrobiae	Verrucomicrobiales	Rubritaleaceae	Roseibacillus	OTU_5399
OTU_5400	Bacteria	OTU_5400	OTU_5400	OTU_5400	OTU_5400	OTU_5400	OTU_5400
OTU_5401	Bacteria	Bacteroidota	Bacteroidia	Flavobacteriales	Flavobacteriaceae	OTU_5401	OTU_5401
OTU_5402	Bacteria	Bacteroidota	Bacteroidia	Flavobacteriales	Flavobacteriaceae	NS4 marine group	OTU_5402
OTU_5403	Bacteria	Verrucomicrobiota	Verrucomicrobiae	Opitutales	Puniceicoccaceae	Lentimonas	OTU_5403
OTU_5404	Bacteria	Proteobacteria	Gammaproteobacteria	Alteromonadales	Idiomarinaceae	Idiomarina	OTU_5404
OTU_5405	Bacteria	Proteobacteria	Gammaproteobacteria	Cellvibrionales	Halieaceae	Marimicrobium	OTU_5405
OTU_5406	Bacteria	Bacteroidota	Bacteroidia	Flavobacteriales	Flavobacteriaceae	OTU_5406	OTU_5406
OTU_5407	Bacteria	Bacteroidota	Bacteroidia	Flavobacteriales	Flavobacteriaceae	OTU_5407	OTU_5407
OTU_5408	Bacteria	Bacteroidota	Bacteroidia	Flavobacteriales	NS9 marine group	OTU_5408	OTU_5408
OTU_5409	Bacteria	Proteobacteria	Gammaproteobacteria	OTU_5409	OTU_5409	OTU_5409	OTU_5409
OTU_5410	Bacteria	Proteobacteria	Gammaproteobacteria	OTU_5410	OTU_5410	OTU_5410	OTU_5410
OTU_5411	Bacteria	Proteobacteria	Gammaproteobacteria	Cellvibrionales	Halieaceae	Marimicrobium	OTU_5411
OTU_5412	Bacteria	Proteobacteria	Alphaproteobacteria	Rhodospirillales	Magnetospiraceae	Magnetospira	OTU_5412
OTU_5413	Bacteria	Bacteroidota	Bacteroidia	Flavobacteriales	Flavobacteriaceae	NS4 marine group	OTU_5413
OTU_5414	Bacteria	Proteobacteria	Gammaproteobacteria	Alteromonadales	Alteromonadaceae	OTU_5414	OTU_5414
OTU_5415	Bacteria	Actinobacteriota	Acidimicrobiia	Microtrichales	Microtrichaceae	Sva0996 marine group	OTU_5415
OTU_5416	Bacteria	Proteobacteria	Alphaproteobacteria	Rhodospirillales	AEGEAN-169 marine group	OTU_5416	OTU_5416
OTU_5417	Bacteria	Proteobacteria	Gammaproteobacteria	Thiomicrospirales	Thioglobaceae	IheB2-31	OTU_5417
OTU_5418	Bacteria	Proteobacteria	Gammaproteobacteria	SAR86 clade	OTU_5418	OTU_5418	OTU_5418
OTU_5419	OTU_5419	OTU_5419	OTU_5419	OTU_5419	OTU_5419	OTU_5419	OTU_5419
OTU_5420	Bacteria	Proteobacteria	Gammaproteobacteria	Oceanospirillales	Nitrincolaceae	OTU_5420	OTU_5420
OTU_5421	Bacteria	Bacteroidota	Bacteroidia	Flavobacteriales	Flavobacteriaceae	Changchengzhania	OTU_5421
OTU_5422	Bacteria	Proteobacteria	Gammaproteobacteria	Burkholderiales	Methylophilaceae	OM43 clade	OTU_5422
OTU_5423	Bacteria	Chloroflexi	Dehalococcoidia	SAR202 clade	OTU_5423	OTU_5423	OTU_5423
OTU_5424	Bacteria	Verrucomicrobiota	Verrucomicrobiae	Verrucomicrobiales	Rubritaleaceae	Roseibacillus	OTU_5424
OTU_5425	Bacteria	Proteobacteria	Gammaproteobacteria	OTU_5425	OTU_5425	OTU_5425	OTU_5425
OTU_5426	Bacteria	Proteobacteria	Gammaproteobacteria	OTU_5426	OTU_5426	OTU_5426	OTU_5426
OTU_5427	Bacteria	Proteobacteria	Gammaproteobacteria	Oceanospirillales	Nitrincolaceae	OTU_5427	OTU_5427
OTU_5428	Bacteria	Chloroflexi	JG30-KF-CM66	OTU_5428	OTU_5428	OTU_5428	OTU_5428
OTU_5429	Bacteria	Proteobacteria	Gammaproteobacteria	Alteromonadales	Colwelliaceae	OTU_5429	OTU_5429
OTU_5430	Bacteria	Actinobacteriota	Actinobacteria	Micrococcales	Micrococcaceae	Acaricomes	OTU_5430
OTU_5431	Bacteria	Proteobacteria	OTU_5431	OTU_5431	OTU_5431	OTU_5431	OTU_5431
OTU_5432	Bacteria	Proteobacteria	Gammaproteobacteria	OM182 clade	OTU_5432	OTU_5432	OTU_5432
OTU_5433	Bacteria	Proteobacteria	Alphaproteobacteria	Rhodobacterales	Rhodobacteraceae	Oceanibulbus	OTU_5433
OTU_5434	Bacteria	OTU_5434	OTU_5434	OTU_5434	OTU_5434	OTU_5434	OTU_5434
OTU_5435	Bacteria	OTU_5435	OTU_5435	OTU_5435	OTU_5435	OTU_5435	OTU_5435
OTU_5436	Bacteria	Proteobacteria	Gammaproteobacteria	Cellvibrionales	Halieaceae	OTU_5436	OTU_5436
OTU_5437	Bacteria	Verrucomicrobiota	Verrucomicrobiae	Verrucomicrobiales	Rubritaleaceae	Roseibacillus	OTU_5437
OTU_5438	Bacteria	Proteobacteria	Alphaproteobacteria	Puniceispirillales	SAR116 clade	OTU_5438	OTU_5438
OTU_5439	Bacteria	Bacteroidota	Bacteroidia	OTU_5439	OTU_5439	OTU_5439	OTU_5439
OTU_5440	Bacteria	Proteobacteria	Gammaproteobacteria	OTU_5440	OTU_5440	OTU_5440	OTU_5440
OTU_5441	Bacteria	Proteobacteria	Gammaproteobacteria	Thiomicrospirales	Thioglobaceae	IheB2-31	OTU_5441
OTU_5442	Bacteria	Proteobacteria	Alphaproteobacteria	Rhodobacterales	Rhodobacteraceae	OTU_5442	OTU_5442
OTU_5443	Bacteria	Proteobacteria	Gammaproteobacteria	Cellvibrionales	OTU_5443	OTU_5443	OTU_5443
OTU_5444	Bacteria	OTU_5444	OTU_5444	OTU_5444	OTU_5444	OTU_5444	OTU_5444
OTU_5445	Bacteria	Proteobacteria	Gammaproteobacteria	OTU_5445	OTU_5445	OTU_5445	OTU_5445
OTU_5446	Bacteria	Verrucomicrobiota	Verrucomicrobiae	Verrucomicrobiales	OTU_5446	OTU_5446	OTU_5446
OTU_5447	Bacteria	Bacteroidota	Bacteroidia	OTU_5447	OTU_5447	OTU_5447	OTU_5447
OTU_5448	Bacteria	Proteobacteria	Gammaproteobacteria	Oceanospirillales	Pseudohongiellaceae	Pseudohongiella	OTU_5448
OTU_5449	Bacteria	Bdellovibrionota	Bdellovibrionia	Bdellovibrionales	Bdellovibrionaceae	OM27 clade	OTU_5449
OTU_5450	Bacteria	SAR324 clade(Marine group B)	OTU_5450	OTU_5450	OTU_5450	OTU_5450	OTU_5450
OTU_5451	Bacteria	Proteobacteria	Gammaproteobacteria	Cellvibrionales	Porticoccaceae	SAR92 clade	OTU_5451
OTU_5452	Bacteria	Proteobacteria	Alphaproteobacteria	SAR11 clade	OTU_5452	OTU_5452	OTU_5452
OTU_5453	Bacteria	Bacteroidota	Bacteroidia	OTU_5453	OTU_5453	OTU_5453	OTU_5453
OTU_5454	Bacteria	Proteobacteria	Gammaproteobacteria	Cellvibrionales	Porticoccaceae	SAR92 clade	OTU_5454
OTU_5455	Bacteria	Verrucomicrobiota	Verrucomicrobiae	Opitutales	Puniceicoccaceae	Lentimonas	OTU_5455
OTU_5456	Bacteria	Proteobacteria	Gammaproteobacteria	SAR86 clade	OTU_5456	OTU_5456	OTU_5456
OTU_5457	Bacteria	Bacteroidota	Bacteroidia	Flavobacteriales	Flavobacteriaceae	Hanstruepera	OTU_5457
OTU_5458	Bacteria	Proteobacteria	Gammaproteobacteria	OTU_5458	OTU_5458	OTU_5458	OTU_5458
OTU_5459	Bacteria	Bacteroidota	Bacteroidia	Flavobacteriales	Flavobacteriaceae	NS4 marine group	OTU_5459
OTU_5460	Bacteria	Bacteroidota	Bacteroidia	Flavobacteriales	Flavobacteriaceae	Aurantivirga	OTU_5460
OTU_5461	Bacteria	Bacteroidota	Bacteroidia	Flavobacteriales	NS9 marine group	OTU_5461	OTU_5461
OTU_5462	Bacteria	Proteobacteria	Gammaproteobacteria	Thiomicrospirales	Thioglobaceae	IheB2-31	OTU_5462
OTU_5463	Bacteria	Bacteroidota	Bacteroidia	Flavobacteriales	OTU_5463	OTU_5463	OTU_5463
OTU_5464	Bacteria	Proteobacteria	Gammaproteobacteria	Alteromonadales	Colwelliaceae	Colwellia	OTU_5464
OTU_5465	Bacteria	Proteobacteria	Gammaproteobacteria	OTU_5465	OTU_5465	OTU_5465	OTU_5465
OTU_5466	Bacteria	Proteobacteria	Gammaproteobacteria	Cellvibrionales	Halieaceae	OTU_5466	OTU_5466
OTU_5467	Bacteria	Proteobacteria	Gammaproteobacteria	OTU_5467	OTU_5467	OTU_5467	OTU_5467
OTU_5468	Bacteria	Actinobacteriota	Thermoleophilia	Gaiellales	OTU_5468	OTU_5468	OTU_5468
OTU_5469	Bacteria	Proteobacteria	Gammaproteobacteria	Oceanospirillales	Nitrincolaceae	OTU_5469	OTU_5469
OTU_5470	Bacteria	Proteobacteria	Alphaproteobacteria	SAR11 clade	OTU_5470	OTU_5470	OTU_5470
OTU_5471	Bacteria	Proteobacteria	Gammaproteobacteria	Cellvibrionales	Halieaceae	OM60(NOR5) clade	OTU_5471
OTU_5472	Bacteria	Bacteroidota	Bacteroidia	Flavobacteriales	Flavobacteriaceae	OTU_5472	OTU_5472
OTU_5473	Bacteria	Proteobacteria	Gammaproteobacteria	Alteromonadales	Colwelliaceae	OTU_5473	OTU_5473
OTU_5474	Bacteria	Proteobacteria	Alphaproteobacteria	Rhodobacterales	Rhodobacteraceae	OTU_5474	OTU_5474
OTU_5475	Bacteria	Bacteroidota	Bacteroidia	Flavobacteriales	Flavobacteriaceae	OTU_5475	OTU_5475
OTU_5476	Bacteria	Actinobacteriota	Acidimicrobiia	Microtrichales	Microtrichaceae	Sva0996 marine group	OTU_5476
OTU_5477	Bacteria	Proteobacteria	Alphaproteobacteria	Kordiimonadales	OTU_5477	OTU_5477	OTU_5477
OTU_5478	Bacteria	Bacteroidota	Bacteroidia	Flavobacteriales	Flavobacteriaceae	Changchengzhania	OTU_5478
OTU_5479	Bacteria	Actinobacteriota	Actinobacteria	Micrococcales	OTU_5479	OTU_5479	OTU_5479
OTU_5480	Bacteria	Proteobacteria	Alphaproteobacteria	Micavibrionales	Micavibrionaceae	OTU_5480	OTU_5480
OTU_5481	Bacteria	Bacteroidota	Bacteroidia	Flavobacteriales	NS9 marine group	OTU_5481	OTU_5481
OTU_5482	Bacteria	Proteobacteria	Gammaproteobacteria	Cellvibrionales	Halieaceae	OM60(NOR5) clade	OTU_5482
OTU_5483	Bacteria	Proteobacteria	Gammaproteobacteria	Alteromonadales	Alteromonadaceae	Salinimonas	OTU_5483
OTU_5484	Bacteria	Proteobacteria	Gammaproteobacteria	Oceanospirillales	Pseudohongiellaceae	Pseudohongiella	OTU_5484
OTU_5485	Bacteria	Proteobacteria	Gammaproteobacteria	Cellvibrionales	Halieaceae	Marimicrobium	OTU_5485
OTU_5486	Bacteria	Actinobacteriota	Actinobacteria	Micrococcales	Microbacteriaceae	ML602J-51	OTU_5486
OTU_5487	Bacteria	Bacteroidota	Bacteroidia	Flavobacteriales	Flavobacteriaceae	OTU_5487	OTU_5487
OTU_5488	Bacteria	Proteobacteria	Gammaproteobacteria	OTU_5488	OTU_5488	OTU_5488	OTU_5488
OTU_5489	Bacteria	Proteobacteria	Gammaproteobacteria	OTU_5489	OTU_5489	OTU_5489	OTU_5489
OTU_5490	Bacteria	Proteobacteria	Gammaproteobacteria	OTU_5490	OTU_5490	OTU_5490	OTU_5490
OTU_5491	Bacteria	Proteobacteria	Alphaproteobacteria	Rhodobacterales	Rhodobacteraceae	Cognatiyoonia	OTU_5491
OTU_5492	Bacteria	Proteobacteria	Alphaproteobacteria	Rickettsiales	Mitochondria	OTU_5492	OTU_5492
OTU_5493	Bacteria	Bacteroidota	Bacteroidia	Cytophagales	Cyclobacteriaceae	Marinoscillum	OTU_5493
OTU_5494	Bacteria	Bacteroidota	Bacteroidia	Flavobacteriales	Flavobacteriaceae	NS5 marine group	OTU_5494
OTU_5495	Bacteria	Bacteroidota	Bacteroidia	Flavobacteriales	Flavobacteriaceae	OTU_5495	OTU_5495
OTU_5496	Bacteria	Proteobacteria	Alphaproteobacteria	Rhodobacterales	Rhodobacteraceae	OTU_5496	OTU_5496
OTU_5497	Bacteria	Proteobacteria	Gammaproteobacteria	Cellvibrionales	Halieaceae	Marimicrobium	OTU_5497
OTU_5498	Bacteria	Proteobacteria	Alphaproteobacteria	Rhodospirillales	Thalassospiraceae	Thalassospira	OTU_5498
OTU_5499	Bacteria	Proteobacteria	Alphaproteobacteria	Caulobacterales	Caulobacteraceae	OTU_5499	OTU_5499
OTU_5500	Bacteria	Bacteroidota	Bacteroidia	Flavobacteriales	Flavobacteriaceae	OTU_5500	OTU_5500
OTU_5501	Bacteria	Proteobacteria	Gammaproteobacteria	Alteromonadales	Alteromonadaceae	OTU_5501	OTU_5501
OTU_5502	Bacteria	Proteobacteria	Gammaproteobacteria	SAR86 clade	OTU_5502	OTU_5502	OTU_5502
OTU_5503	Bacteria	Proteobacteria	Alphaproteobacteria	Rhodobacterales	Rhodobacteraceae	Pelagimonas	OTU_5503
OTU_5504	Bacteria	Bacteroidota	Bacteroidia	Flavobacteriales	Flavobacteriaceae	OTU_5504	OTU_5504
OTU_5505	Bacteria	Proteobacteria	Gammaproteobacteria	Cellvibrionales	Porticoccaceae	SAR92 clade	OTU_5505
OTU_5506	Bacteria	Proteobacteria	Gammaproteobacteria	Alteromonadales	Pseudoalteromonadaceae	Pseudoalteromonas	OTU_5506
OTU_5507	Bacteria	Proteobacteria	Gammaproteobacteria	Oceanospirillales	Pseudohongiellaceae	Pseudohongiella	OTU_5507
OTU_5508	Bacteria	Proteobacteria	Gammaproteobacteria	Cellvibrionales	Halieaceae	OTU_5508	OTU_5508
OTU_5509	Bacteria	Bacteroidota	Bacteroidia	Flavobacteriales	Cryomorphaceae	OTU_5509	OTU_5509
OTU_5510	Bacteria	Bacteroidota	Bacteroidia	Flavobacteriales	Flavobacteriaceae	Aurantivirga	OTU_5510
OTU_5511	Bacteria	Proteobacteria	Alphaproteobacteria	SAR11 clade	OTU_5511	OTU_5511	OTU_5511
OTU_5512	Bacteria	Proteobacteria	Alphaproteobacteria	SAR11 clade	Clade I	Clade Ia	OTU_5512
OTU_5513	Bacteria	Proteobacteria	Alphaproteobacteria	Rhodospirillales	Magnetospiraceae	OTU_5513	OTU_5513
OTU_5514	Bacteria	Bacteroidota	Bacteroidia	Flavobacteriales	Crocinitomicaceae	OTU_5514	OTU_5514
OTU_5515	Bacteria	Verrucomicrobiota	Verrucomicrobiae	OTU_5515	OTU_5515	OTU_5515	OTU_5515
OTU_5516	Bacteria	Proteobacteria	Gammaproteobacteria	Alteromonadales	Alteromonadaceae	OTU_5516	OTU_5516
OTU_5517	Bacteria	Actinobacteriota	Acidimicrobiia	Microtrichales	Ilumatobacteraceae	Ilumatobacter	OTU_5517
OTU_5518	Bacteria	Proteobacteria	Alphaproteobacteria	SAR11 clade	Clade I	OTU_5518	OTU_5518
OTU_5519	Bacteria	Proteobacteria	Gammaproteobacteria	Cellvibrionales	Halieaceae	OTU_5519	OTU_5519
OTU_5520	Bacteria	Proteobacteria	Gammaproteobacteria	Oceanospirillales	Nitrincolaceae	OTU_5520	OTU_5520
OTU_5521	Bacteria	Bacteroidota	Bacteroidia	Flavobacteriales	Flavobacteriaceae	OTU_5521	OTU_5521
OTU_5522	Bacteria	Proteobacteria	Gammaproteobacteria	Tenderiales	Tenderiaceae	Candidatus Tenderia	OTU_5522
OTU_5523	Bacteria	Bacteroidota	Bacteroidia	Flavobacteriales	Flavobacteriaceae	NS4 marine group	OTU_5523
OTU_5524	Bacteria	Proteobacteria	Gammaproteobacteria	Thiomicrospirales	Thioglobaceae	Candidatus Thioglobus	OTU_5524
OTU_5525	Bacteria	Proteobacteria	Gammaproteobacteria	Nitrosococcales	Methylophagaceae	OTU_5525	OTU_5525
OTU_5526	Bacteria	Bacteroidota	Bacteroidia	Flavobacteriales	NS9 marine group	OTU_5526	OTU_5526
OTU_5527	Bacteria	Bacteroidota	Bacteroidia	Flavobacteriales	Flavobacteriaceae	OTU_5527	OTU_5527
OTU_5528	Bacteria	Bacteroidota	Bacteroidia	Flavobacteriales	OTU_5528	OTU_5528	OTU_5528
OTU_5529	Bacteria	Proteobacteria	Gammaproteobacteria	Cellvibrionales	Halieaceae	OTU_5529	OTU_5529
OTU_5530	Bacteria	Proteobacteria	Gammaproteobacteria	Burkholderiales	Comamonadaceae	Aquincola	OTU_5530
OTU_5531	Bacteria	Proteobacteria	Gammaproteobacteria	OTU_5531	OTU_5531	OTU_5531	OTU_5531
OTU_5532	Bacteria	Proteobacteria	Gammaproteobacteria	Cellvibrionales	Porticoccaceae	SAR92 clade	OTU_5532
OTU_5533	Bacteria	Proteobacteria	Gammaproteobacteria	Burkholderiales	OTU_5533	OTU_5533	OTU_5533
OTU_5534	Bacteria	Spirochaetota	Spirochaetia	Spirochaetales	Spirochaetaceae	Sphaerochaeta	OTU_5534
OTU_5535	Bacteria	Bacteroidota	Bacteroidia	Flavobacteriales	Flavobacteriaceae	OTU_5535	OTU_5535
OTU_5536	Bacteria	Proteobacteria	Gammaproteobacteria	Burkholderiales	Burkholderiaceae	Burkholderia-Caballeronia-Paraburkholderia	OTU_5536
OTU_5537	Bacteria	OTU_5537	OTU_5537	OTU_5537	OTU_5537	OTU_5537	OTU_5537
OTU_5538	Bacteria	Proteobacteria	Gammaproteobacteria	Oceanospirillales	Nitrincolaceae	OTU_5538	OTU_5538
OTU_5539	Bacteria	Proteobacteria	Gammaproteobacteria	SAR86 clade	OTU_5539	OTU_5539	OTU_5539
OTU_5540	Bacteria	Firmicutes	Bacilli	OTU_5540	OTU_5540	OTU_5540	OTU_5540
OTU_5541	Bacteria	Proteobacteria	Alphaproteobacteria	Puniceispirillales	SAR116 clade	OTU_5541	OTU_5541
OTU_5542	Bacteria	Proteobacteria	Gammaproteobacteria	Alteromonadales	Pseudoalteromonadaceae	Pseudoalteromonas	OTU_5542
OTU_5543	Bacteria	Proteobacteria	Gammaproteobacteria	UBA10353 marine group	OTU_5543	OTU_5543	OTU_5543
OTU_5544	Bacteria	Proteobacteria	Gammaproteobacteria	OTU_5544	OTU_5544	OTU_5544	OTU_5544
OTU_5545	Bacteria	Actinobacteriota	Acidimicrobiia	Microtrichales	Microtrichaceae	Sva0996 marine group	OTU_5545
OTU_5546	Bacteria	Proteobacteria	Gammaproteobacteria	Cellvibrionales	Porticoccaceae	SAR92 clade	OTU_5546
OTU_5547	Bacteria	Bdellovibrionota	Bdellovibrionia	Bdellovibrionales	Bdellovibrionaceae	OM27 clade	OTU_5547
OTU_5548	Bacteria	Proteobacteria	Gammaproteobacteria	Oceanospirillales	Kangiellaceae	OTU_5548	OTU_5548
OTU_5549	Bacteria	Bacteroidota	Bacteroidia	Flavobacteriales	NS9 marine group	OTU_5549	OTU_5549
OTU_5550	Bacteria	OTU_5550	OTU_5550	OTU_5550	OTU_5550	OTU_5550	OTU_5550
OTU_5551	Bacteria	Proteobacteria	Gammaproteobacteria	Alteromonadales	Alteromonadaceae	XY-R5	OTU_5551
OTU_5552	Bacteria	Actinobacteriota	Actinobacteria	Micrococcales	OTU_5552	OTU_5552	OTU_5552
OTU_5553	Bacteria	Proteobacteria	Gammaproteobacteria	OTU_5553	OTU_5553	OTU_5553	OTU_5553
OTU_5554	Bacteria	Proteobacteria	Gammaproteobacteria	OTU_5554	OTU_5554	OTU_5554	OTU_5554
OTU_5555	Bacteria	Bacteroidota	Bacteroidia	Flavobacteriales	Flavobacteriaceae	OTU_5555	OTU_5555
OTU_5556	Bacteria	Bacteroidota	Bacteroidia	Flavobacteriales	NS9 marine group	OTU_5556	OTU_5556
OTU_5557	Bacteria	Proteobacteria	Gammaproteobacteria	OTU_5557	OTU_5557	OTU_5557	OTU_5557
OTU_5558	Bacteria	Proteobacteria	Alphaproteobacteria	Rhodobacterales	Rhodobacteraceae	OTU_5558	OTU_5558
OTU_5559	Bacteria	Proteobacteria	Alphaproteobacteria	OTU_5559	OTU_5559	OTU_5559	OTU_5559
OTU_5560	Bacteria	Proteobacteria	Gammaproteobacteria	OTU_5560	OTU_5560	OTU_5560	OTU_5560
OTU_5561	Bacteria	Proteobacteria	Gammaproteobacteria	Alteromonadales	Colwelliaceae	OTU_5561	OTU_5561
OTU_5562	Bacteria	Bacteroidota	Bacteroidia	Flavobacteriales	Flavobacteriaceae	OTU_5562	OTU_5562
OTU_5563	Bacteria	Bacteroidota	Bacteroidia	Flavobacteriales	Flavobacteriaceae	Gilvibacter	OTU_5563
OTU_5564	Bacteria	Bacteroidota	Bacteroidia	Flavobacteriales	Crocinitomicaceae	OTU_5564	OTU_5564
OTU_5565	Bacteria	Cyanobacteria	Cyanobacteriia	Chloroplast	OTU_5565	OTU_5565	OTU_5565
OTU_5566	Bacteria	Proteobacteria	Gammaproteobacteria	Thiomicrospirales	Thioglobaceae	OTU_5566	OTU_5566
OTU_5567	Bacteria	Proteobacteria	Gammaproteobacteria	Burkholderiales	OTU_5567	OTU_5567	OTU_5567
OTU_5568	Bacteria	Proteobacteria	Gammaproteobacteria	Thiomicrospirales	Thioglobaceae	IheB2-31	OTU_5568
OTU_5569	Bacteria	Proteobacteria	Gammaproteobacteria	Cellvibrionales	Halieaceae	Marimicrobium	OTU_5569
OTU_5570	Bacteria	Bacteroidota	Bacteroidia	Flavobacteriales	Cryomorphaceae	Vicingus	OTU_5570
OTU_5571	Bacteria	Proteobacteria	Gammaproteobacteria	Burkholderiales	Methylophilaceae	OM43 clade	OTU_5571
OTU_5572	Bacteria	Proteobacteria	Gammaproteobacteria	Oceanospirillales	Nitrincolaceae	OTU_5572	OTU_5572
OTU_5573	Bacteria	Proteobacteria	Gammaproteobacteria	OTU_5573	OTU_5573	OTU_5573	OTU_5573
OTU_5574	Bacteria	Bacteroidota	Bacteroidia	Flavobacteriales	Crocinitomicaceae	Salinirepens	OTU_5574
OTU_5575	Bacteria	Bacteroidota	Bacteroidia	Flavobacteriales	Flavobacteriaceae	Flavobacterium	OTU_5575
OTU_5576	Bacteria	Proteobacteria	Gammaproteobacteria	Alteromonadales	Alteromonadaceae	OTU_5576	OTU_5576
OTU_5577	Bacteria	Bacteroidota	Bacteroidia	OTU_5577	OTU_5577	OTU_5577	OTU_5577
OTU_5578	Bacteria	Proteobacteria	Alphaproteobacteria	Rhodobacterales	Rhodobacteraceae	OTU_5578	OTU_5578
OTU_5579	Bacteria	Bacteroidota	Bacteroidia	Flavobacteriales	OTU_5579	OTU_5579	OTU_5579
OTU_5580	Bacteria	Proteobacteria	Gammaproteobacteria	Cellvibrionales	Porticoccaceae	Porticoccus	OTU_5580
OTU_5581	Bacteria	Bacteroidota	Bacteroidia	Flavobacteriales	Flavobacteriaceae	Aurantivirga	OTU_5581
OTU_5582	Bacteria	Proteobacteria	Gammaproteobacteria	Thiomicrospirales	Thioglobaceae	IheB2-31	OTU_5582
OTU_5583	Bacteria	Bacteroidota	Bacteroidia	Flavobacteriales	Flavobacteriaceae	OTU_5583	OTU_5583
OTU_5584	Bacteria	Proteobacteria	Alphaproteobacteria	Rickettsiales	Mitochondria	OTU_5584	OTU_5584
OTU_5585	Bacteria	Proteobacteria	Gammaproteobacteria	Thiotrichales	Thiotrichaceae	OTU_5585	OTU_5585
OTU_5586	Bacteria	Proteobacteria	Alphaproteobacteria	Rhodobacterales	Rhodobacteraceae	OTU_5586	OTU_5586
OTU_5587	Bacteria	Proteobacteria	Alphaproteobacteria	Rhodobacterales	Rhodobacteraceae	OTU_5587	OTU_5587
OTU_5588	Bacteria	Bacteroidota	Bacteroidia	Flavobacteriales	Flavobacteriaceae	OTU_5588	OTU_5588
OTU_5589	Bacteria	Bacteroidota	Bacteroidia	Flavobacteriales	Schleiferiaceae	Schleiferia	OTU_5589
OTU_5590	Bacteria	Cyanobacteria	Cyanobacteriia	Chloroplast	OTU_5590	OTU_5590	OTU_5590
OTU_5591	Bacteria	Bacteroidota	Bacteroidia	Flavobacteriales	Flavobacteriaceae	NS4 marine group	OTU_5591
OTU_5592	Bacteria	OTU_5592	OTU_5592	OTU_5592	OTU_5592	OTU_5592	OTU_5592
OTU_5593	Bacteria	Proteobacteria	Gammaproteobacteria	Thiomicrospirales	Thioglobaceae	IheB2-31	OTU_5593
OTU_5594	Bacteria	Bacteroidota	Bacteroidia	Flavobacteriales	Flavobacteriaceae	NS5 marine group	OTU_5594
OTU_5595	Bacteria	Bacteroidota	Bacteroidia	Flavobacteriales	Crocinitomicaceae	OTU_5595	OTU_5595
OTU_5596	Bacteria	Proteobacteria	Gammaproteobacteria	OTU_5596	OTU_5596	OTU_5596	OTU_5596
OTU_5597	Bacteria	Bacteroidota	Bacteroidia	Flavobacteriales	Crocinitomicaceae	OTU_5597	OTU_5597
OTU_5598	Bacteria	Proteobacteria	OTU_5598	OTU_5598	OTU_5598	OTU_5598	OTU_5598
OTU_5599	Bacteria	Proteobacteria	Gammaproteobacteria	Burkholderiales	Comamonadaceae	Limnohabitans	OTU_5599
OTU_5600	Bacteria	Proteobacteria	Gammaproteobacteria	OM182 clade	OTU_5600	OTU_5600	OTU_5600
OTU_5601	Bacteria	Bacteroidota	Bacteroidia	Flavobacteriales	Flavobacteriaceae	NS2b marine group	OTU_5601
OTU_5602	Bacteria	Proteobacteria	Gammaproteobacteria	OTU_5602	OTU_5602	OTU_5602	OTU_5602
OTU_5603	Bacteria	OTU_5603	OTU_5603	OTU_5603	OTU_5603	OTU_5603	OTU_5603
OTU_5604	Bacteria	OTU_5604	OTU_5604	OTU_5604	OTU_5604	OTU_5604	OTU_5604
OTU_5605	Bacteria	Bacteroidota	Bacteroidia	OTU_5605	OTU_5605	OTU_5605	OTU_5605
OTU_5606	Bacteria	Proteobacteria	Gammaproteobacteria	OM182 clade	OTU_5606	OTU_5606	OTU_5606
OTU_5607	Bacteria	Bacteroidota	Bacteroidia	Flavobacteriales	Cryomorphaceae	OTU_5607	OTU_5607
OTU_5608	Bacteria	Bacteroidota	Bacteroidia	Flavobacteriales	Flavobacteriaceae	Polaribacter	OTU_5608
OTU_5609	Bacteria	Proteobacteria	Gammaproteobacteria	Oceanospirillales	Saccharospirillaceae	Oleispira	OTU_5609
OTU_5610	OTU_5610	OTU_5610	OTU_5610	OTU_5610	OTU_5610	OTU_5610	OTU_5610
OTU_5611	Bacteria	Bacteroidota	Bacteroidia	OTU_5611	OTU_5611	OTU_5611	OTU_5611
OTU_5612	Bacteria	Bacteroidota	Bacteroidia	Flavobacteriales	Flavobacteriaceae	NS5 marine group	OTU_5612
OTU_5613	Bacteria	Verrucomicrobiota	Verrucomicrobiae	Verrucomicrobiales	Rubritaleaceae	Rubritalea	OTU_5613
OTU_5614	Bacteria	Proteobacteria	Gammaproteobacteria	OTU_5614	OTU_5614	OTU_5614	OTU_5614
OTU_5615	Bacteria	Verrucomicrobiota	Verrucomicrobiae	Opitutales	Puniceicoccaceae	Lentimonas	OTU_5615
OTU_5616	Bacteria	Bacteroidota	Bacteroidia	OTU_5616	OTU_5616	OTU_5616	OTU_5616
OTU_5617	Bacteria	Proteobacteria	Gammaproteobacteria	SAR86 clade	OTU_5617	OTU_5617	OTU_5617
OTU_5618	Bacteria	Bacteroidota	Bacteroidia	Flavobacteriales	Flavobacteriaceae	OTU_5618	OTU_5618
OTU_5619	Bacteria	Actinobacteriota	Actinobacteria	OTU_5619	OTU_5619	OTU_5619	OTU_5619
OTU_5620	Bacteria	Bacteroidota	Bacteroidia	Flavobacteriales	Flavobacteriaceae	NS4 marine group	OTU_5620
OTU_5621	Bacteria	Firmicutes	Clostridia	Peptostreptococcales-Tissierellales	Peptostreptococcaceae	Peptostreptococcus	OTU_5621
OTU_5622	Bacteria	Bacteroidota	Bacteroidia	Flavobacteriales	NS9 marine group	OTU_5622	OTU_5622
OTU_5623	Bacteria	Proteobacteria	Alphaproteobacteria	SAR11 clade	Clade I	OTU_5623	OTU_5623
OTU_5624	Bacteria	Cyanobacteria	Cyanobacteriia	Chloroplast	OTU_5624	OTU_5624	OTU_5624
OTU_5625	Bacteria	Proteobacteria	Alphaproteobacteria	Rickettsiales	Mitochondria	OTU_5625	OTU_5625
OTU_5626	Bacteria	Proteobacteria	Gammaproteobacteria	Cellvibrionales	Cellvibrionaceae	OTU_5626	OTU_5626
OTU_5627	Bacteria	OTU_5627	OTU_5627	OTU_5627	OTU_5627	OTU_5627	OTU_5627
OTU_5628	Bacteria	Proteobacteria	Alphaproteobacteria	SAR11 clade	OTU_5628	OTU_5628	OTU_5628
OTU_5629	Bacteria	Bacteroidota	Bacteroidia	Flavobacteriales	Flavobacteriaceae	OTU_5629	OTU_5629
OTU_5630	Bacteria	Proteobacteria	Gammaproteobacteria	Alteromonadales	Colwelliaceae	Litorilituus	OTU_5630
OTU_5631	Bacteria	Proteobacteria	Alphaproteobacteria	OTU_5631	OTU_5631	OTU_5631	OTU_5631
OTU_5632	Bacteria	Proteobacteria	Alphaproteobacteria	OTU_5632	OTU_5632	OTU_5632	OTU_5632
OTU_5633	Bacteria	Actinobacteriota	Actinobacteria	Streptomycetales	Streptomycetaceae	E1B-B3-114	OTU_5633
OTU_5634	Bacteria	Bacteroidota	Bacteroidia	Flavobacteriales	Flavobacteriaceae	OTU_5634	OTU_5634
OTU_5635	Bacteria	Proteobacteria	Gammaproteobacteria	Cellvibrionales	Porticoccaceae	SAR92 clade	OTU_5635
OTU_5636	Bacteria	Verrucomicrobiota	Verrucomicrobiae	Verrucomicrobiales	Rubritaleaceae	Haloferula	OTU_5636
OTU_5637	Bacteria	Proteobacteria	Gammaproteobacteria	Alteromonadales	Pseudoalteromonadaceae	Pseudoalteromonas	OTU_5637
OTU_5638	Bacteria	Proteobacteria	Gammaproteobacteria	Vibrionales	Vibrionaceae	Candidatus Photodesmus	OTU_5638
OTU_5639	Bacteria	Proteobacteria	Gammaproteobacteria	Alteromonadales	Pseudoalteromonadaceae	Pseudoalteromonas	OTU_5639
OTU_5640	Bacteria	Proteobacteria	Gammaproteobacteria	Pasteurellales	Pasteurellaceae	Actinobacillus	OTU_5640
OTU_5641	Bacteria	Cyanobacteria	Cyanobacteriia	Chloroplast	OTU_5641	OTU_5641	OTU_5641
OTU_5642	Bacteria	Proteobacteria	Gammaproteobacteria	SAR86 clade	OTU_5642	OTU_5642	OTU_5642
OTU_5643	Bacteria	Proteobacteria	Gammaproteobacteria	Nitrosococcales	Nitrosococcaceae	MSB-1D1	OTU_5643
OTU_5644	Bacteria	Proteobacteria	Alphaproteobacteria	Sphingomonadales	Sphingomonadaceae	OTU_5644	OTU_5644
OTU_5645	Bacteria	Proteobacteria	Gammaproteobacteria	Pseudomonadales	Moraxellaceae	Acinetobacter	OTU_5645
OTU_5646	Bacteria	Cyanobacteria	Cyanobacteriia	Chloroplast	OTU_5646	OTU_5646	OTU_5646
OTU_5647	Bacteria	Proteobacteria	Gammaproteobacteria	Oceanospirillales	OTU_5647	OTU_5647	OTU_5647
OTU_5648	Bacteria	Bacteroidota	Bacteroidia	Flavobacteriales	Flavobacteriaceae	OTU_5648	OTU_5648
OTU_5649	Bacteria	Proteobacteria	Gammaproteobacteria	Burkholderiales	Oxalobacteraceae	Paraherbaspirillum	OTU_5649
OTU_5650	Bacteria	Bacteroidota	Bacteroidia	Flavobacteriales	NS9 marine group	OTU_5650	OTU_5650
OTU_5651	Bacteria	Proteobacteria	Alphaproteobacteria	SAR11 clade	Clade I	OTU_5651	OTU_5651
OTU_5652	Bacteria	Proteobacteria	Gammaproteobacteria	Alteromonadales	Alteromonadaceae	OTU_5652	OTU_5652
OTU_5653	Bacteria	Bacteroidota	Bacteroidia	Cytophagales	Cyclobacteriaceae	Marinoscillum	OTU_5653
OTU_5654	Bacteria	Cyanobacteria	Cyanobacteriia	Chloroplast	OTU_5654	OTU_5654	OTU_5654
OTU_5655	Bacteria	Proteobacteria	Alphaproteobacteria	SAR11 clade	OTU_5655	OTU_5655	OTU_5655
OTU_5656	Bacteria	Bacteroidota	Bacteroidia	Flavobacteriales	OTU_5656	OTU_5656	OTU_5656
OTU_5657	Bacteria	Actinobacteriota	Actinobacteria	Corynebacteriales	OTU_5657	OTU_5657	OTU_5657
OTU_5658	Bacteria	Proteobacteria	Gammaproteobacteria	Cellvibrionales	Porticoccaceae	SAR92 clade	OTU_5658
OTU_5659	Bacteria	Actinobacteriota	Acidimicrobiia	Microtrichales	Ilumatobacteraceae	Ilumatobacter	OTU_5659
OTU_5660	Bacteria	Proteobacteria	Gammaproteobacteria	Cellvibrionales	Halieaceae	OTU_5660	OTU_5660
OTU_5661	Bacteria	Bacteroidota	Bacteroidia	Flavobacteriales	NS9 marine group	OTU_5661	OTU_5661
OTU_5662	Bacteria	Proteobacteria	Gammaproteobacteria	Cellvibrionales	Halieaceae	Marimicrobium	OTU_5662
OTU_5663	Bacteria	Bacteroidota	Bacteroidia	Flavobacteriales	Flavobacteriaceae	Hanstruepera	OTU_5663
OTU_5664	Bacteria	Proteobacteria	Gammaproteobacteria	OTU_5664	OTU_5664	OTU_5664	OTU_5664
OTU_5665	Bacteria	Cyanobacteria	Cyanobacteriia	Chloroplast	OTU_5665	OTU_5665	OTU_5665
OTU_5666	Bacteria	Proteobacteria	Gammaproteobacteria	Burkholderiales	Methylophilaceae	OM43 clade	OTU_5666
OTU_5667	Bacteria	Bacteroidota	Bacteroidia	Flavobacteriales	NS9 marine group	OTU_5667	OTU_5667
OTU_5668	Bacteria	Proteobacteria	Gammaproteobacteria	Cellvibrionales	Porticoccaceae	SAR92 clade	OTU_5668
OTU_5669	Bacteria	Proteobacteria	Gammaproteobacteria	Francisellales	Francisellaceae	Allofrancisella	OTU_5669
OTU_5670	Bacteria	Bacteroidota	Bacteroidia	Flavobacteriales	Flavobacteriaceae	OTU_5670	OTU_5670
OTU_5671	Bacteria	Bacteroidota	Bacteroidia	Sphingobacteriales	Lentimicrobiaceae	Lentimicrobium	OTU_5671
OTU_5672	Bacteria	Proteobacteria	Gammaproteobacteria	Cellvibrionales	OTU_5672	OTU_5672	OTU_5672
OTU_5673	Bacteria	OTU_5673	OTU_5673	OTU_5673	OTU_5673	OTU_5673	OTU_5673
OTU_5674	Bacteria	Bdellovibrionota	Bdellovibrionia	Bdellovibrionales	Bdellovibrionaceae	OM27 clade	OTU_5674
OTU_5675	Bacteria	Proteobacteria	Gammaproteobacteria	OTU_5675	OTU_5675	OTU_5675	OTU_5675
OTU_5676	Bacteria	Bacteroidota	Bacteroidia	Flavobacteriales	Cryomorphaceae	OTU_5676	OTU_5676
OTU_5677	Bacteria	Proteobacteria	Gammaproteobacteria	SAR86 clade	OTU_5677	OTU_5677	OTU_5677
OTU_5678	Bacteria	Proteobacteria	Alphaproteobacteria	OTU_5678	OTU_5678	OTU_5678	OTU_5678
OTU_5679	Bacteria	Proteobacteria	Alphaproteobacteria	Rhodobacterales	Rhodobacteraceae	OTU_5679	OTU_5679
OTU_5680	Bacteria	Cyanobacteria	Cyanobacteriia	Chloroplast	OTU_5680	OTU_5680	OTU_5680
OTU_5681	Bacteria	Bacteroidota	Bacteroidia	Flavobacteriales	Flavobacteriaceae	OTU_5681	OTU_5681
OTU_5682	Bacteria	Proteobacteria	Gammaproteobacteria	Oceanospirillales	Pseudohongiellaceae	Pseudohongiella	OTU_5682
OTU_5683	Bacteria	Proteobacteria	Gammaproteobacteria	Oceanospirillales	Pseudohongiellaceae	Pseudohongiella	OTU_5683
OTU_5684	Bacteria	Proteobacteria	Alphaproteobacteria	Rhodobacterales	Rhodobacteraceae	OTU_5684	OTU_5684
OTU_5685	Bacteria	Bacteroidota	Bacteroidia	Chitinophagales	Saprospiraceae	Aureispira	OTU_5685
OTU_5686	Bacteria	OTU_5686	OTU_5686	OTU_5686	OTU_5686	OTU_5686	OTU_5686
OTU_5687	Bacteria	Proteobacteria	Gammaproteobacteria	Oceanospirillales	Saccharospirillaceae	Oceanobacter	OTU_5687
OTU_5688	Bacteria	Proteobacteria	Gammaproteobacteria	Alteromonadales	Alteromonadaceae	OTU_5688	OTU_5688
OTU_5689	Bacteria	Campilobacterota	Campylobacteria	Campylobacterales	Arcobacteraceae	OTU_5689	OTU_5689
OTU_5690	Bacteria	Bacteroidota	Bacteroidia	Flavobacteriales	Cryomorphaceae	OTU_5690	OTU_5690
OTU_5691	Bacteria	Cyanobacteria	Cyanobacteriia	OTU_5691	OTU_5691	OTU_5691	OTU_5691
OTU_5692	Bacteria	Bacteroidota	Bacteroidia	Flavobacteriales	Flavobacteriaceae	Polaribacter	OTU_5692
OTU_5693	Bacteria	Proteobacteria	Alphaproteobacteria	Rhodobacterales	Rhodobacteraceae	OTU_5693	OTU_5693
OTU_5694	Bacteria	Bacteroidota	Bacteroidia	Sphingobacteriales	OTU_5694	OTU_5694	OTU_5694
OTU_5695	Bacteria	Actinobacteriota	Actinobacteria	Frankiales	Sporichthyaceae	hgcI clade	OTU_5695
OTU_5696	Bacteria	Bacteroidota	Bacteroidia	Flavobacteriales	Flavobacteriaceae	Ichthyenterobacterium	OTU_5696
OTU_5697	Bacteria	Actinobacteriota	Actinobacteria	Micrococcales	Microbacteriaceae	OTU_5697	OTU_5697
OTU_5698	Bacteria	Verrucomicrobiota	Verrucomicrobiae	Verrucomicrobiales	OTU_5698	OTU_5698	OTU_5698
OTU_5699	Bacteria	Proteobacteria	Gammaproteobacteria	Burkholderiales	Comamonadaceae	OTU_5699	OTU_5699
OTU_5700	Bacteria	Proteobacteria	Gammaproteobacteria	Cellvibrionales	Porticoccaceae	Porticoccus	OTU_5700
OTU_5701	Bacteria	Proteobacteria	OTU_5701	OTU_5701	OTU_5701	OTU_5701	OTU_5701
OTU_5702	Bacteria	Bacteroidota	Bacteroidia	Flavobacteriales	Flavobacteriaceae	Aurantivirga	OTU_5702
OTU_5703	Bacteria	Proteobacteria	Alphaproteobacteria	Rhodobacterales	Rhodobacteraceae	OTU_5703	OTU_5703
OTU_5704	Bacteria	Proteobacteria	Gammaproteobacteria	Alteromonadales	Pseudoalteromonadaceae	Pseudoalteromonas	OTU_5704
OTU_5705	Bacteria	Proteobacteria	Gammaproteobacteria	Cellvibrionales	Halieaceae	OTU_5705	OTU_5705
OTU_5706	Bacteria	Proteobacteria	Gammaproteobacteria	Alteromonadales	Colwelliaceae	Litorilituus	OTU_5706
OTU_5707	Bacteria	Bacteroidota	Bacteroidia	Flavobacteriales	Flavobacteriaceae	OTU_5707	OTU_5707
OTU_5708	Bacteria	Proteobacteria	Gammaproteobacteria	Burkholderiales	Methylophilaceae	OM43 clade	OTU_5708
OTU_5709	Bacteria	Bacteroidota	Bacteroidia	Flavobacteriales	Crocinitomicaceae	Salinirepens	OTU_5709
OTU_5710	Bacteria	Proteobacteria	Gammaproteobacteria	Oceanospirillales	Saccharospirillaceae	Oleispira	OTU_5710
OTU_5711	Bacteria	Proteobacteria	Alphaproteobacteria	OTU_5711	OTU_5711	OTU_5711	OTU_5711
OTU_5712	Bacteria	Bacteroidota	Bacteroidia	Flavobacteriales	Flavobacteriaceae	Ulvibacter	OTU_5712
OTU_5713	Bacteria	Proteobacteria	Gammaproteobacteria	Burkholderiales	Methylophilaceae	OM43 clade	OTU_5713
OTU_5714	Bacteria	Proteobacteria	Gammaproteobacteria	Thiomicrospirales	Thioglobaceae	IheB2-31	OTU_5714
OTU_5715	Bacteria	Bacteroidota	Bacteroidia	Flavobacteriales	NS7 marine group	OTU_5715	OTU_5715
OTU_5716	Bacteria	Proteobacteria	Alphaproteobacteria	Rhodobacterales	Rhodobacteraceae	OTU_5716	OTU_5716
OTU_5717	Bacteria	Bacteroidota	Bacteroidia	Flavobacteriales	Crocinitomicaceae	Salinirepens	OTU_5717
OTU_5718	Bacteria	Fusobacteriota	Fusobacteriia	Fusobacteriales	Fusobacteriaceae	Cetobacterium	OTU_5718
OTU_5719	Bacteria	Proteobacteria	Gammaproteobacteria	OTU_5719	OTU_5719	OTU_5719	OTU_5719
OTU_5720	Bacteria	Bacteroidota	Bacteroidia	Flavobacteriales	Flavobacteriaceae	OTU_5720	OTU_5720
OTU_5721	Bacteria	Proteobacteria	Gammaproteobacteria	OTU_5721	OTU_5721	OTU_5721	OTU_5721
OTU_5722	Bacteria	Proteobacteria	Alphaproteobacteria	Sphingomonadales	Sphingomonadaceae	OTU_5722	OTU_5722
OTU_5723	Bacteria	Proteobacteria	Gammaproteobacteria	Thiomicrospirales	Thioglobaceae	IheB2-31	OTU_5723
OTU_5724	Bacteria	Proteobacteria	Gammaproteobacteria	Cellvibrionales	Porticoccaceae	SAR92 clade	OTU_5724
OTU_5725	Bacteria	Proteobacteria	Alphaproteobacteria	Rhodobacterales	Rhodobacteraceae	Cognatiyoonia	OTU_5725
OTU_5726	Bacteria	Proteobacteria	Gammaproteobacteria	Cellvibrionales	OTU_5726	OTU_5726	OTU_5726
OTU_5727	Bacteria	Proteobacteria	Gammaproteobacteria	Legionellales	Legionellaceae	OTU_5727	OTU_5727
OTU_5728	Bacteria	Proteobacteria	Gammaproteobacteria	OTU_5728	OTU_5728	OTU_5728	OTU_5728
OTU_5729	Bacteria	Proteobacteria	Gammaproteobacteria	OTU_5729	OTU_5729	OTU_5729	OTU_5729
OTU_5730	Bacteria	Proteobacteria	Gammaproteobacteria	Alteromonadales	Colwelliaceae	Colwellia	OTU_5730
OTU_5731	Bacteria	Bacteroidota	Bacteroidia	Flavobacteriales	Cryomorphaceae	OTU_5731	OTU_5731
OTU_5732	Bacteria	Proteobacteria	Gammaproteobacteria	Burkholderiales	Methylophilaceae	OM43 clade	OTU_5732
OTU_5733	Bacteria	Bacteroidota	Bacteroidia	Flavobacteriales	Crocinitomicaceae	OTU_5733	OTU_5733
OTU_5734	Bacteria	Proteobacteria	Gammaproteobacteria	Cellvibrionales	Halieaceae	Marimicrobium	OTU_5734
OTU_5735	Bacteria	Proteobacteria	Gammaproteobacteria	Oceanospirillales	Saccharospirillaceae	OTU_5735	OTU_5735
OTU_5736	Bacteria	Proteobacteria	Alphaproteobacteria	Rhodobacterales	Rhodobacteraceae	OTU_5736	OTU_5736
OTU_5737	Bacteria	Proteobacteria	Gammaproteobacteria	OTU_5737	OTU_5737	OTU_5737	OTU_5737
OTU_5738	Bacteria	Bacteroidota	Bacteroidia	Flavobacteriales	Flavobacteriaceae	OTU_5738	OTU_5738
OTU_5739	Bacteria	Proteobacteria	Gammaproteobacteria	Alteromonadales	OTU_5739	OTU_5739	OTU_5739
OTU_5740	Bacteria	Proteobacteria	Gammaproteobacteria	OTU_5740	OTU_5740	OTU_5740	OTU_5740